{
"type": "FeatureCollection",
"name": "india_coastline",
"features": [
{ "type": "Feature", "properties": { }, "geometry": { "type": "LineString", "coordinates": [ [ 100.947276238000029, 1.825384833000044 ], [ 100.941905144000032, 1.841864325000074 ], [ 100.946055535000028, 1.861314195000091 ], [ 100.948252800000034, 1.882757880000042 ], [ 100.937022332000026, 1.904527085000041 ], [ 100.924082879000082, 1.922756252000056 ], [ 100.915782097000033, 1.944728908000059 ], [ 100.905772332000026, 1.990464585000041 ], [ 100.885508660000028, 2.036322333000044 ], [ 100.82349694100003, 2.11595286700009 ], [ 100.803233269000032, 2.161810614000046 ], [ 100.799978061000047, 2.208929755000042 ], [ 100.812754754000082, 2.249823309000078 ], [ 100.84115644600007, 2.280829169000071 ], [ 100.885915561000047, 2.29828522300005 ], [ 100.90788821700005, 2.299505927000041 ], [ 101.050303582000026, 2.291489976000094 ], [ 101.058604363000029, 2.280422268000052 ], [ 101.056488477000073, 2.241156317000048 ], [ 101.067393425000034, 2.219794012000079 ], [ 101.181813998000052, 2.145005601000094 ], [ 101.299978061000047, 2.046616929000038 ], [ 101.317149285000028, 2.024603583000044 ], [ 101.32585696700005, 2.002183335000041 ], [ 101.326996290000068, 1.981268622000073 ], [ 101.323415561000047, 1.938950914000088 ], [ 101.326670769000032, 1.916449286000045 ], [ 101.351328972000033, 1.86009349200009 ], [ 101.377614780000044, 1.773260809000078 ], [ 101.397308790000068, 1.736395575000074 ], [ 101.42701256600003, 1.70929596600007 ], [ 101.494476759000065, 1.678697007000039 ], [ 101.529633009000065, 1.670803127000056 ], [ 101.567393425000034, 1.655910549000055 ], [ 101.591563347000033, 1.654689846000053 ], [ 101.67351321700005, 1.669501044000071 ], [ 101.711680535000028, 1.671128648000092 ], [ 101.749196811000047, 1.661525783000059 ], [ 101.77857506600003, 1.644273179000038 ], [ 102.021494988000029, 1.437892971000053 ], [ 102.118174675000034, 1.386542059000078 ], [ 102.143321160000028, 1.35773346600007 ], [ 102.153330925000034, 1.311468817000048 ], [ 102.146983269000032, 1.273138739000046 ], [ 102.147227410000028, 1.247788804000038 ], [ 102.156748894000032, 1.236314195000091 ], [ 102.17310631600003, 1.230902411000045 ], [ 102.187266472000033, 1.217271226000094 ], [ 102.197276238000029, 1.199611721000053 ], [ 102.201019727000073, 1.181708075000074 ], [ 102.193125847000033, 1.10423411700009 ], [ 102.194183790000068, 1.065904039000088 ], [ 102.208506707000026, 1.02407461100006 ], [ 102.240082227000073, 0.982082424000055 ], [ 102.321055535000028, 0.917181708000044 ], [ 102.42505944100003, 0.804266669000071 ], [ 102.463877800000034, 0.774115302000041 ], [ 102.509532097000033, 0.75031159100007 ], [ 102.532237175000034, 0.742377020000049 ], [ 102.551931186000047, 0.738104559000078 ], [ 102.59498131600003, 0.736029364000046 ], [ 102.616384311000047, 0.738267320000091 ], [ 102.647959832000026, 0.748114325000074 ], [ 102.667165561000047, 0.75031159100007 ], [ 102.781260613000029, 0.730902411000045 ], [ 102.877126498000052, 0.726385809000078 ], [ 102.918142123000052, 0.70766836100006 ], [ 102.953786655000044, 0.675848700000074 ], [ 103.05632571700005, 0.558294989000046 ], [ 103.083750847000033, 0.515570380000042 ], [ 103.092295769000032, 0.469183661000045 ], [ 103.074717644000032, 0.442328192000048 ], [ 103.037282748000052, 0.42064036700009 ], [ 102.961436394000032, 0.387193101000094 ], [ 102.92123457100007, 0.357367255000042 ], [ 102.899099155000044, 0.344183661000045 ], [ 102.861501498000052, 0.335760809000078 ], [ 102.746267123000052, 0.27765534100007 ], [ 102.732432488000029, 0.266506252000056 ], [ 102.715668165000068, 0.257635809000078 ], [ 102.646006707000026, 0.242621161000045 ], [ 102.627696160000028, 0.234320380000042 ], [ 102.619883660000028, 0.229478257000039 ], [ 102.611989780000044, 0.222154039000088 ], [ 102.591807488000029, 0.18626536700009 ], [ 102.581879102000073, 0.18109772300005 ], [ 102.554942254000082, 0.186428127000056 ], [ 102.536631707000026, 0.199774481000077 ], [ 102.502696160000028, 0.236395575000074 ], [ 102.485850457000026, 0.242743231000077 ], [ 102.459971550000034, 0.24750397300005 ], [ 102.437266472000033, 0.249172268000052 ], [ 102.430430535000028, 0.246323960000041 ], [ 102.439626498000052, 0.239243882000039 ], [ 102.449392123000052, 0.236476955000057 ], [ 102.47201582100007, 0.236395575000074 ], [ 102.480723504000082, 0.234279690000051 ], [ 102.486582879000082, 0.228908596000053 ], [ 102.495860222000033, 0.215969143000052 ], [ 102.517832879000082, 0.192572333000044 ], [ 102.545746290000068, 0.169134833000044 ], [ 102.577891472000033, 0.15851471600007 ], [ 102.611989780000044, 0.173651434000078 ], [ 102.618988477000073, 0.181626695000091 ], [ 102.627940300000034, 0.19562409100007 ], [ 102.633067254000082, 0.201646226000094 ], [ 102.644379102000073, 0.209540106000077 ], [ 102.667735222000033, 0.219183661000045 ], [ 102.677744988000029, 0.225572007000039 ], [ 102.695485873000052, 0.232082424000055 ], [ 102.74154707100007, 0.226629950000074 ], [ 102.763438347000033, 0.228949286000045 ], [ 102.818207227000073, 0.253729559000078 ], [ 102.885915561000047, 0.261419989000046 ], [ 102.902679884000065, 0.267767645000049 ], [ 102.972911004000082, 0.31313711100006 ], [ 102.992442254000082, 0.318304755000042 ], [ 103.007578972000033, 0.324652411000045 ], [ 103.057627800000034, 0.372951565000051 ], [ 103.075938347000033, 0.383002020000049 ], [ 103.09888756600003, 0.391791083000044 ], [ 103.122569207000026, 0.397935289000088 ], [ 103.143565300000034, 0.400213934000078 ], [ 103.166270379000082, 0.407904364000046 ], [ 103.18132571700005, 0.42641836100006 ], [ 103.201508009000065, 0.469183661000045 ], [ 103.223643425000034, 0.488430080000057 ], [ 103.280121290000068, 0.498602606000077 ], [ 103.308116082000026, 0.513169664000088 ], [ 103.335785352000073, 0.531683661000045 ], [ 103.362152540000068, 0.536281643000052 ], [ 103.38990319100003, 0.53001536700009 ], [ 103.42123457100007, 0.516302802000041 ], [ 103.480967644000032, 0.482326565000051 ], [ 103.541026238000029, 0.434637762000079 ], [ 103.587657097000033, 0.376532294000071 ], [ 103.606293165000068, 0.31085846600007 ], [ 103.617523634000065, 0.330267645000049 ], [ 103.625010613000029, 0.339829820000091 ], [ 103.634287957000026, 0.345648505000042 ], [ 103.645274285000028, 0.345282294000071 ], [ 103.655772332000026, 0.340399481000077 ], [ 103.664886915000068, 0.33470286700009 ], [ 103.690196160000028, 0.325995184000078 ], [ 103.711192254000082, 0.311468817000048 ], [ 103.730479363000029, 0.293443101000094 ], [ 103.74341881600003, 0.277329820000091 ], [ 103.760020379000082, 0.239488023000092 ], [ 103.80046634200005, 0.034572658000059 ], [ 103.808360222000033, 0.023504950000074 ], [ 103.813975457000026, 0.018866278000075 ], [ 103.811289910000028, 0.00853099200009 ], [ 103.801768425000034, -0.007256768999923 ], [ 103.791514519000032, -0.012546481999948 ], [ 103.778330925000034, -0.013116143999923 ], [ 103.756521030000044, -0.010674737999921 ], [ 103.67115319100003, -0.017429294999943 ], [ 103.66374759200005, -0.021742445999962 ], [ 103.664235873000052, -0.040541273999906 ], [ 103.65748131600003, -0.044732354999951 ], [ 103.644704623000052, -0.045993747999944 ], [ 103.636241082000026, -0.048028252999927 ], [ 103.629161004000082, -0.048394463999955 ], [ 103.619883660000028, -0.044732354999951 ], [ 103.611827019000032, -0.036879164999959 ], [ 103.600759311000047, -0.016900322999959 ], [ 103.592051629000082, -0.010674737999921 ], [ 103.586192254000082, -0.01108163899994 ], [ 103.576996290000068, -0.013970635999954 ], [ 103.568695509000065, -0.018568617999961 ], [ 103.564707879000082, -0.024265231999948 ], [ 103.566905144000032, -0.035210869999958 ], [ 103.573415561000047, -0.037163994999958 ], [ 103.580821160000028, -0.037774346999925 ], [ 103.585785352000073, -0.044732354999951 ], [ 103.584239129000082, -0.053155205999929 ], [ 103.580332879000082, -0.063531182999952 ], [ 103.578135613000029, -0.074029229999951 ], [ 103.58716881600003, -0.09498463299991 ], [ 103.57585696700005, -0.104424737999921 ], [ 103.55827884200005, -0.110772393999923 ], [ 103.54420006600003, -0.113702080999929 ], [ 103.507985873000052, -0.114434502999927 ], [ 103.494395379000082, -0.11842213299991 ], [ 103.489024285000028, -0.130791924999926 ], [ 103.483083530000044, -0.15943775799991 ], [ 103.466807488000029, -0.183038018999923 ], [ 103.44304446700005, -0.202080987999921 ], [ 103.414561394000032, -0.216729424999926 ], [ 103.301442905000044, -0.23756275799991 ], [ 103.270518425000034, -0.257582289999959 ], [ 103.287119988000029, -0.257745049999926 ], [ 103.316661004000082, -0.262872002999927 ], [ 103.332530144000032, -0.263848565999922 ], [ 103.349864129000082, -0.260186455999929 ], [ 103.380625847000033, -0.247002862999921 ], [ 103.397146030000044, -0.244073174999926 ], [ 103.424815300000034, -0.234958591999941 ], [ 103.459320509000065, -0.21843840899993 ], [ 103.489268425000034, -0.211521091999941 ], [ 103.502696160000028, -0.230401299999926 ], [ 103.494639519000032, -0.25359465899993 ], [ 103.45671634200005, -0.288995049999926 ], [ 103.448008660000028, -0.315362237999921 ], [ 103.43677819100003, -0.337985934999949 ], [ 103.40951582100007, -0.349704684999949 ], [ 103.345550977000073, -0.360039971999925 ], [ 103.345550977000073, -0.36687590899993 ], [ 103.379405144000032, -0.380303643999923 ], [ 103.400563998000052, -0.384535414999959 ], [ 103.417979363000029, -0.377536716999941 ], [ 103.429535352000073, -0.374932549999926 ], [ 103.482188347000033, -0.373711846999925 ], [ 103.493011915000068, -0.375420830999929 ], [ 103.502696160000028, -0.378513278999947 ], [ 103.511485222000033, -0.383558851999908 ], [ 103.520030144000032, -0.391208591999941 ], [ 103.53052819100003, -0.397149346999925 ], [ 103.552500847000033, -0.399997653999947 ], [ 103.590505405000044, -0.424574476999908 ], [ 103.598399285000028, -0.43678150799991 ], [ 103.592051629000082, -0.45631275799991 ], [ 103.573252800000034, -0.475355726999908 ], [ 103.547048373000052, -0.489841403999947 ], [ 103.515798373000052, -0.499607028999947 ], [ 103.417979363000029, -0.517754815999922 ], [ 103.40162194100003, -0.509535414999959 ], [ 103.390147332000026, -0.490411065999922 ], [ 103.372894727000073, -0.449395440999922 ], [ 103.380381707000026, -0.514336846999925 ], [ 103.384776238000029, -0.522881768999923 ], [ 103.406504754000082, -0.540785414999959 ], [ 103.414561394000032, -0.551853122999944 ], [ 103.416270379000082, -0.575372002999927 ], [ 103.408539259000065, -0.604913018999923 ], [ 103.393565300000034, -0.632012627999927 ], [ 103.372894727000073, -0.64812590899993 ], [ 103.372894727000073, -0.654880466999941 ], [ 103.388926629000082, -0.665948174999926 ], [ 103.385752800000034, -0.68092213299991 ], [ 103.369395379000082, -0.693291924999926 ], [ 103.345550977000073, -0.695896091999941 ], [ 103.356455925000034, -0.711358330999929 ], [ 103.375987175000034, -0.726820570999962 ], [ 103.399912957000026, -0.738864841999941 ], [ 103.436045769000032, -0.745293877999927 ], [ 103.43873131600003, -0.746189059999949 ], [ 103.450694207000026, -0.750095309999949 ], [ 103.463145379000082, -0.757745049999926 ], [ 103.468516472000033, -0.767836195999962 ], [ 103.464854363000029, -0.782972914999959 ], [ 103.447520379000082, -0.799411716999941 ], [ 103.441172722000033, -0.812595309999949 ], [ 103.485362175000034, -0.804945570999962 ], [ 103.507334832000026, -0.804945570999962 ], [ 103.527110222000033, -0.816013278999947 ], [ 103.537608269000032, -0.830336195999962 ], [ 103.552500847000033, -0.861097914999959 ], [ 103.564707879000082, -0.874607028999947 ], [ 103.569102410000028, -0.875664971999925 ], [ 103.581065300000034, -0.873793226999908 ], [ 103.585785352000073, -0.874607028999947 ], [ 103.587412957000026, -0.877048434999949 ], [ 103.590505405000044, -0.885186455999929 ], [ 103.592051629000082, -0.887627862999921 ], [ 103.598317905000044, -0.894463799999926 ], [ 103.60474694100003, -0.90357838299991 ], [ 103.61264082100007, -0.911553643999923 ], [ 103.63445071700005, -0.919366143999923 ], [ 103.640635613000029, -0.928887627999927 ], [ 103.644786004000082, -0.938571872999944 ], [ 103.650401238000029, -0.942966403999947 ], [ 103.68873131600003, -0.949151299999926 ], [ 103.702891472000033, -0.960056247999944 ], [ 103.725108269000032, -0.98560963299991 ], [ 103.739756707000026, -0.990655205999929 ], [ 103.762054884000065, -0.992771091999941 ], [ 103.780039910000028, -0.998793226999908 ], [ 103.794118686000047, -1.00945403399993 ], [ 103.804942254000082, -1.024834893999923 ], [ 103.820811394000032, -1.063083591999941 ], [ 103.828868035000028, -1.073418877999927 ], [ 103.83912194100003, -1.032810153999947 ], [ 103.856293165000068, -1.013767184999949 ], [ 103.87859134200005, -0.99928150799991 ], [ 103.900401238000029, -0.990655205999929 ], [ 103.942393425000034, -0.982028903999947 ], [ 103.955821160000028, -0.976983330999929 ], [ 104.022308790000068, -1.008233330999929 ], [ 104.040782097000033, -1.021742445999962 ], [ 104.056895379000082, -1.027520440999922 ], [ 104.107920769000032, -1.02898528399993 ], [ 104.126963738000029, -1.031670830999929 ], [ 104.189463738000029, -1.068129164999959 ], [ 104.212412957000026, -1.073337497999944 ], [ 104.253672722000033, -1.055840752999927 ], [ 104.262705925000034, -1.050551039999959 ], [ 104.31959069100003, -1.033623955999929 ], [ 104.377207879000082, -1.031670830999929 ], [ 104.381846550000034, -1.040785414999959 ], [ 104.410492384000065, -1.128350518999923 ], [ 104.397471550000034, -1.191338799999926 ], [ 104.401377800000034, -1.230889580999929 ], [ 104.410655144000032, -1.262465101999908 ], [ 104.415049675000034, -1.271905205999929 ], [ 104.44499759200005, -1.304620049999926 ], [ 104.449229363000029, -1.316013278999947 ], [ 104.456065300000034, -1.379082940999922 ], [ 104.45435631600003, -1.531019789999959 ], [ 104.462738477000073, -1.57350025799991 ], [ 104.479258660000028, -1.615817966999941 ], [ 104.517344597000033, -1.688409112999921 ], [ 104.531586134000065, -1.73406340899993 ], [ 104.533539259000065, -1.740492445999962 ], [ 104.537608269000032, -1.760674737999921 ], [ 104.537364129000082, -1.772149346999925 ], [ 104.533457879000082, -1.783461195999962 ], [ 104.517425977000073, -1.809340101999908 ], [ 104.512380405000044, -1.821465752999927 ], [ 104.489024285000028, -1.860039971999925 ], [ 104.483409050000034, -1.881442966999941 ], [ 104.48406009200005, -1.897067966999941 ], [ 104.486827019000032, -1.910332940999922 ], [ 104.497080925000034, -1.935967705999929 ], [ 104.513519727000073, -1.918633721999925 ], [ 104.527354363000029, -1.867445570999962 ], [ 104.537364129000082, -1.854099216999941 ], [ 104.564463738000029, -1.857679945999962 ], [ 104.586680535000028, -1.877211195999962 ], [ 104.605723504000082, -1.899021091999941 ], [ 104.623545769000032, -1.909356377999927 ], [ 104.636973504000082, -1.92156340899993 ], [ 104.629649285000028, -1.949151299999926 ], [ 104.614268425000034, -1.97820403399993 ], [ 104.60279381600003, -1.994724216999941 ], [ 104.594737175000034, -2.003024997999944 ], [ 104.587412957000026, -2.012790622999944 ], [ 104.588877800000034, -2.019463799999926 ], [ 104.606211785000028, -2.018487237999921 ], [ 104.620616082000026, -2.010430596999925 ], [ 104.642588738000029, -1.98170338299991 ], [ 104.654551629000082, -1.970147393999923 ], [ 104.65984134200005, -1.990166924999926 ], [ 104.660411004000082, -2.012872002999927 ], [ 104.663828972000033, -2.031345309999949 ], [ 104.677907748000052, -2.038995049999926 ], [ 104.680837436000047, -2.040134372999944 ], [ 104.68287194100003, -2.042413018999923 ], [ 104.685801629000082, -2.044691664999959 ], [ 104.691905144000032, -2.045830987999921 ], [ 104.69467207100007, -2.043715101999908 ], [ 104.696787957000026, -2.038995049999926 ], [ 104.699961785000028, -2.034356377999927 ], [ 104.705821160000028, -2.032321872999944 ], [ 104.710459832000026, -2.029473565999922 ], [ 104.729177280000044, -2.011651299999926 ], [ 104.772634311000047, -1.99773528399993 ], [ 104.814626498000052, -2.008396091999941 ], [ 104.850271030000044, -2.037855726999908 ], [ 104.87427819100003, -2.080010674999926 ], [ 104.882823113000029, -2.125664971999925 ], [ 104.876149936000047, -2.164727471999925 ], [ 104.859711134000065, -2.199395440999922 ], [ 104.828298373000052, -2.246677341999941 ], [ 104.757009311000047, -2.330498955999929 ], [ 104.74341881600003, -2.341241143999923 ], [ 104.726898634000065, -2.344496351999908 ], [ 104.684743686000047, -2.345798434999949 ], [ 104.671397332000026, -2.35125090899993 ], [ 104.657237175000034, -2.36451588299991 ], [ 104.623383009000065, -2.387465101999908 ], [ 104.606211785000028, -2.402113539999959 ], [ 104.676036004000082, -2.371758721999925 ], [ 104.709646030000044, -2.370863539999959 ], [ 104.729177280000044, -2.408949476999908 ], [ 104.73015384200005, -2.452732028999947 ], [ 104.726817254000082, -2.478122653999947 ], [ 104.713145379000082, -2.511488539999959 ], [ 104.713145379000082, -2.557793877999927 ], [ 104.709239129000082, -2.573988539999959 ], [ 104.698741082000026, -2.582207940999922 ], [ 104.68091881600003, -2.590997002999927 ], [ 104.660980665000068, -2.597832940999922 ], [ 104.64380944100003, -2.600762627999927 ], [ 104.632823113000029, -2.60515715899993 ], [ 104.60279381600003, -2.62664153399993 ], [ 104.569509311000047, -2.656426690999922 ], [ 104.548675977000073, -2.68482838299991 ], [ 104.535980665000068, -2.719333591999941 ], [ 104.537364129000082, -2.75904713299991 ], [ 104.535411004000082, -2.757256768999923 ], [ 104.533213738000029, -2.762627862999921 ], [ 104.531097852000073, -2.772637627999927 ], [ 104.547211134000065, -2.759535414999959 ], [ 104.562754754000082, -2.738376559999949 ], [ 104.574392123000052, -2.71453215899993 ], [ 104.578868035000028, -2.693536065999922 ], [ 104.585134311000047, -2.677666924999926 ], [ 104.599864129000082, -2.66375090899993 ], [ 104.633555535000028, -2.642347914999959 ], [ 104.70281009200005, -2.609470309999949 ], [ 104.731455925000034, -2.590752862999921 ], [ 104.750254754000082, -2.560316664999959 ], [ 104.768565300000034, -2.494724216999941 ], [ 104.77076256600003, -2.473809502999927 ], [ 104.768239780000044, -2.430108330999929 ], [ 104.771820509000065, -2.414239190999922 ], [ 104.784353061000047, -2.395277601999908 ], [ 104.816416863000029, -2.36492278399993 ], [ 104.832204623000052, -2.345310153999947 ], [ 104.845957879000082, -2.302178643999923 ], [ 104.86264082100007, -2.28875090899993 ], [ 104.883311394000032, -2.284926039999959 ], [ 104.901052280000044, -2.292901299999926 ], [ 104.908702019000032, -2.312676690999922 ], [ 104.908702019000032, -2.337334893999923 ], [ 104.911631707000026, -2.360284112999921 ], [ 104.92896569100003, -2.374769789999959 ], [ 104.93091881600003, -2.351169528999947 ], [ 104.941416863000029, -2.336195570999962 ], [ 104.95826256600003, -2.328545830999929 ], [ 104.980235222000033, -2.326429945999962 ], [ 105.001963738000029, -2.331963799999926 ], [ 105.016449415000068, -2.344659112999921 ], [ 105.029063347000033, -2.358493747999944 ], [ 105.045095248000052, -2.367364190999922 ], [ 105.05396569100003, -2.367120049999926 ], [ 105.075205925000034, -2.361504815999922 ], [ 105.086680535000028, -2.361260674999926 ], [ 105.09701582100007, -2.365411065999922 ], [ 105.111338738000029, -2.377699476999908 ], [ 105.116709832000026, -2.380466403999947 ], [ 105.138438347000033, -2.37623463299991 ], [ 105.202159050000034, -2.347426039999959 ], [ 105.223643425000034, -2.34343840899993 ], [ 105.246918165000068, -2.342868747999944 ], [ 105.269297722000033, -2.34734465899993 ], [ 105.307383660000028, -2.36882903399993 ], [ 105.331065300000034, -2.373142184999949 ], [ 105.38021894600007, -2.374769789999959 ], [ 105.466807488000029, -2.388441664999959 ], [ 105.511241082000026, -2.390801690999922 ], [ 105.535004102000073, -2.394789320999962 ], [ 105.55209394600007, -2.402113539999959 ], [ 105.55209394600007, -2.408949476999908 ], [ 105.548838738000029, -2.409356377999927 ], [ 105.541758660000028, -2.408786716999941 ], [ 105.53842207100007, -2.408949476999908 ], [ 105.549001498000052, -2.42115650799991 ], [ 105.56381269600007, -2.414971612999921 ], [ 105.578868035000028, -2.402276299999926 ], [ 105.590017123000052, -2.395277601999908 ], [ 105.608571811000047, -2.39617278399993 ], [ 105.623789910000028, -2.401788018999923 ], [ 105.633311394000032, -2.416192315999922 ], [ 105.634776238000029, -2.44304778399993 ], [ 105.629242384000065, -2.464613539999959 ], [ 105.611175977000073, -2.505954684999949 ], [ 105.607432488000029, -2.528741143999923 ], [ 105.608409050000034, -2.552341403999947 ], [ 105.612071160000028, -2.574151299999926 ], [ 105.61841881600003, -2.594903252999927 ], [ 105.627940300000034, -2.615004164999959 ], [ 105.638519727000073, -2.630791924999926 ], [ 105.654470248000052, -2.648614190999922 ], [ 105.67310631600003, -2.663018487999921 ], [ 105.701996290000068, -2.671319268999923 ], [ 105.722504102000073, -2.681084893999923 ], [ 105.733409050000034, -2.68328215899993 ], [ 105.75709069100003, -2.68287525799991 ], [ 105.768077019000032, -2.684747002999927 ], [ 105.778086785000028, -2.690118096999925 ], [ 105.794932488000029, -2.724053643999923 ], [ 105.791758660000028, -2.862074476999908 ], [ 105.809580925000034, -2.899021091999941 ], [ 105.840179884000065, -2.930108330999929 ], [ 105.879242384000065, -2.951104424999926 ], [ 105.922618035000028, -2.957696221999925 ], [ 105.93327884200005, -2.955987237999921 ], [ 105.951833530000044, -2.950941664999959 ], [ 105.963145379000025, -2.950290622999944 ], [ 105.975108269000032, -2.95281340899993 ], [ 105.990977410000028, -2.961846612999921 ], [ 106.000824415000068, -2.963799737999921 ], [ 106.015635613000029, -2.969496351999908 ], [ 106.028493686000047, -2.982842705999929 ], [ 106.045583530000044, -3.012302341999941 ], [ 106.05404707100007, -3.046970309999949 ], [ 106.053477410000028, -3.12859465899993 ], [ 106.059336785000028, -3.170017184999949 ], [ 106.06373131600003, -3.179864190999922 ], [ 106.076508009000065, -3.20086028399993 ], [ 106.07976321700005, -3.211521091999941 ], [ 106.07935631600003, -3.223728122999944 ], [ 106.074229363000029, -3.244724216999941 ], [ 106.073008660000028, -3.25554778399993 ], [ 106.063161655000044, -3.266696872999944 ], [ 105.997243686000047, -3.300225518999923 ], [ 105.962738477000073, -3.328789971999925 ], [ 105.92904707100007, -3.365411065999922 ], [ 105.900238477000073, -3.407159112999921 ], [ 105.881114129000025, -3.451104424999926 ], [ 105.81959069100003, -3.672539971999925 ], [ 105.825694207000026, -3.711521091999941 ], [ 105.851084832000026, -3.743340752999927 ], [ 105.933441602000073, -3.802341403999947 ], [ 105.95248457100007, -3.833754164999959 ], [ 105.952891472000033, -3.869073174999926 ], [ 105.935801629000025, -3.90984465899993 ], [ 105.870127800000034, -4.004164320999905 ], [ 105.86060631600003, -4.036716403999947 ], [ 105.855235222000033, -4.070896091999941 ], [ 105.83130944100003, -4.140232028999947 ], [ 105.827972852000073, -4.157972914999959 ], [ 105.812754754000025, -4.238702080999929 ], [ 105.814219597000033, -4.27312590899993 ], [ 105.819021030000044, -4.300225518999923 ], [ 105.829600457000026, -4.324476820999905 ], [ 105.846039259000065, -4.35320403399993 ], [ 105.857432488000029, -4.381280205999929 ], [ 105.853282097000033, -4.403903903999947 ], [ 105.868174675000034, -4.412041924999926 ], [ 105.879161004000025, -4.424899997999944 ], [ 105.894786004000025, -4.458428643999923 ], [ 105.896983269000032, -4.455498955999929 ], [ 105.897471550000034, -4.454522393999923 ], [ 105.90162194100003, -4.451755466999941 ], [ 105.906260613000029, -4.469333591999941 ], [ 105.898692254000025, -4.511976820999905 ], [ 105.90943444100003, -4.546644789999959 ], [ 105.902679884000065, -4.56568775799991 ], [ 105.892914259000065, -4.585137627999927 ], [ 105.88795006600003, -4.601820570999905 ], [ 105.890635613000029, -4.619398695999905 ], [ 105.905039910000028, -4.670098565999922 ], [ 105.890472852000073, -4.677829684999949 ], [ 105.881846550000034, -4.696221612999921 ], [ 105.868662957000026, -4.78093840899993 ], [ 105.867442254000025, -4.824639580999929 ], [ 105.87240644600007, -4.848565362999921 ], [ 105.908457879000025, -4.910332940999922 ], [ 105.909678582000026, -4.943129164999959 ], [ 105.896820509000065, -4.975192966999941 ], [ 105.879567905000044, -5.007582289999959 ], [ 105.867442254000025, -5.041273695999905 ], [ 105.861827019000032, -5.126560153999947 ], [ 105.867442254000025, -5.211358330999929 ], [ 105.86451256600003, -5.25554778399993 ], [ 105.83952884200005, -5.33717213299991 ], [ 105.83334394600007, -5.383233330999929 ], [ 105.839610222000033, -5.468926690999922 ], [ 105.836192254000025, -5.491794528999947 ], [ 105.824066602000073, -5.530450127999927 ], [ 105.832774285000028, -5.592543226999908 ], [ 105.83334394600007, -5.633721612999921 ], [ 105.829600457000026, -5.654717705999929 ], [ 105.811289910000028, -5.696872653999947 ], [ 105.805430535000028, -5.71843840899993 ], [ 105.793630405000044, -5.795586846999925 ], [ 105.78256269600007, -5.828545830999929 ], [ 105.764414910000028, -5.856215101999908 ], [ 105.733571811000047, -5.89031340899993 ], [ 105.72974694100003, -5.896661065999922 ], [ 105.719899936000047, -5.887139580999929 ], [ 105.719493035000028, -5.848728122999944 ], [ 105.712901238000029, -5.832126559999949 ], [ 105.68100019600007, -5.819024346999925 ], [ 105.602061394000032, -5.80982838299991 ], [ 105.586192254000025, -5.790785414999959 ], [ 105.580821160000028, -5.713148695999905 ], [ 105.568614129000025, -5.680352471999925 ], [ 105.545258009000065, -5.657647393999923 ], [ 105.539886915000068, -5.662692966999941 ], [ 105.530284050000034, -5.675551039999959 ], [ 105.525401238000029, -5.678806247999944 ], [ 105.51498457100007, -5.677829684999949 ], [ 105.507334832000026, -5.672784112999921 ], [ 105.500743035000028, -5.667087497999944 ], [ 105.493907097000033, -5.664483330999929 ], [ 105.483571811000047, -5.658949476999908 ], [ 105.449717644000032, -5.623467705999929 ], [ 105.398203972000033, -5.58131275799991 ], [ 105.375987175000034, -5.557712497999944 ], [ 105.310720248000052, -5.465997002999927 ], [ 105.279633009000065, -5.444268487999921 ], [ 105.250498894000032, -5.459079684999949 ], [ 105.246348504000025, -5.478773695999905 ], [ 105.257009311000047, -5.51726653399993 ], [ 105.247080925000034, -5.537530205999929 ], [ 105.247894727000073, -5.541273695999905 ], [ 105.238780144000032, -5.568942966999941 ], [ 105.236175977000073, -5.57195403399993 ], [ 105.230804884000065, -5.576348565999922 ], [ 105.219004754000025, -5.574802341999941 ], [ 105.202159050000034, -5.568942966999941 ], [ 105.180023634000065, -5.580498955999929 ], [ 105.180186394000032, -5.59693775799991 ], [ 105.189789259000065, -5.617282809999949 ], [ 105.195811394000032, -5.64031340899993 ], [ 105.195811394000032, -5.667901299999926 ], [ 105.199229363000029, -5.678887627999927 ], [ 105.20671634200005, -5.686944268999923 ], [ 105.213715040000068, -5.692966403999947 ], [ 105.216319207000026, -5.698011976999908 ], [ 105.201914910000028, -5.706801039999959 ], [ 105.17546634200005, -5.715590101999908 ], [ 105.154795769000032, -5.726820570999905 ], [ 105.158050977000073, -5.742933851999908 ], [ 105.177989129000025, -5.750420830999929 ], [ 105.202159050000034, -5.75359465899993 ], [ 105.215342644000032, -5.75904713299991 ], [ 105.202159050000034, -5.773695570999905 ], [ 105.183604363000029, -5.782159112999921 ], [ 105.163259311000047, -5.786065362999921 ], [ 105.130625847000033, -5.787367445999905 ], [ 105.11841881600003, -5.782159112999921 ], [ 105.073008660000028, -5.746351820999905 ], [ 104.901052280000044, -5.671319268999923 ], [ 104.838633660000028, -5.623467705999929 ], [ 104.790782097000033, -5.609470309999949 ], [ 104.769297722000033, -5.591973565999922 ], [ 104.709727410000028, -5.525811455999929 ], [ 104.698415561000047, -5.515557549999926 ], [ 104.68132571700005, -5.506931247999944 ], [ 104.64226321700005, -5.497816664999959 ], [ 104.622813347000033, -5.490655205999929 ], [ 104.613047722000033, -5.478936455999929 ], [ 104.606211785000028, -5.478936455999929 ], [ 104.608164910000028, -5.483330987999921 ], [ 104.613047722000033, -5.49928150799991 ], [ 104.587087436000047, -5.49928150799991 ], [ 104.56763756600003, -5.50123463299991 ], [ 104.551442905000044, -5.508477471999925 ], [ 104.534190300000034, -5.523858330999929 ], [ 104.528493686000047, -5.540459893999923 ], [ 104.533213738000029, -5.55982838299991 ], [ 104.68873131600003, -5.80787525799991 ], [ 104.697764519000032, -5.84539153399993 ], [ 104.70240319100003, -5.886976820999905 ], [ 104.713877800000034, -5.910088799999926 ], [ 104.71607506600003, -5.921075127999927 ], [ 104.710948113000029, -5.927829684999949 ], [ 104.699066602000073, -5.930433851999908 ], [ 104.561289910000028, -5.928317966999941 ], [ 104.553396030000044, -5.919122002999927 ], [ 104.558360222000033, -5.883558851999908 ], [ 104.553721550000034, -5.860039971999925 ], [ 104.541758660000028, -5.841892184999949 ], [ 104.488780144000032, -5.796970309999949 ], [ 104.478770379000082, -5.790215752999927 ], [ 104.463145379000082, -5.782810153999947 ], [ 104.45671634200005, -5.772067966999941 ], [ 104.449229363000029, -5.752618096999925 ], [ 104.38404381600003, -5.692478122999944 ], [ 104.367686394000032, -5.685723565999922 ], [ 104.297699415000068, -5.643324476999908 ], [ 104.290782097000033, -5.625420830999929 ], [ 104.314463738000029, -5.605075778999947 ], [ 104.301524285000028, -5.58562590899993 ], [ 104.257985873000052, -5.539808851999908 ], [ 104.236175977000073, -5.527276299999926 ], [ 104.224782748000052, -5.524021091999941 ], [ 104.215668165000068, -5.52271900799991 ], [ 104.20671634200005, -5.520440362999921 ], [ 104.195323113000029, -5.513604424999926 ], [ 104.189789259000065, -5.505303643999923 ], [ 104.18490644600007, -5.493747653999947 ], [ 104.177500847000033, -5.483330987999921 ], [ 104.144867384000065, -5.47389088299991 ], [ 104.12663821700005, -5.461683851999908 ], [ 104.110850457000026, -5.446221612999921 ], [ 104.038828972000033, -5.356622002999927 ], [ 103.993174675000034, -5.312676690999922 ], [ 103.988129102000073, -5.296319268999923 ], [ 103.999766472000033, -5.276950778999947 ], [ 104.002452019000032, -5.262872002999927 ], [ 103.991384311000047, -5.246351820999905 ], [ 103.975108269000032, -5.232354424999926 ], [ 103.96257571700005, -5.225030205999929 ], [ 103.94109134200005, -5.222832940999922 ], [ 103.918793165000068, -5.223077080999929 ], [ 103.901377800000034, -5.218519789999959 ], [ 103.894297722000033, -5.201429945999905 ], [ 103.897308790000068, -5.191664320999905 ], [ 103.910980665000068, -5.172295830999929 ], [ 103.914073113000029, -5.160088799999926 ], [ 103.91342207100007, -5.139255466999941 ], [ 103.911875847000033, -5.130791924999926 ], [ 103.908457879000082, -5.123223565999922 ], [ 103.891123894000032, -5.104180596999925 ], [ 103.832286004000082, -5.06804778399993 ], [ 103.807627800000034, -5.041924737999921 ], [ 103.792165561000047, -5.03093840899993 ], [ 103.773773634000065, -5.026462497999944 ], [ 103.748220248000052, -5.026543877999927 ], [ 103.736827019000032, -5.023695570999905 ], [ 103.726084832000026, -5.016778252999927 ], [ 103.72584069100003, -5.007012627999927 ], [ 103.735524936000047, -4.977959893999923 ], [ 103.732920769000032, -4.971774997999944 ], [ 103.726817254000082, -4.968682549999926 ], [ 103.717458530000044, -4.961846612999921 ], [ 103.705414259000065, -4.955010674999926 ], [ 103.692067905000044, -4.951918226999908 ], [ 103.681651238000029, -4.954685153999947 ], [ 103.671722852000073, -4.961521091999941 ], [ 103.654063347000033, -4.979180596999925 ], [ 103.630625847000033, -4.934991143999923 ], [ 103.616953972000033, -4.919854424999926 ], [ 103.592051629000082, -4.910332940999922 ], [ 103.584646030000044, -4.909600518999923 ], [ 103.561289910000028, -4.910332940999922 ], [ 103.553558790000068, -4.908868096999925 ], [ 103.55005944100003, -4.905368747999944 ], [ 103.547862175000034, -4.901055596999925 ], [ 103.54420006600003, -4.897230726999908 ], [ 103.533702019000032, -4.890232028999947 ], [ 103.518321160000028, -4.875664971999925 ], [ 103.510020379000082, -4.869317315999922 ], [ 103.500010613000029, -4.863946221999925 ], [ 103.487803582000026, -4.859144789999959 ], [ 103.474782748000052, -4.856052341999941 ], [ 103.461680535000028, -4.855726820999905 ], [ 103.449880405000044, -4.859795830999929 ], [ 103.437022332000026, -4.866306247999944 ], [ 103.424815300000034, -4.870863539999959 ], [ 103.414561394000032, -4.869317315999922 ], [ 103.40984134200005, -4.860039971999925 ], [ 103.393402540000068, -4.81414153399993 ], [ 103.38599694100003, -4.804945570999905 ], [ 103.37818444100003, -4.798923434999949 ], [ 103.359222852000073, -4.787367445999905 ], [ 103.344493035000028, -4.80046965899993 ], [ 103.328868035000028, -4.794122002999927 ], [ 103.316579623000052, -4.776543877999927 ], [ 103.303558790000068, -4.734144789999959 ], [ 103.28451582100007, -4.715020440999922 ], [ 103.172862175000034, -4.617933851999908 ], [ 103.049978061000047, -4.543064059999949 ], [ 102.920420769000032, -4.492608330999929 ], [ 102.904307488000029, -4.47779713299991 ], [ 102.88990319100003, -4.440362237999921 ], [ 102.87631269600007, -4.420586846999925 ], [ 102.701182488000029, -4.270440362999921 ], [ 102.527517123000052, -4.151136976999908 ], [ 102.366221550000034, -4.026462497999944 ], [ 102.339366082000026, -4.011325778999947 ], [ 102.312510613000029, -3.99146900799991 ], [ 102.291758660000028, -3.965427341999941 ], [ 102.283539259000065, -3.93092213299991 ], [ 102.287852410000028, -3.91529713299991 ], [ 102.306651238000029, -3.884698174999926 ], [ 102.310883009000065, -3.865411065999922 ], [ 102.304535352000073, -3.845147393999923 ], [ 102.274099155000044, -3.810479424999926 ], [ 102.263194207000026, -3.793145440999922 ], [ 102.26107832100007, -3.781914971999925 ], [ 102.261729363000029, -3.772556247999944 ], [ 102.263194207000026, -3.764825127999927 ], [ 102.263194207000026, -3.758396091999941 ], [ 102.257660352000073, -3.746840101999908 ], [ 102.250824415000068, -3.737725518999923 ], [ 102.245127800000034, -3.727959893999923 ], [ 102.242686394000032, -3.714613539999959 ], [ 102.240489129000082, -3.678480726999908 ], [ 102.234385613000029, -3.659356377999927 ], [ 102.222178582000026, -3.642836195999905 ], [ 102.06568444100003, -3.55046965899993 ], [ 101.876963738000029, -3.421319268999923 ], [ 101.637461785000028, -3.250664971999925 ], [ 101.611338738000029, -3.224541924999926 ], [ 101.584483269000032, -3.176853122999944 ], [ 101.564952019000032, -3.162286065999922 ], [ 101.418955925000034, -2.927341403999947 ], [ 101.407969597000033, -2.885511976999908 ], [ 101.326996290000068, -2.739190362999921 ], [ 101.299327019000032, -2.707614841999941 ], [ 101.262543165000068, -2.68328215899993 ], [ 101.178396030000044, -2.641289971999925 ], [ 101.139821811000047, -2.61687590899993 ], [ 101.10482832100007, -2.587090752999927 ], [ 101.017832879000082, -2.467950127999927 ], [ 100.92310631600003, -2.333428643999923 ], [ 100.83952884200005, -2.16725025799991 ], [ 100.833994988000029, -2.159112237999921 ], [ 100.831553582000026, -2.141289971999925 ], [ 100.845713738000029, -2.119398695999962 ], [ 100.87826582100007, -2.080010674999926 ], [ 100.887217644000032, -2.037204684999949 ], [ 100.881358269000032, -1.994886976999908 ], [ 100.870616082000026, -1.953301690999922 ], [ 100.86459394600007, -1.912367445999962 ], [ 100.857595248000052, -1.89185963299991 ], [ 100.84107506600003, -1.87037525799991 ], [ 100.783946160000028, -1.815524997999944 ], [ 100.776052280000044, -1.805759372999944 ], [ 100.771332227000073, -1.795586846999925 ], [ 100.764659050000034, -1.772067966999941 ], [ 100.71843509200005, -1.698174737999921 ], [ 100.668304884000065, -1.639743747999944 ], [ 100.654470248000052, -1.617608330999929 ], [ 100.645518425000034, -1.594008070999962 ], [ 100.636566602000073, -1.551364841999941 ], [ 100.632578972000033, -1.507989190999922 ], [ 100.62435957100007, -1.497491143999923 ], [ 100.584646030000044, -1.460381768999923 ], [ 100.570567254000082, -1.442559502999927 ], [ 100.576426629000082, -1.437758070999962 ], [ 100.579925977000073, -1.431898695999962 ], [ 100.584239129000082, -1.415785414999959 ], [ 100.58171634200005, -1.416680596999925 ], [ 100.573252800000034, -1.407647393999923 ], [ 100.570567254000082, -1.408379815999922 ], [ 100.572764519000032, -1.404473565999922 ], [ 100.57740319100003, -1.39812590899993 ], [ 100.581879102000073, -1.393649997999944 ], [ 100.584239129000082, -1.394707940999922 ], [ 100.576833530000044, -1.355645440999922 ], [ 100.569183790000068, -1.330824476999908 ], [ 100.55990644600007, -1.31959400799991 ], [ 100.539805535000028, -1.314222914999959 ], [ 100.498708530000044, -1.29029713299991 ], [ 100.479177280000044, -1.282972914999959 ], [ 100.473480665000068, -1.278497002999927 ], [ 100.46412194100003, -1.268161716999941 ], [ 100.45826256600003, -1.263848565999922 ], [ 100.455577019000032, -1.265720309999949 ], [ 100.453461134000065, -1.269707940999922 ], [ 100.45045006600003, -1.271905205999929 ], [ 100.425791863000029, -1.276055596999925 ], [ 100.415537957000026, -1.274509372999944 ], [ 100.406016472000033, -1.264418226999908 ], [ 100.409678582000026, -1.258558851999908 ], [ 100.426524285000028, -1.243910414999959 ], [ 100.431813998000052, -1.234551690999922 ], [ 100.433604363000029, -1.228692315999922 ], [ 100.43327884200005, -1.20671965899993 ], [ 100.42741946700005, -1.192559502999927 ], [ 100.384938998000052, -1.155205987999921 ], [ 100.370127800000034, -1.160902601999908 ], [ 100.366058790000068, -1.150485934999949 ], [ 100.368011915000068, -1.133721612999921 ], [ 100.371267123000052, -1.121026299999926 ], [ 100.374196811000047, -1.117608330999929 ], [ 100.378754102000073, -1.115166924999926 ], [ 100.383067254000082, -1.111423434999949 ], [ 100.384938998000052, -1.103936455999929 ], [ 100.383311394000032, -1.096774997999944 ], [ 100.371267123000052, -1.073337497999944 ], [ 100.381032748000052, -1.068617445999962 ], [ 100.39193769600007, -1.067071221999925 ], [ 100.402842644000032, -1.068617445999962 ], [ 100.412852410000028, -1.073337497999944 ], [ 100.416351759000065, -1.064629815999922 ], [ 100.417735222000033, -1.056247653999947 ], [ 100.416351759000065, -1.047784112999921 ], [ 100.412852410000028, -1.039157809999949 ], [ 100.390961134000065, -1.041599216999941 ], [ 100.379893425000034, -1.030450127999927 ], [ 100.353037957000026, -0.977146091999941 ], [ 100.344004754000082, -0.908786716999941 ], [ 100.327891472000033, -0.858819268999923 ], [ 100.301442905000044, -0.816338799999926 ], [ 100.159678582000026, -0.667901299999926 ], [ 100.13404381600003, -0.634698174999926 ], [ 100.090586785000028, -0.557224216999941 ], [ 100.034922722000033, -0.48796965899993 ], [ 100.00131269600007, -0.45631275799991 ], [ 99.930430535000028, -0.40943775799991 ], [ 99.919444207000026, -0.398044528999947 ], [ 99.910329623000052, -0.375176690999922 ], [ 99.888845248000052, -0.357598565999922 ], [ 99.843597852000073, -0.332126559999949 ], [ 99.823985222000033, -0.313409112999921 ], [ 99.81381269600007, -0.29461028399993 ], [ 99.810069207000026, -0.273370049999926 ], [ 99.809580925000034, -0.247165622999944 ], [ 99.80591881600003, -0.22779713299991 ], [ 99.797211134000065, -0.215915622999944 ], [ 99.785980665000068, -0.206638278999947 ], [ 99.775401238000029, -0.195570570999962 ], [ 99.765879754000082, -0.181247653999947 ], [ 99.75945071700005, -0.168389580999929 ], [ 99.756032748000052, -0.154717705999929 ], [ 99.754893425000034, -0.137302341999941 ], [ 99.757985873000052, -0.115817966999941 ], [ 99.763845248000052, -0.095879815999922 ], [ 99.766774936000047, -0.075372002999927 ], [ 99.761729363000029, -0.052178643999923 ], [ 99.747243686000047, -0.02983977699995 ], [ 99.689463738000029, 0.020086981000077 ], [ 99.632823113000029, 0.081000067000048 ], [ 99.610850457000026, 0.098578192000048 ], [ 99.534027540000068, 0.140326239000046 ], [ 99.490489129000082, 0.155422268000052 ], [ 99.450205925000034, 0.161281643000052 ], [ 99.426931186000047, 0.161363023000092 ], [ 99.408213738000029, 0.163885809000078 ], [ 99.392588738000029, 0.171698309000078 ], [ 99.37818444100003, 0.187974351000094 ], [ 99.356618686000047, 0.225653387000079 ], [ 99.34107506600003, 0.238755601000094 ], [ 99.316172722000033, 0.242621161000045 ], [ 99.29656009200005, 0.237697658000059 ], [ 99.260590040000068, 0.219875393000052 ], [ 99.244151238000029, 0.215969143000052 ], [ 99.233409050000034, 0.217027085000041 ], [ 99.22193444100003, 0.220363674000055 ], [ 99.211273634000065, 0.225653387000079 ], [ 99.203135613000029, 0.23273346600007 ], [ 99.193695509000065, 0.243150132000039 ], [ 99.18881269600007, 0.245591539000088 ], [ 99.182302280000044, 0.244086005000042 ], [ 99.168711785000028, 0.242621161000045 ], [ 99.162119988000029, 0.245266018000052 ], [ 99.142344597000033, 0.258246161000045 ], [ 99.13795006600003, 0.263088283000059 ], [ 99.139333530000044, 0.27374909100007 ], [ 99.153086785000028, 0.287176825000074 ], [ 99.158457879000082, 0.297837632000039 ], [ 99.158457879000082, 0.320013739000046 ], [ 99.148448113000029, 0.333156643000052 ], [ 99.131521030000044, 0.34056224200009 ], [ 99.11060631600003, 0.345648505000042 ], [ 99.128754102000073, 0.391791083000044 ], [ 99.132334832000026, 0.412054755000042 ], [ 99.127207879000082, 0.484361070000091 ], [ 99.122569207000026, 0.509019273000092 ], [ 99.11060631600003, 0.523830471000053 ], [ 99.098399285000028, 0.514227606000077 ], [ 99.09734134200005, 0.530747789000088 ], [ 99.103851759000065, 0.57843659100007 ], [ 99.100271030000044, 0.601752020000049 ], [ 99.089854363000029, 0.622015692000048 ], [ 99.072764519000032, 0.630804755000042 ], [ 99.048594597000033, 0.619940497000073 ], [ 99.040049675000034, 0.650458075000074 ], [ 99.047373894000032, 0.739732164000088 ], [ 99.041758660000028, 0.777044989000046 ], [ 99.006114129000082, 0.818752346000053 ], [ 98.99732506600003, 0.825425523000092 ], [ 98.981211785000028, 0.831732489000046 ], [ 98.976735873000052, 0.847357489000046 ], [ 98.980316602000073, 0.886216539000088 ], [ 98.97584069100003, 0.920843817000048 ], [ 98.91732832100007, 1.117173570000091 ], [ 98.850596550000034, 1.277289130000042 ], [ 98.839040561000047, 1.301255601000094 ], [ 98.836924675000034, 1.311468817000048 ], [ 98.838877800000034, 1.321356512000079 ], [ 98.842946811000047, 1.33344147300005 ], [ 98.844574415000068, 1.345892645000049 ], [ 98.840017123000052, 1.356756903000075 ], [ 98.799082879000082, 1.39874909100007 ], [ 98.788584832000026, 1.413804429000038 ], [ 98.775401238000029, 1.451564846000053 ], [ 98.770274285000028, 1.474595445000091 ], [ 98.768077019000032, 1.49359772300005 ], [ 98.764659050000034, 1.498846747000073 ], [ 98.756521030000044, 1.504461981000077 ], [ 98.746267123000052, 1.508937893000052 ], [ 98.736989780000044, 1.510687567000048 ], [ 98.730235222000033, 1.51439036700009 ], [ 98.72584069100003, 1.523627020000049 ], [ 98.720225457000026, 1.545396226000094 ], [ 98.709646030000044, 1.564113674000055 ], [ 98.711273634000065, 1.569566148000092 ], [ 98.727061394000032, 1.572170315000051 ], [ 98.73365319100003, 1.569891669000071 ], [ 98.740407748000052, 1.56391022300005 ], [ 98.74537194100003, 1.556138414000088 ], [ 98.74740644600007, 1.548529364000046 ], [ 98.753428582000026, 1.535630601000094 ], [ 98.766449415000068, 1.549017645000049 ], [ 98.788584832000026, 1.586411851000094 ], [ 98.79818769600007, 1.59906647300005 ], [ 98.818858269000032, 1.619696356000077 ], [ 98.822601759000065, 1.630438544000071 ], [ 98.82357832100007, 1.666693427000041 ], [ 98.819102410000028, 1.682318427000041 ], [ 98.80591881600003, 1.688869533000059 ], [ 98.788096550000034, 1.691351630000042 ], [ 98.783702019000032, 1.699042059000078 ], [ 98.78451582100007, 1.711859442000048 ], [ 98.782969597000033, 1.729722398000092 ], [ 98.773936394000032, 1.748602606000077 ], [ 98.760101759000065, 1.764146226000094 ], [ 98.727061394000032, 1.791896877000056 ], [ 98.715017123000052, 1.784979559000078 ], [ 98.711110873000052, 1.779120184000078 ], [ 98.712738477000073, 1.763902085000041 ], [ 98.715098504000082, 1.76398346600007 ], [ 98.724945509000065, 1.756822007000039 ], [ 98.727061394000032, 1.75649648600006 ], [ 98.726735873000052, 1.749416408000059 ], [ 98.721527540000068, 1.739081122000073 ], [ 98.720225457000026, 1.733465887000079 ], [ 98.711110873000052, 1.725775458000044 ], [ 98.69068444100003, 1.736273505000042 ], [ 98.658213738000029, 1.763902085000041 ], [ 98.576182488000029, 1.888088283000059 ], [ 98.535166863000029, 1.936468817000048 ], [ 98.444021030000044, 1.991156317000048 ], [ 98.426117384000065, 1.997626044000071 ], [ 98.406993035000028, 2.001939195000091 ], [ 98.387868686000047, 2.003485419000071 ], [ 98.365977410000028, 2.002875067000048 ], [ 98.354502800000034, 2.003810940000051 ], [ 98.349619988000029, 2.007228908000059 ], [ 98.349375847000033, 2.021429755000042 ], [ 98.347178582000026, 2.028998114000046 ], [ 98.34115644600007, 2.033392645000049 ], [ 98.329844597000033, 2.038275458000044 ], [ 98.31177819100003, 2.039618231000077 ], [ 98.288828972000033, 2.037339585000041 ], [ 98.26921634200005, 2.038072007000039 ], [ 98.260915561000047, 2.048529364000046 ], [ 98.256114129000082, 2.073309637000079 ], [ 98.243662957000026, 2.087551174000055 ], [ 98.209483269000032, 2.109930731000077 ], [ 98.152598504000082, 2.156927802000041 ], [ 98.089610222000033, 2.195868231000077 ], [ 97.983571811000047, 2.244370835000041 ], [ 97.955902540000068, 2.271714585000041 ], [ 97.933360222000033, 2.269761460000041 ], [ 97.881114129000082, 2.25031159100007 ], [ 97.86687259200005, 2.247463283000059 ], [ 97.850759311000047, 2.251206773000092 ], [ 97.82943769600007, 2.264227606000077 ], [ 97.81771894600007, 2.258937893000052 ], [ 97.80990644600007, 2.263657945000091 ], [ 97.803396030000044, 2.272040106000077 ], [ 97.794769727000073, 2.277818101000094 ], [ 97.786143425000034, 2.278021552000041 ], [ 97.768565300000034, 2.273016669000071 ], [ 97.757334832000026, 2.271673895000049 ], [ 97.744395379000082, 2.281073309000078 ], [ 97.706065300000034, 2.346136786000045 ], [ 97.676442905000044, 2.375921942000048 ], [ 97.663584832000026, 2.392075914000088 ], [ 97.658213738000029, 2.41156647300005 ], [ 97.661143425000034, 2.527329820000091 ], [ 97.644053582000026, 2.668890692000048 ], [ 97.608897332000026, 2.848618882000039 ], [ 97.602712436000047, 2.866197007000039 ], [ 97.592784050000034, 2.87368398600006 ], [ 97.57740319100003, 2.875921942000048 ], [ 97.535329623000052, 2.888251044000071 ], [ 97.484629754000082, 2.913031317000048 ], [ 97.463877800000034, 2.919623114000046 ], [ 97.441661004000082, 2.922105210000041 ], [ 97.422129754000082, 2.92837148600006 ], [ 97.405039910000028, 2.943345445000091 ], [ 97.332041863000029, 3.031398830000057 ], [ 97.313487175000034, 3.061672268000052 ], [ 97.300791863000029, 3.093410549000055 ], [ 97.285166863000029, 3.17845286700009 ], [ 97.27076256600003, 3.214422919000071 ], [ 97.240489129000082, 3.238023179000038 ], [ 97.20671634200005, 3.240790106000077 ], [ 97.182627800000034, 3.245998440000051 ], [ 97.171641472000033, 3.254828192000048 ], [ 97.166351759000065, 3.267971096000053 ], [ 97.018565300000034, 3.522691148000092 ], [ 96.999766472000033, 3.545884507000039 ], [ 96.921722852000073, 3.605698960000041 ], [ 96.903493686000047, 3.634670315000051 ], [ 96.892100457000026, 3.666489976000094 ], [ 96.883555535000028, 3.682440497000073 ], [ 96.873057488000029, 3.689276434000078 ], [ 96.866058790000068, 3.69212474200009 ], [ 96.842051629000082, 3.706732489000046 ], [ 96.838145379000082, 3.712632554000038 ], [ 96.828868035000028, 3.716620184000078 ], [ 96.81763756600003, 3.719916083000044 ], [ 96.80787194100003, 3.72406647300005 ], [ 96.778005405000044, 3.742987372000073 ], [ 96.760508660000028, 3.74868398600006 ], [ 96.55982506600003, 3.746568101000094 ], [ 96.519867384000065, 3.754828192000048 ], [ 96.479502800000034, 3.778713283000059 ], [ 96.430349155000044, 3.825262762000079 ], [ 96.279307488000029, 4.025783596000053 ], [ 96.211436394000032, 4.093939520000049 ], [ 96.207530144000032, 4.100490627000056 ], [ 96.201914910000028, 4.115179755000042 ], [ 96.197764519000032, 4.121283270000049 ], [ 96.190928582000026, 4.125962632000039 ], [ 96.175303582000026, 4.132717190000051 ], [ 96.16765384200005, 4.138373114000046 ], [ 96.159678582000026, 4.141302802000041 ], [ 96.147146030000044, 4.142482815000051 ], [ 96.135264519000032, 4.141669012000079 ], [ 96.13013756600003, 4.138373114000046 ], [ 96.125173373000052, 4.136419989000046 ], [ 96.113780144000032, 4.147162177000041 ], [ 96.065196160000028, 4.205023505000042 ], [ 96.049652540000068, 4.21430084800005 ], [ 96.030772332000026, 4.217474677000041 ], [ 96.010020379000082, 4.225653387000079 ], [ 95.903493686000047, 4.344712632000039 ], [ 95.81413821700005, 4.432847398000092 ], [ 95.807139519000032, 4.446112372000073 ], [ 95.758962436000047, 4.484442450000074 ], [ 95.72584069100003, 4.531683661000045 ], [ 95.656504754000082, 4.579982815000051 ], [ 95.61654707100007, 4.628404039000088 ], [ 95.59896894600007, 4.635199286000045 ], [ 95.576182488000029, 4.634670315000051 ], [ 95.565440300000034, 4.637518622000073 ], [ 95.560883009000065, 4.645738023000092 ], [ 95.563243035000028, 4.651556708000044 ], [ 95.572927280000044, 4.660711981000077 ], [ 95.575205925000034, 4.666571356000077 ], [ 95.572520379000082, 4.673814195000091 ], [ 95.566661004000082, 4.675197658000059 ], [ 95.559580925000034, 4.674627997000073 ], [ 95.55404707100007, 4.676214911000045 ], [ 95.526866082000026, 4.697251695000091 ], [ 95.515147332000026, 4.71352773600006 ], [ 95.489105665000068, 4.76243724200009 ], [ 95.46843509200005, 4.789496161000045 ], [ 95.459971550000034, 4.79718659100007 ], [ 95.441254102000073, 4.810614325000074 ], [ 95.434336785000028, 4.81712474200009 ], [ 95.426280144000032, 4.827337958000044 ], [ 95.424571160000028, 4.83234284100007 ], [ 95.42505944100003, 4.83734772300005 ], [ 95.423838738000029, 4.847479559000078 ], [ 95.418467644000032, 4.862494208000044 ], [ 95.405772332000026, 4.887681382000039 ], [ 95.400157097000033, 4.910549221000053 ], [ 95.38599694100003, 4.935126044000071 ], [ 95.379893425000034, 4.960435289000088 ], [ 95.34888756600003, 5.037502346000053 ], [ 95.338877800000034, 5.053534247000073 ], [ 95.324473504000082, 5.070298570000091 ], [ 95.312836134000065, 5.087144273000092 ], [ 95.30591881600003, 5.103583075000074 ], [ 95.296885613000029, 5.116400458000044 ], [ 95.279795769000032, 5.12250397300005 ], [ 95.299164259000065, 5.150336005000042 ], [ 95.301605665000068, 5.172430731000077 ], [ 95.291270379000082, 5.191636460000041 ], [ 95.272959832000026, 5.211167710000041 ], [ 95.256032748000052, 5.22337474200009 ], [ 95.248708530000044, 5.231024481000077 ], [ 95.245616082000026, 5.24164459800005 ], [ 95.243988477000073, 5.256048895000049 ], [ 95.23951256600003, 5.270819403000075 ], [ 95.231944207000026, 5.282294012000079 ], [ 95.221446160000028, 5.286932684000078 ], [ 95.198985222000033, 5.292873440000051 ], [ 95.205332879000082, 5.307562567000048 ], [ 95.222178582000026, 5.326402085000041 ], [ 95.231944207000026, 5.344631252000056 ], [ 95.233897332000026, 5.359320380000042 ], [ 95.245290561000047, 5.379136460000041 ], [ 95.251719597000033, 5.395575262000079 ], [ 95.25359134200005, 5.41156647300005 ], [ 95.24968509200005, 5.424953518000052 ], [ 95.231944207000026, 5.450751044000071 ], [ 95.24545332100007, 5.460516669000071 ], [ 95.236827019000032, 5.474025783000059 ], [ 95.22388756600003, 5.489569403000075 ], [ 95.225108269000032, 5.505438544000071 ], [ 95.203623894000032, 5.533677476000094 ], [ 95.197276238000029, 5.546372789000088 ], [ 95.212738477000073, 5.573146877000056 ], [ 95.22388756600003, 5.580267645000049 ], [ 95.238780144000032, 5.574367580000057 ], [ 95.250498894000032, 5.579046942000048 ], [ 95.260427280000044, 5.577541408000059 ], [ 95.269704623000052, 5.574408270000049 ], [ 95.279795769000032, 5.574367580000057 ], [ 95.28834069100003, 5.57876211100006 ], [ 95.304942254000082, 5.591986395000049 ], [ 95.31576582100007, 5.59796784100007 ], [ 95.33529707100007, 5.612127997000073 ], [ 95.345225457000026, 5.615301825000074 ], [ 95.358897332000026, 5.616888739000046 ], [ 95.369151238000029, 5.621283270000049 ], [ 95.412852410000028, 5.649562893000052 ], [ 95.431895379000082, 5.654689846000053 ], [ 95.449717644000032, 5.649562893000052 ], [ 95.477061394000032, 5.623602606000077 ], [ 95.494313998000052, 5.612290757000039 ], [ 95.502696160000028, 5.605129299000055 ], [ 95.511241082000026, 5.603013414000088 ], [ 95.521250847000033, 5.609198309000078 ], [ 95.533702019000032, 5.622137762000079 ], [ 95.576182488000029, 5.631252346000053 ], [ 95.611582879000082, 5.626654364000046 ], [ 95.762217644000032, 5.576849677000041 ], [ 95.839610222000033, 5.528550523000092 ], [ 95.855479363000029, 5.522162177000041 ], [ 95.872569207000026, 5.519720770000049 ], [ 95.887543165000068, 5.512152411000045 ], [ 95.894379102000073, 5.493801174000055 ], [ 95.90357506600003, 5.450751044000071 ], [ 95.930430535000028, 5.414496161000045 ], [ 96.054942254000082, 5.313625393000052 ], [ 96.088063998000052, 5.295477606000077 ], [ 96.12623131600003, 5.281805731000077 ], [ 96.290537957000026, 5.258978583000044 ], [ 96.30396569100003, 5.254299221000053 ], [ 96.344411655000044, 5.232326565000051 ], [ 96.362152540000068, 5.225490627000056 ], [ 96.406586134000065, 5.217230536000045 ], [ 96.429453972000033, 5.218329169000071 ], [ 96.44849694100003, 5.228583075000074 ], [ 96.466319207000026, 5.235541083000044 ], [ 96.486338738000029, 5.229396877000056 ], [ 96.50709069100003, 5.218573309000078 ], [ 96.527354363000029, 5.211167710000041 ], [ 96.56763756600003, 5.20844147300005 ], [ 96.650563998000052, 5.21625397300005 ], [ 96.68490644600007, 5.225490627000056 ], [ 96.785131729000057, 5.259857206000049 ], [ 96.828379754000082, 5.280178127000056 ], [ 96.848643425000034, 5.276597398000092 ], [ 96.894379102000073, 5.262111721000053 ], [ 96.907237175000034, 5.262681382000039 ], [ 96.922862175000034, 5.269476630000042 ], [ 96.973399285000028, 5.273423570000091 ], [ 97.030198010000049, 5.251295019000054 ], [ 97.074338566000051, 5.238154799000085 ], [ 97.109640546000037, 5.214092463000043 ], [ 97.149344777000067, 5.198772387000076 ], [ 97.166026238000029, 5.173732815000051 ], [ 97.175954623000052, 5.161281643000052 ], [ 97.195160352000073, 5.156642971000053 ], [ 97.226552943000058, 5.146221342000047 ], [ 97.268368278000082, 5.155068075000088 ], [ 97.496836785000028, 5.251898505000042 ], [ 97.526215040000068, 5.242254950000074 ], [ 97.664398634000065, 5.073431708000044 ], [ 97.830088738000029, 4.938788153000075 ], [ 97.873871290000068, 4.918850002000056 ], [ 97.89380944100003, 4.905829169000071 ], [ 97.909190300000034, 4.889593817000048 ], [ 97.956065300000034, 4.808010158000059 ], [ 97.963226759000065, 4.789496161000045 ], [ 97.975352410000028, 4.706244208000044 ], [ 97.98373457100007, 4.678412177000041 ], [ 98.007009311000047, 4.633856512000079 ], [ 98.008799675000034, 4.62368398600006 ], [ 98.00709069100003, 4.597723700000074 ], [ 97.996836785000028, 4.570217190000051 ], [ 97.992523634000065, 4.553778387000079 ], [ 97.996836785000028, 4.546454169000071 ], [ 98.026215040000068, 4.553168036000045 ], [ 98.038828972000033, 4.551947333000044 ], [ 98.048024936000047, 4.539007880000042 ], [ 98.05396569100003, 4.553168036000045 ], [ 98.061289910000028, 4.554836330000057 ], [ 98.075938347000033, 4.546454169000071 ], [ 98.078868035000028, 4.540513414000088 ], [ 98.082855665000068, 4.536078192000048 ], [ 98.089610222000033, 4.532782294000071 ], [ 98.094004754000082, 4.533189195000091 ], [ 98.105723504000082, 4.53782786700009 ], [ 98.113536004000082, 4.539007880000042 ], [ 98.138194207000026, 4.534409898000092 ], [ 98.159678582000026, 4.522284247000073 ], [ 98.176117384000065, 4.504828192000048 ], [ 98.185801629000082, 4.484442450000074 ], [ 98.192149285000028, 4.484442450000074 ], [ 98.195160352000073, 4.489203192000048 ], [ 98.201914910000028, 4.494086005000042 ], [ 98.205739780000044, 4.498032945000091 ], [ 98.219004754000082, 4.484767971000053 ], [ 98.240570509000065, 4.456732489000046 ], [ 98.254161004000082, 4.443426825000074 ], [ 98.268321160000028, 4.432318427000041 ], [ 98.275563998000052, 4.425360419000071 ], [ 98.27857506600003, 4.41547272300005 ], [ 98.28248131600003, 4.364935614000046 ], [ 98.267751498000052, 4.292629299000055 ], [ 98.267588738000029, 4.287909247000073 ], [ 98.266368035000028, 4.21157461100006 ], [ 98.263438347000033, 4.202866929000038 ], [ 98.240489129000082, 4.19017161700009 ], [ 98.196136915000068, 4.175116278000075 ], [ 98.185801629000082, 4.169745184000078 ], [ 98.180023634000065, 4.158189195000091 ], [ 98.178070509000065, 4.141831773000092 ], [ 98.17896569100003, 4.108221747000073 ], [ 98.201833530000044, 4.132147528000075 ], [ 98.217051629000082, 4.144110419000071 ], [ 98.237071160000028, 4.149237372000073 ], [ 98.23959394600007, 4.153713283000059 ], [ 98.256846550000034, 4.171779690000051 ], [ 98.260915561000047, 4.173163153000075 ], [ 98.26303144600007, 4.177313544000071 ], [ 98.299489780000044, 4.089016018000052 ], [ 98.305674675000034, 4.080308335000041 ], [ 98.36296634200005, 4.087551174000055 ], [ 98.38445071700005, 4.086493231000077 ], [ 98.405772332000026, 4.078924872000073 ], [ 98.441661004000082, 4.057521877000056 ], [ 98.462657097000033, 4.05304596600007 ], [ 98.477224155000044, 4.046210028000075 ], [ 98.497569207000026, 4.014553127000056 ], [ 98.507985873000052, 4.004584052000041 ], [ 98.526377800000034, 4.003241278000075 ], [ 98.54420006600003, 4.005194403000075 ], [ 98.557790561000047, 4.000799872000073 ], [ 98.567881707000026, 3.966457424000055 ], [ 98.579600457000026, 3.95384349200009 ], [ 98.594899936000047, 3.94367096600007 ], [ 98.610362175000034, 3.936346747000073 ], [ 98.676619801000072, 3.914546933000054 ], [ 98.700268798000081, 3.875304345000075 ], [ 98.699717644000032, 3.833929755000042 ], [ 98.71062259200005, 3.803778387000079 ], [ 98.79658192100004, 3.725442643000065 ], [ 98.896582865000028, 3.681402408000054 ], [ 98.957530144000032, 3.67133209800005 ], [ 98.977906598000061, 3.657914212000094 ], [ 99.009251598000048, 3.635417095000093 ], [ 99.026885360000051, 3.629545113000063 ], [ 99.052357179000069, 3.621714496000038 ], [ 99.073910048000073, 3.608994286000041 ], [ 99.101340069000059, 3.582579167000063 ], [ 99.179760944000066, 3.546337688000051 ], [ 99.270038059000058, 3.484585772000059 ], [ 99.368174675000034, 3.407945054000038 ], [ 99.383962436000047, 3.398871161000045 ], [ 99.420909050000034, 3.391546942000048 ], [ 99.43327884200005, 3.382879950000074 ], [ 99.453868035000028, 3.360988674000055 ], [ 99.478770379000082, 3.34601471600007 ], [ 99.489756707000026, 3.33624909100007 ], [ 99.497569207000026, 3.309515692000048 ], [ 99.506032748000052, 3.295965887000079 ], [ 99.527679884000065, 3.271551825000074 ], [ 99.558116082000026, 3.244574286000045 ], [ 99.589366082000026, 3.22797272300005 ], [ 99.685313347000033, 3.204738674000055 ], [ 99.719493035000028, 3.191595770000049 ], [ 99.73755944100003, 3.189032294000071 ], [ 99.750743035000028, 3.180487372000073 ], [ 99.781586134000065, 3.120754299000055 ], [ 99.833994988000029, 3.072414455000057 ], [ 99.85287519600007, 3.047267971000053 ], [ 99.857920769000032, 3.011460679000038 ], [ 99.88998457100007, 3.018255927000041 ], [ 99.911306186000047, 3.000067450000074 ], [ 99.930511915000068, 2.975409247000073 ], [ 99.957286004000082, 2.963080145000049 ], [ 99.979502800000034, 2.948472398000092 ], [ 99.990244988000029, 2.914496161000045 ], [ 99.997894727000073, 2.79913971600007 ], [ 99.995860222000033, 2.785589911000045 ], [ 99.988617384000065, 2.772040106000077 ], [ 99.979014519000032, 2.759466864000046 ], [ 99.970713738000029, 2.745428778000075 ], [ 99.967133009000065, 2.727240302000041 ], [ 99.964610222000033, 2.71938711100006 ], [ 99.95435631600003, 2.70384349200009 ], [ 99.953461134000065, 2.696234442000048 ], [ 99.959239129000082, 2.687892971000053 ], [ 99.967621290000068, 2.68431224200009 ], [ 99.976735873000052, 2.682440497000073 ], [ 99.984141472000033, 2.678778387000079 ], [ 99.992686394000032, 2.668768622000073 ], [ 99.991709832000026, 2.664211330000057 ], [ 99.98764082100007, 2.66087474200009 ], [ 99.98764082100007, 2.65460846600007 ], [ 100.008799675000034, 2.620428778000075 ], [ 100.005869988000029, 2.609198309000078 ], [ 100.007985873000052, 2.602606512000079 ], [ 100.013926629000082, 2.601629950000074 ], [ 100.022471550000034, 2.607407945000091 ], [ 100.028168165000068, 2.617580471000053 ], [ 100.025157097000033, 2.624579169000071 ], [ 100.01889082100007, 2.630804755000042 ], [ 100.015635613000029, 2.63812897300005 ], [ 100.014496290000068, 2.671535549000055 ], [ 100.012217644000032, 2.678778387000079 ], [ 99.980235222000033, 2.697333075000074 ], [ 99.97396894600007, 2.703070380000042 ], [ 99.98568769600007, 2.718451239000046 ], [ 100.018565300000034, 2.731675523000092 ], [ 100.054942254000082, 2.72728099200009 ], [ 100.076996290000068, 2.689398505000042 ], [ 100.07781009200005, 2.675848700000074 ], [ 100.076019727000073, 2.648260809000078 ], [ 100.076996290000068, 2.634711005000042 ], [ 100.088389519000032, 2.601507880000042 ], [ 100.090098504000082, 2.590073960000041 ], [ 100.095957879000082, 2.570461330000057 ], [ 100.109711134000065, 2.54564036700009 ], [ 100.125824415000068, 2.530096747000073 ], [ 100.138519727000073, 2.537909247000073 ], [ 100.137461785000028, 2.551947333000044 ], [ 100.121429884000065, 2.58820221600007 ], [ 100.117442254000082, 2.603705145000049 ], [ 100.117442254000082, 2.64516836100006 ], [ 100.121104363000029, 2.663560289000088 ], [ 100.131114129000082, 2.681870835000041 ], [ 100.14380944100003, 2.695054429000038 ], [ 100.15943444100003, 2.70376211100006 ], [ 100.179209832000026, 2.70844147300005 ], [ 100.203379754000082, 2.709865627000056 ], [ 100.21062259200005, 2.706244208000044 ], [ 100.21257571700005, 2.697699286000045 ], [ 100.213389519000032, 2.687445380000042 ], [ 100.217458530000044, 2.678778387000079 ], [ 100.224864129000082, 2.673773505000042 ], [ 100.242442254000082, 2.66632721600007 ], [ 100.248383009000065, 2.662054755000042 ], [ 100.25131269600007, 2.654771226000094 ], [ 100.254649285000028, 2.62726471600007 ], [ 100.258067254000082, 2.619086005000042 ], [ 100.26693769600007, 2.602606512000079 ], [ 100.26880944100003, 2.596869208000044 ], [ 100.273692254000082, 2.59015534100007 ], [ 100.299571160000028, 2.572088934000078 ], [ 100.308360222000033, 2.569484768000052 ], [ 100.31218509200005, 2.562892971000053 ], [ 100.313649936000047, 2.55455149900007 ], [ 100.31373131600003, 2.554266669000071 ], [ 100.381683790000068, 2.355047919000071 ], [ 100.405284050000034, 2.312689520000049 ], [ 100.434336785000028, 2.273342190000051 ], [ 100.507334832000026, 2.199164130000042 ], [ 100.561045769000032, 2.156805731000077 ], [ 100.617849155000044, 2.129055080000057 ], [ 100.666188998000052, 2.134466864000046 ], [ 100.789073113000029, 2.048529364000046 ], [ 100.812754754000082, 2.039740302000041 ], [ 100.832286004000082, 2.016302802000041 ], [ 100.840830925000034, 2.010972398000092 ], [ 100.855723504000082, 1.999212958000044 ], [ 100.87240644600007, 1.971991278000075 ], [ 100.886241082000026, 1.940985419000071 ], [ 100.892100457000026, 1.918158270000049 ], [ 100.895518425000034, 1.886216539000088 ], [ 100.90593509200005, 1.856919664000088 ], [ 100.92310631600003, 1.834947007000039 ], [ 100.947276238000029, 1.825384833000044 ] ] } },
{ "type": "Feature", "properties": { }, "geometry": { "type": "LineString", "coordinates": [ [ 81.875987175000034, 7.091945705000057 ], [ 81.880707227000073, 7.327093817000048 ], [ 81.855723504000082, 7.412176825000074 ], [ 81.840342644000032, 7.436468817000048 ], [ 81.838063998000052, 7.45766836100006 ], [ 81.834971550000034, 7.46556224200009 ], [ 81.826019727000073, 7.474188544000071 ], [ 81.820485873000052, 7.476507880000042 ], [ 81.818695509000065, 7.47337474200009 ], [ 81.820892774000072, 7.46710846600007 ], [ 81.821462436000047, 7.46556224200009 ], [ 81.821462436000047, 7.465521552000041 ], [ 81.821462436000047, 7.458726304000038 ], [ 81.815277540000068, 7.450344143000052 ], [ 81.811045769000032, 7.438544012000079 ], [ 81.808604363000029, 7.424709377000056 ], [ 81.807790561000047, 7.410711981000077 ], [ 81.807790561000047, 7.410345770000049 ], [ 81.800954623000052, 7.410345770000049 ], [ 81.800791863000029, 7.410345770000049 ], [ 81.801036004000082, 7.425197658000059 ], [ 81.793386264000048, 7.465521552000041 ], [ 81.793304884000065, 7.46556224200009 ], [ 81.787119988000029, 7.46556224200009 ], [ 81.779063347000033, 7.455308335000041 ], [ 81.771006707000083, 7.456976630000042 ], [ 81.770030144000032, 7.460842190000051 ], [ 81.769053582000083, 7.464626369000086 ], [ 81.769053582000083, 7.464667059000078 ], [ 81.779795769000032, 7.472357489000046 ], [ 81.772471550000034, 7.47882721600007 ], [ 81.769541863000029, 7.484523830000057 ], [ 81.769297722000033, 7.485174872000073 ], [ 81.767588738000029, 7.490179755000042 ], [ 81.762705925000034, 7.496568101000094 ], [ 81.757578972000033, 7.505438544000071 ], [ 81.761892123000052, 7.511542059000078 ], [ 81.769053582000083, 7.51703522300005 ], [ 81.772959832000083, 7.523911851000094 ], [ 81.772959832000083, 7.523911851000094 ], [ 81.771820509000065, 7.527818101000094 ], [ 81.767100457000083, 7.537502346000053 ], [ 81.76693769600007, 7.537909247000073 ], [ 81.766123894000032, 7.540676174000055 ], [ 81.771820509000065, 7.565985419000071 ], [ 81.772959832000083, 7.567979234000063 ], [ 81.772959832000083, 7.568019924000055 ], [ 81.754567905000044, 7.614569403000075 ], [ 81.749034050000034, 7.622544664000088 ], [ 81.72584069100003, 7.639593817000048 ], [ 81.714040561000047, 7.643744208000044 ], [ 81.714040561000047, 7.64366282800006 ], [ 81.717784050000034, 7.630072333000044 ], [ 81.717784050000034, 7.630072333000044 ], [ 81.711599155000044, 7.622544664000088 ], [ 81.706797722000033, 7.631984768000052 ], [ 81.705088738000029, 7.638861395000049 ], [ 81.70639082100007, 7.644598700000074 ], [ 81.711517774000072, 7.650498765000066 ], [ 81.711599155000044, 7.650539455000057 ], [ 81.700694207000083, 7.66860586100006 ], [ 81.690277540000068, 7.680487372000073 ], [ 81.67701256600003, 7.69281647300005 ], [ 81.66374759200005, 7.705145575000074 ], [ 81.66529381600003, 7.715847072000088 ], [ 81.66529381600003, 7.715887762000079 ], [ 81.662771030000044, 7.718939520000049 ], [ 81.659027540000068, 7.723334052000041 ], [ 81.659027540000068, 7.723334052000041 ], [ 81.648203972000033, 7.728705145000049 ], [ 81.63640384200005, 7.733099677000041 ], [ 81.628916863000029, 7.722886460000041 ], [ 81.618988477000073, 7.719224351000037 ], [ 81.607432488000029, 7.720851955000057 ], [ 81.595469597000033, 7.726263739000046 ], [ 81.595469597000033, 7.726263739000046 ], [ 81.602549675000034, 7.748439846000053 ], [ 81.61296634200005, 7.759019273000092 ], [ 81.624766472000033, 7.760036526000079 ], [ 81.626475457000083, 7.760199286000045 ], [ 81.62663821700005, 7.760199286000045 ], [ 81.643239780000044, 7.754136460000041 ], [ 81.656097852000073, 7.743109442000048 ], [ 81.680674675000034, 7.712062893000052 ], [ 81.690928582000083, 7.705145575000074 ], [ 81.691009962000066, 7.705186265000066 ], [ 81.713145379000082, 7.711818752000056 ], [ 81.710703972000033, 7.731146552000041 ], [ 81.696787957000083, 7.752997137000079 ], [ 81.65365644600007, 7.797756252000056 ], [ 81.651215040000068, 7.801743882000039 ], [ 81.643321160000085, 7.814642645000049 ], [ 81.63640384200005, 7.835516669000071 ], [ 81.629567905000044, 7.835516669000071 ], [ 81.608409050000034, 7.831691799000055 ], [ 81.608246290000068, 7.831691799000055 ], [ 81.593923373000052, 7.848049221000053 ], [ 81.58757571700005, 7.855292059000078 ], [ 81.57585696700005, 7.88939036700009 ], [ 81.578786655000044, 7.900295315000051 ], [ 81.58171634200005, 7.911200262000079 ], [ 81.583588087000066, 7.912339585000041 ], [ 81.585459832000083, 7.91351959800005 ], [ 81.588470899000072, 7.91555410400008 ], [ 81.590830925000034, 7.917141018000052 ], [ 81.595469597000033, 7.91742584800005 ], [ 81.588145379000082, 7.929429429000038 ], [ 81.580088738000029, 7.935573635000083 ], [ 81.56771894600007, 7.944973049000055 ], [ 81.560720248000052, 7.958400783000059 ], [ 81.560476108000046, 7.964422919000071 ], [ 81.560313347000033, 7.970648505000042 ], [ 81.56381269600007, 7.978705145000049 ], [ 81.565928582000083, 7.986802476000037 ], [ 81.563080274000072, 7.993638414000088 ], [ 81.560720248000052, 7.999253648000092 ], [ 81.560720248000052, 7.999335028000075 ], [ 81.555511915000068, 7.995347398000092 ], [ 81.545258009000065, 7.990464585000041 ], [ 81.54029381600003, 7.986395575000074 ], [ 81.540212436000047, 7.986314195000091 ], [ 81.539561394000032, 7.990790106000077 ], [ 81.53842207100007, 7.992783921000068 ], [ 81.538096550000034, 7.993394273000092 ], [ 81.536143425000034, 7.995754299000055 ], [ 81.533946160000085, 7.999335028000075 ], [ 81.53834069100003, 8.004299221000053 ], [ 81.533946160000085, 8.013617255000042 ], [ 81.531016472000033, 8.009019273000092 ], [ 81.524587436000047, 8.00421784100007 ], [ 81.519704623000052, 7.999335028000075 ], [ 81.507334832000083, 8.027573960000041 ], [ 81.500173373000052, 8.03937409100007 ], [ 81.489024285000085, 8.05149974200009 ], [ 81.480642123000052, 8.065375067000048 ], [ 81.472422722000033, 8.101467190000051 ], [ 81.470713738000029, 8.104559637000079 ], [ 81.464366082000083, 8.116034247000073 ], [ 81.45826256600003, 8.116034247000073 ], [ 81.45240319100003, 8.094549872000073 ], [ 81.435638868000069, 8.093166408000059 ], [ 81.435557488000029, 8.093166408000059 ], [ 81.417979363000029, 8.105943101000037 ], [ 81.40984134200005, 8.126898505000042 ], [ 81.408132358000046, 8.130031643000052 ], [ 81.408050977000073, 8.130072333000044 ], [ 81.399587436000047, 8.132635809000078 ], [ 81.396250847000033, 8.136542059000078 ], [ 81.394786004000082, 8.142564195000091 ], [ 81.394786004000082, 8.147528387000079 ], [ 81.394786004000082, 8.147609768000052 ], [ 81.395518425000034, 8.150458075000074 ], [ 81.396250847000033, 8.150132554000038 ], [ 81.395030144000032, 8.160101630000042 ], [ 81.396250847000033, 8.191799221000053 ], [ 81.40357506600003, 8.191799221000053 ], [ 81.418793165000068, 8.150051174000055 ], [ 81.420258009000065, 8.144232489000046 ], [ 81.430349155000044, 8.103013414000088 ], [ 81.430349155000044, 8.103135484000063 ], [ 81.44849694100003, 8.127997137000079 ], [ 81.440603061000047, 8.173529364000046 ], [ 81.419769727000073, 8.243394273000092 ], [ 81.416677280000044, 8.25377024900007 ], [ 81.416677280000044, 8.253851630000042 ], [ 81.414561394000032, 8.270086981000077 ], [ 81.413259311000047, 8.274481512000079 ], [ 81.40560957100007, 8.301011460000041 ], [ 81.399261915000068, 8.339260158000059 ], [ 81.388519727000073, 8.34406159100007 ], [ 81.375010613000029, 8.34406159100007 ], [ 81.374847852000073, 8.34406159100007 ], [ 81.368744337000066, 8.346909898000092 ], [ 81.362071160000085, 8.350043036000045 ], [ 81.356618686000047, 8.362494208000044 ], [ 81.356211785000085, 8.364976304000038 ], [ 81.351410352000073, 8.397447007000039 ], [ 81.351817254000082, 8.404689846000053 ], [ 81.363454623000052, 8.39907461100006 ], [ 81.376719597000033, 8.372544664000088 ], [ 81.389414910000085, 8.363714911000045 ], [ 81.389414910000085, 8.363714911000045 ], [ 81.388926629000082, 8.377183335000041 ], [ 81.388438347000033, 8.390611070000091 ], [ 81.372813347000033, 8.44212474200009 ], [ 81.365733269000032, 8.482163804000038 ], [ 81.357432488000029, 8.495835679000038 ], [ 81.346364780000044, 8.507554429000038 ], [ 81.334239129000082, 8.514471747000073 ], [ 81.334157748000052, 8.514553127000056 ], [ 81.323090040000068, 8.515326239000046 ], [ 81.312673373000052, 8.512152411000045 ], [ 81.28638756600003, 8.500230210000041 ], [ 81.296641472000033, 8.476792710000041 ], [ 81.281097852000073, 8.467027085000041 ], [ 81.235118035000085, 8.466131903000075 ], [ 81.213145379000082, 8.472398179000038 ], [ 81.197520379000082, 8.487494208000044 ], [ 81.184580925000034, 8.505601304000038 ], [ 81.170258009000065, 8.520697333000044 ], [ 81.149424675000034, 8.503648179000038 ], [ 81.133962436000047, 8.501288153000075 ], [ 81.129405144000032, 8.510321356000077 ], [ 81.142344597000033, 8.527573960000041 ], [ 81.159027540000068, 8.534572658000059 ], [ 81.176524285000085, 8.530585028000075 ], [ 81.193858269000032, 8.519964911000045 ], [ 81.20476321700005, 8.511542059000078 ], [ 81.21062259200005, 8.507066148000092 ], [ 81.21062259200005, 8.507106838000084 ], [ 81.21802819100003, 8.522528387000079 ], [ 81.21412194100003, 8.53266022300005 ], [ 81.207041863000029, 8.542141018000052 ], [ 81.20435631600003, 8.555487372000073 ], [ 81.21225019600007, 8.572699286000045 ], [ 81.223317905000044, 8.570868231000077 ], [ 81.223317905000044, 8.570827541000085 ], [ 81.229991082000083, 8.557928778000075 ], [ 81.224864129000082, 8.541815497000073 ], [ 81.224945509000065, 8.541815497000073 ], [ 81.249766472000033, 8.545803127000056 ], [ 81.249766472000033, 8.545803127000056 ], [ 81.246592644000032, 8.570135809000078 ], [ 81.224945509000065, 8.616848049000055 ], [ 81.224864129000082, 8.616929429000038 ], [ 81.221120639000048, 8.614935614000046 ], [ 81.219248894000032, 8.61391836100006 ], [ 81.211761915000068, 8.612005927000041 ], [ 81.204519076000054, 8.610174872000073 ], [ 81.20435631600003, 8.61009349200009 ], [ 81.213877800000034, 8.621039130000042 ], [ 81.22429446700005, 8.625799872000073 ], [ 81.231618686000047, 8.633042710000041 ], [ 81.23170006600003, 8.651068427000041 ], [ 81.222422722000033, 8.666001695000091 ], [ 81.19459069100003, 8.696112372000073 ], [ 81.19459069100003, 8.696112372000073 ], [ 81.197520379000082, 8.70571523600006 ], [ 81.187836134000065, 8.710964260000083 ], [ 81.187754754000082, 8.711004950000074 ], [ 81.182302280000044, 8.712225653000075 ], [ 81.17904707100007, 8.708482164000088 ], [ 81.176524285000085, 8.698879299000055 ], [ 81.162445509000065, 8.751166083000044 ], [ 81.150157097000033, 8.777167059000078 ], [ 81.125580274000072, 8.788234768000052 ], [ 81.125498894000032, 8.788275458000044 ], [ 81.119720899000072, 8.794338283000059 ], [ 81.114268425000034, 8.799994208000044 ], [ 81.092784050000034, 8.851629950000074 ], [ 81.078135613000029, 8.863348700000074 ], [ 81.05982506600003, 8.868638414000088 ], [ 81.046722852000073, 8.882147528000075 ], [ 81.014659050000034, 8.936712958000044 ], [ 80.978526238000029, 8.979966539000088 ], [ 80.978363477000073, 8.980047919000071 ], [ 80.971690300000034, 8.963568427000041 ], [ 80.961436394000032, 8.945746161000045 ], [ 80.947601759000065, 8.932928778000075 ], [ 80.930674675000034, 8.931626695000091 ], [ 80.914968295000051, 8.943874416000085 ], [ 80.914886915000068, 8.943915106000077 ], [ 80.924327019000032, 8.955023505000042 ], [ 80.934987826000054, 8.964829820000091 ], [ 80.935069207000083, 8.964911200000074 ], [ 80.92318769600007, 8.973211981000077 ], [ 80.922862175000034, 8.992254950000074 ], [ 80.886729363000029, 9.025783596000053 ], [ 80.882660352000073, 9.031398830000057 ], [ 80.875336134000065, 9.041489976000037 ], [ 80.891286655000044, 9.034247137000079 ], [ 80.918711785000085, 9.027248440000051 ], [ 80.930674675000034, 9.020982164000088 ], [ 80.941661004000082, 9.003485419000071 ], [ 80.944346550000034, 9.000555731000077 ], [ 80.953623894000032, 9.003851630000042 ], [ 80.95826256600003, 9.010891018000052 ], [ 80.95834394600007, 9.01788971600007 ], [ 80.956065300000034, 9.019802151000079 ], [ 80.954600457000083, 9.020982164000088 ], [ 80.935313347000033, 9.033433335000041 ], [ 80.916351759000065, 9.062160549000055 ], [ 80.902191602000073, 9.094183661000045 ], [ 80.90162194100003, 9.096665757000039 ], [ 80.896494988000029, 9.116522528000075 ], [ 80.896494988000029, 9.116603908000059 ], [ 80.89193769600007, 9.113430080000057 ], [ 80.888519727000073, 9.111802476000037 ], [ 80.885508660000085, 9.109320380000042 ], [ 80.88217207100007, 9.103583075000074 ], [ 80.875498894000032, 9.103583075000074 ], [ 80.875336134000065, 9.103583075000074 ], [ 80.873220248000052, 9.125230210000041 ], [ 80.873057488000029, 9.126450914000088 ], [ 80.858571811000047, 9.13548411700009 ], [ 80.842295769000032, 9.13812897300005 ], [ 80.834483269000032, 9.141750393000052 ], [ 80.840098504000082, 9.155991929000038 ], [ 80.853363477000073, 9.155747789000088 ], [ 80.874522332000083, 9.14797597900008 ], [ 80.88217207100007, 9.14516836100006 ], [ 80.88217207100007, 9.145209052000041 ], [ 80.844167514000048, 9.220404364000046 ], [ 80.834483269000032, 9.239488023000092 ], [ 80.82390384200005, 9.270493882000039 ], [ 80.817393425000034, 9.27484772300005 ], [ 80.803558790000068, 9.271633205000057 ], [ 80.801036004000082, 9.263251044000071 ], [ 80.801036004000082, 9.26321035400008 ], [ 80.80591881600003, 9.251898505000042 ], [ 80.813975457000083, 9.239488023000092 ], [ 80.813894076000054, 9.239528713000084 ], [ 80.793630405000044, 9.250555731000077 ], [ 80.741709832000083, 9.298488674000055 ], [ 80.740407748000052, 9.301011460000041 ], [ 80.736501498000052, 9.308986721000053 ], [ 80.744395379000082, 9.311346747000073 ], [ 80.762461785000085, 9.308417059000078 ], [ 80.762543165000068, 9.308335679000038 ], [ 80.768321160000085, 9.30540599200009 ], [ 80.778819207000083, 9.291978257000039 ], [ 80.77898196700005, 9.291937567000048 ], [ 80.779795769000032, 9.291571356000077 ], [ 80.786631707000083, 9.28851959800005 ], [ 80.786713087000066, 9.288560289000088 ], [ 80.798838738000029, 9.294867255000042 ], [ 80.785166863000029, 9.312404690000051 ], [ 80.763682488000029, 9.332424221000053 ], [ 80.752452019000032, 9.346258856000077 ], [ 80.74545332100007, 9.357896226000037 ], [ 80.744395379000082, 9.35968659100007 ], [ 80.468272332000083, 9.581366278000075 ], [ 80.429209832000083, 9.603461005000042 ], [ 80.409922722000033, 9.61749909100007 ], [ 80.27898196700005, 9.76984284100007 ], [ 80.269786004000082, 9.78351471600007 ], [ 80.260590040000068, 9.816229559000078 ], [ 80.246755405000044, 9.825873114000046 ], [ 80.226817254000082, 9.829575914000088 ], [ 80.185394727000073, 9.827541408000059 ], [ 80.164561394000032, 9.82408274900007 ], [ 80.157725457000083, 9.822943427000041 ], [ 80.136729363000029, 9.81391022300005 ], [ 80.138682488000029, 9.798732815000051 ], [ 80.153819207000083, 9.787990627000056 ], [ 80.211192254000082, 9.774562893000052 ], [ 80.211192254000082, 9.77452220300006 ], [ 80.247813347000033, 9.755072333000044 ], [ 80.319834832000083, 9.672756252000056 ], [ 80.407725457000083, 9.601507880000042 ], [ 80.444021030000044, 9.583319403000075 ], [ 80.444021030000044, 9.575913804000038 ], [ 80.444021030000044, 9.575873114000046 ], [ 80.441742384000065, 9.57689036700009 ], [ 80.369639519000032, 9.609849351000037 ], [ 80.338552280000044, 9.62921784100007 ], [ 80.250336134000065, 9.724269924000055 ], [ 80.22234134200005, 9.754461981000077 ], [ 80.219004754000082, 9.756374416000085 ], [ 80.211273634000065, 9.76085032800006 ], [ 80.211192254000082, 9.760891018000052 ], [ 80.207774285000085, 9.76040273600006 ], [ 80.202891472000033, 9.759711005000042 ], [ 80.199636264000048, 9.758734442000048 ], [ 80.191172722000033, 9.75617096600007 ], [ 80.180430535000085, 9.755804755000042 ], [ 80.175954623000052, 9.764593817000048 ], [ 80.170909050000034, 9.767279364000046 ], [ 80.146983269000032, 9.773382880000042 ], [ 80.138682488000029, 9.774562893000052 ], [ 80.13013756600003, 9.777329820000091 ], [ 80.127207879000082, 9.78461334800005 ], [ 80.127207879000082, 9.78461334800005 ], [ 80.12818444100003, 9.805568752000056 ], [ 80.12232506600003, 9.818915106000077 ], [ 80.107432488000029, 9.82062409100007 ], [ 80.066661004000082, 9.816107489000046 ], [ 79.988536004000082, 9.822943427000041 ], [ 79.988454623000052, 9.822943427000041 ], [ 79.970713738000029, 9.815130927000041 ], [ 79.93132571700005, 9.779038804000038 ], [ 79.909678582000083, 9.76829661700009 ], [ 79.916270379000082, 9.756781317000048 ], [ 79.926524285000085, 9.743516343000067 ], [ 79.930430535000085, 9.738470770000049 ], [ 79.937022332000083, 9.727362372000073 ], [ 79.940928582000083, 9.714341539000088 ], [ 79.942881707000083, 9.702826239000046 ], [ 79.947032097000033, 9.693182684000078 ], [ 79.958018425000034, 9.685736395000049 ], [ 79.959239129000082, 9.69281647300005 ], [ 79.967295769000032, 9.689601955000057 ], [ 79.97592207100007, 9.684068101000037 ], [ 79.97820071700005, 9.682684637000079 ], [ 79.97820071700005, 9.682684637000079 ], [ 80.000987175000034, 9.674709377000056 ], [ 80.039317254000082, 9.64484284100007 ], [ 80.087412957000083, 9.618353583000044 ], [ 80.111338738000029, 9.608465887000079 ], [ 80.135590040000068, 9.60382721600007 ], [ 80.12468509200005, 9.616034247000073 ], [ 80.104991082000083, 9.632879950000074 ], [ 80.094086134000065, 9.644761460000041 ], [ 80.094004754000082, 9.64484284100007 ], [ 80.115489129000082, 9.635728257000039 ], [ 80.152842644000032, 9.603461005000042 ], [ 80.172048373000052, 9.593573309000078 ], [ 80.178721550000034, 9.588039455000057 ], [ 80.186045769000032, 9.584133205000057 ], [ 80.193614129000082, 9.586411851000037 ], [ 80.199961785000085, 9.599188544000071 ], [ 80.193614129000082, 9.609076239000046 ], [ 80.18287194100003, 9.617173570000091 ], [ 80.175954623000052, 9.624335028000075 ], [ 80.173594597000033, 9.648667710000041 ], [ 80.186045769000032, 9.648504950000074 ], [ 80.204600457000083, 9.637884833000044 ], [ 80.256032748000052, 9.615586656000062 ], [ 80.26693769600007, 9.610825914000088 ], [ 80.267019076000054, 9.610825914000088 ], [ 80.297536655000044, 9.59125397300005 ], [ 80.368662957000083, 9.530218817000048 ], [ 80.377940300000034, 9.527533270000049 ], [ 80.410411004000082, 9.528387762000079 ], [ 80.41570071700005, 9.527492580000057 ], [ 80.42896569100003, 9.517767645000049 ], [ 80.43287194100003, 9.519761460000041 ], [ 80.435069207000083, 9.523382880000042 ], [ 80.436208530000044, 9.525091864000046 ], [ 80.444021030000044, 9.52806224200009 ], [ 80.45639082100007, 9.528713283000059 ], [ 80.464610222000033, 9.529120184000078 ], [ 80.471446160000085, 9.52806224200009 ], [ 80.478282097000033, 9.52407461100006 ], [ 80.496348504000082, 9.51048411700009 ], [ 80.49935957100007, 9.509059963000084 ], [ 80.502452019000032, 9.507635809000078 ], [ 80.523285352000073, 9.503159898000092 ], [ 80.546722852000073, 9.492417710000041 ], [ 80.614756707000083, 9.446193752000056 ], [ 80.61459394600007, 9.446193752000056 ], [ 80.567149285000085, 9.455226955000057 ], [ 80.504242384000065, 9.483303127000056 ], [ 80.450938347000033, 9.497870184000078 ], [ 80.426605665000068, 9.500189520000049 ], [ 80.336273634000065, 9.464667059000078 ], [ 80.286875847000033, 9.452704169000071 ], [ 80.265961134000065, 9.46666087400007 ], [ 80.265879754000082, 9.466701565000051 ], [ 80.272146030000044, 9.473456122000073 ], [ 80.268565300000034, 9.480292059000078 ], [ 80.265879754000082, 9.487127997000073 ], [ 80.278086785000085, 9.49327220300006 ], [ 80.278086785000085, 9.493312893000052 ], [ 80.272227410000085, 9.504136460000041 ], [ 80.248545769000032, 9.524644273000092 ], [ 80.233409050000034, 9.534247137000079 ], [ 80.175954623000052, 9.548570054000038 ], [ 80.115733269000032, 9.583238023000092 ], [ 80.08521569100003, 9.595363674000055 ], [ 80.052989129000082, 9.596380927000041 ], [ 80.067881707000083, 9.578029690000051 ], [ 80.14185631600003, 9.534979559000078 ], [ 80.161306186000047, 9.520575262000079 ], [ 80.176036004000082, 9.50617096600007 ], [ 80.181813998000052, 9.498521226000037 ], [ 80.187510613000029, 9.49087148600006 ], [ 80.197032097000033, 9.473456122000073 ], [ 80.185557488000029, 9.471665757000039 ], [ 80.176524285000085, 9.468329169000071 ], [ 80.16920006600003, 9.464016018000052 ], [ 80.16537519600007, 9.461086330000057 ], [ 80.162852410000085, 9.459214585000041 ], [ 80.140879754000082, 9.43032461100006 ], [ 80.131846550000034, 9.425726630000042 ], [ 80.111664259000065, 9.422756252000056 ], [ 80.087087436000047, 9.414984442000048 ], [ 80.064952019000032, 9.404038804000038 ], [ 80.052989129000082, 9.391546942000048 ], [ 80.053477410000085, 9.378241278000075 ], [ 80.05827884200005, 9.354803778000075 ], [ 80.059418165000068, 9.351385809000078 ], [ 80.066172722000033, 9.332586981000077 ], [ 80.076914910000085, 9.322658596000053 ], [ 80.104502800000034, 9.308417059000078 ], [ 80.104502800000034, 9.308417059000078 ], [ 80.116221550000034, 9.306219794000071 ], [ 80.116221550000034, 9.30617910400008 ], [ 80.118174675000034, 9.300441799000055 ], [ 80.115977410000085, 9.291937567000048 ], [ 80.115977410000085, 9.23383209800005 ], [ 80.109792514000048, 9.209458726000037 ], [ 80.10678144600007, 9.197414455000057 ], [ 80.105642123000052, 9.192857164000088 ], [ 80.07349694100003, 9.110419012000079 ], [ 80.066661004000082, 9.07562897300005 ], [ 80.054698113000029, 9.050604559000078 ], [ 80.048024936000047, 9.026271877000056 ], [ 80.035411004000082, 9.015326239000046 ], [ 80.00513756600003, 9.000555731000077 ], [ 79.947113477000073, 8.94867584800005 ], [ 79.938243035000085, 8.945990302000041 ], [ 79.924815300000034, 8.943508205000057 ], [ 79.915537957000083, 8.938544012000079 ], [ 79.91960696700005, 8.928534247000073 ], [ 79.924815300000034, 8.919745184000078 ], [ 79.927744988000029, 8.908107815000051 ], [ 79.930186394000032, 8.884466864000046 ], [ 79.930186394000032, 8.884426174000055 ], [ 79.930186394000032, 8.883490302000041 ], [ 79.928396030000044, 8.812689520000049 ], [ 79.926442905000044, 8.801906643000052 ], [ 79.95053144600007, 8.739813544000071 ], [ 79.941661004000082, 8.642482815000051 ], [ 79.932383660000085, 8.622463283000059 ], [ 79.930186394000032, 8.613511460000041 ], [ 79.929453972000033, 8.61281972900008 ], [ 79.928070509000065, 8.611517645000049 ], [ 79.918142123000052, 8.580918687000064 ], [ 79.916514519000032, 8.575995184000078 ], [ 79.903493686000047, 8.562079169000071 ], [ 79.887380405000044, 8.551214911000045 ], [ 79.873789910000085, 8.538072007000039 ], [ 79.868011915000068, 8.517645575000074 ], [ 79.868011915000068, 8.47601959800005 ], [ 79.865896030000044, 8.461411851000037 ], [ 79.860850457000083, 8.454779364000046 ], [ 79.854258660000085, 8.449286200000074 ], [ 79.848155144000032, 8.438177802000041 ], [ 79.838633660000085, 8.340521552000041 ], [ 79.829274936000047, 8.298651434000078 ], [ 79.827159050000034, 8.277736721000053 ], [ 79.824473504000082, 8.266669012000079 ], [ 79.811371290000068, 8.249660549000055 ], [ 79.806651238000029, 8.240179755000042 ], [ 79.804698113000029, 8.228989976000037 ], [ 79.804698113000029, 8.228989976000037 ], [ 79.806651238000029, 8.22492096600007 ], [ 79.808604363000029, 8.223089911000045 ], [ 79.81023196700005, 8.221625067000048 ], [ 79.812917514000048, 8.214504299000055 ], [ 79.813487175000034, 8.212876695000091 ], [ 79.813487175000034, 8.212632554000038 ], [ 79.81381269600007, 8.204087632000039 ], [ 79.812673373000052, 8.183335679000038 ], [ 79.813487175000034, 8.171291408000059 ], [ 79.816579623000052, 8.163804429000038 ], [ 79.82154381600003, 8.156642971000053 ], [ 79.82585696700005, 8.148098049000055 ], [ 79.827159050000034, 8.136542059000078 ], [ 79.827159050000034, 8.136542059000078 ], [ 79.793467644000032, 8.072821356000077 ], [ 79.796397332000083, 8.061997789000088 ], [ 79.806407097000033, 8.055650132000039 ], [ 79.815277540000068, 8.044582424000055 ], [ 79.818858269000032, 8.040187893000052 ], [ 79.821787957000083, 8.034857489000046 ], [ 79.82935631600003, 8.020900783000059 ], [ 79.833832227000073, 8.003078518000052 ], [ 79.81023196700005, 7.986517645000049 ], [ 79.763845248000052, 7.990139065000051 ], [ 79.731944207000083, 8.01312897300005 ], [ 79.731944207000083, 8.01312897300005 ], [ 79.751963738000029, 8.054632880000042 ], [ 79.746999545000051, 8.060492255000042 ], [ 79.729502800000034, 8.081122137000079 ], [ 79.72820071700005, 8.100978908000059 ], [ 79.727549675000034, 8.110907294000071 ], [ 79.744476759000065, 8.164496161000045 ], [ 79.74537194100003, 8.171861070000091 ], [ 79.744476759000065, 8.195502020000049 ], [ 79.746104363000029, 8.206122137000079 ], [ 79.749766472000033, 8.208929755000042 ], [ 79.754405144000032, 8.209418036000045 ], [ 79.758799675000034, 8.212876695000091 ], [ 79.76889082100007, 8.232814846000053 ], [ 79.77857506600003, 8.259995835000041 ], [ 79.77857506600003, 8.259995835000041 ], [ 79.766774936000047, 8.259914455000057 ], [ 79.75709069100003, 8.263739325000074 ], [ 79.74968509200005, 8.271063544000071 ], [ 79.748627149000072, 8.273057359000063 ], [ 79.744476759000065, 8.281154690000051 ], [ 79.76335696700005, 8.314398505000042 ], [ 79.778249545000051, 8.349269924000055 ], [ 79.77857506600003, 8.350043036000045 ], [ 79.749034050000034, 8.303859768000052 ], [ 79.744476759000065, 8.291408596000053 ], [ 79.740000847000033, 8.272365627000056 ], [ 79.728770379000082, 8.249701239000046 ], [ 79.713226759000065, 8.229803778000075 ], [ 79.696787957000083, 8.21906159100007 ], [ 79.701914910000085, 8.201157945000091 ], [ 79.707204623000052, 8.142075914000088 ], [ 79.703623894000032, 8.123480536000045 ], [ 79.701426629000082, 8.126898505000042 ], [ 79.701426629000082, 8.127915757000039 ], [ 79.701101108000046, 8.128200588000084 ], [ 79.70085696700005, 8.128485419000071 ], [ 79.696787957000083, 8.13031647300005 ], [ 79.696787957000083, 8.09829336100006 ], [ 79.72193444100003, 7.985541083000044 ], [ 79.738291863000029, 7.944728908000059 ], [ 79.748383009000065, 7.893011786000045 ], [ 79.760264519000032, 7.868394273000092 ], [ 79.76295006600003, 7.855454820000091 ], [ 79.785980665000068, 7.743353583000044 ], [ 79.785899285000085, 7.70648834800005 ], [ 79.785899285000085, 7.70648834800005 ], [ 79.787364129000082, 7.697333075000074 ], [ 79.788828972000033, 7.688177802000041 ], [ 79.796397332000083, 7.674383856000077 ], [ 79.80201256600003, 7.659328518000052 ], [ 79.80201256600003, 7.659328518000052 ], [ 79.800791863000029, 7.649684963000084 ], [ 79.799571160000085, 7.64008209800005 ], [ 79.79460696700005, 7.620021877000056 ], [ 79.792979363000029, 7.602728583000044 ], [ 79.785817905000044, 7.607570705000057 ], [ 79.782725457000083, 7.607123114000046 ], [ 79.77857506600003, 7.602728583000044 ], [ 79.784678582000083, 7.589789130000042 ], [ 79.833832227000073, 7.232814846000053 ], [ 79.831797722000033, 7.225734768000052 ], [ 79.827972852000073, 7.218329169000071 ], [ 79.826345248000052, 7.21039459800005 ], [ 79.829925977000073, 7.203192450000074 ], [ 79.830577019000032, 7.20180898600006 ], [ 79.836436394000032, 7.19790273600006 ], [ 79.849619988000029, 7.195054429000038 ], [ 79.854340040000068, 7.191839911000045 ], [ 79.859385613000029, 7.180812893000052 ], [ 79.861582879000082, 7.16742584800005 ], [ 79.861582879000082, 7.167222398000092 ], [ 79.861827019000032, 7.136664130000042 ], [ 79.861827019000032, 7.136623440000051 ], [ 79.861257358000046, 7.137193101000094 ], [ 79.861175977000073, 7.137193101000094 ], [ 79.85865319100003, 7.136542059000078 ], [ 79.855804884000065, 7.132513739000046 ], [ 79.854340040000068, 7.122951565000051 ], [ 79.848155144000032, 7.122951565000051 ], [ 79.84343509200005, 7.131008205000057 ], [ 79.833832227000073, 7.164496161000045 ], [ 79.829112175000034, 7.173244533000059 ], [ 79.823741082000083, 7.180650132000039 ], [ 79.81999759200005, 7.190252997000073 ], [ 79.820323113000029, 7.205511786000045 ], [ 79.81373131600003, 7.180731512000079 ], [ 79.861582879000082, 7.011867580000057 ], [ 79.861582879000082, 7.011664130000042 ], [ 79.861827019000032, 7.000067450000074 ], [ 79.859222852000073, 6.988674221000053 ], [ 79.84929446700005, 6.964951890000066 ], [ 79.848155144000032, 6.962144273000092 ], [ 79.848155144000032, 6.890204169000071 ], [ 79.849457227000073, 6.882717190000051 ], [ 79.863047722000033, 6.807196356000077 ], [ 79.948741082000083, 6.588568427000041 ], [ 79.969574415000068, 6.535345770000049 ], [ 79.970225457000083, 6.531154690000051 ], [ 79.97787519600007, 6.478705145000049 ], [ 79.975433790000068, 6.478583075000074 ], [ 79.975352410000085, 6.478583075000074 ], [ 79.970225457000083, 6.47915273600006 ], [ 79.965342644000032, 6.477728583000044 ], [ 79.96420332100007, 6.471869208000044 ], [ 79.966970248000052, 6.466376044000071 ], [ 79.971446160000085, 6.462469794000071 ], [ 79.975759311000047, 6.459865627000056 ], [ 79.97787519600007, 6.458197333000044 ], [ 79.98210696700005, 6.441026109000063 ], [ 79.993662957000083, 6.394110419000071 ], [ 80.012054884000065, 6.361314195000091 ], [ 80.020518425000034, 6.314642645000049 ], [ 80.028819207000083, 6.297430731000077 ], [ 80.03052819100003, 6.292385158000059 ], [ 80.03052819100003, 6.292303778000075 ], [ 80.030284050000034, 6.284002997000073 ], [ 80.030039910000085, 6.27570221600007 ], [ 80.030039910000085, 6.275620835000041 ], [ 80.031993035000085, 6.26634349200009 ], [ 80.078135613000029, 6.169338283000059 ], [ 80.08716881600003, 6.157578843000067 ], [ 80.090586785000085, 6.153143622000073 ], [ 80.09310957100007, 6.14874909100007 ], [ 80.092784050000034, 6.140285549000055 ], [ 80.092784050000034, 6.140244859000063 ], [ 80.094004754000082, 6.136053778000075 ], [ 80.096283399000072, 6.133327541000085 ], [ 80.09701582100007, 6.132391669000071 ], [ 80.097097201000054, 6.13235097900008 ], [ 80.103770379000082, 6.127142645000049 ], [ 80.18523196700005, 6.041164455000057 ], [ 80.203868035000085, 6.026190497000073 ], [ 80.211192254000082, 6.033636786000045 ], [ 80.211355014000048, 6.033555406000062 ], [ 80.220957879000082, 6.028916734000063 ], [ 80.22584069100003, 6.026556708000044 ], [ 80.247569207000083, 6.009182033000059 ], [ 80.260020379000082, 6.00657786700009 ], [ 80.277517123000052, 6.002997137000079 ], [ 80.320241733000046, 5.98773834800005 ], [ 80.327321811000047, 5.985256252000056 ], [ 80.327321811000047, 5.985174872000073 ], [ 80.328135613000029, 5.98468659100007 ], [ 80.331228061000047, 5.982814846000053 ], [ 80.33757571700005, 5.973822333000044 ], [ 80.33920332100007, 5.972398179000038 ], [ 80.340993686000047, 5.970933335000041 ], [ 80.346202019000032, 5.970770575000074 ], [ 80.350108269000032, 5.973537502000056 ], [ 80.353770379000082, 5.976792710000041 ], [ 80.358409050000034, 5.978420315000051 ], [ 80.366221550000034, 5.976263739000046 ], [ 80.37045332100007, 5.971584377000056 ], [ 80.373789910000085, 5.966864325000074 ], [ 80.37859134200005, 5.964748440000051 ], [ 80.385020379000082, 5.963812567000048 ], [ 80.411957227000073, 5.959947007000039 ], [ 80.42709394600007, 5.961086330000057 ], [ 80.444021030000044, 5.970933335000041 ], [ 80.444021030000044, 5.970892645000049 ], [ 80.447194858000046, 5.966131903000075 ], [ 80.451426629000082, 5.959784247000073 ], [ 80.456797722000033, 5.948919989000046 ], [ 80.465179884000065, 5.940659898000092 ], [ 80.48170006600003, 5.937445380000042 ], [ 80.539561394000032, 5.944281317000048 ], [ 80.54656009200005, 5.942206122000073 ], [ 80.556651238000029, 5.939154364000046 ], [ 80.574229363000029, 5.930121161000045 ], [ 80.590830925000034, 5.923732815000051 ], [ 80.597829623000052, 5.925279039000088 ], [ 80.60482832100007, 5.926906643000052 ], [ 80.629161004000082, 5.945054429000038 ], [ 80.642914259000065, 5.952866929000038 ], [ 80.656260613000029, 5.957912502000056 ], [ 80.673350457000083, 5.960353908000059 ], [ 80.673431837000066, 5.960313218000067 ], [ 80.714366082000083, 5.957912502000056 ], [ 80.73210696700005, 5.978420315000051 ], [ 80.770599806000064, 6.006740627000056 ], [ 80.809092644000032, 6.035101630000042 ], [ 80.818532748000052, 6.038763739000046 ], [ 80.83521569100003, 6.045152085000041 ], [ 80.862315300000034, 6.039862372000073 ], [ 80.877452019000032, 6.061102606000077 ], [ 80.902679884000065, 6.070786851000094 ], [ 80.958018425000034, 6.08079661700009 ], [ 81.008474155000044, 6.098049221000053 ], [ 81.11255944100003, 6.120306708000044 ], [ 81.134287957000083, 6.129828192000048 ], [ 81.156016472000033, 6.14288971600007 ], [ 81.16765384200005, 6.148016669000071 ], [ 81.176442905000044, 6.150376695000091 ], [ 81.181895379000082, 6.156724351000094 ], [ 81.183848504000082, 6.173570054000038 ], [ 81.187673373000052, 6.181586005000042 ], [ 81.193695509000065, 6.183213609000063 ], [ 81.195323113000029, 6.183620510000083 ], [ 81.195485873000052, 6.183661200000074 ], [ 81.202647332000083, 6.17804596600007 ], [ 81.202728712000066, 6.17719147300005 ], [ 81.20435631600003, 6.16274648600006 ], [ 81.20443769600007, 6.16274648600006 ], [ 81.324961785000085, 6.20538971600007 ], [ 81.362071160000085, 6.225409247000073 ], [ 81.547699415000068, 6.370672919000071 ], [ 81.573090040000068, 6.38422272300005 ], [ 81.592051629000082, 6.389878648000092 ], [ 81.65007571700005, 6.430853583000044 ], [ 81.681488477000073, 6.462144273000092 ], [ 81.775645379000082, 6.610419012000079 ], [ 81.786631707000083, 6.639268296000068 ], [ 81.786631707000083, 6.63930898600006 ], [ 81.779795769000032, 6.66360097900008 ], [ 81.779795769000032, 6.663641669000071 ], [ 81.788910352000073, 6.677801825000074 ], [ 81.80827884200005, 6.707953192000048 ], [ 81.813975457000083, 6.725043036000045 ], [ 81.817149285000085, 6.737494208000044 ], [ 81.831553582000083, 6.765366929000038 ], [ 81.834971550000034, 6.783433335000041 ], [ 81.835948113000029, 6.805080471000053 ], [ 81.838552280000044, 6.821437893000052 ], [ 81.884613477000073, 6.980169989000046 ], [ 81.89031009200005, 7.019924221000053 ], [ 81.888682488000029, 7.040757554000038 ], [ 81.878428582000083, 7.076117255000042 ], [ 81.875987175000034, 7.091945705000057 ] ] } },
{ "type": "Feature", "properties": { }, "geometry": { "type": "LineString", "coordinates": [ [ 80.968272332000083, 15.79523346600007 ], [ 80.937266472000033, 15.818915106000077 ], [ 80.88835696700005, 15.846747137000079 ], [ 80.879161004000082, 15.840073960000041 ], [ 80.86850019600007, 15.81195709800005 ], [ 80.917979363000029, 15.755113023000092 ], [ 80.942556186000047, 15.741074937000064 ], [ 80.94263756600003, 15.741034247000073 ], [ 80.971690300000034, 15.750474351000037 ], [ 80.984873894000032, 15.761786200000074 ], [ 80.988536004000082, 15.770738023000092 ], [ 80.988536004000082, 15.770738023000092 ], [ 80.983164910000085, 15.780747789000088 ], [ 80.968272332000083, 15.79523346600007 ] ] } },
{ "type": "Feature", "properties": { }, "geometry": { "type": "LineString", "coordinates": [ [ 47.96553061700007, 29.576297859000078 ], [ 48.023859171000083, 29.584808654000085 ], [ 48.041923096000062, 29.582093152000084 ], [ 48.066349156000058, 29.577555659000041 ], [ 48.085948113000086, 29.575018622000073 ], [ 48.092539910000085, 29.565822658000059 ], [ 48.113536004000082, 29.554632880000042 ], [ 48.154517580000061, 29.539089822000051 ], [ 48.176758117000077, 29.54191647600004 ], [ 48.18091701600008, 29.562217471000054 ], [ 48.161306186000047, 29.601629950000074 ], [ 48.119151238000086, 29.654527085000041 ], [ 48.096039259000065, 29.699164130000042 ], [ 48.078868035000085, 29.743963934000078 ], [ 48.05241946700005, 29.742987372000073 ], [ 48.021739129000082, 29.779730536000045 ], [ 47.995616082000083, 29.827704169000071 ], [ 47.982676629000082, 29.860663153000075 ], [ 47.979502800000034, 29.884344794000071 ], [ 47.979746941000087, 29.921454169000071 ], [ 47.975271030000044, 29.942572333000044 ], [ 47.965505405000044, 29.962062893000052 ], [ 47.955088738000086, 29.97728099200009 ], [ 47.948008660000085, 29.994045315000051 ], [ 47.948008660000085, 29.994045315000051 ], [ 47.948496941000087, 30.017645575000074 ], [ 47.940928582000083, 30.026516018000052 ], [ 47.941742384000065, 30.037258205000057 ], [ 47.946055535000085, 30.049383856000077 ], [ 47.948496941000087, 30.062323309000078 ], [ 47.947113477000073, 30.07453034100007 ], [ 47.934825066000087, 30.107082424000055 ], [ 47.951670769000089, 30.088324286000045 ], [ 47.958506707000083, 30.060614325000074 ], [ 47.961924675000034, 30.030340887000079 ], [ 47.969004754000082, 30.004055080000057 ], [ 48.038259311000047, 30.036851304000038 ], [ 48.076345248000052, 30.04564036700009 ], [ 48.119151238000086, 30.044989325000074 ], [ 48.165782097000033, 30.037543036000045 ], [ 48.209239129000082, 30.024481512000079 ], [ 48.264659050000034, 29.993963934000078 ], [ 48.299571160000085, 29.984523830000057 ], [ 48.335459832000083, 29.961411851000037 ], [ 48.411875847000033, 29.938421942000048 ], [ 48.520518425000034, 29.928900458000044 ], [ 48.546885613000086, 29.934719143000052 ], [ 48.559255405000044, 29.946600653000075 ], [ 48.554942254000082, 29.95648834800005 ], [ 48.530772332000083, 29.956203518000052 ], [ 48.530772332000083, 29.960760809000078 ], [ 48.531016472000033, 29.961330471000053 ], [ 48.532074415000068, 29.963812567000048 ], [ 48.537445509000065, 29.969875393000052 ], [ 48.537445509000065, 29.963039455000057 ], [ 48.610850457000083, 29.957017320000034 ], [ 48.633799675000034, 29.963039455000057 ], [ 48.642344597000033, 29.967962958000044 ], [ 48.651377800000034, 29.975002346000053 ], [ 48.658702019000089, 29.983628648000035 ], [ 48.661631707000083, 29.993475653000075 ], [ 48.658946160000085, 30.00726959800005 ], [ 48.645518425000034, 30.02610911700009 ], [ 48.640635613000086, 30.038072007000039 ], [ 48.643321160000085, 30.05540599200009 ], [ 48.65951582100007, 30.052232164000088 ], [ 48.701996290000068, 30.031927802000041 ], [ 48.771983269000089, 30.032375393000052 ], [ 48.791351759000065, 30.024481512000079 ], [ 48.808848504000082, 30.031439520000049 ], [ 48.876719597000033, 30.024481512000079 ], [ 48.897227410000085, 30.029445705000057 ], [ 48.915293816000087, 30.042181708000044 ], [ 48.928558790000068, 30.06000397300005 ], [ 48.934825066000087, 30.079738674000055 ], [ 48.934255405000044, 30.091009833000044 ], [ 48.928558790000068, 30.110052802000041 ], [ 48.927989129000082, 30.120672919000071 ], [ 48.930837436000047, 30.131984768000052 ], [ 48.939707879000082, 30.152533270000049 ], [ 48.941661004000082, 30.165106512000079 ], [ 48.936045769000089, 30.210109768000052 ], [ 48.929535352000073, 30.232652085000041 ], [ 48.921153191000087, 30.250433661000045 ], [ 48.904795769000089, 30.266017971000053 ], [ 48.884532097000033, 30.279364325000074 ], [ 48.867035352000073, 30.294745184000078 ], [ 48.859629754000082, 30.316229559000078 ], [ 48.863047722000033, 30.321519273000035 ], [ 48.869639519000089, 30.329494533000059 ], [ 48.873708530000044, 30.33665599200009 ], [ 48.862315300000034, 30.345607815000051 ], [ 48.867360873000052, 30.358099677000041 ], [ 48.876149936000047, 30.370103257000039 ], [ 48.880137566000087, 30.374579169000071 ], [ 48.934825066000087, 30.418646552000041 ], [ 48.946462436000047, 30.421576239000046 ], [ 49.000498894000089, 30.415187893000052 ], [ 49.017344597000033, 30.414943752000056 ], [ 49.037282748000052, 30.432521877000056 ], [ 49.029470248000052, 30.450262762000079 ], [ 49.004405144000089, 30.464016018000052 ], [ 48.972666863000086, 30.46946849200009 ], [ 48.945648634000065, 30.479722398000035 ], [ 48.952972852000073, 30.500189520000049 ], [ 48.981455925000034, 30.515611070000034 ], [ 49.017344597000033, 30.511135158000059 ], [ 49.034353061000047, 30.519273179000038 ], [ 49.051280144000089, 30.518377997000073 ], [ 49.069346550000034, 30.513820705000057 ], [ 49.089366082000083, 30.511135158000059 ], [ 49.094411655000044, 30.512193101000037 ], [ 49.103770379000082, 30.516831773000035 ], [ 49.110118035000085, 30.517971096000053 ], [ 49.116953972000033, 30.514878648000035 ], [ 49.128103061000047, 30.501125393000052 ], [ 49.134043816000087, 30.497463283000059 ], [ 49.147959832000083, 30.500392971000053 ], [ 49.158213738000086, 30.506984768000052 ], [ 49.166758660000085, 30.508775132000039 ], [ 49.175059441000087, 30.497463283000059 ], [ 49.171153191000087, 30.493109442000048 ], [ 49.169688347000033, 30.489732164000088 ], [ 49.168223504000082, 30.476996161000045 ], [ 49.183848504000082, 30.48704661700009 ], [ 49.199392123000052, 30.501613674000055 ], [ 49.211192254000082, 30.506333726000037 ], [ 49.219004754000082, 30.469794012000079 ], [ 49.228282097000033, 30.454413153000075 ], [ 49.243174675000034, 30.44603099200009 ], [ 49.263845248000052, 30.449652411000045 ], [ 49.262868686000047, 30.432562567000048 ], [ 49.25717207100007, 30.421861070000034 ], [ 49.227712436000047, 30.389227606000077 ], [ 49.208750847000033, 30.36009349200009 ], [ 49.202891472000033, 30.346625067000048 ], [ 49.189952019000089, 30.362209377000056 ], [ 49.176442905000044, 30.372748114000046 ], [ 49.159678582000083, 30.378851630000042 ], [ 49.137461785000085, 30.380764065000051 ], [ 49.123383009000065, 30.38507721600007 ], [ 49.082367384000065, 30.403794664000088 ], [ 49.062022332000083, 30.408107815000051 ], [ 49.043711785000085, 30.405666408000059 ], [ 49.010752800000034, 30.39594147300005 ], [ 48.989431186000047, 30.395005601000037 ], [ 48.94857832100007, 30.401068427000041 ], [ 48.931813998000052, 30.397162177000041 ], [ 48.921153191000087, 30.380764065000051 ], [ 48.953298373000052, 30.373521226000037 ], [ 48.979502800000034, 30.361761786000045 ], [ 48.997080925000034, 30.341620184000078 ], [ 49.003672722000033, 30.309393622000073 ], [ 49.017344597000033, 30.29828522300005 ], [ 49.083506707000083, 30.264837958000044 ], [ 49.106700066000087, 30.257798570000034 ], [ 49.124034050000034, 30.256415106000077 ], [ 49.134776238000086, 30.246323960000041 ], [ 49.143321160000085, 30.233547268000052 ], [ 49.161387566000087, 30.223781643000052 ], [ 49.178477410000085, 30.225897528000075 ], [ 49.192881707000083, 30.23773834800005 ], [ 49.203379754000082, 30.254461981000077 ], [ 49.209157748000052, 30.271470445000034 ], [ 49.221202019000089, 30.264553127000056 ], [ 49.221690300000034, 30.258205471000053 ], [ 49.217539910000085, 30.251776434000078 ], [ 49.215993686000047, 30.244208075000074 ], [ 49.215505405000044, 30.229193427000041 ], [ 49.215993686000047, 30.223781643000052 ], [ 49.220225457000083, 30.217922268000052 ], [ 49.23406009200005, 30.209418036000045 ], [ 49.237071160000085, 30.206366278000075 ], [ 49.23568769600007, 30.165106512000079 ], [ 49.245127800000034, 30.156480210000041 ], [ 49.271250847000033, 30.154852606000077 ], [ 49.291840040000068, 30.15851471600007 ], [ 49.329274936000047, 30.172267971000053 ], [ 49.349945509000065, 30.175279039000088 ], [ 49.358409050000034, 30.173163153000075 ], [ 49.372813347000033, 30.163763739000046 ], [ 49.383962436000047, 30.161688544000071 ], [ 49.396006707000083, 30.162787177000041 ], [ 49.41765384200005, 30.167466539000088 ], [ 49.428233269000089, 30.168524481000077 ], [ 49.449880405000044, 30.167181708000044 ], [ 49.459320509000065, 30.165187893000052 ], [ 49.469086134000065, 30.161688544000071 ], [ 49.47982832100007, 30.156073309000078 ], [ 49.483653191000087, 30.15180084800005 ], [ 49.486175977000073, 30.146389065000051 ], [ 49.493418816000087, 30.13743724200009 ], [ 49.501231316000087, 30.120062567000048 ], [ 49.50163821700005, 30.074896552000041 ], [ 49.504079623000052, 30.058661200000074 ], [ 49.532237175000034, 30.022935289000088 ], [ 49.564463738000086, 30.016831773000035 ], [ 49.600759311000047, 30.030096747000073 ], [ 49.914561394000032, 30.203924872000073 ], [ 49.951019727000073, 30.215033270000049 ], [ 49.988291863000086, 30.219916083000044 ], [ 50.024099155000044, 30.21625397300005 ], [ 50.050629102000073, 30.20734284100007 ], [ 50.058848504000082, 30.204575914000088 ], [ 50.073415561000047, 30.195746161000045 ], [ 50.079356316000087, 30.185248114000046 ], [ 50.084727410000085, 30.168890692000048 ], [ 50.097911004000082, 30.148504950000074 ], [ 50.113617384000065, 30.13031647300005 ], [ 50.127696160000085, 30.120672919000071 ], [ 50.121836785000085, 30.094549872000073 ], [ 50.144786004000082, 30.037909247000073 ], [ 50.133962436000047, 30.004055080000057 ], [ 50.147471550000034, 29.998236395000049 ], [ 50.153330925000034, 29.991034247000073 ], [ 50.149668816000087, 29.985174872000073 ], [ 50.133962436000047, 29.983547268000052 ], [ 50.137543165000068, 29.97296784100007 ], [ 50.138438347000033, 29.954657294000071 ], [ 50.141368035000085, 29.942572333000044 ], [ 50.144867384000065, 29.938055731000077 ], [ 50.183848504000082, 29.903143622000073 ], [ 50.225108269000032, 29.88117096600007 ], [ 50.24382571700005, 29.866848049000055 ], [ 50.267914259000065, 29.836371161000045 ], [ 50.313324415000068, 29.76398346600007 ], [ 50.340017123000052, 29.730292059000078 ], [ 50.367035352000073, 29.704087632000039 ], [ 50.381602410000085, 29.68500397300005 ], [ 50.387868686000047, 29.665106512000079 ], [ 50.396983269000032, 29.654730536000045 ], [ 50.456065300000034, 29.634100653000075 ], [ 50.488780144000032, 29.605373440000051 ], [ 50.504567905000044, 29.586086330000057 ], [ 50.51140384200005, 29.568915106000077 ], [ 50.520030144000032, 29.555975653000075 ], [ 50.572764519000032, 29.518011786000045 ], [ 50.601084832000083, 29.480658270000049 ], [ 50.606944207000083, 29.469631252000056 ], [ 50.607432488000086, 29.499497789000088 ], [ 50.62273196700005, 29.493068752000056 ], [ 50.642100457000083, 29.469794012000079 ], [ 50.655284050000034, 29.449123440000051 ], [ 50.663096550000034, 29.421942450000074 ], [ 50.668223504000082, 29.38226959800005 ], [ 50.668630405000044, 29.343329169000071 ], [ 50.66146894600007, 29.318793036000045 ], [ 50.673594597000033, 29.299627997000073 ], [ 50.679860873000052, 29.293646552000041 ], [ 50.689463738000086, 29.290838934000078 ], [ 50.687022332000083, 29.283880927000041 ], [ 50.682627800000034, 29.243068752000056 ], [ 50.667491082000083, 29.25726959800005 ], [ 50.658376498000052, 29.249945380000042 ], [ 50.651866082000083, 29.233343817000048 ], [ 50.644786004000082, 29.219794012000079 ], [ 50.635752800000034, 29.207709052000041 ], [ 50.633067254000082, 29.195502020000049 ], [ 50.634938998000052, 29.17133209800005 ], [ 50.643809441000087, 29.143459377000056 ], [ 50.665863477000073, 29.12641022300005 ], [ 50.693695509000065, 29.123439846000053 ], [ 50.720225457000083, 29.137193101000037 ], [ 50.738291863000086, 29.14008209800005 ], [ 50.816416863000086, 29.144191799000055 ], [ 50.840342644000032, 29.140611070000091 ], [ 50.844004754000082, 29.135199286000045 ], [ 50.845957879000082, 29.126857815000051 ], [ 50.847178582000083, 29.109930731000077 ], [ 50.850840691000087, 29.105454820000091 ], [ 50.859141472000033, 29.107814846000053 ], [ 50.868337436000047, 29.11204661700009 ], [ 50.87435957100007, 29.113267320000091 ], [ 50.886566602000073, 29.104071356000077 ], [ 50.893321160000085, 29.093898830000057 ], [ 50.90170332100007, 29.064886786000045 ], [ 50.920176629000082, 29.069037177000041 ], [ 50.929942254000082, 29.054632880000042 ], [ 50.932383660000085, 29.031480210000041 ], [ 50.928965691000087, 29.009670315000051 ], [ 50.922211134000065, 28.999212958000044 ], [ 50.90202884200005, 28.983384507000039 ], [ 50.894867384000065, 28.976141669000071 ], [ 50.893402540000068, 28.965033270000049 ], [ 50.897959832000083, 28.956732489000046 ], [ 50.899261915000068, 28.949448960000041 ], [ 50.888682488000086, 28.941392320000091 ], [ 50.878916863000086, 28.957993882000039 ], [ 50.862478061000047, 28.976141669000071 ], [ 50.842784050000034, 28.990668036000045 ], [ 50.823252800000034, 28.996649481000077 ], [ 50.802582227000073, 28.985825914000088 ], [ 50.798838738000086, 28.961127020000049 ], [ 50.804860873000052, 28.933579820000091 ], [ 50.812998894000032, 28.91469961100006 ], [ 50.860036655000044, 28.862453518000052 ], [ 50.867686394000032, 28.842678127000056 ], [ 50.876149936000047, 28.832017320000091 ], [ 50.896006707000083, 28.827337958000044 ], [ 50.936534050000034, 28.825344143000052 ], [ 50.978688998000052, 28.816636460000041 ], [ 51.010915561000047, 28.79913971600007 ], [ 51.036387566000087, 28.772528387000079 ], [ 51.058848504000082, 28.735907294000071 ], [ 51.071543816000087, 28.692694403000075 ], [ 51.072520379000082, 28.565252997000073 ], [ 51.080739780000044, 28.53392161700009 ], [ 51.141856316000087, 28.400783596000053 ], [ 51.149424675000034, 28.390529690000051 ], [ 51.182383660000085, 28.359767971000053 ], [ 51.217621290000068, 28.311428127000056 ], [ 51.229991082000083, 28.298407294000071 ], [ 51.264821811000047, 28.270453192000048 ], [ 51.285329623000052, 28.240912177000041 ], [ 51.286875847000033, 28.21430084800005 ], [ 51.264821811000047, 28.160549221000053 ], [ 51.269759278000038, 28.140453578000063 ], [ 51.290369265000038, 28.121519294000052 ], [ 51.307529834000036, 28.107132148000062 ], [ 51.345221635000087, 28.052668550000078 ], [ 51.360610419000068, 28.016378363000058 ], [ 51.380271138000069, 27.991418381000074 ], [ 51.399875502000043, 27.931713147000039 ], [ 51.420405207000044, 27.933200948000035 ], [ 51.428156011000056, 27.961147005000043 ], [ 51.452077252000038, 27.947514573000035 ], [ 51.47509621100005, 27.913479593000091 ], [ 51.496423785000047, 27.893040839000037 ], [ 51.539135154000064, 27.881627359000049 ], [ 51.570323113000086, 27.877630927000041 ], [ 51.57553144600007, 27.872788804000038 ], [ 51.578868035000085, 27.865301825000074 ], [ 51.580088738000086, 27.85578034100007 ], [ 51.585134311000047, 27.849310614000046 ], [ 51.596934441000087, 27.846665757000039 ], [ 51.683442878000051, 27.830580873000088 ], [ 51.722799463000058, 27.825116598000079 ], [ 51.785295437000059, 27.835453504000043 ], [ 51.823864455000034, 27.84359672700009 ], [ 51.859629754000082, 27.845892645000049 ], [ 51.878428582000083, 27.835353908000059 ], [ 51.894297722000033, 27.830877997000073 ], [ 51.963715040000068, 27.838446356000077 ], [ 52.011241082000083, 27.832709052000041 ], [ 52.052582227000073, 27.817368882000039 ], [ 52.08920332100007, 27.795396226000037 ], [ 52.207204623000052, 27.698228257000039 ], [ 52.244883660000085, 27.681382554000038 ], [ 52.423106316000087, 27.646633205000057 ], [ 52.459646030000044, 27.632635809000078 ], [ 52.492523634000065, 27.609442450000074 ], [ 52.567637566000087, 27.540716864000046 ], [ 52.574473504000082, 27.530585028000075 ], [ 52.590505405000044, 27.497748114000046 ], [ 52.598399285000085, 27.485825914000088 ], [ 52.613536004000082, 27.474676825000074 ], [ 52.654144727000073, 27.460882880000042 ], [ 52.670095248000052, 27.448635158000059 ], [ 52.678965691000087, 27.425279039000088 ], [ 52.666514519000032, 27.415350653000075 ], [ 52.644867384000065, 27.413316148000035 ], [ 52.626149936000047, 27.413885809000078 ], [ 52.605235222000033, 27.412054755000042 ], [ 52.588552280000044, 27.405503648000035 ], [ 52.579112175000034, 27.392767645000049 ], [ 52.580739780000044, 27.372259833000044 ], [ 52.601328972000033, 27.352932033000059 ], [ 52.678802931000064, 27.322373765000066 ], [ 52.732188347000033, 27.301336981000077 ], [ 52.767751498000052, 27.279730536000045 ], [ 52.848317905000044, 27.215277411000045 ], [ 52.894297722000033, 27.203070380000042 ], [ 52.914724155000044, 27.191961981000077 ], [ 52.923350457000083, 27.17023346600007 ], [ 52.932627800000034, 27.160345770000049 ], [ 52.992198113000086, 27.146958726000037 ], [ 53.004730665000068, 27.133246161000045 ], [ 53.01531009200005, 27.117336330000057 ], [ 53.02865644600007, 27.104071356000077 ], [ 53.05014082100007, 27.098578192000048 ], [ 53.072032097000033, 27.096869208000044 ], [ 53.412119988000086, 26.993557033000059 ], [ 53.444102410000085, 26.975653387000079 ], [ 53.461110873000052, 26.957098700000074 ], [ 53.469086134000065, 26.937201239000046 ], [ 53.471446160000085, 26.889634507000039 ], [ 53.477224155000044, 26.870103257000039 ], [ 53.49154707100007, 26.854315497000073 ], [ 53.588633660000085, 26.788763739000046 ], [ 53.663828972000033, 26.749090887000079 ], [ 53.716075066000087, 26.708563544000071 ], [ 53.728282097000033, 26.704738674000055 ], [ 53.751719597000033, 26.716050523000035 ], [ 53.776133660000085, 26.714260158000059 ], [ 53.820811394000032, 26.701320705000057 ], [ 53.842784050000034, 26.702093817000048 ], [ 53.883474155000044, 26.71234772300005 ], [ 53.92937259200005, 26.718003648000035 ], [ 53.995127800000034, 26.745591539000088 ], [ 54.015798373000052, 26.74945709800005 ], [ 54.026215040000068, 26.749090887000079 ], [ 54.03451582100007, 26.745306708000044 ], [ 54.053721550000034, 26.731634833000044 ], [ 54.064463738000086, 26.728583075000074 ], [ 54.08171634200005, 26.726141669000071 ], [ 54.150401238000086, 26.708197333000044 ], [ 54.171397332000083, 26.706122137000079 ], [ 54.247569207000083, 26.710842190000051 ], [ 54.266856316000087, 26.715765692000048 ], [ 54.286875847000033, 26.718654690000051 ], [ 54.308116082000083, 26.714992580000057 ], [ 54.337738477000073, 26.693426825000074 ], [ 54.356618686000047, 26.66282786700009 ], [ 54.371429884000065, 26.630845445000091 ], [ 54.389414910000085, 26.605129299000055 ], [ 54.425629102000073, 26.589341539000088 ], [ 54.516612175000034, 26.59251536700009 ], [ 54.561289910000085, 26.584662177000041 ], [ 54.590586785000085, 26.559963283000059 ], [ 54.60287519600007, 26.530991929000038 ], [ 54.619965040000068, 26.508246161000045 ], [ 54.663828972000033, 26.502020575000074 ], [ 54.74968509200005, 26.508937893000052 ], [ 54.761566602000073, 26.506822007000039 ], [ 54.778493686000047, 26.497870184000078 ], [ 54.791026238000086, 26.495835679000038 ], [ 54.801524285000085, 26.498236395000049 ], [ 54.808929884000065, 26.503851630000042 ], [ 54.815196160000085, 26.510443427000041 ], [ 54.822032097000033, 26.515773830000057 ], [ 54.930674675000034, 26.572658596000053 ], [ 55.026866082000083, 26.642645575000074 ], [ 55.037933790000068, 26.648911851000037 ], [ 55.103282097000033, 26.701320705000057 ], [ 55.118174675000034, 26.707586981000077 ], [ 55.162119988000086, 26.719142971000053 ], [ 55.181651238000086, 26.721177476000037 ], [ 55.205902540000068, 26.726385809000078 ], [ 55.215586785000085, 26.739488023000035 ], [ 55.221039259000065, 26.757391669000071 ], [ 55.232920769000032, 26.776434637000079 ], [ 55.27084394600007, 26.792547919000071 ], [ 55.316742384000065, 26.787095445000091 ], [ 55.397308790000068, 26.762152411000045 ], [ 55.442230665000068, 26.759914455000057 ], [ 55.48406009200005, 26.767523505000042 ], [ 55.521739129000082, 26.784572658000059 ], [ 55.554453972000033, 26.810532945000091 ], [ 55.568532748000052, 26.83079661700009 ], [ 55.580414259000065, 26.859116929000038 ], [ 55.586436394000032, 26.889064846000053 ], [ 55.582367384000065, 26.913560289000088 ], [ 55.575043165000068, 26.907171942000048 ], [ 55.568858269000032, 26.904120184000078 ], [ 55.554453972000033, 26.899888414000088 ], [ 55.608571811000047, 26.953680731000077 ], [ 55.619639519000032, 26.961371161000045 ], [ 55.632334832000083, 26.96751536700009 ], [ 55.665863477000073, 26.995428778000075 ], [ 55.684825066000087, 27.002997137000079 ], [ 55.694834832000083, 27.002752997000073 ], [ 55.726328972000033, 26.996161200000074 ], [ 55.763682488000086, 26.996161200000074 ], [ 55.772471550000034, 26.998277085000041 ], [ 55.787282748000052, 27.007717190000051 ], [ 55.798350457000083, 27.009751695000091 ], [ 55.831797722000033, 27.008734442000048 ], [ 55.842458530000044, 27.009751695000091 ], [ 55.883799675000034, 27.018744208000044 ], [ 55.928396030000044, 27.023423570000091 ], [ 55.939300977000073, 27.026678778000075 ], [ 55.957530144000032, 27.040757554000038 ], [ 55.962738477000073, 27.043931382000039 ], [ 55.963145379000082, 27.048041083000044 ], [ 55.987315300000034, 27.066351630000042 ], [ 56.054535352000073, 27.102606512000079 ], [ 56.071787957000083, 27.115627346000053 ], [ 56.080414259000065, 27.120754299000055 ], [ 56.088145379000082, 27.122219143000052 ], [ 56.093516472000033, 27.125555731000077 ], [ 56.095550977000073, 27.136135158000059 ], [ 56.098887566000087, 27.141017971000053 ], [ 56.115570509000065, 27.155747789000088 ], [ 56.123708530000044, 27.160630601000037 ], [ 56.150157097000033, 27.165350653000075 ], [ 56.215179884000065, 27.167873440000051 ], [ 56.236582879000082, 27.177069403000075 ], [ 56.259613477000073, 27.191229559000078 ], [ 56.291188998000052, 27.198472398000035 ], [ 56.353037957000083, 27.201605536000045 ], [ 56.38412519600007, 27.197495835000041 ], [ 56.436534050000034, 27.178859768000052 ], [ 56.46615644600007, 27.173651434000078 ], [ 56.528575066000087, 27.170721747000073 ], [ 56.558604363000086, 27.165187893000052 ], [ 56.582855665000068, 27.153143622000073 ], [ 56.589691602000073, 27.160630601000037 ], [ 56.612315300000034, 27.154242255000042 ], [ 56.716075066000087, 27.153143622000073 ], [ 56.725596550000034, 27.148830471000053 ], [ 56.733083530000044, 27.139227606000077 ], [ 56.742360873000052, 27.129584052000041 ], [ 56.757334832000083, 27.125230210000041 ], [ 56.784434441000087, 27.12531159100007 ], [ 56.797211134000065, 27.129339911000045 ], [ 56.808848504000082, 27.139553127000056 ], [ 56.815196160000085, 27.117010809000078 ], [ 56.83139082100007, 27.096136786000045 ], [ 56.855316602000073, 27.081691799000055 ], [ 56.884613477000073, 27.078070380000042 ], [ 56.884613477000073, 27.07062409100007 ], [ 56.875987175000034, 27.064398505000042 ], [ 56.858409050000034, 27.047430731000077 ], [ 56.853526238000086, 27.043931382000039 ], [ 56.844086134000065, 27.040228583000044 ], [ 56.843760613000086, 27.032904364000046 ], [ 56.850596550000034, 27.02765534100007 ], [ 56.863454623000052, 27.030259507000039 ], [ 56.86296634200005, 27.020086981000077 ], [ 56.865489129000082, 27.011867580000057 ], [ 56.871348504000082, 27.00844961100006 ], [ 56.890879754000082, 27.01703522300005 ], [ 56.89779707100007, 27.013006903000075 ], [ 56.903086785000085, 27.006415106000077 ], [ 56.908213738000086, 27.002997137000079 ], [ 56.913096550000034, 27.000799872000073 ], [ 56.917246941000087, 26.996079820000091 ], [ 56.923106316000087, 26.991400458000044 ], [ 56.932383660000085, 26.989325262000079 ], [ 56.942556186000047, 26.991115627000056 ], [ 56.973317905000044, 27.002997137000079 ], [ 56.967051629000082, 26.994818427000041 ], [ 56.963552280000044, 26.985052802000041 ], [ 56.964854363000086, 26.975653387000079 ], [ 56.973317905000044, 26.968817450000074 ], [ 56.961110873000052, 26.963853257000039 ], [ 56.951019727000073, 26.958156643000052 ], [ 56.940114780000044, 26.954291083000044 ], [ 56.925547722000033, 26.955145575000074 ], [ 56.935720248000052, 26.945542710000041 ], [ 56.96648196700005, 26.927232164000088 ], [ 56.965179884000065, 26.911118882000039 ], [ 56.977305535000085, 26.895331122000073 ], [ 57.011241082000083, 26.868882554000038 ], [ 57.024912957000083, 26.850978908000059 ], [ 57.090017123000052, 26.618801174000055 ], [ 57.09343509200005, 26.572211005000042 ], [ 57.076345248000052, 26.447455145000049 ], [ 57.076670769000032, 26.43821849200009 ], [ 57.080332879000082, 26.415350653000075 ], [ 57.083181186000047, 26.406480210000041 ], [ 57.087901238000086, 26.398993231000077 ], [ 57.10710696700005, 26.38226959800005 ], [ 57.118174675000034, 26.364325262000079 ], [ 57.125254754000082, 26.341864325000074 ], [ 57.131032748000052, 26.296616929000038 ], [ 57.138438347000033, 26.290432033000059 ], [ 57.133067254000082, 26.263739325000074 ], [ 57.199229363000086, 26.198187567000048 ], [ 57.212901238000086, 26.166245835000041 ], [ 57.201996290000068, 26.146226304000038 ], [ 57.170909050000034, 26.115627346000053 ], [ 57.164561394000032, 26.094916083000044 ], [ 57.166758660000085, 26.082993882000039 ], [ 57.176524285000085, 26.063544012000079 ], [ 57.180511915000068, 26.046861070000091 ], [ 57.194102410000085, 26.010972398000035 ], [ 57.196787957000083, 25.999172268000052 ], [ 57.19857832100007, 25.995021877000056 ], [ 57.202647332000083, 25.993882554000038 ], [ 57.215342644000032, 25.995835679000038 ], [ 57.219737175000034, 25.995021877000056 ], [ 57.242035352000073, 25.970892645000049 ], [ 57.243662957000083, 25.967027085000041 ], [ 57.25359134200005, 25.958970445000091 ], [ 57.261973504000082, 25.939886786000045 ], [ 57.274424675000034, 25.899400132000039 ], [ 57.298675977000073, 25.848700262000079 ], [ 57.30437259200005, 25.799750067000048 ], [ 57.311534050000034, 25.784125067000048 ], [ 57.326182488000086, 25.777004299000055 ], [ 57.459971550000034, 25.769029039000088 ], [ 57.45248457100007, 25.762884833000044 ], [ 57.520681186000047, 25.743557033000059 ], [ 57.545583530000044, 25.741766669000071 ], [ 57.555837436000047, 25.74282461100006 ], [ 57.575694207000083, 25.74750397300005 ], [ 57.587168816000087, 25.748521226000037 ], [ 57.598806186000047, 25.74640534100007 ], [ 57.619639519000032, 25.737005927000041 ], [ 57.631846550000034, 25.734930731000077 ], [ 57.68718509200005, 25.74640534100007 ], [ 57.709727410000085, 25.748521226000037 ], [ 57.734711134000065, 25.747707424000055 ], [ 57.755625847000033, 25.742743231000077 ], [ 57.771250847000033, 25.730454820000091 ], [ 57.781504754000082, 25.707586981000077 ], [ 57.783050977000073, 25.699774481000077 ], [ 57.782481316000087, 25.696112372000073 ], [ 57.779795769000032, 25.691148179000038 ], [ 57.775889519000032, 25.679673570000091 ], [ 57.771739129000082, 25.635565497000073 ], [ 57.787445509000065, 25.635443427000041 ], [ 57.809418165000068, 25.647772528000075 ], [ 57.843516472000033, 25.672837632000039 ], [ 57.884043816000087, 25.691636460000041 ], [ 57.925303582000083, 25.701320705000057 ], [ 57.963226759000065, 25.693182684000078 ], [ 57.994313998000052, 25.659165757000039 ], [ 58.024180535000085, 25.60187409100007 ], [ 58.04623457100007, 25.57493724200009 ], [ 58.073090040000068, 25.563625393000052 ], [ 58.106211785000085, 25.55890534100007 ], [ 58.137868686000047, 25.549790757000039 ], [ 58.170420769000032, 25.544094143000052 ], [ 58.207286004000082, 25.549302476000037 ], [ 58.242442254000082, 25.571437893000052 ], [ 58.248301629000082, 25.573879299000055 ], [ 58.251963738000086, 25.566839911000045 ], [ 58.260752800000034, 25.565741278000075 ], [ 58.271006707000083, 25.56867096600007 ], [ 58.27898196700005, 25.573879299000055 ], [ 58.29070071700005, 25.583726304000038 ], [ 58.295583530000044, 25.583889065000051 ], [ 58.299001498000052, 25.579820054000038 ], [ 58.305918816000087, 25.577297268000052 ], [ 58.321055535000085, 25.58079661700009 ], [ 58.344086134000065, 25.598130601000037 ], [ 58.357595248000052, 25.604559637000079 ], [ 58.389659050000034, 25.610296942000048 ], [ 58.418955925000034, 25.612005927000041 ], [ 58.41179446700005, 25.59601471600007 ], [ 58.430511915000068, 25.587958075000074 ], [ 58.484141472000033, 25.584662177000041 ], [ 58.546397332000083, 25.593654690000051 ], [ 58.728037957000083, 25.563625393000052 ], [ 58.813731316000087, 25.563625393000052 ], [ 58.825205925000034, 25.560370184000078 ], [ 58.830577019000032, 25.552313544000071 ], [ 58.834157748000052, 25.542385158000059 ], [ 58.840342644000032, 25.532904364000046 ], [ 58.849619988000086, 25.528794664000088 ], [ 58.88445071700005, 25.529486395000049 ], [ 58.92351321700005, 25.513373114000046 ], [ 58.948090040000068, 25.486517645000049 ], [ 58.994313998000052, 25.419623114000046 ], [ 59.007334832000083, 25.409735419000071 ], [ 59.024180535000085, 25.403225002000056 ], [ 59.043955925000034, 25.399603583000044 ], [ 59.066905144000032, 25.398504950000074 ], [ 59.076182488000086, 25.40070221600007 ], [ 59.085459832000083, 25.40460846600007 ], [ 59.094086134000065, 25.406398830000057 ], [ 59.101328972000033, 25.402248440000051 ], [ 59.10873457100007, 25.395697333000044 ], [ 59.117198113000086, 25.394191799000055 ], [ 59.13835696700005, 25.398504950000074 ], [ 59.195323113000086, 25.422919012000079 ], [ 59.251068556000064, 25.430731512000079 ], [ 59.279144727000073, 25.434719143000052 ], [ 59.397288103000051, 25.451845653000078 ], [ 59.45390175600005, 25.461607493000088 ], [ 59.490443371000083, 25.443466614000045 ], [ 59.53798983300004, 25.399749989000043 ], [ 59.61399704300004, 25.38377666000008 ], [ 59.659134493000067, 25.383361229000059 ], [ 59.77487302600008, 25.389868583000066 ], [ 59.819865493000066, 25.379201443000056 ], [ 59.861696244000086, 25.343056803000081 ], [ 59.903805956000042, 25.32986334900005 ], [ 59.940822838000031, 25.354911352000045 ], [ 59.994423416000075, 25.356849768000075 ], [ 60.045325343000059, 25.363858323000045 ], [ 60.082038193000074, 25.365949817000057 ], [ 60.097911004000082, 25.35814036700009 ], [ 60.108897332000083, 25.345119533000059 ], [ 60.116709832000083, 25.339829820000091 ], [ 60.150889519000032, 25.335272528000075 ], [ 60.161875847000033, 25.331976630000042 ], [ 60.181976759000065, 25.319891669000071 ], [ 60.209209550000082, 25.319688555000084 ], [ 60.215973770000062, 25.338280241000064 ], [ 60.195078972000033, 25.351223049000055 ], [ 60.192556186000047, 25.356146552000041 ], [ 60.192556186000047, 25.362005927000041 ], [ 60.201508009000065, 25.371161200000074 ], [ 60.207367384000065, 25.373114325000074 ], [ 60.235036655000044, 25.377997137000079 ], [ 60.271250847000033, 25.379584052000041 ], [ 60.289398634000065, 25.377183335000041 ], [ 60.303965691000087, 25.371161200000074 ], [ 60.299652540000068, 25.367254950000074 ], [ 60.290293816000087, 25.351304429000038 ], [ 60.319223345000069, 25.329851431000066 ], [ 60.362559441000087, 25.330552476000037 ], [ 60.382823113000086, 25.320257880000042 ], [ 60.423523484000043, 25.304964792000078 ], [ 60.455645076000053, 25.292790076000074 ], [ 60.467245869000067, 25.29027590600009 ], [ 60.47006285100008, 25.303086656000062 ], [ 60.44109134200005, 25.316595770000049 ], [ 60.441254102000073, 25.318793036000045 ], [ 60.45220669400004, 25.31738461100008 ], [ 60.441661004000082, 25.32758209800005 ], [ 60.437673373000052, 25.333929755000042 ], [ 60.433441602000073, 25.336493231000077 ], [ 60.424815300000034, 25.336371161000045 ], [ 60.41374759200005, 25.341294664000088 ], [ 60.406911655000044, 25.341945705000057 ], [ 60.40202884200005, 25.344671942000048 ], [ 60.39812259200005, 25.364976304000038 ], [ 60.395030144000032, 25.371323960000041 ], [ 60.395274285000085, 25.377875067000048 ], [ 60.403330925000034, 25.388861395000049 ], [ 60.418955925000034, 25.405991929000038 ], [ 60.428477410000085, 25.419623114000046 ], [ 60.445648634000065, 25.428168036000045 ], [ 60.514170769000032, 25.447333075000074 ], [ 60.532074415000068, 25.448919989000046 ], [ 60.549652540000068, 25.446926174000055 ], [ 60.565196160000085, 25.438625393000052 ], [ 60.601573113000086, 25.405951239000046 ], [ 60.604746941000087, 25.397162177000041 ], [ 60.604991082000083, 25.341050523000035 ], [ 60.608164910000085, 25.32758209800005 ], [ 60.632334832000083, 25.296087958000044 ], [ 60.616953972000033, 25.283189195000091 ], [ 60.633474155000044, 25.274969794000071 ], [ 60.727712436000047, 25.26439036700009 ], [ 60.866709832000083, 25.234605210000041 ], [ 61.03060957100007, 25.209784247000073 ], [ 61.170268609000061, 25.164440118000073 ], [ 61.185475634000056, 25.139607500000068 ], [ 61.185068238000042, 25.123249171000055 ], [ 61.243530015000033, 25.111885812000082 ], [ 61.411716503000036, 25.059408165000036 ], [ 61.435069207000083, 25.087713934000078 ], [ 61.420583530000044, 25.096869208000044 ], [ 61.475108269000032, 25.11163971600007 ], [ 61.48951256600003, 25.11859772300005 ], [ 61.49740644600007, 25.125433661000045 ], [ 61.498545769000032, 25.129380601000037 ], [ 61.498545769000032, 25.134670315000051 ], [ 61.50318444100003, 25.14524974200009 ], [ 61.51880944100003, 25.16351959800005 ], [ 61.524180535000085, 25.173163153000075 ], [ 61.515961134000065, 25.181870835000041 ], [ 61.506195509000065, 25.186835028000075 ], [ 61.482595248000052, 25.19367096600007 ], [ 61.504242384000065, 25.208807684000078 ], [ 61.52076256600003, 25.208644924000055 ], [ 61.536957227000073, 25.202704169000071 ], [ 61.558360222000033, 25.200506903000075 ], [ 61.552744988000086, 25.205064195000091 ], [ 61.542816602000073, 25.215643622000073 ], [ 61.537282748000052, 25.220363674000055 ], [ 61.54037519600007, 25.226507880000042 ], [ 61.541840040000068, 25.242580471000053 ], [ 61.544688347000033, 25.248277085000041 ], [ 61.554453972000033, 25.254095770000049 ], [ 61.559255405000044, 25.250962632000039 ], [ 61.562347852000073, 25.244818427000041 ], [ 61.57976321700005, 25.233465887000079 ], [ 61.581879102000073, 25.216701565000051 ], [ 61.588226759000065, 25.202093817000048 ], [ 61.612478061000047, 25.200506903000075 ] ] } },
{ "type": "Feature", "properties": { }, "geometry": { "type": "LineString", "coordinates": [ [ 87.404958530000044, 21.58665599200009 ], [ 87.468760613000029, 21.611395575000074 ], [ 87.477386915000068, 21.61359284100007 ], [ 87.621348504000082, 21.650620835000041 ], [ 87.642100457000083, 21.652085679000038 ], [ 87.683848504000082, 21.650132554000038 ], [ 87.703786655000044, 21.655503648000035 ], [ 87.755707227000073, 21.69171784100007 ], [ 87.833994988000029, 21.729315497000073 ], [ 87.867198113000029, 21.750799872000073 ], [ 87.892914259000065, 21.774318752000056 ], [ 87.894786004000082, 21.77875397300005 ], [ 87.895681186000047, 21.78937409100007 ], [ 87.899180535000028, 21.794826565000051 ], [ 87.902191602000073, 21.796820380000042 ], [ 87.909027540000068, 21.798814195000091 ], [ 87.948008660000028, 21.825384833000044 ], [ 87.957774285000028, 21.828924872000073 ], [ 87.970469597000033, 21.836493231000077 ], [ 87.98365319100003, 21.854193427000041 ], [ 88.032399936000047, 21.957180080000057 ], [ 88.046885613000029, 21.97601959800005 ], [ 88.050791863000029, 21.98501211100006 ], [ 88.049001498000052, 21.995428778000075 ], [ 88.045176629000082, 22.006537177000041 ], [ 88.043142123000052, 22.017279364000046 ], [ 88.048594597000033, 22.020738023000035 ], [ 88.084727410000028, 22.020697333000044 ], [ 88.111175977000073, 22.034857489000046 ], [ 88.140635613000029, 22.060126044000071 ], [ 88.164317254000082, 22.089789130000042 ], [ 88.17351321700005, 22.116888739000046 ], [ 88.160980665000068, 22.15656159100007 ], [ 88.132578972000033, 22.17914459800005 ], [ 88.095469597000033, 22.191229559000078 ], [ 88.057383660000028, 22.198879299000055 ], [ 88.025401238000029, 22.200913804000038 ], [ 88.008474155000044, 22.204901434000078 ], [ 87.991953972000033, 22.215887762000079 ], [ 87.965342644000032, 22.244818427000041 ], [ 87.95281009200005, 22.26243724200009 ], [ 87.947520379000082, 22.27765534100007 ], [ 87.935801629000082, 22.355169989000046 ], [ 87.922862175000034, 22.397772528000075 ], [ 87.906586134000065, 22.41860586100006 ], [ 87.906586134000065, 22.424750067000048 ], [ 87.927989129000082, 22.424221096000053 ], [ 87.940440300000034, 22.413031317000048 ], [ 87.946136915000068, 22.394924221000053 ], [ 87.947520379000082, 22.373846747000073 ], [ 87.950694207000083, 22.35618724200009 ], [ 87.96420332100007, 22.319281317000048 ], [ 87.967458530000044, 22.298488674000055 ], [ 87.972666863000029, 22.283189195000091 ], [ 87.985118035000028, 22.26593659100007 ], [ 88.00904381600003, 22.240423895000049 ], [ 88.02702884200005, 22.227850653000075 ], [ 88.043467644000032, 22.224758205000057 ], [ 88.059743686000047, 22.229478257000039 ], [ 88.077321811000047, 22.240423895000049 ], [ 88.08130944100003, 22.217352606000077 ], [ 88.11841881600003, 22.200181382000039 ], [ 88.16529381600003, 22.18500397300005 ], [ 88.198008660000028, 22.167792059000078 ], [ 88.203379754000082, 22.151760158000059 ], [ 88.212738477000073, 22.100043036000045 ], [ 88.222422722000033, 22.077948309000078 ], [ 88.206797722000033, 22.05337148600006 ], [ 88.164317254000082, 22.003119208000044 ], [ 88.156260613000029, 21.99087148600006 ], [ 88.149912957000083, 21.976385809000078 ], [ 88.146739129000082, 21.959214585000041 ], [ 88.15943444100003, 21.906154690000051 ], [ 88.156423373000052, 21.897853908000059 ], [ 88.154063347000033, 21.888088283000059 ], [ 88.203786655000044, 21.80540599200009 ], [ 88.209727410000028, 21.788560289000088 ], [ 88.201426629000082, 21.774318752000056 ], [ 88.210459832000083, 21.747259833000044 ], [ 88.203461134000065, 21.724351304000038 ], [ 88.190440300000034, 21.704087632000039 ], [ 88.18091881600003, 21.684963283000059 ], [ 88.181895379000082, 21.665228583000044 ], [ 88.189463738000029, 21.641791083000044 ], [ 88.20826256600003, 21.60297272300005 ], [ 88.224375847000033, 21.613023179000038 ], [ 88.237478061000047, 21.601711330000057 ], [ 88.245941602000073, 21.579901434000078 ], [ 88.24927819100003, 21.558294989000046 ], [ 88.254405144000032, 21.554673570000091 ], [ 88.266123894000032, 21.553859768000052 ], [ 88.27898196700005, 21.555161851000037 ], [ 88.287119988000029, 21.558294989000046 ], [ 88.297862175000034, 21.566555080000057 ], [ 88.303721550000034, 21.568793036000045 ], [ 88.305837436000047, 21.571682033000059 ], [ 88.304453972000033, 21.581854559000078 ], [ 88.300629102000073, 21.589341539000088 ], [ 88.287608269000032, 21.600287177000041 ], [ 88.283376498000052, 21.609198309000078 ], [ 88.284190300000034, 21.621242580000057 ], [ 88.294444207000083, 21.642808335000041 ], [ 88.297048373000052, 21.653876044000071 ], [ 88.295420769000032, 21.676581122000073 ], [ 88.264170769000032, 21.775295315000051 ], [ 88.261566602000073, 21.798651434000078 ], [ 88.27312259200005, 21.797919012000079 ], [ 88.289805535000028, 21.780218817000048 ], [ 88.29818769600007, 21.764105536000045 ], [ 88.30201256600003, 21.745184637000079 ], [ 88.304453972000033, 21.63344961100006 ], [ 88.309743686000047, 21.610174872000073 ], [ 88.321787957000083, 21.605658270000049 ], [ 88.335459832000083, 21.615790106000077 ], [ 88.345469597000033, 21.636542059000078 ], [ 88.348806186000047, 21.650295315000051 ], [ 88.349457227000073, 21.660956122000073 ], [ 88.345713738000029, 21.670599677000041 ], [ 88.32740319100003, 21.691107489000046 ], [ 88.324717644000032, 21.701361395000049 ], [ 88.326345248000052, 21.711086330000057 ], [ 88.331228061000047, 21.71906159100007 ], [ 88.336436394000032, 21.708726304000038 ], [ 88.340668165000068, 21.697495835000041 ], [ 88.346202019000032, 21.688625393000052 ], [ 88.355723504000082, 21.684963283000059 ], [ 88.36451256600003, 21.68695709800005 ], [ 88.380625847000033, 21.696193752000056 ], [ 88.392588738000029, 21.698553778000075 ], [ 88.382823113000029, 21.67133209800005 ], [ 88.383555535000028, 21.631415106000077 ], [ 88.393077019000032, 21.60024648600006 ], [ 88.409678582000083, 21.599269924000055 ], [ 88.426117384000065, 21.611029364000046 ], [ 88.441905144000032, 21.616156317000048 ], [ 88.45630944100003, 21.624009507000039 ], [ 88.468272332000083, 21.643947658000059 ], [ 88.472178582000083, 21.663275458000044 ], [ 88.468597852000073, 21.677150783000059 ], [ 88.45476321700005, 21.70538971600007 ], [ 88.452159050000034, 21.722805080000057 ], [ 88.453379754000082, 21.741766669000071 ], [ 88.457692905000044, 21.758856512000079 ], [ 88.468272332000083, 21.777248440000051 ], [ 88.474457227000073, 21.800970770000049 ], [ 88.481455925000034, 21.805161851000037 ], [ 88.488291863000029, 21.803656317000048 ], [ 88.49350019600007, 21.805161851000037 ], [ 88.495616082000083, 21.81867096600007 ], [ 88.492035352000073, 21.837144273000035 ], [ 88.477061394000032, 21.87181224200009 ], [ 88.474457227000073, 21.890326239000046 ], [ 88.481211785000028, 21.909898179000038 ], [ 88.492360873000052, 21.922023830000057 ], [ 88.499847852000073, 21.933661200000074 ], [ 88.495616082000083, 21.95180898600006 ], [ 88.51498457100007, 21.937201239000046 ], [ 88.514659050000034, 21.916205145000049 ], [ 88.495616082000083, 21.876695054000038 ], [ 88.515879754000082, 21.850816148000035 ], [ 88.531016472000033, 21.824123440000051 ], [ 88.53288821700005, 21.795314846000053 ], [ 88.512705925000034, 21.763413804000038 ], [ 88.504893425000034, 21.741522528000075 ], [ 88.509532097000033, 21.712307033000059 ], [ 88.529633009000065, 21.657619533000059 ], [ 88.522959832000083, 21.649888414000088 ], [ 88.51880944100003, 21.639146226000037 ], [ 88.516612175000034, 21.62641022300005 ], [ 88.516123894000032, 21.612616278000075 ], [ 88.514008009000065, 21.600816148000035 ], [ 88.508799675000034, 21.59438711100006 ], [ 88.502126498000052, 21.589341539000088 ], [ 88.495616082000083, 21.581854559000078 ], [ 88.48796634200005, 21.556545315000051 ], [ 88.493907097000033, 21.534816799000055 ], [ 88.51295006600003, 21.524644273000035 ], [ 88.543955925000034, 21.534084377000056 ], [ 88.53443444100003, 21.542914130000042 ], [ 88.529633009000065, 21.55337148600006 ], [ 88.530284050000034, 21.564398505000042 ], [ 88.53646894600007, 21.575100002000056 ], [ 88.544769727000073, 21.561997789000088 ], [ 88.558929884000065, 21.555568752000056 ], [ 88.572276238000029, 21.557928778000075 ], [ 88.578135613000029, 21.571682033000059 ], [ 88.578135613000029, 21.623439846000053 ], [ 88.59506269600007, 21.612127997000073 ], [ 88.599619988000029, 21.637274481000077 ], [ 88.591807488000029, 21.70538971600007 ], [ 88.598643425000034, 21.70538971600007 ], [ 88.61264082100007, 21.697495835000041 ], [ 88.623383009000065, 21.710272528000075 ], [ 88.63021894600007, 21.731756903000075 ], [ 88.632823113000029, 21.750067450000074 ], [ 88.624034050000034, 21.778021552000041 ], [ 88.604177280000044, 21.77875397300005 ], [ 88.58130944100003, 21.769435940000051 ], [ 88.564626498000052, 21.766831773000035 ], [ 88.565440300000034, 21.771185614000046 ], [ 88.564626498000052, 21.83234284100007 ], [ 88.567067905000044, 21.850816148000035 ], [ 88.598399285000028, 21.929348049000055 ], [ 88.600271030000044, 21.947211005000042 ], [ 88.598643425000034, 21.990301825000074 ], [ 88.602549675000034, 22.006415106000077 ], [ 88.62037194100003, 22.029974677000041 ], [ 88.625987175000034, 22.048041083000044 ], [ 88.625498894000032, 22.059271552000041 ], [ 88.619965040000068, 22.078314520000049 ], [ 88.618337436000047, 22.10297272300005 ], [ 88.619151238000029, 22.109523830000057 ], [ 88.622080925000034, 22.116034247000073 ], [ 88.630869988000029, 22.125799872000073 ], [ 88.634938998000052, 22.144964911000045 ], [ 88.644297722000033, 22.162298895000049 ], [ 88.646332227000073, 22.167792059000078 ], [ 88.64966881600003, 22.169094143000052 ], [ 88.656016472000033, 22.183254299000055 ], [ 88.661143425000034, 22.198960679000038 ], [ 88.660166863000029, 22.205023505000042 ], [ 88.679942254000082, 22.204413153000075 ], [ 88.683116082000083, 22.184963283000059 ], [ 88.674001498000052, 22.162054755000042 ], [ 88.656993035000028, 22.151068427000041 ], [ 88.639496290000068, 22.109523830000057 ], [ 88.639496290000068, 22.097235419000071 ], [ 88.645030144000032, 22.075140692000048 ], [ 88.648773634000065, 22.046047268000052 ], [ 88.652598504000082, 22.031805731000077 ], [ 88.653493686000047, 22.018011786000045 ], [ 88.646332227000073, 22.000230210000041 ], [ 88.631683790000068, 21.979803778000075 ], [ 88.627452019000032, 21.970404364000046 ], [ 88.625987175000034, 21.955511786000045 ], [ 88.630869988000029, 21.945461330000057 ], [ 88.642588738000029, 21.940904039000088 ], [ 88.656260613000029, 21.941066799000055 ], [ 88.667002800000034, 21.945013739000046 ], [ 88.678721550000034, 21.936672268000052 ], [ 88.689952019000032, 21.945990302000041 ], [ 88.698415561000047, 21.962591864000046 ], [ 88.701670769000032, 21.97601959800005 ], [ 88.723317905000044, 22.013088283000059 ], [ 88.730723504000082, 22.037176825000074 ], [ 88.718516472000033, 22.048041083000044 ], [ 88.699473504000082, 22.053208726000037 ], [ 88.692881707000083, 22.06586334800005 ], [ 88.694834832000083, 22.081529039000088 ], [ 88.701670769000032, 22.095851955000057 ], [ 88.71216881600003, 22.109035549000055 ], [ 88.726573113000029, 22.121161200000074 ], [ 88.743907097000033, 22.129339911000045 ], [ 88.76303144600007, 22.130560614000046 ], [ 88.73015384200005, 22.103583075000074 ], [ 88.714854363000029, 22.086981512000079 ], [ 88.708506707000083, 22.072211005000042 ], [ 88.717051629000082, 22.05805084800005 ], [ 88.754649285000028, 22.037583726000037 ], [ 88.76303144600007, 22.017279364000046 ], [ 88.758311394000032, 21.99945709800005 ], [ 88.746836785000028, 21.987127997000073 ], [ 88.733164910000028, 21.97719961100006 ], [ 88.722178582000083, 21.966131903000075 ], [ 88.716970248000052, 21.951971747000073 ], [ 88.714691602000073, 21.897853908000059 ], [ 88.694509311000047, 21.839829820000091 ], [ 88.698008660000028, 21.825506903000075 ], [ 88.703623894000032, 21.810614325000074 ], [ 88.68490644600007, 21.697211005000042 ], [ 88.687998894000032, 21.678127346000053 ], [ 88.722178582000083, 21.609198309000078 ], [ 88.707530144000032, 21.578314520000049 ], [ 88.72787519600007, 21.559881903000075 ], [ 88.762461785000028, 21.555853583000044 ], [ 88.790537957000083, 21.568264065000051 ], [ 88.796641472000033, 21.584418036000045 ], [ 88.791026238000029, 21.598863023000035 ], [ 88.781748894000032, 21.614243882000039 ], [ 88.776866082000083, 21.63344961100006 ], [ 88.777110222000033, 21.643540757000039 ], [ 88.779063347000033, 21.651190497000073 ], [ 88.784027540000068, 21.655951239000046 ], [ 88.79420006600003, 21.657619533000059 ], [ 88.80046634200005, 21.661851304000038 ], [ 88.804942254000082, 21.671861070000091 ], [ 88.810883009000065, 21.69171784100007 ], [ 88.816661004000082, 21.675034898000035 ], [ 88.818532748000052, 21.665838934000078 ], [ 88.818369988000029, 21.657619533000059 ], [ 88.814789259000065, 21.653876044000071 ], [ 88.797862175000034, 21.640204169000071 ], [ 88.805837436000047, 21.622870184000078 ], [ 88.823985222000033, 21.617254950000074 ], [ 88.844248894000032, 21.622219143000052 ], [ 88.85865319100003, 21.636542059000078 ], [ 88.859873894000032, 21.652573960000041 ], [ 88.842946811000047, 21.684149481000077 ], [ 88.838226759000065, 21.701971747000073 ], [ 88.841563347000033, 21.71625397300005 ], [ 88.855723504000082, 21.748846747000073 ], [ 88.85865319100003, 21.766831773000035 ], [ 88.866058790000068, 21.766831773000035 ], [ 88.872080925000034, 21.749009507000039 ], [ 88.881602410000028, 21.672023830000057 ], [ 88.88607832100007, 21.661810614000046 ], [ 88.891612175000034, 21.653509833000044 ], [ 88.896983269000032, 21.650132554000038 ], [ 88.933848504000082, 21.643947658000059 ], [ 88.975759311000047, 21.615912177000041 ], [ 89.000254754000082, 21.603420315000051 ], [ 89.019786004000082, 21.60610586100006 ], [ 89.021657748000052, 21.611802476000037 ], [ 89.027598504000082, 21.624579169000071 ], [ 89.033946160000028, 21.633246161000045 ], [ 89.036875847000033, 21.626898505000042 ], [ 89.038828972000033, 21.61945221600007 ], [ 89.044688347000033, 21.613511460000041 ], [ 89.053233269000032, 21.609808661000045 ], [ 89.064219597000033, 21.609198309000078 ], [ 89.082692905000044, 21.617336330000057 ], [ 89.088226759000065, 21.633734442000048 ], [ 89.08521569100003, 21.674709377000056 ], [ 89.082774285000028, 21.678208726000037 ], [ 89.067881707000083, 21.709133205000057 ], [ 89.047862175000034, 21.728013414000088 ], [ 89.043711785000028, 21.733343817000048 ], [ 89.03093509200005, 21.770453192000048 ], [ 89.015879754000082, 21.853338934000078 ], [ 88.995860222000033, 21.884182033000059 ], [ 88.968272332000083, 21.904730536000045 ], [ 88.951914910000028, 21.913885809000078 ], [ 88.937836134000065, 21.917669989000046 ], [ 88.924082879000082, 21.926336981000077 ], [ 88.910817905000044, 21.946478583000044 ], [ 88.905039910000028, 21.969427802000041 ], [ 88.913910352000073, 21.986558335000041 ], [ 88.928721550000034, 21.986558335000041 ], [ 88.934580925000034, 21.969305731000077 ], [ 88.937836134000065, 21.948716539000088 ], [ 88.94467207100007, 21.938788153000075 ], [ 88.960459832000083, 21.93431224200009 ], [ 88.993011915000068, 21.912665106000077 ], [ 89.009532097000033, 21.90460846600007 ], [ 89.008067254000082, 21.92055898600006 ], [ 89.01303144600007, 21.929429429000038 ], [ 89.02312259200005, 21.93109772300005 ], [ 89.036875847000033, 21.925116278000075 ], [ 89.060883009000065, 21.938462632000039 ], [ 89.065603061000047, 21.96710846600007 ], [ 89.057383660000028, 22.031236070000091 ], [ 89.05404707100007, 22.043646552000041 ], [ 89.040049675000034, 22.069525458000044 ], [ 89.036875847000033, 22.085598049000055 ], [ 89.039886915000068, 22.100897528000075 ], [ 89.045664910000028, 22.11204661700009 ], [ 89.048594597000033, 22.122951565000051 ], [ 89.043711785000028, 22.137396552000041 ], [ 89.060313347000033, 22.130601304000038 ], [ 89.060394727000073, 22.129868882000039 ], [ 89.063487175000034, 22.111029364000046 ], [ 89.057383660000028, 22.06509023600006 ], [ 89.062022332000083, 22.049505927000041 ], [ 89.084239129000082, 22.021185614000046 ], [ 89.09148196700005, 22.000230210000041 ], [ 89.09107506600003, 21.976792710000041 ], [ 89.080414259000065, 21.934881903000075 ], [ 89.07781009200005, 21.914252020000049 ], [ 89.079925977000073, 21.897406317000048 ], [ 89.104665561000047, 21.81586334800005 ], [ 89.10906009200005, 21.809515692000048 ], [ 89.119395379000082, 21.800970770000049 ], [ 89.141286655000044, 21.790228583000044 ], [ 89.154551629000082, 21.786851304000038 ], [ 89.160411004000082, 21.79132721600007 ], [ 89.164561394000032, 21.800197658000059 ], [ 89.174082879000082, 21.810044664000088 ], [ 89.183360222000033, 21.815619208000044 ], [ 89.187673373000052, 21.811509507000039 ], [ 89.188243035000028, 21.799709377000056 ], [ 89.189707879000082, 21.791245835000041 ], [ 89.220713738000029, 21.709418036000045 ], [ 89.218597852000073, 21.698553778000075 ], [ 89.20826256600003, 21.690619208000044 ], [ 89.20443769600007, 21.672674872000073 ], [ 89.210459832000083, 21.654120184000078 ], [ 89.229258660000028, 21.643947658000059 ], [ 89.248708530000044, 21.645900783000059 ], [ 89.268728061000047, 21.653998114000046 ], [ 89.285899285000028, 21.665594794000071 ], [ 89.297536655000044, 21.678127346000053 ], [ 89.27662194100003, 21.687567450000074 ], [ 89.273692254000082, 21.698797919000071 ], [ 89.29070071700005, 21.733343817000048 ], [ 89.294688347000033, 21.757798570000091 ], [ 89.28443444100003, 21.796820380000042 ], [ 89.283946160000028, 21.822088934000078 ], [ 89.29070071700005, 21.822088934000078 ], [ 89.29623457100007, 21.809068101000037 ], [ 89.301280144000032, 21.809393622000073 ], [ 89.306162957000083, 21.817613023000035 ], [ 89.322601759000065, 21.854641018000052 ], [ 89.328868035000028, 21.864650783000059 ], [ 89.33912194100003, 21.876695054000038 ], [ 89.355967644000032, 21.892523505000042 ], [ 89.359629754000082, 21.901678778000075 ], [ 89.359629754000082, 21.917669989000046 ], [ 89.355235222000033, 21.931626695000091 ], [ 89.348806186000047, 21.944159247000073 ], [ 89.345957879000082, 21.957017320000091 ], [ 89.352224155000044, 21.972316799000055 ], [ 89.359629754000082, 21.972316799000055 ], [ 89.364024285000028, 21.955064195000091 ], [ 89.382660352000073, 21.92133209800005 ], [ 89.386973504000082, 21.901190497000073 ], [ 89.384287957000083, 21.877834377000056 ], [ 89.371267123000052, 21.847154039000088 ], [ 89.365896030000044, 21.828924872000073 ], [ 89.362803582000083, 21.78384023600006 ], [ 89.364268425000034, 21.758205471000053 ], [ 89.369639519000032, 21.743312893000052 ], [ 89.395192905000044, 21.716376044000071 ], [ 89.406423373000052, 21.717352606000077 ], [ 89.44271894600007, 21.746649481000077 ], [ 89.456228061000047, 21.762396552000041 ], [ 89.465830925000034, 21.781317450000074 ], [ 89.469493035000028, 21.804388739000046 ], [ 89.467051629000082, 21.828599351000037 ], [ 89.463633660000028, 21.845038153000075 ], [ 89.464610222000033, 21.859198309000078 ], [ 89.475759311000047, 21.876695054000038 ], [ 89.489105665000068, 21.888373114000046 ], [ 89.502289259000065, 21.897528387000079 ], [ 89.512543165000068, 21.909125067000048 ], [ 89.521820509000065, 21.962307033000059 ], [ 89.520030144000032, 21.969183661000045 ], [ 89.512705925000034, 21.978094794000071 ], [ 89.500498894000032, 22.00259023600006 ], [ 89.496836785000028, 22.013861395000049 ], [ 89.492686394000032, 22.019191799000055 ], [ 89.490407748000052, 22.023993231000077 ], [ 89.489431186000047, 22.031236070000091 ], [ 89.49187259200005, 22.034572658000059 ], [ 89.504161004000082, 22.036688544000071 ], [ 89.50912519600007, 22.041205145000049 ], [ 89.517425977000073, 22.066473700000074 ], [ 89.518321160000028, 22.081000067000048 ], [ 89.51295006600003, 22.09243398600006 ], [ 89.506846550000034, 22.10101959800005 ], [ 89.501719597000033, 22.113104559000078 ], [ 89.498220248000052, 22.12531159100007 ], [ 89.496836785000028, 22.133978583000044 ], [ 89.494151238000029, 22.136867580000057 ], [ 89.488780144000032, 22.129584052000041 ], [ 89.48406009200005, 22.116685289000088 ], [ 89.483164910000028, 22.102606512000079 ], [ 89.475759311000047, 22.102606512000079 ], [ 89.467458530000044, 22.228989976000037 ], [ 89.475759311000047, 22.295070705000057 ], [ 89.483164910000028, 22.295070705000057 ], [ 89.493011915000068, 22.273504950000074 ], [ 89.494151238000029, 22.253566799000055 ], [ 89.489431186000047, 22.208807684000078 ], [ 89.492035352000073, 22.188381252000056 ], [ 89.537119988000029, 22.089016018000052 ], [ 89.53646894600007, 22.075832424000055 ], [ 89.526133660000028, 22.055121161000045 ], [ 89.523448113000029, 22.044623114000046 ], [ 89.52475019600007, 22.000148830000057 ], [ 89.53288821700005, 21.98468659100007 ], [ 89.551442905000044, 21.994045315000051 ], [ 89.556488477000073, 22.00844961100006 ], [ 89.564463738000029, 22.072211005000042 ], [ 89.566742384000065, 22.082098700000074 ], [ 89.576996290000068, 22.101263739000046 ], [ 89.57935631600003, 22.113226630000042 ], [ 89.578786655000044, 22.135891018000052 ], [ 89.576345248000052, 22.145493882000039 ], [ 89.571299675000034, 22.157904364000046 ], [ 89.550303582000083, 22.19212474200009 ], [ 89.549164259000065, 22.205267645000049 ], [ 89.561045769000032, 22.223089911000045 ], [ 89.580332879000082, 22.236761786000045 ], [ 89.586192254000082, 22.245428778000075 ], [ 89.577159050000034, 22.268500067000048 ], [ 89.580821160000028, 22.277248440000051 ], [ 89.592458530000044, 22.288234768000052 ], [ 89.606211785000028, 22.315619208000044 ], [ 89.615489129000082, 22.328273830000057 ], [ 89.626475457000083, 22.336004950000074 ], [ 89.616953972000033, 22.318426825000074 ], [ 89.61060631600003, 22.298895575000074 ], [ 89.60710696700005, 22.278265692000048 ], [ 89.605967644000032, 22.256903387000079 ], [ 89.597911004000082, 22.240301825000074 ], [ 89.567230665000068, 22.202826239000046 ], [ 89.567881707000083, 22.18891022300005 ], [ 89.58139082100007, 22.174058335000041 ], [ 89.593760613000029, 22.155422268000052 ], [ 89.602549675000034, 22.134507554000038 ], [ 89.605967644000032, 22.113226630000042 ], [ 89.600596550000034, 22.09125397300005 ], [ 89.576670769000032, 22.051703192000048 ], [ 89.571299675000034, 22.031236070000091 ], [ 89.563487175000034, 21.973130601000037 ], [ 89.56763756600003, 21.90070221600007 ], [ 89.564463738000029, 21.884182033000059 ], [ 89.556895379000082, 21.868801174000055 ], [ 89.53834069100003, 21.848618882000039 ], [ 89.530284050000034, 21.835760809000078 ], [ 89.527354363000029, 21.81281159100007 ], [ 89.538910352000073, 21.771470445000091 ], [ 89.537119988000029, 21.753810940000051 ], [ 89.56568444100003, 21.713364976000037 ], [ 89.586924675000034, 21.700832424000055 ], [ 89.605967644000032, 21.71906159100007 ], [ 89.603770379000082, 21.727687893000052 ], [ 89.592784050000034, 21.754380601000037 ], [ 89.595469597000033, 21.759995835000041 ], [ 89.62037194100003, 21.764349677000041 ], [ 89.631521030000044, 21.764064846000053 ], [ 89.643565300000034, 21.756903387000079 ], [ 89.668223504000082, 21.750881252000056 ], [ 89.689952019000032, 21.765204169000071 ], [ 89.700694207000083, 21.784857489000046 ], [ 89.692067905000044, 21.794826565000051 ], [ 89.672048373000052, 21.804266669000071 ], [ 89.64975019600007, 21.826361395000049 ], [ 89.630381707000083, 21.851467190000051 ], [ 89.618988477000073, 21.86985911700009 ], [ 89.646983269000032, 21.925116278000075 ], [ 89.661306186000047, 21.905829169000071 ], [ 89.66334069100003, 21.896307684000078 ], [ 89.652598504000082, 21.878851630000042 ], [ 89.653168165000068, 21.867743231000077 ], [ 89.656911655000044, 21.857123114000046 ], [ 89.661306186000047, 21.849351304000038 ], [ 89.673350457000083, 21.840073960000041 ], [ 89.690440300000034, 21.833726304000038 ], [ 89.709157748000052, 21.830064195000091 ], [ 89.72584069100003, 21.828924872000073 ], [ 89.738454623000052, 21.834418036000045 ], [ 89.753428582000083, 21.843898830000057 ], [ 89.765879754000082, 21.846747137000079 ], [ 89.77116946700005, 21.83234284100007 ], [ 89.775726759000065, 21.82758209800005 ], [ 89.78638756600003, 21.828924872000073 ], [ 89.804698113000029, 21.835760809000078 ], [ 89.814219597000033, 21.840806382000039 ], [ 89.81763756600003, 21.844916083000044 ], [ 89.81959069100003, 21.849554755000042 ], [ 89.825205925000034, 21.856268622000073 ], [ 89.85092207100007, 21.877508856000077 ], [ 89.873220248000052, 21.88157786700009 ], [ 89.880381707000083, 21.884182033000059 ], [ 89.887217644000032, 21.900091864000046 ], [ 89.881602410000028, 21.912990627000056 ], [ 89.871836785000028, 21.924261786000045 ], [ 89.863780144000032, 21.943304755000042 ], [ 89.850271030000044, 21.963120835000041 ], [ 89.846202019000032, 21.972316799000055 ], [ 89.845957879000082, 21.982896226000037 ], [ 89.851084832000083, 22.000881252000056 ], [ 89.852386915000068, 22.010443427000041 ], [ 89.847911004000082, 22.033880927000041 ], [ 89.835948113000029, 22.04946523600006 ], [ 89.818369988000029, 22.060044664000088 ], [ 89.797211134000065, 22.068508205000057 ], [ 89.797211134000065, 22.075995184000078 ], [ 89.816172722000033, 22.075995184000078 ], [ 89.831553582000083, 22.071966864000046 ], [ 89.846202019000032, 22.07062409100007 ], [ 89.86296634200005, 22.079046942000048 ], [ 89.871348504000082, 22.091864325000074 ], [ 89.87427819100003, 22.10883209800005 ], [ 89.872894727000073, 22.143622137000079 ], [ 89.861338738000029, 22.211004950000074 ], [ 89.85084069100003, 22.246527411000045 ], [ 89.838715040000068, 22.267767645000049 ], [ 89.880381707000083, 22.342230536000045 ], [ 89.88412519600007, 22.363511460000041 ], [ 89.88054446700005, 22.380601304000038 ], [ 89.874847852000073, 22.397650458000044 ], [ 89.872894727000073, 22.41860586100006 ], [ 89.903086785000028, 22.396429755000042 ], [ 89.920420769000032, 22.391831773000035 ], [ 89.928233269000032, 22.407700914000088 ], [ 89.933604363000029, 22.423529364000046 ], [ 89.947438998000052, 22.439683335000041 ], [ 89.979502800000034, 22.470078843000067 ], [ 89.982758009000065, 22.473211981000077 ], [ 90.010101759000065, 22.490220445000091 ], [ 89.997894727000073, 22.480861721000053 ], [ 89.991953972000033, 22.469875393000052 ], [ 89.988291863000029, 22.45774974200009 ], [ 89.982758009000065, 22.445257880000042 ], [ 89.900157097000033, 22.333929755000042 ], [ 89.880381707000083, 22.288234768000052 ], [ 89.876800977000073, 22.274725653000075 ], [ 89.875336134000065, 22.26398346600007 ], [ 89.87663821700005, 22.253485419000071 ], [ 89.880381707000083, 22.240423895000049 ], [ 89.885508660000028, 22.230617580000057 ], [ 89.898285352000073, 22.21165599200009 ], [ 89.900889519000032, 22.201971747000073 ], [ 89.903086785000028, 22.176906643000052 ], [ 89.912364129000082, 22.135565497000073 ], [ 89.914561394000032, 22.061672268000052 ], [ 89.917491082000083, 22.049872137000079 ], [ 89.926280144000032, 22.027167059000078 ], [ 89.928233269000032, 22.017279364000046 ], [ 89.934418165000068, 21.997707424000055 ], [ 89.949717644000032, 21.980902411000045 ], [ 89.967784050000034, 21.974554755000042 ], [ 89.982758009000065, 21.986558335000041 ], [ 89.985199415000068, 21.999416408000059 ], [ 89.982758009000065, 22.044623114000046 ], [ 89.988536004000082, 22.05304596600007 ], [ 90.015391472000033, 22.077866929000038 ], [ 90.024424675000034, 22.089016018000052 ], [ 90.040049675000034, 22.138088283000059 ], [ 90.052582227000073, 22.155462958000044 ], [ 90.078379754000082, 22.164048570000091 ], [ 90.072601759000065, 22.152044989000046 ], [ 90.063243035000028, 22.145738023000035 ], [ 90.05209394600007, 22.141099351000037 ], [ 90.042735222000033, 22.131252346000053 ], [ 90.039073113000029, 22.116278387000079 ], [ 90.034678582000083, 22.105169989000046 ], [ 90.038096550000034, 22.075344143000052 ], [ 90.035411004000082, 22.059800523000035 ], [ 90.02898196700005, 22.052964585000041 ], [ 90.020192905000044, 22.048814195000091 ], [ 90.010752800000034, 22.041205145000049 ], [ 90.00318444100003, 22.029364325000074 ], [ 90.002126498000052, 22.014105536000045 ], [ 89.996348504000082, 22.000230210000041 ], [ 90.028168165000068, 21.988104559000078 ], [ 90.038096550000034, 21.986558335000041 ], [ 90.05241946700005, 21.98899974200009 ], [ 90.05795332100007, 21.993719794000071 ], [ 90.061045769000032, 22.000799872000073 ], [ 90.073741082000083, 22.019232489000046 ], [ 90.081797722000033, 22.041001695000091 ], [ 90.088877800000034, 22.051174221000053 ], [ 90.148285352000073, 22.11078522300005 ], [ 90.164805535000028, 22.119818427000041 ], [ 90.191661004000082, 22.123114325000074 ], [ 90.205821160000028, 22.132961330000057 ], [ 90.218272332000083, 22.15570709800005 ], [ 90.236094597000033, 22.198879299000055 ], [ 90.239105665000068, 22.172267971000053 ], [ 90.23170006600003, 22.145656643000052 ], [ 90.21615644600007, 22.123236395000049 ], [ 90.195078972000033, 22.109523830000057 ], [ 90.189707879000082, 22.110825914000088 ], [ 90.181813998000052, 22.114813544000071 ], [ 90.172862175000034, 22.117010809000078 ], [ 90.164073113000029, 22.113226630000042 ], [ 90.158864780000044, 22.106919664000088 ], [ 90.15162194100003, 22.094875393000052 ], [ 90.146739129000082, 22.089016018000052 ], [ 90.105642123000052, 22.054266669000071 ], [ 90.095957879000082, 22.040106512000079 ], [ 90.092539910000028, 22.02798086100006 ], [ 90.090586785000028, 22.015448309000078 ], [ 90.085785352000073, 22.000230210000041 ], [ 90.077159050000034, 21.987982489000046 ], [ 90.06576582100007, 21.979885158000059 ], [ 90.054209832000083, 21.97337474200009 ], [ 90.044932488000029, 21.966131903000075 ], [ 90.033946160000028, 21.943548895000049 ], [ 90.031260613000029, 21.889227606000077 ], [ 90.024424675000034, 21.862453518000052 ], [ 90.036306186000047, 21.861151434000078 ], [ 90.049327019000032, 21.85101959800005 ], [ 90.05787194100003, 21.849351304000038 ], [ 90.066905144000032, 21.853420315000051 ], [ 90.07935631600003, 21.866929429000038 ], [ 90.088877800000034, 21.86985911700009 ], [ 90.098480665000068, 21.878607489000046 ], [ 90.116221550000034, 21.919338283000059 ], [ 90.12623131600003, 21.93195221600007 ], [ 90.121348504000082, 21.921576239000046 ], [ 90.121836785000028, 21.915350653000075 ], [ 90.124522332000083, 21.909735419000071 ], [ 90.12623131600003, 21.901190497000073 ], [ 90.120860222000033, 21.88930898600006 ], [ 90.110850457000083, 21.880113023000035 ], [ 90.104991082000083, 21.870266018000052 ], [ 90.112478061000047, 21.856268622000073 ], [ 90.09538821700005, 21.859442450000074 ], [ 90.088552280000044, 21.846747137000079 ], [ 90.092946811000047, 21.830267645000049 ], [ 90.10906009200005, 21.822088934000078 ], [ 90.126800977000073, 21.818793036000045 ], [ 90.164398634000065, 21.804266669000071 ], [ 90.18482506600003, 21.800970770000049 ], [ 90.203786655000044, 21.804592190000051 ], [ 90.217621290000068, 21.813462632000039 ], [ 90.27271569100003, 21.857407945000091 ], [ 90.28288821700005, 21.870794989000046 ], [ 90.29070071700005, 21.890326239000046 ], [ 90.299978061000047, 21.927679755000042 ], [ 90.30437259200005, 21.965765692000048 ], [ 90.308604363000029, 21.984035549000055 ], [ 90.327891472000033, 22.020493882000039 ], [ 90.332204623000052, 22.038072007000039 ], [ 90.334727410000028, 22.041815497000073 ], [ 90.347422722000033, 22.05532461100006 ], [ 90.365733269000032, 22.081203518000052 ], [ 90.369883660000028, 22.089829820000091 ], [ 90.373789910000028, 22.102606512000079 ], [ 90.377126498000052, 22.133612372000073 ], [ 90.380056186000047, 22.143622137000079 ], [ 90.383799675000034, 22.145738023000035 ], [ 90.388682488000029, 22.143459377000056 ], [ 90.392588738000029, 22.143011786000045 ], [ 90.395192905000044, 22.157212632000039 ], [ 90.397146030000044, 22.160630601000037 ], [ 90.399180535000028, 22.162339585000041 ], [ 90.400563998000052, 22.164048570000091 ], [ 90.408213738000029, 22.171210028000075 ], [ 90.412852410000028, 22.17804596600007 ], [ 90.414235873000052, 22.185777085000041 ], [ 90.410492384000065, 22.195705471000053 ], [ 90.40552819100003, 22.19953034100007 ], [ 90.399099155000044, 22.202215887000079 ], [ 90.390879754000082, 22.208807684000078 ], [ 90.388682488000029, 22.223211981000077 ], [ 90.398692254000082, 22.267482815000051 ], [ 90.394297722000033, 22.288234768000052 ], [ 90.410899285000028, 22.284247137000079 ], [ 90.414073113000029, 22.27179596600007 ], [ 90.407969597000033, 22.240423895000049 ], [ 90.410004102000073, 22.22728099200009 ], [ 90.421641472000033, 22.198879299000055 ], [ 90.417491082000083, 22.175034898000035 ], [ 90.393239780000044, 22.127386786000045 ], [ 90.387461785000028, 22.102606512000079 ], [ 90.39380944100003, 22.094712632000039 ], [ 90.408457879000082, 22.085923570000091 ], [ 90.42546634200005, 22.07884349200009 ], [ 90.438649936000047, 22.075995184000078 ], [ 90.450043165000068, 22.08079661700009 ], [ 90.459646030000044, 22.091945705000057 ], [ 90.488291863000029, 22.138617255000042 ], [ 90.494395379000082, 22.154242255000042 ], [ 90.496755405000044, 22.167792059000078 ], [ 90.501149936000047, 22.176703192000048 ], [ 90.511729363000029, 22.185288804000038 ], [ 90.53834069100003, 22.198879299000055 ], [ 90.55795332100007, 22.203355210000041 ], [ 90.581553582000083, 22.238226630000042 ], [ 90.613454623000052, 22.314886786000045 ], [ 90.619313998000052, 22.355902411000045 ], [ 90.61841881600003, 22.376654364000046 ], [ 90.613454623000052, 22.396877346000053 ], [ 90.593597852000073, 22.432318427000041 ], [ 90.586436394000032, 22.450588283000059 ], [ 90.586192254000082, 22.473211981000077 ], [ 90.591319207000083, 22.470526434000078 ], [ 90.606618686000047, 22.465765692000048 ], [ 90.589691602000073, 22.500433661000045 ], [ 90.57781009200005, 22.533677476000037 ], [ 90.559743686000047, 22.562323309000078 ], [ 90.524099155000044, 22.583075262000079 ], [ 90.50513756600003, 22.58624909100007 ], [ 90.487315300000034, 22.583726304000038 ], [ 90.472504102000073, 22.575588283000059 ], [ 90.462657097000033, 22.56195709800005 ], [ 90.460459832000083, 22.551174221000053 ], [ 90.463552280000044, 22.531439520000049 ], [ 90.462657097000033, 22.520982164000088 ], [ 90.458018425000034, 22.514634507000039 ], [ 90.451182488000029, 22.510158596000053 ], [ 90.44499759200005, 22.504136460000041 ], [ 90.442067905000044, 22.493638414000088 ], [ 90.442149285000028, 22.508734442000048 ], [ 90.453461134000065, 22.564195054000038 ], [ 90.459239129000082, 22.579291083000044 ], [ 90.468597852000073, 22.58470286700009 ], [ 90.491384311000047, 22.587836005000042 ], [ 90.500173373000052, 22.592352606000077 ], [ 90.510020379000082, 22.60423411700009 ], [ 90.512705925000034, 22.611476955000057 ], [ 90.508962436000047, 22.646429755000042 ], [ 90.496755405000044, 22.678656317000048 ], [ 90.492930535000028, 22.709906317000048 ], [ 90.48991946700005, 22.720200914000088 ], [ 90.479014519000032, 22.73501211100006 ], [ 90.461680535000028, 22.748846747000073 ], [ 90.44459069100003, 22.751654364000046 ], [ 90.43523196700005, 22.733303127000056 ], [ 90.415782097000033, 22.74249909100007 ], [ 90.387217644000032, 22.751288153000075 ], [ 90.372569207000083, 22.761419989000046 ], [ 90.394297722000033, 22.77484772300005 ], [ 90.406423373000052, 22.763088283000059 ], [ 90.419932488000029, 22.768255927000041 ], [ 90.424001498000052, 22.781683661000045 ], [ 90.407969597000033, 22.794663804000038 ], [ 90.436045769000032, 22.800604559000078 ], [ 90.448090040000068, 22.82843659100007 ], [ 90.457204623000052, 22.861761786000045 ], [ 90.476328972000033, 22.884100653000075 ], [ 90.490489129000082, 22.885199286000045 ], [ 90.50513756600003, 22.881659247000073 ], [ 90.520030144000032, 22.880194403000075 ], [ 90.534922722000033, 22.887152411000045 ], [ 90.540049675000034, 22.896551825000074 ], [ 90.535980665000068, 22.903387762000079 ], [ 90.524099155000044, 22.912014065000051 ], [ 90.521006707000083, 22.915676174000055 ], [ 90.51685631600003, 22.916815497000073 ], [ 90.51295006600003, 22.917059637000079 ], [ 90.510427280000044, 22.918198960000041 ], [ 90.507578972000033, 22.925360419000071 ], [ 90.509287957000083, 22.936997789000088 ], [ 90.507009311000047, 22.942084052000041 ], [ 90.486989780000044, 22.966131903000075 ], [ 90.468272332000083, 22.996079820000091 ], [ 90.45435631600003, 23.027533270000049 ], [ 90.450124545000051, 23.049343166000085 ], [ 90.44890384200005, 23.055731512000079 ], [ 90.453623894000032, 23.072333075000074 ], [ 90.46607506600003, 23.076849677000041 ], [ 90.50359134200005, 23.075873114000046 ], [ 90.52279707100007, 23.080145575000074 ], [ 90.536631707000083, 23.086818752000056 ], [ 90.547618035000028, 23.096747137000079 ], [ 90.558767123000052, 23.110663153000075 ], [ 90.565603061000047, 23.110663153000075 ], [ 90.565603061000047, 23.10382721600007 ], [ 90.55591881600003, 23.096828518000052 ], [ 90.551280144000032, 23.086900132000039 ], [ 90.553721550000034, 23.078558661000045 ], [ 90.565603061000047, 23.075873114000046 ], [ 90.57195071700005, 23.081732489000046 ], [ 90.599131707000083, 23.11749909100007 ], [ 90.60287519600007, 23.141302802000041 ], [ 90.598399285000028, 23.200425523000035 ], [ 90.593516472000033, 23.219875393000052 ], [ 90.602712436000047, 23.211004950000074 ], [ 90.610362175000034, 23.201157945000091 ], [ 90.61451256600003, 23.195461330000057 ], [ 90.610850457000083, 23.23078034100007 ], [ 90.606618686000047, 23.247219143000052 ], [ 90.577321811000047, 23.288397528000075 ], [ 90.569102410000028, 23.294989325000074 ], [ 90.50359134200005, 23.301743882000039 ], [ 90.48796634200005, 23.306830145000049 ], [ 90.46021569100003, 23.319728908000059 ], [ 90.428477410000028, 23.326117255000042 ], [ 90.419688347000033, 23.335598049000055 ], [ 90.41342207100007, 23.34796784100007 ], [ 90.404144727000073, 23.360419012000079 ], [ 90.388519727000073, 23.372381903000075 ], [ 90.258799675000034, 23.444566148000035 ], [ 90.24935957100007, 23.45538971600007 ], [ 90.250336134000065, 23.466945705000057 ], [ 90.28443444100003, 23.446193752000056 ], [ 90.322438998000052, 23.433294989000046 ], [ 90.518321160000028, 23.398260809000078 ], [ 90.551931186000047, 23.384955145000049 ], [ 90.553721550000034, 23.40070221600007 ], [ 90.55990644600007, 23.418402411000045 ], [ 90.568125847000033, 23.432928778000075 ], [ 90.575938347000033, 23.438950914000088 ], [ 90.578949415000068, 23.44985586100006 ], [ 90.576833530000044, 23.539496161000045 ], [ 90.568695509000065, 23.54751211100006 ], [ 90.531504754000082, 23.548814195000091 ], [ 90.51498457100007, 23.55141836100006 ], [ 90.498383009000065, 23.55727773600006 ], [ 90.484385613000029, 23.567450262000079 ], [ 90.476328972000033, 23.582953192000048 ], [ 90.501719597000033, 23.567938544000071 ], [ 90.514659050000034, 23.563788153000075 ], [ 90.531504754000082, 23.562486070000091 ], [ 90.547211134000065, 23.563788153000075 ], [ 90.559418165000068, 23.567938544000071 ], [ 90.564463738000029, 23.576402085000041 ], [ 90.558767123000052, 23.590399481000077 ], [ 90.595469597000033, 23.604396877000056 ], [ 90.611989780000044, 23.60610586100006 ], [ 90.619639519000032, 23.596625067000048 ], [ 90.624034050000034, 23.598089911000045 ], [ 90.625254754000082, 23.598334052000041 ], [ 90.625336134000065, 23.599351304000038 ], [ 90.627126498000052, 23.603461005000042 ], [ 90.633311394000032, 23.596625067000048 ], [ 90.608164910000028, 23.585760809000078 ], [ 90.592051629000082, 23.562486070000091 ], [ 90.588145379000082, 23.534165757000039 ], [ 90.603363477000073, 23.494696356000077 ], [ 90.607758009000065, 23.491115627000056 ], [ 90.622080925000034, 23.500067450000074 ], [ 90.647471550000034, 23.507879950000074 ], [ 90.666758660000028, 23.51821523600006 ], [ 90.677744988000029, 23.517279364000046 ], [ 90.695323113000029, 23.507879950000074 ], [ 90.702159050000034, 23.528387762000079 ], [ 90.684336785000028, 23.54173411700009 ], [ 90.67546634200005, 23.550930080000057 ], [ 90.678233269000032, 23.555080471000053 ], [ 90.695811394000032, 23.555487372000073 ], [ 90.705577019000032, 23.554510809000078 ], [ 90.711192254000082, 23.548814195000091 ], [ 90.715830925000034, 23.535142320000091 ], [ 90.715017123000052, 23.49835846600007 ], [ 90.691579623000052, 23.486476955000057 ], [ 90.633311394000032, 23.486761786000045 ], [ 90.60873457100007, 23.472723700000074 ], [ 90.600271030000044, 23.44993724200009 ], [ 90.599131707000083, 23.391180731000077 ], [ 90.601735873000052, 23.372463283000059 ], [ 90.611338738000029, 23.342474677000041 ], [ 90.628428582000083, 23.321519273000035 ], [ 90.65365644600007, 23.329738674000055 ], [ 90.653168165000068, 23.324652411000045 ], [ 90.654795769000032, 23.323309637000079 ], [ 90.657725457000083, 23.323228257000039 ], [ 90.661143425000034, 23.322251695000091 ], [ 90.650157097000033, 23.313544012000079 ], [ 90.650889519000032, 23.30023834800005 ], [ 90.66732832100007, 23.267645575000074 ], [ 90.661143425000034, 23.267645575000074 ], [ 90.665212436000047, 23.24876536700009 ], [ 90.657074415000068, 23.230373440000051 ], [ 90.64584394600007, 23.210923570000091 ], [ 90.640147332000083, 23.188869533000059 ], [ 90.638682488000029, 23.14789459800005 ], [ 90.627207879000082, 23.08665599200009 ], [ 90.627126498000052, 23.075873114000046 ], [ 90.629405144000032, 23.064398505000042 ], [ 90.640147332000083, 23.038031317000048 ], [ 90.717458530000044, 22.940619208000044 ], [ 90.722666863000029, 22.92845286700009 ], [ 90.725596550000034, 22.90570709800005 ], [ 90.732920769000032, 22.889064846000053 ], [ 90.741953972000033, 22.874212958000044 ], [ 90.750010613000029, 22.856756903000075 ], [ 90.757334832000083, 22.822658596000053 ], [ 90.769541863000029, 22.795355536000045 ], [ 90.771006707000083, 22.784816799000055 ], [ 90.774180535000028, 22.77806224200009 ], [ 90.78834069100003, 22.75922272300005 ], [ 90.794932488000029, 22.741359768000052 ], [ 90.802582227000073, 22.736395575000074 ], [ 90.81177819100003, 22.732367255000042 ], [ 90.819509311000047, 22.726467190000051 ], [ 90.83130944100003, 22.690578518000052 ], [ 90.835948113000029, 22.684881903000075 ], [ 90.865489129000082, 22.687160549000055 ], [ 90.876475457000083, 22.682806708000044 ], [ 90.88412519600007, 22.654486395000049 ], [ 90.898773634000065, 22.63617584800005 ], [ 90.90202884200005, 22.627101955000057 ], [ 90.908213738000029, 22.617865302000041 ], [ 90.935557488000029, 22.599676825000074 ], [ 90.941742384000065, 22.585882880000042 ], [ 90.954925977000073, 22.575832424000055 ], [ 90.985118035000028, 22.574367580000057 ], [ 91.017588738000029, 22.579291083000044 ], [ 91.037933790000068, 22.58860911700009 ], [ 91.040212436000047, 22.60773346600007 ], [ 91.032237175000034, 22.636867580000057 ], [ 91.018728061000047, 22.664455471000053 ], [ 91.003754102000073, 22.678656317000048 ], [ 91.018321160000028, 22.683091539000088 ], [ 91.02670332100007, 22.674261786000045 ], [ 91.037933790000068, 22.643866278000075 ], [ 91.048675977000073, 22.626166083000044 ], [ 91.058604363000029, 22.614325262000079 ], [ 91.069579671000042, 22.571556869000062 ], [ 91.089200582000046, 22.544430256000055 ], [ 91.127343458000041, 22.527025948000073 ], [ 91.176565684000082, 22.536419414000079 ], [ 91.20274304600008, 22.543219639000085 ], [ 91.221364576000042, 22.557192605000068 ], [ 91.241568800000039, 22.575395765000053 ], [ 91.253103061000047, 22.613836981000077 ], [ 91.26107832100007, 22.627875067000048 ], [ 91.264496290000068, 22.640814520000049 ], [ 91.253428582000083, 22.660711981000077 ], [ 91.226898634000065, 22.671087958000044 ], [ 91.168955925000034, 22.684881903000075 ], [ 91.168955925000034, 22.692287502000056 ], [ 91.192149285000028, 22.691636460000041 ], [ 91.199229363000029, 22.698797919000071 ], [ 91.19459069100003, 22.709662177000041 ], [ 91.181895379000082, 22.720200914000088 ], [ 91.181895379000082, 22.726467190000051 ], [ 91.21607506600003, 22.726060289000088 ], [ 91.231211785000028, 22.724310614000046 ], [ 91.24341881600003, 22.720200914000088 ], [ 91.243907097000033, 22.71743398600006 ], [ 91.24341881600003, 22.702215887000079 ], [ 91.244802280000044, 22.698391018000052 ], [ 91.248383009000065, 22.698228257000039 ], [ 91.252777540000068, 22.699286200000074 ], [ 91.283457879000082, 22.693345445000091 ], [ 91.28443444100003, 22.692287502000056 ], [ 91.300547722000033, 22.693264065000051 ], [ 91.317393425000034, 22.697211005000042 ], [ 91.329925977000073, 22.70571523600006 ], [ 91.332774285000028, 22.720200914000088 ], [ 91.325043165000068, 22.726141669000071 ], [ 91.308848504000082, 22.733099677000041 ], [ 91.290782097000033, 22.738430080000057 ], [ 91.342621290000068, 22.739447333000044 ], [ 91.360118035000028, 22.743394273000035 ], [ 91.370127800000034, 22.752183335000041 ], [ 91.367442254000082, 22.761664130000042 ], [ 91.346446160000028, 22.767401434000078 ], [ 91.346446160000028, 22.77484772300005 ], [ 91.368337436000047, 22.773993231000077 ], [ 91.385020379000082, 22.770697333000044 ], [ 91.39966881600003, 22.76430898600006 ], [ 91.414724155000044, 22.753729559000078 ], [ 91.411631707000083, 22.777818101000037 ], [ 91.416758660000028, 22.799994208000044 ], [ 91.430430535000028, 22.816310940000051 ], [ 91.45248457100007, 22.822658596000053 ], [ 91.462412957000083, 22.83344147300005 ], [ 91.479665561000047, 22.885891018000052 ], [ 91.483083530000044, 22.904527085000041 ], [ 91.490489129000082, 22.904527085000041 ], [ 91.490000847000033, 22.880560614000046 ], [ 91.47396894600007, 22.838324286000045 ], [ 91.467784050000034, 22.80931224200009 ], [ 91.45834394600007, 22.797064520000049 ], [ 91.45630944100003, 22.784816799000055 ], [ 91.458018425000034, 22.772284247000073 ], [ 91.462412957000083, 22.761908270000049 ], [ 91.469004754000082, 22.757066148000035 ], [ 91.476817254000082, 22.76117584800005 ], [ 91.484629754000082, 22.745510158000059 ], [ 91.498708530000044, 22.72728099200009 ], [ 91.516368035000028, 22.712225653000075 ], [ 91.54810631600003, 22.700344143000052 ], [ 91.676036004000082, 22.53461334800005 ], [ 91.743662957000083, 22.411078192000048 ], [ 91.754405144000032, 22.374660549000055 ], [ 91.771657748000052, 22.260321356000077 ], [ 91.787119988000029, 22.237941799000055 ], [ 91.808929884000065, 22.236273505000042 ], [ 91.825938347000033, 22.248480536000045 ], [ 91.826345248000052, 22.267767645000049 ], [ 91.817230665000068, 22.27407461100006 ], [ 91.804535352000073, 22.278469143000052 ], [ 91.793955925000034, 22.286037502000056 ], [ 91.791351759000065, 22.301906643000052 ], [ 91.798594597000033, 22.311916408000059 ], [ 91.823252800000034, 22.324164130000042 ], [ 91.826345248000052, 22.329169012000079 ], [ 91.844004754000082, 22.334947007000039 ], [ 91.859141472000033, 22.346625067000048 ], [ 91.87045332100007, 22.358099677000041 ], [ 91.877452019000032, 22.363348700000074 ], [ 91.875743035000028, 22.371079820000091 ], [ 91.885508660000028, 22.409654039000088 ], [ 91.887705925000034, 22.424750067000048 ], [ 91.901866082000083, 22.424058335000041 ], [ 91.908050977000073, 22.424750067000048 ], [ 91.884938998000052, 22.35382721600007 ], [ 91.874034050000034, 22.336004950000074 ], [ 91.852386915000068, 22.325344143000052 ], [ 91.826508009000065, 22.318264065000051 ], [ 91.808848504000082, 22.306341864000046 ], [ 91.812022332000083, 22.281398830000057 ], [ 91.819183790000068, 22.275824286000045 ], [ 91.829844597000033, 22.271307684000078 ], [ 91.838389519000032, 22.263088283000059 ], [ 91.839854363000029, 22.246649481000077 ], [ 91.834727410000028, 22.237616278000075 ], [ 91.82585696700005, 22.230047919000071 ], [ 91.816905144000032, 22.220282294000071 ], [ 91.812022332000083, 22.205023505000042 ], [ 91.812998894000032, 22.18032461100006 ], [ 91.819346550000034, 22.155951239000046 ], [ 91.829112175000034, 22.134100653000075 ], [ 91.839854363000029, 22.116888739000046 ], [ 91.846039259000065, 22.116888739000046 ], [ 91.846039259000065, 22.135972398000035 ], [ 91.853282097000033, 22.14874909100007 ], [ 91.862071160000028, 22.150620835000041 ], [ 91.867198113000029, 22.137396552000041 ], [ 91.863942905000044, 22.139593817000048 ], [ 91.853526238000029, 22.143622137000079 ], [ 91.855235222000033, 22.109198309000078 ], [ 91.880869988000029, 22.007025458000044 ], [ 91.880869988000029, 21.969183661000045 ], [ 91.88404381600003, 21.960150458000044 ], [ 91.898203972000033, 21.944891669000071 ], [ 91.901215040000068, 21.935370184000078 ], [ 91.90560957100007, 21.895575262000079 ], [ 91.910329623000052, 21.874904690000051 ], [ 91.91570071700005, 21.862453518000052 ], [ 91.922129754000082, 21.871568101000037 ], [ 91.929942254000082, 21.878648179000038 ], [ 91.939219597000033, 21.883042710000041 ], [ 91.949717644000032, 21.884182033000059 ], [ 91.949717644000032, 21.876695054000038 ], [ 91.936289910000028, 21.870835679000038 ], [ 91.925547722000033, 21.862860419000071 ], [ 91.921641472000033, 21.853420315000051 ], [ 91.92937259200005, 21.843166408000059 ], [ 91.91138756600003, 21.83470286700009 ], [ 91.900889519000032, 21.813299872000073 ], [ 91.899261915000068, 21.789496161000045 ], [ 91.908702019000032, 21.781154690000051 ], [ 91.924082879000082, 21.785223700000074 ], [ 91.943695509000065, 21.791408596000053 ], [ 91.990000847000033, 21.794826565000051 ], [ 91.990000847000033, 21.787909247000073 ], [ 91.966563347000033, 21.778876044000071 ], [ 91.96029707100007, 21.763820705000057 ], [ 91.967295769000032, 21.755438544000071 ], [ 91.983897332000083, 21.766831773000035 ], [ 91.990000847000033, 21.759995835000041 ], [ 91.974782748000052, 21.746486721000053 ], [ 91.961924675000034, 21.743841864000046 ], [ 91.952972852000073, 21.738348700000074 ], [ 91.949717644000032, 21.715969143000052 ], [ 91.953623894000032, 21.701402085000041 ], [ 91.962657097000033, 21.689520575000074 ], [ 91.97193444100003, 21.68821849200009 ], [ 91.977061394000032, 21.70538971600007 ], [ 91.983897332000083, 21.70538971600007 ], [ 91.984222852000073, 21.693508205000057 ], [ 91.978851759000065, 21.677720445000091 ], [ 91.976084832000083, 21.662054755000042 ], [ 91.983897332000083, 21.650132554000038 ], [ 92.000743035000028, 21.649807033000059 ], [ 92.012380405000044, 21.664211330000057 ], [ 92.025401238000029, 21.698553778000075 ], [ 92.017914259000065, 21.698553778000075 ], [ 92.022146030000044, 21.701564846000053 ], [ 92.023936394000032, 21.704657294000071 ], [ 92.025401238000029, 21.712836005000042 ], [ 92.029307488000029, 21.704901434000078 ], [ 92.029307488000029, 21.696234442000048 ], [ 92.025563998000052, 21.687241929000038 ], [ 92.02279707100007, 21.676825262000079 ], [ 92.02857506600003, 21.674790757000039 ], [ 92.035899285000028, 21.668158270000049 ], [ 92.037771030000044, 21.659572658000059 ], [ 92.031748894000032, 21.650132554000038 ], [ 92.035817905000044, 21.640448309000078 ], [ 92.032969597000033, 21.633002020000049 ], [ 92.017914259000065, 21.616034247000073 ], [ 92.022146030000044, 21.599351304000038 ], [ 92.012461785000028, 21.58539459800005 ], [ 91.998545769000032, 21.573187567000048 ], [ 91.990000847000033, 21.561997789000088 ], [ 91.989756707000083, 21.543402411000045 ], [ 91.99537194100003, 21.522609768000052 ], [ 92.005381707000083, 21.504299221000053 ], [ 92.017914259000065, 21.493109442000048 ], [ 91.999034050000034, 21.499497789000088 ], [ 91.982920769000032, 21.488836981000077 ], [ 91.970876498000052, 21.470038153000075 ], [ 91.963389519000032, 21.452134507000039 ], [ 91.960134311000047, 21.454250393000052 ], [ 91.958832227000073, 21.454413153000075 ], [ 91.958018425000034, 21.455023505000042 ], [ 91.955902540000068, 21.458400783000059 ], [ 91.949717644000032, 21.458400783000059 ], [ 91.952972852000073, 21.441839911000045 ], [ 91.959727410000028, 21.423976955000057 ], [ 91.969411655000044, 21.40961334800005 ], [ 91.980479363000029, 21.40375397300005 ], [ 91.989756707000083, 21.394232489000046 ], [ 92.045258009000065, 21.29954661700009 ], [ 92.05046634200005, 21.280462958000044 ], [ 92.052256707000083, 21.256659247000073 ], [ 92.043955925000034, 21.19204336100006 ], [ 92.045420769000032, 21.170965887000079 ], [ 92.052500847000033, 21.154771226000037 ], [ 92.096853061000047, 21.105861721000053 ], [ 92.108083530000044, 21.089911200000074 ], [ 92.12435957100007, 21.060451565000051 ], [ 92.13412519600007, 21.04751211100006 ], [ 92.186289910000028, 21.005845445000091 ], [ 92.192881707000083, 20.995672919000071 ], [ 92.209727410000028, 20.930812893000052 ], [ 92.278086785000028, 20.814113674000055 ], [ 92.301036004000082, 20.762274481000077 ], [ 92.309092644000032, 20.753241278000075 ], [ 92.314219597000033, 20.749253648000035 ], [ 92.319346550000034, 20.742010809000078 ], [ 92.32553144600007, 20.738714911000045 ], [ 92.333994988000029, 20.74640534100007 ], [ 92.336273634000065, 20.757147528000075 ], [ 92.33326256600003, 20.767726955000057 ], [ 92.325938347000033, 20.780585028000075 ], [ 92.307627800000034, 20.833197333000044 ], [ 92.305430535000028, 20.851955471000053 ], [ 92.300629102000073, 20.862372137000079 ], [ 92.271983269000032, 20.903509833000044 ], [ 92.261485222000033, 20.940252997000073 ], [ 92.25709069100003, 20.98110586100006 ], [ 92.258555535000028, 21.022528387000079 ], [ 92.265147332000083, 21.061102606000077 ], [ 92.270518425000034, 21.049017645000049 ], [ 92.281016472000033, 20.959418036000045 ], [ 92.288096550000034, 20.943589585000041 ], [ 92.305430535000028, 20.917710679000038 ], [ 92.36068769600007, 20.766913153000075 ], [ 92.370860222000033, 20.72134023600006 ], [ 92.381114129000082, 20.700140692000048 ], [ 92.398203972000033, 20.691148179000038 ], [ 92.408457879000082, 20.687974351000037 ], [ 92.42896569100003, 20.673895575000074 ], [ 92.439219597000033, 20.670721747000073 ], [ 92.453623894000032, 20.668524481000077 ], [ 92.459646030000044, 20.662583726000037 ], [ 92.463226759000065, 20.653876044000071 ], [ 92.470550977000073, 20.643377997000073 ], [ 92.507009311000047, 20.609279690000051 ], [ 92.520030144000032, 20.589667059000078 ], [ 92.529144727000073, 20.543402411000045 ], [ 92.539886915000068, 20.527533270000049 ], [ 92.632578972000033, 20.446600653000075 ], [ 92.653168165000068, 20.41828034100007 ], [ 92.697113477000073, 20.308254299000055 ], [ 92.70630944100003, 20.292914130000042 ], [ 92.72388756600003, 20.271429755000042 ], [ 92.731211785000028, 20.259182033000059 ], [ 92.739268425000034, 20.279689846000053 ], [ 92.731211785000028, 20.382717190000051 ], [ 92.738454623000052, 20.42837148600006 ], [ 92.737478061000047, 20.44476959800005 ], [ 92.716970248000052, 20.499986070000091 ], [ 92.70826256600003, 20.578680731000077 ], [ 92.70443769600007, 20.589056708000044 ], [ 92.65943444100003, 20.652818101000037 ], [ 92.635020379000082, 20.69798411700009 ], [ 92.662852410000028, 20.679185289000088 ], [ 92.699554884000065, 20.619533596000053 ], [ 92.720713738000029, 20.592230536000045 ], [ 92.736582879000082, 20.56313711100006 ], [ 92.741709832000083, 20.529282945000091 ], [ 92.750987175000034, 20.498521226000037 ], [ 92.77898196700005, 20.478257554000038 ], [ 92.773448113000029, 20.47728099200009 ], [ 92.758555535000028, 20.47211334800005 ], [ 92.769297722000033, 20.455064195000091 ], [ 92.785329623000052, 20.462958075000074 ], [ 92.79656009200005, 20.48383209800005 ], [ 92.79265384200005, 20.506252346000053 ], [ 92.815277540000068, 20.504706122000073 ], [ 92.826914910000028, 20.495062567000048 ], [ 92.831553582000083, 20.478949286000045 ], [ 92.840505405000044, 20.390122789000088 ], [ 92.84693444100003, 20.377346096000053 ], [ 92.856618686000047, 20.367621161000045 ], [ 92.880707227000073, 20.349188544000071 ], [ 92.887705925000034, 20.340277411000045 ], [ 92.889659050000034, 20.333644924000055 ], [ 92.893321160000028, 20.32953522300005 ], [ 92.905284050000034, 20.328070380000042 ], [ 92.925303582000083, 20.327826239000046 ], [ 92.933929884000065, 20.325913804000038 ], [ 92.942881707000083, 20.321234442000048 ], [ 92.901215040000068, 20.30805084800005 ], [ 92.864024285000028, 20.300767320000091 ], [ 92.799489780000044, 20.259182033000059 ], [ 92.786631707000083, 20.245917059000078 ], [ 92.778168165000068, 20.231634833000044 ], [ 92.773610873000052, 20.216742255000042 ], [ 92.772146030000044, 20.20148346600007 ], [ 92.782969597000033, 20.189846096000053 ], [ 92.846690300000034, 20.143133856000077 ], [ 92.855235222000033, 20.130601304000038 ], [ 92.860362175000034, 20.124945380000042 ], [ 92.867686394000032, 20.122015692000048 ], [ 92.88054446700005, 20.123195705000057 ], [ 92.889414910000028, 20.127997137000079 ], [ 92.895030144000032, 20.133246161000045 ], [ 92.898448113000029, 20.135687567000048 ], [ 92.936045769000032, 20.211981512000079 ], [ 92.994802280000044, 20.286607164000088 ], [ 93.016286655000044, 20.32485586100006 ], [ 93.024912957000083, 20.368475653000075 ], [ 93.020030144000032, 20.424017645000049 ], [ 93.022634311000047, 20.452541408000059 ], [ 93.035655144000032, 20.475165106000077 ], [ 93.049082879000082, 20.491766669000071 ], [ 93.060313347000033, 20.513373114000046 ], [ 93.068695509000065, 20.535711981000077 ], [ 93.073252800000034, 20.554632880000042 ], [ 93.08562259200005, 20.532945054000038 ], [ 93.070567254000082, 20.496161200000074 ], [ 93.032237175000034, 20.43109772300005 ], [ 93.031016472000033, 20.409654039000088 ], [ 93.034190300000034, 20.38422272300005 ], [ 93.043223504000082, 20.364935614000046 ], [ 93.059580925000034, 20.362250067000048 ], [ 93.072520379000082, 20.376613674000055 ], [ 93.081879102000073, 20.416978257000039 ], [ 93.100433790000068, 20.43109772300005 ], [ 93.091319207000083, 20.381008205000057 ], [ 93.080821160000028, 20.358547268000052 ], [ 93.056162957000083, 20.349188544000071 ], [ 93.041270379000082, 20.332017320000091 ], [ 93.01880944100003, 20.25649648600006 ], [ 93.00123131600003, 20.239325262000079 ], [ 92.987478061000047, 20.186672268000052 ], [ 92.990489129000082, 20.15493398600006 ], [ 93.018565300000034, 20.149969794000071 ], [ 93.047373894000032, 20.167954820000091 ], [ 93.08920332100007, 20.210353908000059 ], [ 93.120941602000073, 20.21820709800005 ], [ 93.120941602000073, 20.211981512000079 ], [ 93.115489129000082, 20.202622789000088 ], [ 93.094248894000032, 20.149969794000071 ], [ 93.086924675000034, 20.149969794000071 ], [ 93.086680535000028, 20.156805731000077 ], [ 93.084971550000034, 20.161118882000039 ], [ 93.082692905000044, 20.165025132000039 ], [ 93.080088738000029, 20.170477606000077 ], [ 93.064707879000082, 20.14712148600006 ], [ 93.054453972000033, 20.134751695000091 ], [ 93.042491082000083, 20.129461981000077 ], [ 92.988291863000029, 20.124986070000091 ], [ 92.970225457000083, 20.129461981000077 ], [ 92.974131707000083, 20.117254950000074 ], [ 92.97592207100007, 20.087836005000042 ], [ 92.980723504000082, 20.077948309000078 ], [ 92.99154707100007, 20.067531643000052 ], [ 93.011729363000029, 20.040106512000079 ], [ 93.03842207100007, 20.012925523000035 ], [ 93.048675977000073, 19.994818427000041 ], [ 93.052744988000029, 19.968410549000055 ], [ 93.059418165000068, 19.951117255000042 ], [ 93.11264082100007, 19.874335028000075 ], [ 93.125010613000029, 19.846665757000039 ], [ 93.134532097000033, 19.834051825000074 ], [ 93.139414910000028, 19.831691799000055 ], [ 93.149180535000028, 19.828924872000073 ], [ 93.168793165000068, 19.807318427000041 ], [ 93.168955925000034, 19.809393622000073 ], [ 93.158946160000028, 19.82367584800005 ], [ 93.155772332000083, 19.827826239000046 ], [ 93.151133660000028, 19.830145575000074 ], [ 93.147308790000068, 19.833034572000088 ], [ 93.134532097000033, 19.84829336100006 ], [ 93.129893425000034, 19.862372137000079 ], [ 93.12435957100007, 19.893866278000075 ], [ 93.106130405000044, 19.930650132000039 ], [ 93.102061394000032, 19.964097398000035 ], [ 93.109141472000033, 19.993801174000055 ], [ 93.131521030000044, 20.00657786700009 ], [ 93.14812259200005, 19.994330145000049 ], [ 93.160655144000032, 19.96625397300005 ], [ 93.176280144000032, 19.916571356000077 ], [ 93.201426629000082, 19.862779039000088 ], [ 93.217621290000068, 19.837103583000044 ], [ 93.238291863000029, 19.820990302000041 ], [ 93.235850457000083, 19.847235419000071 ], [ 93.176280144000032, 19.957505601000037 ], [ 93.155772332000083, 20.026434637000079 ], [ 93.136729363000029, 20.05923086100006 ], [ 93.129893425000034, 20.075100002000056 ], [ 93.128428582000083, 20.094671942000048 ], [ 93.13607832100007, 20.081529039000088 ], [ 93.147471550000034, 20.070013739000046 ], [ 93.16138756600003, 20.060614325000074 ], [ 93.176280144000032, 20.053697007000039 ], [ 93.190277540000068, 20.064439195000091 ], [ 93.215179884000065, 20.05931224200009 ], [ 93.244639519000032, 20.049872137000079 ], [ 93.272471550000034, 20.04751211100006 ], [ 93.293955925000034, 20.054185289000088 ], [ 93.312754754000082, 20.065375067000048 ], [ 93.326508009000065, 20.081284898000035 ], [ 93.333832227000073, 20.10219961100006 ], [ 93.340668165000068, 20.10219961100006 ], [ 93.355967644000032, 20.038397528000075 ], [ 93.361827019000032, 20.026434637000079 ], [ 93.372080925000034, 20.030829169000071 ], [ 93.374522332000083, 20.050604559000078 ], [ 93.374847852000073, 20.08852773600006 ], [ 93.382334832000083, 20.08852773600006 ], [ 93.383962436000047, 20.064398505000042 ], [ 93.404470248000052, 20.012925523000035 ], [ 93.409678582000083, 19.98859284100007 ], [ 93.413584832000083, 19.977525132000039 ], [ 93.42318769600007, 19.965318101000037 ], [ 93.435313347000033, 19.95538971600007 ], [ 93.44654381600003, 19.951361395000049 ], [ 93.457041863000029, 19.954250393000052 ], [ 93.463226759000065, 19.961818752000056 ], [ 93.470469597000033, 19.984849351000037 ], [ 93.475433790000068, 19.979559637000079 ], [ 93.487315300000034, 19.970200914000088 ], [ 93.492198113000029, 19.964992580000057 ], [ 93.495860222000033, 19.977362372000073 ], [ 93.503428582000083, 19.986273505000042 ], [ 93.513682488000029, 19.993068752000056 ], [ 93.525645379000082, 19.999172268000052 ], [ 93.529551629000082, 19.992173570000091 ], [ 93.531911655000044, 19.984849351000037 ], [ 93.51685631600003, 19.98118724200009 ], [ 93.511973504000082, 19.970445054000038 ], [ 93.517100457000083, 19.958563544000071 ], [ 93.531911655000044, 19.951361395000049 ], [ 93.518321160000028, 19.939601955000057 ], [ 93.529063347000033, 19.930080471000053 ], [ 93.565928582000083, 19.916571356000077 ], [ 93.559580925000034, 19.912909247000073 ], [ 93.551605665000068, 19.905747789000088 ], [ 93.546722852000073, 19.902899481000077 ], [ 93.554698113000029, 19.893866278000075 ], [ 93.566742384000065, 19.885931708000044 ], [ 93.580739780000044, 19.881333726000037 ], [ 93.594004754000082, 19.882473049000055 ], [ 93.60084069100003, 19.888576565000051 ], [ 93.608409050000034, 19.906642971000053 ], [ 93.611338738000029, 19.910345770000049 ], [ 93.629161004000082, 19.909491278000075 ], [ 93.638194207000083, 19.910305080000057 ], [ 93.645518425000034, 19.913478908000059 ], [ 93.656504754000082, 19.916205145000049 ], [ 93.707530144000032, 19.916571356000077 ], [ 93.711599155000044, 19.919663804000038 ], [ 93.711680535000028, 19.933823960000041 ], [ 93.717539910000028, 19.937689520000049 ], [ 93.72624759200005, 19.936590887000079 ], [ 93.73365319100003, 19.932114976000037 ], [ 93.740000847000033, 19.925116278000075 ], [ 93.74537194100003, 19.916571356000077 ], [ 93.730479363000029, 19.914292710000041 ], [ 93.725596550000034, 19.905585028000075 ], [ 93.728770379000082, 19.893784898000035 ], [ 93.738047722000033, 19.882473049000055 ], [ 93.703949415000068, 19.885199286000045 ], [ 93.679942254000082, 19.883368231000077 ], [ 93.660655144000032, 19.870835679000038 ], [ 93.606455925000034, 19.796128648000035 ], [ 93.601410352000073, 19.783433335000041 ], [ 93.601410352000073, 19.718573309000078 ], [ 93.615570509000065, 19.723863023000035 ], [ 93.623301629000082, 19.733587958000044 ], [ 93.635508660000028, 19.759507554000038 ], [ 93.636241082000083, 19.73501211100006 ], [ 93.648448113000029, 19.725165106000077 ], [ 93.693532748000052, 19.724798895000049 ], [ 93.70248457100007, 19.734361070000091 ], [ 93.708832227000073, 19.753810940000051 ], [ 93.72193444100003, 19.76898834800005 ], [ 93.75163821700005, 19.765692450000074 ], [ 93.74187259200005, 19.754055080000057 ], [ 93.718760613000029, 19.74359772300005 ], [ 93.711273634000065, 19.731634833000044 ], [ 93.709483269000032, 19.71352773600006 ], [ 93.713145379000082, 19.697658596000053 ], [ 93.720957879000082, 19.685288804000038 ], [ 93.731211785000028, 19.677639065000051 ], [ 93.76107832100007, 19.674872137000079 ], [ 93.783864780000044, 19.691107489000046 ], [ 93.799164259000065, 19.717718817000048 ], [ 93.806813998000052, 19.745835679000038 ], [ 93.813161655000044, 19.739488023000035 ], [ 93.82740319100003, 19.718573309000078 ], [ 93.816172722000033, 19.703355210000041 ], [ 93.802500847000033, 19.688869533000059 ], [ 93.794444207000083, 19.673570054000038 ], [ 93.80005944100003, 19.656480210000041 ], [ 93.77865644600007, 19.662502346000053 ], [ 93.756114129000082, 19.661078192000048 ], [ 93.738454623000052, 19.651353257000039 ], [ 93.731211785000028, 19.632554429000038 ], [ 93.73959394600007, 19.61749909100007 ], [ 93.777191602000073, 19.603094794000071 ], [ 93.785655144000032, 19.591294664000088 ], [ 93.794444207000083, 19.571234442000048 ], [ 93.814707879000082, 19.55304596600007 ], [ 93.855235222000033, 19.52680084800005 ], [ 93.88209069100003, 19.501898505000042 ], [ 93.892425977000073, 19.498846747000073 ], [ 93.916026238000029, 19.498928127000056 ], [ 93.926768425000034, 19.497015692000048 ], [ 93.937266472000033, 19.492010809000078 ], [ 93.91920006600003, 19.484279690000051 ], [ 93.914561394000032, 19.472805080000057 ], [ 93.923838738000029, 19.462388414000088 ], [ 93.947113477000073, 19.457912502000056 ], [ 93.978363477000073, 19.463771877000056 ], [ 93.984385613000029, 19.464056708000044 ], [ 93.991058790000068, 19.457180080000057 ], [ 93.990244988000029, 19.449652411000045 ], [ 93.984385613000029, 19.437445380000042 ], [ 93.988047722000033, 19.40493398600006 ], [ 93.987315300000034, 19.386704820000091 ], [ 93.980967644000032, 19.372259833000044 ], [ 93.963877800000034, 19.348049221000053 ], [ 93.961436394000032, 19.346136786000045 ], [ 93.953135613000029, 19.343451239000046 ], [ 93.950205925000034, 19.341782945000091 ], [ 93.949066602000073, 19.337591864000046 ], [ 93.950938347000033, 19.325262762000079 ], [ 93.950205925000034, 19.320705471000053 ], [ 93.929942254000082, 19.299750067000048 ], [ 93.865489129000082, 19.254095770000049 ], [ 93.834239129000082, 19.238185940000051 ], [ 93.796885613000029, 19.235174872000073 ], [ 93.754649285000028, 19.247137762000079 ], [ 93.722911004000082, 19.268459377000056 ], [ 93.717539910000028, 19.293402411000045 ], [ 93.687510613000029, 19.296698309000078 ], [ 93.66529381600003, 19.305609442000048 ], [ 93.621348504000082, 19.334377346000053 ], [ 93.636973504000082, 19.34906647300005 ], [ 93.631114129000082, 19.372300523000035 ], [ 93.611338738000029, 19.403265692000048 ], [ 93.577159050000034, 19.403265692000048 ], [ 93.56804446700005, 19.406724351000037 ], [ 93.56381269600007, 19.414740302000041 ], [ 93.560394727000073, 19.423814195000091 ], [ 93.552989129000082, 19.430568752000056 ], [ 93.530121290000068, 19.432074286000045 ], [ 93.507823113000029, 19.42259349200009 ], [ 93.490896030000044, 19.407619533000059 ], [ 93.484141472000033, 19.392726955000057 ], [ 93.483246290000068, 19.350653387000079 ], [ 93.487071160000028, 19.333726304000038 ], [ 93.497813347000033, 19.31391022300005 ], [ 93.556407097000033, 19.238185940000051 ], [ 93.567149285000028, 19.23110586100006 ], [ 93.594004754000082, 19.176703192000048 ], [ 93.607432488000029, 19.162258205000057 ], [ 93.642344597000033, 19.13422272300005 ], [ 93.649180535000028, 19.118638414000088 ], [ 93.650889519000032, 19.108791408000059 ], [ 93.655039910000028, 19.097072658000059 ], [ 93.660411004000082, 19.085760809000078 ], [ 93.666270379000082, 19.077378648000035 ], [ 93.670909050000034, 19.066880601000037 ], [ 93.667735222000033, 19.043931382000039 ], [ 93.669688347000033, 19.032700914000088 ], [ 93.678884311000047, 19.019598700000074 ], [ 93.686045769000032, 19.01821523600006 ], [ 93.693532748000052, 19.020575262000079 ], [ 93.703868035000028, 19.018459377000056 ], [ 93.714854363000029, 19.010199286000045 ], [ 93.721202019000032, 19.001288153000075 ], [ 93.726735873000052, 18.991766669000071 ], [ 93.734629754000082, 18.98118724200009 ], [ 93.750254754000082, 18.970404364000046 ], [ 93.793955925000034, 18.953924872000073 ], [ 93.81373131600003, 18.94399648600006 ], [ 93.865733269000032, 18.895493882000039 ], [ 93.907399936000047, 18.881781317000048 ], [ 93.920258009000065, 18.867377020000049 ], [ 93.930430535000028, 18.858628648000035 ], [ 93.944102410000028, 18.868231512000079 ], [ 93.941905144000032, 18.86985911700009 ], [ 93.93913821700005, 18.876206773000035 ], [ 93.93718509200005, 18.883775132000039 ], [ 93.937266472000033, 18.889349677000041 ], [ 93.939300977000073, 18.890529690000051 ], [ 93.947927280000044, 18.894232489000046 ], [ 93.950205925000034, 18.895493882000039 ], [ 93.97388756600003, 18.922796942000048 ], [ 93.977549675000034, 18.933417059000078 ], [ 93.978688998000052, 18.941595770000049 ], [ 93.983409050000034, 18.956691799000055 ], [ 93.984385613000029, 18.967840887000079 ], [ 93.981211785000028, 18.980658270000049 ], [ 93.96452884200005, 19.001044012000079 ], [ 93.957774285000028, 19.012193101000037 ], [ 93.95248457100007, 19.032049872000073 ], [ 93.950205925000034, 19.098211981000077 ], [ 93.95240319100003, 19.109849351000037 ], [ 93.955577019000032, 19.118312893000052 ], [ 93.955414259000065, 19.126898505000042 ], [ 93.947113477000073, 19.139146226000037 ], [ 93.914886915000068, 19.169582424000055 ], [ 93.909922722000033, 19.176703192000048 ], [ 93.910411004000082, 19.190985419000071 ], [ 93.916026238000029, 19.203924872000073 ], [ 93.92546634200005, 19.210272528000075 ], [ 93.937266472000033, 19.204657294000071 ], [ 93.941172722000033, 19.194973049000055 ], [ 93.94263756600003, 19.169907945000091 ], [ 93.947113477000073, 19.159654039000088 ], [ 93.973480665000068, 19.146307684000078 ], [ 93.994395379000082, 19.159084377000056 ], [ 94.010427280000044, 19.17999909100007 ], [ 94.022227410000028, 19.190985419000071 ], [ 94.033376498000052, 19.20453522300005 ], [ 94.033213738000029, 19.23509349200009 ], [ 94.025238477000073, 19.28656647300005 ], [ 94.03060957100007, 19.315904039000088 ], [ 94.056976759000065, 19.363348700000074 ], [ 94.066905144000032, 19.38898346600007 ], [ 94.07390384200005, 19.373846747000073 ], [ 94.06967207100007, 19.350897528000075 ], [ 94.05990644600007, 19.329901434000078 ], [ 94.049978061000047, 19.320705471000053 ], [ 94.045909050000034, 19.304673570000091 ], [ 94.053233269000032, 19.221380927000041 ], [ 94.050547722000033, 19.208319403000075 ], [ 94.037364129000082, 19.181870835000041 ], [ 94.032725457000026, 19.169256903000075 ], [ 94.031911655000044, 19.153998114000046 ], [ 94.037852410000028, 19.13226959800005 ], [ 94.039073113000029, 19.122056382000039 ], [ 94.03443444100003, 19.105861721000053 ], [ 94.029063347000033, 19.095404364000046 ], [ 94.03052819100003, 19.087958075000074 ], [ 94.04656009200005, 19.081122137000079 ], [ 94.056651238000029, 19.080959377000056 ], [ 94.080088738000029, 19.08734772300005 ], [ 94.094248894000032, 19.08734772300005 ], [ 94.086924675000034, 19.080511786000045 ], [ 94.060069207000026, 19.063706773000035 ], [ 94.061696811000047, 19.057074286000045 ], [ 94.064463738000029, 19.049383856000077 ], [ 94.06609134200005, 19.042873440000051 ], [ 94.063487175000034, 19.040187893000052 ], [ 94.053233269000032, 19.022162177000041 ], [ 94.051036004000082, 19.014593817000048 ], [ 94.041188998000052, 18.997626044000071 ], [ 94.039073113000029, 18.984930731000077 ], [ 94.04037519600007, 18.971177476000037 ], [ 94.053233269000032, 18.936509507000039 ], [ 94.036631707000026, 18.918036200000074 ], [ 94.032074415000068, 18.888576565000051 ], [ 94.038096550000034, 18.859116929000038 ], [ 94.053233269000032, 18.840887762000079 ], [ 94.057139519000032, 18.843736070000091 ], [ 94.066905144000032, 18.848334052000041 ], [ 94.078461134000065, 18.833075262000079 ], [ 94.098399285000028, 18.82172272300005 ], [ 94.119639519000032, 18.816636460000041 ], [ 94.135101759000065, 18.820461330000057 ], [ 94.133311394000032, 18.831854559000078 ], [ 94.133555535000028, 18.846502997000073 ], [ 94.138194207000026, 18.86009349200009 ], [ 94.148936394000032, 18.868231512000079 ], [ 94.147308790000068, 18.839829820000091 ], [ 94.153086785000028, 18.82103099200009 ], [ 94.18295332100007, 18.785630601000037 ], [ 94.212412957000026, 18.741848049000055 ], [ 94.228037957000026, 18.735541083000044 ], [ 94.252452019000032, 18.752142645000049 ], [ 94.263682488000029, 18.745510158000059 ], [ 94.279307488000029, 18.738511460000041 ], [ 94.211599155000044, 18.725531317000048 ], [ 94.174571160000028, 18.725043036000045 ], [ 94.156423373000052, 18.738511460000041 ], [ 94.148936394000032, 18.738511460000041 ], [ 94.148936394000032, 18.731024481000077 ], [ 94.248789910000028, 18.638861395000049 ], [ 94.252940300000034, 18.627997137000079 ], [ 94.262217644000032, 18.545111395000049 ], [ 94.258962436000047, 18.535711981000077 ], [ 94.244965040000068, 18.539252020000049 ], [ 94.258962436000047, 18.509019273000092 ], [ 94.279633009000065, 18.480210679000038 ], [ 94.331065300000034, 18.425970770000049 ], [ 94.33920332100007, 18.410223700000074 ], [ 94.344004754000082, 18.39126211100006 ], [ 94.350596550000034, 18.375230210000041 ], [ 94.365489129000082, 18.36859772300005 ], [ 94.389659050000034, 18.362697658000059 ], [ 94.399587436000047, 18.348211981000077 ], [ 94.405284050000034, 18.330308335000041 ], [ 94.417002800000034, 18.313950914000088 ], [ 94.409027540000068, 18.308823960000041 ], [ 94.396983269000032, 18.291449286000045 ], [ 94.389170769000032, 18.286037502000056 ], [ 94.37859134200005, 18.287095445000091 ], [ 94.365896030000044, 18.298570054000038 ], [ 94.350271030000044, 18.292914130000042 ], [ 94.33920332100007, 18.305975653000075 ], [ 94.331065300000034, 18.303127346000053 ], [ 94.327972852000073, 18.295111395000049 ], [ 94.326182488000029, 18.281642971000053 ], [ 94.32585696700005, 18.267726955000057 ], [ 94.327647332000026, 18.258734442000048 ], [ 94.341563347000033, 18.24750397300005 ], [ 94.36060631600003, 18.246079820000091 ], [ 94.406504754000082, 18.251288153000075 ], [ 94.422862175000034, 18.24249909100007 ], [ 94.430186394000032, 18.222154039000088 ], [ 94.43677819100003, 18.18235911700009 ], [ 94.44109134200005, 18.17641836100006 ], [ 94.452321811000047, 18.165106512000079 ], [ 94.457855665000068, 18.15570709800005 ], [ 94.46062259200005, 18.144191799000055 ], [ 94.46062259200005, 18.132798570000091 ], [ 94.461924675000034, 18.121771552000041 ], [ 94.480967644000032, 18.094224351000037 ], [ 94.490570509000065, 18.072495835000041 ], [ 94.494883660000028, 18.048814195000091 ], [ 94.492198113000029, 18.025946356000077 ], [ 94.48178144600007, 18.015204169000071 ], [ 94.45085696700005, 18.002427476000037 ], [ 94.444346550000034, 17.988104559000078 ], [ 94.447438998000052, 17.973334052000041 ], [ 94.483409050000034, 17.902289130000042 ], [ 94.48951256600003, 17.876206773000092 ], [ 94.492198113000029, 17.816799221000053 ], [ 94.501719597000033, 17.786607164000088 ], [ 94.543955925000034, 17.748032945000091 ], [ 94.553477410000028, 17.727362372000073 ], [ 94.556895379000082, 17.682440497000073 ], [ 94.562998894000032, 17.661688544000071 ], [ 94.573985222000033, 17.641791083000044 ], [ 94.58952884200005, 17.62641022300005 ], [ 94.595225457000026, 17.615464585000041 ], [ 94.59107506600003, 17.604193427000041 ], [ 94.590668165000068, 17.593247789000088 ], [ 94.609222852000073, 17.559556382000039 ], [ 94.615000847000033, 17.54555898600006 ], [ 94.59701582100007, 17.557766018000052 ], [ 94.576914910000028, 17.576239325000074 ], [ 94.560313347000033, 17.582098700000074 ], [ 94.553477410000028, 17.556382554000038 ], [ 94.553884311000047, 17.54360586100006 ], [ 94.555430535000028, 17.538397528000075 ], [ 94.559336785000028, 17.532904364000046 ], [ 94.566579623000052, 17.518866278000075 ], [ 94.570323113000029, 17.505194403000075 ], [ 94.570078972000033, 17.493963934000078 ], [ 94.566579623000052, 17.476629950000074 ], [ 94.56771894600007, 17.462876695000091 ], [ 94.576833530000044, 17.358343817000048 ], [ 94.594493035000028, 17.292303778000075 ], [ 94.584483269000032, 17.303290106000077 ], [ 94.572520379000082, 17.311102606000077 ], [ 94.559336785000028, 17.316310940000051 ], [ 94.54615319100003, 17.319647528000075 ], [ 94.545420769000032, 17.296087958000044 ], [ 94.533213738000029, 17.290350653000075 ], [ 94.51889082100007, 17.288153387000079 ], [ 94.511973504000082, 17.275213934000078 ], [ 94.508636915000068, 17.230129299000055 ], [ 94.511973504000082, 17.217189846000053 ], [ 94.517832879000082, 17.212551174000055 ], [ 94.52662194100003, 17.209418036000045 ], [ 94.535004102000073, 17.205145575000074 ], [ 94.539886915000068, 17.19672272300005 ], [ 94.537852410000028, 17.187404690000051 ], [ 94.530446811000047, 17.18195221600007 ], [ 94.522471550000034, 17.177801825000074 ], [ 94.51880944100003, 17.17251211100006 ], [ 94.510915561000047, 17.169012762000079 ], [ 94.464691602000073, 17.189276434000078 ], [ 94.45435631600003, 17.180080471000053 ], [ 94.452647332000026, 17.166205145000049 ], [ 94.457774285000028, 17.15375397300005 ], [ 94.48568769600007, 17.141017971000053 ], [ 94.488780144000032, 17.124212958000044 ], [ 94.484141472000033, 17.105698960000041 ], [ 94.478363477000073, 17.093085028000075 ], [ 94.461924675000034, 17.069647528000075 ], [ 94.457855665000068, 17.059556382000039 ], [ 94.45671634200005, 17.050604559000078 ], [ 94.457774285000028, 16.982896226000037 ], [ 94.453868035000028, 16.965236721000053 ], [ 94.444346550000034, 16.949652411000045 ], [ 94.464691602000073, 16.949652411000045 ], [ 94.435313347000033, 16.910142320000091 ], [ 94.42318769600007, 16.901271877000056 ], [ 94.411875847000033, 16.90070221600007 ], [ 94.400645379000082, 16.904445705000057 ], [ 94.390635613000029, 16.906642971000053 ], [ 94.382334832000026, 16.901271877000056 ], [ 94.378916863000029, 16.886948960000041 ], [ 94.383474155000044, 16.872015692000048 ], [ 94.396494988000029, 16.846625067000048 ], [ 94.400645379000082, 16.830633856000077 ], [ 94.402679884000065, 16.788275458000044 ], [ 94.398448113000029, 16.775783596000053 ], [ 94.379649285000028, 16.755357164000088 ], [ 94.375498894000032, 16.740790106000077 ], [ 94.373383009000065, 16.729315497000073 ], [ 94.364431186000047, 16.701117255000042 ], [ 94.362315300000034, 16.68585846600007 ], [ 94.361989780000044, 16.63548411700009 ], [ 94.352061394000032, 16.61859772300005 ], [ 94.327647332000026, 16.606431382000039 ], [ 94.327647332000026, 16.60024648600006 ], [ 94.346202019000032, 16.59243398600006 ], [ 94.34896894600007, 16.578111070000091 ], [ 94.341319207000026, 16.548407294000071 ], [ 94.331065300000034, 16.528631903000075 ], [ 94.308604363000029, 16.527777411000045 ], [ 94.27312259200005, 16.538153387000079 ], [ 94.268321160000028, 16.527492580000057 ], [ 94.27312259200005, 16.466498114000046 ], [ 94.258636915000068, 16.38735586100006 ], [ 94.254079623000052, 16.379461981000077 ], [ 94.241709832000026, 16.366034247000073 ], [ 94.238129102000073, 16.360663153000075 ], [ 94.235362175000034, 16.34837474200009 ], [ 94.237803582000026, 16.273138739000046 ], [ 94.215098504000082, 16.15766022300005 ], [ 94.209239129000082, 16.044501044000071 ], [ 94.209808790000068, 16.028998114000046 ], [ 94.214610222000033, 16.014797268000052 ], [ 94.23951256600003, 15.976304429000038 ], [ 94.251475457000026, 15.968451239000046 ], [ 94.265635613000029, 15.975083726000037 ], [ 94.286631707000026, 15.99750397300005 ], [ 94.300791863000029, 15.989732164000088 ], [ 94.321462436000047, 15.989935614000046 ], [ 94.340017123000052, 15.996242580000057 ], [ 94.347992384000065, 16.007147528000075 ], [ 94.351328972000033, 16.034369208000044 ], [ 94.36060631600003, 16.049261786000045 ], [ 94.375743035000028, 16.056057033000059 ], [ 94.396494988000029, 16.058986721000053 ], [ 94.428070509000065, 16.074164130000042 ], [ 94.455577019000032, 16.105617580000057 ], [ 94.507009311000047, 16.189601955000057 ], [ 94.513194207000026, 16.205145575000074 ], [ 94.517344597000033, 16.223944403000075 ], [ 94.51880944100003, 16.247381903000075 ], [ 94.515635613000029, 16.287258205000057 ], [ 94.52116946700005, 16.295477606000077 ], [ 94.539886915000068, 16.291693427000041 ], [ 94.547618035000028, 16.28656647300005 ], [ 94.55404707100007, 16.279730536000045 ], [ 94.562022332000026, 16.27374909100007 ], [ 94.573985222000033, 16.271307684000078 ], [ 94.58366946700005, 16.27484772300005 ], [ 94.592539910000028, 16.28351471600007 ], [ 94.59888756600003, 16.293646552000041 ], [ 94.60670006600003, 16.325995184000078 ], [ 94.618174675000034, 16.342027085000041 ], [ 94.629730665000068, 16.344183661000045 ], [ 94.635508660000028, 16.32648346600007 ], [ 94.615000847000033, 16.285549221000053 ], [ 94.592621290000068, 16.25922272300005 ], [ 94.582041863000029, 16.243475653000075 ], [ 94.583994988000029, 16.236517645000049 ], [ 94.60670006600003, 16.243109442000048 ], [ 94.627940300000034, 16.260199286000045 ], [ 94.643728061000047, 16.28351471600007 ], [ 94.64975019600007, 16.308823960000041 ], [ 94.655121290000068, 16.322699286000045 ], [ 94.678477410000028, 16.348537502000056 ], [ 94.683848504000082, 16.364081122000073 ], [ 94.683848504000082, 16.422064520000049 ], [ 94.670176629000082, 16.509670315000051 ], [ 94.67701256600003, 16.53196849200009 ], [ 94.683929884000065, 16.510809637000079 ], [ 94.697276238000029, 16.508368231000077 ], [ 94.732269727000073, 16.524562893000052 ], [ 94.731618686000047, 16.510199286000045 ], [ 94.725433790000068, 16.505113023000092 ], [ 94.717295769000032, 16.502915757000039 ], [ 94.710703972000033, 16.497219143000052 ], [ 94.706228061000047, 16.484442450000074 ], [ 94.705821160000028, 16.473089911000045 ], [ 94.721690300000034, 16.378485419000071 ], [ 94.732269727000073, 16.36749909100007 ], [ 94.732269727000073, 16.360663153000075 ], [ 94.720550977000073, 16.362127997000073 ], [ 94.710703972000033, 16.360337632000039 ], [ 94.704925977000073, 16.353216864000046 ], [ 94.685313347000033, 16.291978257000039 ], [ 94.673594597000033, 16.274725653000075 ], [ 94.665212436000047, 16.257635809000078 ], [ 94.668711785000028, 16.24087148600006 ], [ 94.683848504000082, 16.209173895000049 ], [ 94.686696811000047, 16.165350653000075 ], [ 94.678884311000047, 16.121283270000049 ], [ 94.66334069100003, 16.079982815000051 ], [ 94.642344597000033, 16.044663804000038 ], [ 94.588715040000068, 15.996242580000057 ], [ 94.562347852000073, 15.961859442000048 ], [ 94.566579623000052, 15.935492255000042 ], [ 94.589854363000029, 15.931586005000042 ], [ 94.614756707000026, 15.94367096600007 ], [ 94.671397332000026, 15.996568101000037 ], [ 94.689219597000033, 16.007310289000088 ], [ 94.705332879000082, 16.020656643000052 ], [ 94.71802819100003, 16.044663804000038 ], [ 94.725433790000068, 16.06391022300005 ], [ 94.752207879000082, 16.107407945000091 ], [ 94.765961134000065, 16.139471747000073 ], [ 94.775157097000033, 16.151556708000044 ], [ 94.793711785000028, 16.162014065000051 ], [ 94.79265384200005, 16.14789459800005 ], [ 94.785166863000029, 16.139634507000039 ], [ 94.77662194100003, 16.134914455000057 ], [ 94.77271569100003, 16.131008205000057 ], [ 94.771983269000032, 16.110988674000055 ], [ 94.769786004000082, 16.10228099200009 ], [ 94.765879754000082, 16.093166408000059 ], [ 94.758067254000082, 16.08344147300005 ], [ 94.749034050000034, 16.075669664000088 ], [ 94.741709832000026, 16.067287502000056 ], [ 94.732269727000073, 16.017401434000078 ], [ 94.703135613000029, 15.982367255000042 ], [ 94.665537957000026, 15.957912502000056 ], [ 94.628672722000033, 15.939154364000046 ], [ 94.601328972000033, 15.921210028000075 ], [ 94.610199415000068, 15.904974677000041 ], [ 94.62240644600007, 15.891546942000048 ], [ 94.632823113000029, 15.889715887000079 ], [ 94.635508660000028, 15.908148505000042 ], [ 94.644541863000029, 15.887111721000053 ], [ 94.648936394000032, 15.86859772300005 ], [ 94.658702019000032, 15.854478257000039 ], [ 94.683848504000082, 15.846747137000079 ], [ 94.703868035000028, 15.848456122000073 ], [ 94.721202019000032, 15.856675523000092 ], [ 94.735199415000068, 15.868394273000092 ], [ 94.74537194100003, 15.880845445000091 ], [ 94.774180535000028, 15.943345445000091 ], [ 94.786875847000033, 15.962144273000092 ], [ 94.846202019000032, 15.999986070000091 ], [ 94.855235222000033, 16.01398346600007 ], [ 94.856455925000034, 16.018500067000048 ], [ 94.869395379000082, 16.040961005000042 ], [ 94.867686394000032, 16.045314846000053 ], [ 94.864024285000028, 16.049627997000073 ], [ 94.862071160000028, 16.055609442000048 ], [ 94.859873894000032, 16.065415757000039 ], [ 94.850596550000034, 16.085760809000078 ], [ 94.848399285000028, 16.096502997000073 ], [ 94.849457227000073, 16.139797268000052 ], [ 94.854665561000047, 16.160223700000074 ], [ 94.865733269000032, 16.168890692000048 ], [ 94.86841881600003, 16.173895575000074 ], [ 94.893077019000032, 16.205755927000041 ], [ 94.902517123000052, 16.20962148600006 ], [ 94.924652540000068, 16.208807684000078 ], [ 94.942881707000026, 16.216376044000071 ], [ 94.966970248000052, 16.220404364000046 ], [ 94.97193444100003, 16.226548570000091 ], [ 94.974782748000052, 16.231512762000079 ], [ 94.988047722000033, 16.244370835000041 ], [ 94.992442254000082, 16.250799872000073 ], [ 94.986827019000032, 16.232245184000078 ], [ 94.975108269000032, 16.214341539000088 ], [ 94.959239129000082, 16.200873114000046 ], [ 94.940928582000026, 16.195542710000041 ], [ 94.91732832100007, 16.192368882000039 ], [ 94.90007571700005, 16.183783270000049 ], [ 94.887054884000065, 16.170803127000056 ], [ 94.86841881600003, 16.14203522300005 ], [ 94.863129102000073, 16.127752997000073 ], [ 94.863536004000082, 16.112372137000079 ], [ 94.88021894600007, 16.079982815000051 ], [ 94.884532097000033, 16.036037502000056 ], [ 94.889333530000044, 16.017401434000078 ], [ 94.924082879000082, 16.03851959800005 ], [ 94.920664910000028, 16.018622137000079 ], [ 94.907237175000034, 16.006048895000049 ], [ 94.889496290000068, 15.99945709800005 ], [ 94.872569207000026, 15.99750397300005 ], [ 94.862803582000026, 15.991766669000071 ], [ 94.850352410000028, 15.978094794000071 ], [ 94.839610222000033, 15.962062893000052 ], [ 94.834727410000028, 15.949164130000042 ], [ 94.835948113000029, 15.936672268000052 ], [ 94.848399285000028, 15.908148505000042 ], [ 94.850108269000032, 15.895453192000048 ], [ 94.848399285000028, 15.863755601000037 ], [ 94.85320071700005, 15.840277411000045 ], [ 94.863942905000044, 15.844142971000053 ], [ 94.882578972000033, 15.867173570000091 ], [ 94.887705925000034, 15.864203192000048 ], [ 94.892832879000082, 15.856634833000044 ], [ 94.896332227000073, 15.847398179000038 ], [ 94.896739129000082, 15.839260158000059 ], [ 94.890391472000033, 15.827053127000056 ], [ 94.88054446700005, 15.820379950000074 ], [ 94.869313998000052, 15.815497137000079 ], [ 94.85865319100003, 15.808823960000041 ], [ 94.846853061000047, 15.790594794000071 ], [ 94.85865319100003, 15.782619533000059 ], [ 94.90357506600003, 15.777818101000037 ], [ 94.937754754000082, 15.764146226000037 ], [ 94.949961785000028, 15.762640692000048 ], [ 94.975596550000034, 15.764146226000037 ], [ 94.980723504000082, 15.766831773000092 ], [ 94.986175977000073, 15.773342190000051 ], [ 94.990489129000082, 15.781236070000091 ], [ 94.992442254000082, 15.788397528000075 ], [ 94.997569207000026, 15.795314846000053 ], [ 95.009938998000052, 15.799302476000037 ], [ 95.023773634000065, 15.80219147300005 ], [ 95.033946160000028, 15.805731512000079 ], [ 95.046885613000029, 15.822088934000078 ], [ 95.055023634000065, 15.846136786000045 ], [ 95.072927280000044, 15.970648505000042 ], [ 95.073741082000026, 15.99750397300005 ], [ 95.067881707000026, 16.048325914000088 ], [ 95.070567254000082, 16.07485586100006 ], [ 95.094004754000082, 16.093654690000051 ], [ 95.121592644000032, 16.131659247000073 ], [ 95.128916863000029, 16.148382880000042 ], [ 95.135752800000034, 16.148382880000042 ], [ 95.142425977000073, 16.134833075000074 ], [ 95.148692254000082, 16.132025458000044 ], [ 95.15552819100003, 16.134019273000092 ], [ 95.163096550000034, 16.134711005000042 ], [ 95.178477410000028, 16.139960028000075 ], [ 95.183604363000029, 16.14093659100007 ], [ 95.18881269600007, 16.138820705000057 ], [ 95.193695509000065, 16.129380601000037 ], [ 95.200694207000026, 16.12726471600007 ], [ 95.21225019600007, 16.126532294000071 ], [ 95.222504102000073, 16.124172268000052 ], [ 95.22592207100007, 16.119940497000073 ], [ 95.217621290000068, 16.11359284100007 ], [ 95.207204623000052, 16.111558335000041 ], [ 95.173594597000033, 16.11359284100007 ], [ 95.13795006600003, 16.10032786700009 ], [ 95.110199415000068, 16.067450262000079 ], [ 95.097666863000029, 16.025132554000038 ], [ 95.107758009000065, 15.983872789000088 ], [ 95.128916863000029, 16.03851959800005 ], [ 95.137543165000068, 16.006659247000073 ], [ 95.115244988000029, 15.893947658000059 ], [ 95.116221550000034, 15.855292059000078 ], [ 95.125743035000028, 15.817613023000092 ], [ 95.144541863000029, 15.789129950000074 ], [ 95.173594597000033, 15.777818101000037 ], [ 95.212738477000073, 15.78656647300005 ], [ 95.224375847000033, 15.810126044000071 ], [ 95.217621290000068, 15.884263414000088 ], [ 95.22396894600007, 15.91860586100006 ], [ 95.239024285000028, 15.950344143000052 ], [ 95.272959832000026, 16.003729559000078 ], [ 95.275889519000032, 15.970648505000042 ], [ 95.262705925000034, 15.940904039000088 ], [ 95.246104363000029, 15.915228583000044 ], [ 95.238780144000032, 15.893947658000059 ], [ 95.25163821700005, 15.868231512000079 ], [ 95.27475019600007, 15.876450914000088 ], [ 95.297129754000082, 15.90298086100006 ], [ 95.31185957100007, 15.947088934000078 ], [ 95.341807488000029, 15.983872789000088 ], [ 95.345713738000029, 15.996486721000053 ], [ 95.348643425000034, 16.041571356000077 ], [ 95.345550977000073, 16.06085846600007 ], [ 95.331797722000033, 16.091050523000092 ], [ 95.32748457100007, 16.107407945000091 ], [ 95.330251498000052, 16.119940497000073 ], [ 95.338226759000065, 16.129868882000039 ], [ 95.347911004000082, 16.138820705000057 ], [ 95.355479363000029, 16.148382880000042 ], [ 95.361582879000082, 16.148382880000042 ], [ 95.356618686000047, 16.129136460000041 ], [ 95.349619988000029, 16.116929429000038 ], [ 95.345469597000033, 16.104966539000088 ], [ 95.348643425000034, 16.086330471000053 ], [ 95.363617384000065, 16.054510809000078 ], [ 95.36850019600007, 16.038804429000038 ], [ 95.369151238000029, 16.017401434000078 ], [ 95.364268425000034, 15.984564520000049 ], [ 95.35474694100003, 15.951361395000049 ], [ 95.338552280000044, 15.922023830000057 ], [ 95.313975457000026, 15.90070221600007 ], [ 95.31771894600007, 15.884182033000059 ], [ 95.312673373000052, 15.866522528000075 ], [ 95.302256707000026, 15.852484442000048 ], [ 95.29029381600003, 15.846747137000079 ], [ 95.28256269600007, 15.838324286000045 ], [ 95.287933790000068, 15.740139065000051 ], [ 95.294444207000026, 15.727850653000075 ], [ 95.310557488000029, 15.723211981000077 ], [ 95.374196811000047, 15.715033270000049 ], [ 95.396494988000029, 15.716376044000071 ], [ 95.415782097000033, 15.72296784100007 ], [ 95.431976759000065, 15.733628648000092 ], [ 95.461599155000044, 15.760728257000039 ], [ 95.523448113000029, 15.803656317000048 ], [ 95.664724155000044, 15.949204820000091 ], [ 95.687347852000073, 15.988226630000042 ], [ 95.69068444100003, 16.000677802000041 ], [ 95.69068444100003, 16.048488674000055 ], [ 95.697032097000033, 16.065985419000071 ], [ 95.725271030000044, 16.106431382000039 ], [ 95.732269727000073, 16.12726471600007 ], [ 95.724864129000082, 16.222845770000049 ], [ 95.734629754000082, 16.212836005000042 ], [ 95.741221550000034, 16.194810289000088 ], [ 95.744802280000044, 16.174627997000073 ], [ 95.745860222000033, 16.158351955000057 ], [ 95.75554446700005, 16.14524974200009 ], [ 95.77662194100003, 16.140692450000074 ], [ 95.797699415000068, 16.144924221000053 ], [ 95.818125847000033, 16.176011460000041 ], [ 95.88990319100003, 16.243963934000078 ], [ 95.886241082000026, 16.217678127000056 ], [ 95.883067254000082, 16.209173895000049 ], [ 95.90788821700005, 16.211737372000073 ], [ 95.922129754000082, 16.225409247000073 ], [ 95.933848504000082, 16.243109442000048 ], [ 95.951426629000082, 16.257635809000078 ], [ 95.94857832100007, 16.239325262000079 ], [ 95.941742384000065, 16.226548570000091 ], [ 95.942393425000034, 16.21906159100007 ], [ 95.961924675000034, 16.216701565000051 ], [ 95.979991082000026, 16.223130601000037 ], [ 96.01880944100003, 16.256740627000056 ], [ 96.067556186000047, 16.310248114000046 ], [ 96.066579623000052, 16.335638739000046 ], [ 96.006602410000028, 16.38735586100006 ], [ 96.07740319100003, 16.360825914000088 ], [ 96.088552280000044, 16.349798895000049 ], [ 96.097666863000029, 16.328558661000045 ], [ 96.118988477000073, 16.321763414000088 ], [ 96.144053582000026, 16.324896552000041 ], [ 96.164235873000052, 16.332709052000041 ], [ 96.221817908000048, 16.344787269000051 ], [ 96.285335514000053, 16.365993422000088 ], [ 96.304698113000029, 16.406398830000057 ], [ 96.321299675000034, 16.415269273000092 ], [ 96.336436394000032, 16.439439195000091 ], [ 96.327321811000047, 16.45343659100007 ], [ 96.310069207000026, 16.464585679000038 ], [ 96.294444207000026, 16.491522528000075 ], [ 96.246348504000082, 16.554877020000049 ], [ 96.234629754000082, 16.576361395000049 ], [ 96.231944207000026, 16.587225653000075 ], [ 96.23365319100003, 16.597886460000041 ], [ 96.24382571700005, 16.61945221600007 ], [ 96.246104363000029, 16.631293036000045 ], [ 96.240896030000044, 16.650132554000038 ], [ 96.214854363000029, 16.679632880000042 ], [ 96.204600457000026, 16.696478583000044 ], [ 96.197764519000032, 16.734035549000055 ], [ 96.194102410000028, 16.743150132000039 ], [ 96.176931186000047, 16.762274481000077 ], [ 96.17115319100003, 16.771551825000074 ], [ 96.206553582000026, 16.777492580000057 ], [ 96.257578972000033, 16.815904039000088 ], [ 96.287119988000029, 16.81313711100006 ], [ 96.274912957000026, 16.802679755000042 ], [ 96.234548373000052, 16.776922919000071 ], [ 96.225759311000047, 16.761297919000071 ], [ 96.226410352000073, 16.739406643000052 ], [ 96.229258660000028, 16.718736070000091 ], [ 96.235524936000047, 16.697821356000077 ], [ 96.255625847000033, 16.657294012000079 ], [ 96.261566602000073, 16.640692450000074 ], [ 96.26498457100007, 16.621771552000041 ], [ 96.265961134000065, 16.596828518000052 ], [ 96.27312259200005, 16.582098700000074 ], [ 96.289805535000028, 16.566839911000045 ], [ 96.35710696700005, 16.518500067000048 ], [ 96.377126498000052, 16.50812409100007 ], [ 96.400157097000033, 16.504055080000057 ], [ 96.436260641000047, 16.47776837400005 ], [ 96.497626822000029, 16.484187352000049 ], [ 96.558979566000062, 16.496896713000069 ], [ 96.615942930000074, 16.518004835000056 ], [ 96.640026803000069, 16.545373148000067 ], [ 96.679473385000051, 16.574867894000079 ], [ 96.698415561000047, 16.629950262000079 ], [ 96.716319207000026, 16.658351955000057 ], [ 96.72584069100003, 16.669134833000044 ], [ 96.766123894000032, 16.697088934000078 ], [ 96.783213738000029, 16.71234772300005 ], [ 96.801036004000082, 16.737372137000079 ], [ 96.790863477000073, 16.747463283000059 ], [ 96.789398634000065, 16.756089585000041 ], [ 96.796397332000026, 16.76235586100006 ], [ 96.811289910000028, 16.764715887000079 ], [ 96.825694207000026, 16.799383856000077 ], [ 96.831879102000073, 16.821926174000055 ], [ 96.846690300000034, 16.844916083000044 ], [ 96.84888756600003, 16.860296942000048 ], [ 96.844004754000082, 16.873928127000056 ], [ 96.834320509000065, 16.885239976000037 ], [ 96.82154381600003, 16.894354559000078 ], [ 96.80787194100003, 16.901271877000056 ], [ 96.80787194100003, 16.908677476000037 ], [ 96.820811394000032, 16.907538153000075 ], [ 96.842784050000034, 16.902492580000057 ], [ 96.855723504000082, 16.901271877000056 ], [ 96.848399285000028, 16.909328518000052 ], [ 96.842539910000028, 16.917669989000046 ], [ 96.838063998000052, 16.926459052000041 ], [ 96.83521569100003, 16.936021226000037 ], [ 96.868337436000047, 16.928412177000041 ], [ 96.879079623000052, 16.934719143000052 ], [ 96.886892123000052, 16.979396877000056 ], [ 96.904958530000044, 17.01040273600006 ], [ 96.910899285000028, 17.024807033000059 ], [ 96.910166863000029, 17.066839911000045 ], [ 96.895274285000028, 17.101548570000091 ], [ 96.855723504000082, 17.168768622000073 ], [ 96.849375847000033, 17.212958075000074 ], [ 96.865489129000082, 17.240301825000074 ], [ 96.890472852000073, 17.260931708000044 ], [ 96.910899285000028, 17.284857489000046 ], [ 96.910655144000032, 17.317084052000041 ], [ 96.884613477000073, 17.338853257000039 ], [ 96.85124759200005, 17.359564520000049 ], [ 96.828379754000082, 17.388495184000078 ], [ 96.82154381600003, 17.394720770000049 ], [ 96.824880405000044, 17.398382880000042 ], [ 96.829844597000033, 17.402411200000074 ], [ 96.835703972000033, 17.406195380000042 ], [ 96.842051629000082, 17.409002997000073 ], [ 96.844493035000028, 17.40265534100007 ], [ 96.852061394000032, 17.394029039000088 ], [ 96.855723504000082, 17.388495184000078 ], [ 96.863454623000052, 17.403387762000079 ], [ 96.871592644000032, 17.44171784100007 ], [ 96.883067254000082, 17.457424221000053 ], [ 96.88835696700005, 17.444281317000048 ], [ 96.887054884000065, 17.411851304000038 ], [ 96.88990319100003, 17.394720770000049 ], [ 96.895518425000034, 17.384670315000051 ], [ 96.904551629000082, 17.37531159100007 ], [ 97.01335696700005, 17.29913971600007 ], [ 97.00717207100007, 17.27806224200009 ], [ 97.023610873000052, 17.267482815000051 ], [ 97.048675977000073, 17.260809637000079 ], [ 97.068614129000082, 17.251369533000059 ], [ 97.078623894000032, 17.231350002000056 ], [ 97.081797722000033, 17.209784247000073 ], [ 97.088715040000068, 17.193508205000057 ], [ 97.109629754000082, 17.189276434000078 ], [ 97.109629754000082, 17.182440497000073 ], [ 97.095957879000082, 17.165757554000038 ], [ 97.100271030000044, 17.133775132000039 ], [ 97.114431186000047, 17.10032786700009 ], [ 97.130625847000033, 17.079413153000075 ], [ 97.14193769600007, 17.099351304000038 ], [ 97.147959832000026, 17.116888739000046 ], [ 97.158050977000073, 17.129299221000053 ], [ 97.181895379000082, 17.134019273000092 ], [ 97.202647332000026, 17.13157786700009 ], [ 97.22234134200005, 17.125433661000045 ], [ 97.26099694100003, 17.107326565000051 ], [ 97.23365319100003, 17.09516022300005 ], [ 97.20240319100003, 17.106024481000077 ], [ 97.174489780000044, 17.112494208000044 ], [ 97.157237175000034, 17.086859442000048 ], [ 97.158539259000065, 17.073716539000088 ], [ 97.164561394000032, 17.05931224200009 ], [ 97.172129754000082, 17.046576239000046 ], [ 97.178477410000028, 17.038478908000059 ], [ 97.195078972000033, 17.021877346000053 ], [ 97.198252800000034, 17.013495184000078 ], [ 97.198985222000033, 16.997463283000059 ], [ 97.186696811000047, 16.947007554000038 ], [ 97.18327884200005, 16.921535549000055 ], [ 97.191579623000052, 16.901271877000056 ], [ 97.20240319100003, 16.906805731000077 ], [ 97.211436394000032, 16.907863674000055 ], [ 97.219493035000028, 16.901271877000056 ], [ 97.205821160000028, 16.874579169000071 ], [ 97.204600457000026, 16.859808661000045 ], [ 97.204844597000033, 16.845200914000088 ], [ 97.208994988000029, 16.833197333000044 ], [ 97.219493035000028, 16.826157945000091 ], [ 97.220876498000052, 16.840643622000073 ], [ 97.22429446700005, 16.853257554000038 ], [ 97.233083530000044, 16.874579169000071 ], [ 97.240489129000082, 16.874579169000071 ], [ 97.233409050000034, 16.848944403000075 ], [ 97.233083530000044, 16.839829820000091 ], [ 97.23568769600007, 16.82953522300005 ], [ 97.244802280000044, 16.817450262000079 ], [ 97.230209117000072, 16.796646165000084 ], [ 97.230172977000052, 16.769141733000083 ], [ 97.240275997000026, 16.731900687000063 ], [ 97.25544480700006, 16.697868885000048 ], [ 97.28583595300006, 16.658921726000074 ], [ 97.31119371300008, 16.652366398000083 ], [ 97.329828227000064, 16.679846809000082 ], [ 97.337412957000026, 16.655503648000092 ], [ 97.337412957000026, 16.63157786700009 ], [ 97.370290561000047, 16.483547268000052 ], [ 97.386485222000033, 16.503892320000091 ], [ 97.402598504000082, 16.516913153000075 ], [ 97.42310631600003, 16.523423570000091 ], [ 97.452159050000034, 16.524562893000052 ], [ 97.458750847000033, 16.523382880000042 ], [ 97.470713738000029, 16.519232489000046 ], [ 97.476328972000033, 16.51829661700009 ], [ 97.484141472000033, 16.520209052000041 ], [ 97.489431186000047, 16.524481512000079 ], [ 97.493988477000073, 16.528998114000046 ], [ 97.499847852000073, 16.53196849200009 ], [ 97.522959832000026, 16.536444403000075 ], [ 97.548350457000026, 16.538153387000079 ], [ 97.61296634200005, 16.530585028000075 ], [ 97.630381707000026, 16.53196849200009 ], [ 97.652842644000032, 16.539862372000073 ], [ 97.703542514000048, 16.573553778000075 ], [ 97.712901238000029, 16.579779364000046 ], [ 97.721853061000047, 16.576849677000041 ], [ 97.729502800000034, 16.572495835000041 ], [ 97.735524936000047, 16.566799221000053 ], [ 97.740244988000029, 16.559271552000041 ], [ 97.740082227000073, 16.55923086100006 ], [ 97.703135613000029, 16.552069403000075 ], [ 97.673838738000029, 16.533433335000041 ], [ 97.651866082000026, 16.507228908000059 ], [ 97.637217644000032, 16.477362372000073 ], [ 97.62663821700005, 16.437567450000074 ], [ 97.623057488000029, 16.394476630000042 ], [ 97.626475457000026, 16.351629950000074 ], [ 97.637217644000032, 16.312201239000046 ], [ 97.646739129000082, 16.29328034100007 ], [ 97.649912957000026, 16.28384023600006 ], [ 97.650889519000032, 16.271307684000078 ], [ 97.648203972000033, 16.25922272300005 ], [ 97.639008009000065, 16.238348700000074 ], [ 97.619639519000032, 16.125433661000045 ], [ 97.612152540000068, 16.107407945000091 ], [ 97.60084069100003, 16.092474677000041 ], [ 97.585948113000029, 16.086330471000053 ], [ 97.576996290000068, 16.08470286700009 ], [ 97.571787957000026, 16.080023505000042 ], [ 97.569346550000034, 16.07257721600007 ], [ 97.568858269000032, 16.062404690000051 ], [ 97.575938347000033, 16.022162177000041 ], [ 97.575694207000026, 16.017401434000078 ], [ 97.582286004000082, 16.009100653000075 ], [ 97.609711134000065, 15.983872789000088 ], [ 97.637217644000032, 15.949164130000042 ], [ 97.691416863000029, 15.912298895000049 ], [ 97.71225019600007, 15.887681382000039 ], [ 97.706065300000034, 15.860337632000039 ], [ 97.721364780000044, 15.85618724200009 ], [ 97.727061394000032, 15.84320709800005 ], [ 97.726410352000073, 15.777818101000037 ], [ 97.723399285000028, 15.77179596600007 ], [ 97.71412194100003, 15.763373114000046 ], [ 97.712901238000029, 15.757310289000088 ], [ 97.716807488000029, 15.74945709800005 ], [ 97.730804884000065, 15.733954169000071 ], [ 97.733897332000026, 15.726304429000038 ], [ 97.73170006600003, 15.718410549000055 ], [ 97.727386915000068, 15.710028387000079 ], [ 97.725596550000034, 15.701320705000057 ], [ 97.730235222000033, 15.69212474200009 ], [ 97.738454623000052, 15.679917710000041 ], [ 97.743662957000026, 15.664862372000073 ], [ 97.744476759000065, 15.65070221600007 ], [ 97.740244988000029, 15.64126211100006 ], [ 97.744639519000032, 15.634426174000055 ], [ 97.74732506600003, 15.626166083000044 ], [ 97.74732506600003, 15.617743231000077 ], [ 97.743662957000026, 15.610256252000056 ], [ 97.742930535000028, 15.604478257000039 ], [ 97.767425977000073, 15.544012762000079 ], [ 97.774261915000068, 15.531398830000057 ], [ 97.761892123000052, 15.503892320000091 ], [ 97.76140384200005, 15.49054596600007 ], [ 97.786875847000033, 15.419419664000088 ], [ 97.794769727000073, 15.407904364000046 ], [ 97.775157097000033, 15.393133856000077 ], [ 97.76693769600007, 15.389349677000041 ], [ 97.760752800000034, 15.394232489000046 ], [ 97.750498894000032, 15.36009349200009 ], [ 97.740896030000044, 15.358954169000071 ], [ 97.73406009200005, 15.355292059000078 ], [ 97.729502800000034, 15.348944403000075 ], [ 97.726410352000073, 15.339585679000038 ], [ 97.738291863000029, 15.329006252000056 ], [ 97.742035352000073, 15.317938544000071 ], [ 97.740244988000029, 15.291815497000073 ], [ 97.740896030000044, 15.275580145000049 ], [ 97.743174675000034, 15.266831773000092 ], [ 97.769379102000073, 15.223334052000041 ], [ 97.780284050000034, 15.211493231000077 ], [ 97.794932488000029, 15.208807684000078 ], [ 97.822764519000032, 15.20929596600007 ], [ 97.810883009000065, 15.191148179000038 ], [ 97.807139519000032, 15.174953518000052 ], [ 97.81023196700005, 15.095119533000059 ], [ 97.806813998000052, 15.075262762000079 ], [ 97.794769727000073, 15.058498440000051 ], [ 97.799082879000082, 15.051459052000041 ], [ 97.80437259200005, 15.038234768000052 ], [ 97.808360222000033, 15.031154690000051 ], [ 97.796885613000029, 15.032456773000092 ], [ 97.787445509000065, 15.03070709800005 ], [ 97.779795769000032, 15.025783596000053 ], [ 97.774261915000068, 15.017482815000051 ], [ 97.791188998000052, 15.008734442000048 ], [ 97.80437259200005, 14.99868398600006 ], [ 97.812836134000065, 14.983343817000048 ], [ 97.815928582000026, 14.958807684000078 ], [ 97.81373131600003, 14.950181382000039 ], [ 97.804453972000033, 14.935980536000045 ], [ 97.802256707000026, 14.924709377000056 ], [ 97.802500847000033, 14.900946356000077 ], [ 97.800303582000026, 14.890326239000046 ], [ 97.794769727000073, 14.88031647300005 ], [ 97.794932488000029, 14.880153713000084 ], [ 97.815114780000044, 14.850816148000092 ], [ 97.842539910000028, 14.736314195000091 ], [ 97.845957879000082, 14.72992584800005 ], [ 97.850352410000028, 14.723618882000039 ], [ 97.856211785000028, 14.718491929000038 ], [ 97.863047722000033, 14.715806382000039 ], [ 97.875498894000032, 14.716742255000042 ], [ 97.883067254000082, 14.721502997000073 ], [ 97.88835696700005, 14.726955471000053 ], [ 97.89380944100003, 14.729478257000039 ], [ 97.902191602000073, 14.737697658000059 ], [ 97.894541863000029, 14.779689846000053 ], [ 97.897227410000028, 14.797756252000056 ], [ 97.904063347000033, 14.797756252000056 ], [ 97.906748894000032, 14.775946356000077 ], [ 97.917165561000047, 14.758612372000073 ], [ 97.931162957000026, 14.752183335000041 ], [ 97.945567254000082, 14.763617255000042 ], [ 97.946055535000028, 14.769680080000057 ], [ 97.943369988000029, 14.776678778000075 ], [ 97.939952019000032, 14.782416083000044 ], [ 97.938161655000044, 14.784735419000071 ], [ 97.945323113000029, 14.795314846000053 ], [ 97.949880405000044, 14.798895575000074 ], [ 97.951833530000044, 14.794338283000059 ], [ 97.953868035000028, 14.78774648600006 ], [ 97.958832227000073, 14.778509833000044 ], [ 97.965668165000068, 14.769517320000091 ], [ 97.972911004000082, 14.763617255000042 ], [ 97.964610222000033, 14.747056382000039 ], [ 97.971039259000065, 14.735907294000071 ], [ 97.985362175000034, 14.728176174000055 ], [ 98.000254754000082, 14.722072658000059 ], [ 97.982188347000033, 14.715277411000045 ], [ 97.992442254000082, 14.693101304000038 ], [ 98.027598504000082, 14.647528387000079 ], [ 97.992442254000082, 14.663723049000055 ], [ 97.968516472000033, 14.696519273000092 ], [ 97.943125847000033, 14.720200914000088 ], [ 97.904063347000033, 14.708970445000091 ], [ 97.885508660000028, 14.684068101000037 ], [ 97.885508660000028, 14.655951239000046 ], [ 97.90007571700005, 14.63031647300005 ], [ 97.92505944100003, 14.612779039000088 ], [ 97.913584832000026, 14.586737372000073 ], [ 97.921397332000026, 14.557684637000079 ], [ 97.951833530000044, 14.502915757000039 ], [ 97.962087436000047, 14.45774974200009 ], [ 97.96607506600003, 14.448309637000079 ], [ 97.976410352000073, 14.443752346000053 ], [ 97.984222852000073, 14.449652411000045 ], [ 97.99146569100003, 14.460028387000079 ], [ 98.000254754000082, 14.468736070000091 ], [ 97.995941602000073, 14.449693101000037 ], [ 97.982595248000052, 14.419256903000075 ], [ 97.97974694100003, 14.397406317000048 ], [ 97.981293165000068, 14.376450914000088 ], [ 97.98601321700005, 14.352606512000079 ], [ 97.99350019600007, 14.330511786000045 ], [ 98.014821811000047, 14.299505927000041 ], [ 98.041758660000028, 14.242865302000041 ], [ 98.089610222000033, 14.181382554000038 ], [ 98.095225457000026, 14.193793036000045 ], [ 98.101084832000026, 14.191839911000045 ], [ 98.106455925000034, 14.181219794000071 ], [ 98.110118035000028, 14.167792059000078 ], [ 98.096446160000028, 14.167792059000078 ], [ 98.108571811000047, 14.132635809000078 ], [ 98.110118035000028, 14.123032945000091 ], [ 98.107676629000082, 14.11001211100006 ], [ 98.097422722000033, 14.092189846000053 ], [ 98.096446160000028, 14.078355210000041 ], [ 98.088389519000032, 14.063462632000039 ], [ 98.066254102000073, 14.032700914000088 ], [ 98.061696811000047, 14.01007721600007 ], [ 98.065603061000047, 13.989325262000079 ], [ 98.079274936000047, 13.948065497000073 ], [ 98.082286004000082, 13.92446523600006 ], [ 98.085459832000026, 13.917914130000042 ], [ 98.09302819100003, 13.912176825000074 ], [ 98.10124759200005, 13.908026434000078 ], [ 98.10670006600003, 13.906439520000049 ], [ 98.110850457000026, 13.902167059000078 ], [ 98.109141472000033, 13.892482815000051 ], [ 98.103282097000033, 13.876369533000059 ], [ 98.104014519000032, 13.83470286700009 ], [ 98.110118035000028, 13.790350653000075 ], [ 98.088877800000034, 13.795111395000049 ], [ 98.082774285000028, 13.769964911000045 ], [ 98.092051629000082, 13.73969147300005 ], [ 98.116953972000033, 13.728949286000045 ], [ 98.113454623000052, 13.722805080000057 ], [ 98.10670006600003, 13.707017320000091 ], [ 98.103282097000033, 13.700995184000078 ], [ 98.116384311000047, 13.695054429000038 ], [ 98.123789910000028, 13.693508205000057 ], [ 98.147634311000047, 13.69476959800005 ], [ 98.160411004000082, 13.690252997000073 ], [ 98.168793165000068, 13.680812893000052 ], [ 98.16765384200005, 13.673163153000075 ], [ 98.151052280000044, 13.673732815000051 ], [ 98.158050977000073, 13.658189195000091 ], [ 98.158457879000082, 13.642320054000038 ], [ 98.151866082000026, 13.630357164000088 ], [ 98.137461785000028, 13.626532294000071 ], [ 98.141368035000028, 13.621161200000074 ], [ 98.146983269000032, 13.611151434000078 ], [ 98.151052280000044, 13.606024481000077 ], [ 98.143728061000047, 13.601263739000046 ], [ 98.134776238000029, 13.591742255000042 ], [ 98.129730665000068, 13.58234284100007 ], [ 98.134287957000026, 13.578111070000091 ], [ 98.141368035000028, 13.573228257000039 ], [ 98.142751498000052, 13.561712958000044 ], [ 98.142100457000026, 13.548081773000092 ], [ 98.144297722000033, 13.537095445000091 ], [ 98.14584394600007, 13.542914130000042 ], [ 98.14966881600003, 13.550116278000075 ], [ 98.151052280000044, 13.557603257000039 ], [ 98.163828972000033, 13.543524481000077 ], [ 98.171071811000047, 13.53782786700009 ], [ 98.17896569100003, 13.537095445000091 ], [ 98.18685957100007, 13.543850002000056 ], [ 98.183441602000073, 13.551703192000048 ], [ 98.17156009200005, 13.563869533000059 ], [ 98.168467644000032, 13.58429596600007 ], [ 98.168955925000034, 13.593980210000041 ], [ 98.17156009200005, 13.606024481000077 ], [ 98.175303582000026, 13.616603908000059 ], [ 98.178884311000047, 13.622626044000071 ], [ 98.182383660000028, 13.627101955000057 ], [ 98.185801629000082, 13.632757880000042 ], [ 98.193369988000029, 13.651556708000044 ], [ 98.196055535000028, 13.668361721000053 ], [ 98.193532748000052, 13.68626536700009 ], [ 98.179453972000033, 13.732407945000091 ], [ 98.187998894000032, 13.815130927000041 ], [ 98.197276238000029, 13.85032786700009 ], [ 98.199473504000082, 13.869208075000074 ], [ 98.195160352000073, 13.886948960000041 ], [ 98.180186394000032, 13.925034898000092 ], [ 98.182383660000028, 13.93781159100007 ], [ 98.193369988000029, 13.95180898600006 ], [ 98.198252800000034, 13.964911200000074 ], [ 98.199473504000082, 13.992743231000077 ], [ 98.196299675000034, 13.997870184000078 ], [ 98.182139519000032, 14.01430898600006 ], [ 98.17896569100003, 14.019720770000049 ], [ 98.180023634000065, 14.031642971000053 ], [ 98.184580925000034, 14.052557684000078 ], [ 98.185801629000082, 14.064683335000041 ], [ 98.192149285000028, 14.064683335000041 ], [ 98.197032097000033, 14.048163153000075 ], [ 98.20866946700005, 14.02960846600007 ], [ 98.222422722000033, 14.013088283000059 ], [ 98.23365319100003, 14.002630927000041 ], [ 98.23365319100003, 13.996486721000053 ], [ 98.227224155000044, 13.988959052000041 ], [ 98.22779381600003, 13.981268622000073 ], [ 98.231211785000028, 13.972479559000078 ], [ 98.23365319100003, 13.96165599200009 ], [ 98.23365319100003, 13.917303778000075 ], [ 98.248057488000029, 13.862779039000088 ], [ 98.254161004000082, 13.851792710000041 ], [ 98.247813347000033, 13.837591864000046 ], [ 98.248383009000065, 13.82453034100007 ], [ 98.251963738000029, 13.811672268000052 ], [ 98.254161004000082, 13.797796942000048 ], [ 98.251963738000029, 13.782538153000075 ], [ 98.240489129000082, 13.746039130000042 ], [ 98.244802280000044, 13.714056708000044 ], [ 98.257334832000026, 13.706366278000075 ], [ 98.27670332100007, 13.707180080000057 ], [ 98.30201256600003, 13.700995184000078 ], [ 98.295664910000028, 13.687974351000037 ], [ 98.288259311000047, 13.69476959800005 ], [ 98.298838738000029, 13.671047268000052 ], [ 98.336436394000032, 13.619818427000041 ], [ 98.336110873000052, 13.598578192000048 ], [ 98.356618686000047, 13.584865627000056 ], [ 98.361094597000033, 13.576157945000091 ], [ 98.357188347000033, 13.563869533000059 ], [ 98.370616082000026, 13.559515692000048 ], [ 98.383962436000047, 13.551906643000052 ], [ 98.394053582000026, 13.542792059000078 ], [ 98.403330925000034, 13.522447007000039 ], [ 98.426442905000044, 13.490057684000078 ], [ 98.431651238000029, 13.478745835000041 ], [ 98.429209832000026, 13.471177476000037 ], [ 98.419444207000026, 13.462225653000075 ], [ 98.418630405000044, 13.454575914000088 ], [ 98.422373894000032, 13.446600653000075 ], [ 98.428233269000032, 13.441799221000053 ], [ 98.434418165000068, 13.438462632000039 ], [ 98.43913821700005, 13.434759833000044 ], [ 98.445323113000029, 13.424302476000037 ], [ 98.450938347000033, 13.411363023000092 ], [ 98.453786655000044, 13.396389065000051 ], [ 98.45281009200005, 13.379461981000077 ], [ 98.458994988000029, 13.399969794000071 ], [ 98.46420332100007, 13.407700914000088 ], [ 98.473155144000032, 13.413031317000048 ], [ 98.471202019000032, 13.394191799000055 ], [ 98.471690300000034, 13.386419989000046 ], [ 98.473155144000032, 13.379461981000077 ], [ 98.460134311000047, 13.369330145000049 ], [ 98.460459832000026, 13.35578034100007 ], [ 98.473155144000032, 13.324896552000041 ], [ 98.472422722000033, 13.313625393000052 ], [ 98.472829623000052, 13.302923895000049 ], [ 98.475271030000044, 13.292914130000042 ], [ 98.479991082000026, 13.283880927000041 ], [ 98.48991946700005, 13.297837632000039 ], [ 98.495127800000034, 13.28546784100007 ], [ 98.500498894000032, 13.249172268000052 ], [ 98.553070509000065, 13.208075262000079 ], [ 98.565928582000026, 13.201361395000049 ], [ 98.578461134000065, 13.186753648000092 ], [ 98.58334394600007, 13.113959052000041 ], [ 98.589854363000029, 13.084662177000041 ], [ 98.582041863000029, 13.077053127000056 ], [ 98.580414259000065, 13.065375067000048 ], [ 98.583832227000073, 13.026597398000092 ], [ 98.586192254000082, 13.016506252000056 ], [ 98.596690300000034, 12.995917059000078 ], [ 98.610362175000034, 12.95962148600006 ], [ 98.614024285000028, 12.954291083000044 ], [ 98.60678144600007, 12.95062897300005 ], [ 98.600108269000032, 12.941636460000041 ], [ 98.589854363000029, 12.919582424000055 ], [ 98.60124759200005, 12.911037502000056 ], [ 98.624766472000033, 12.88422272300005 ], [ 98.634287957000026, 12.878607489000046 ], [ 98.651377800000034, 12.797308661000045 ], [ 98.646983269000032, 12.78579336100006 ], [ 98.641774936000047, 12.782416083000044 ], [ 98.634532097000033, 12.781195380000042 ], [ 98.624034050000034, 12.776190497000073 ], [ 98.618988477000073, 12.775091864000046 ], [ 98.617442254000082, 12.777411200000074 ], [ 98.617849155000044, 12.76626211100006 ], [ 98.627696160000028, 12.756252346000053 ], [ 98.670176629000082, 12.760931708000044 ], [ 98.678721550000034, 12.756293036000045 ], [ 98.673024936000047, 12.74681224200009 ], [ 98.663096550000034, 12.745103257000039 ], [ 98.652354363000029, 12.745428778000075 ], [ 98.644541863000029, 12.742010809000078 ], [ 98.640879754000082, 12.73468659100007 ], [ 98.641774936000047, 12.728094794000071 ], [ 98.648448113000029, 12.723334052000041 ], [ 98.661631707000026, 12.721584377000056 ], [ 98.689300977000073, 12.728094794000071 ], [ 98.692881707000026, 12.725287177000041 ], [ 98.691172722000033, 12.710435289000088 ], [ 98.686696811000047, 12.702826239000046 ], [ 98.680349155000044, 12.697007554000038 ], [ 98.67310631600003, 12.687445380000042 ], [ 98.66765384200005, 12.674790757000039 ], [ 98.665049675000034, 12.646429755000042 ], [ 98.672211134000065, 12.631740627000056 ], [ 98.67310631600003, 12.625392971000053 ], [ 98.669444207000026, 12.62445709800005 ], [ 98.661875847000033, 12.625474351000037 ], [ 98.654633009000065, 12.62571849200009 ], [ 98.651377800000034, 12.622259833000044 ], [ 98.644379102000073, 12.600653387000079 ], [ 98.631195509000065, 12.579331773000092 ], [ 98.623057488000029, 12.558172919000071 ], [ 98.630869988000029, 12.537258205000057 ], [ 98.63998457100007, 12.53188711100006 ], [ 98.650726759000065, 12.530951239000046 ], [ 98.661957227000073, 12.531317450000074 ], [ 98.67310631600003, 12.529730536000045 ], [ 98.681488477000073, 12.525580145000049 ], [ 98.694834832000026, 12.51703522300005 ], [ 98.703135613000029, 12.515529690000051 ], [ 98.709727410000028, 12.512396552000041 ], [ 98.708750847000033, 12.505560614000046 ], [ 98.701426629000082, 12.498724677000041 ], [ 98.689219597000033, 12.495591539000088 ], [ 98.651377800000034, 12.495591539000088 ], [ 98.628428582000026, 12.492132880000042 ], [ 98.616221550000034, 12.485744533000059 ], [ 98.611338738000029, 12.473049221000053 ], [ 98.610362175000034, 12.450913804000038 ], [ 98.60515384200005, 12.428941148000092 ], [ 98.607432488000029, 12.41828034100007 ], [ 98.620860222000033, 12.413723049000055 ], [ 98.626800977000073, 12.409572658000059 ], [ 98.651377800000034, 12.385728257000039 ], [ 98.684255405000044, 12.373236395000049 ], [ 98.699961785000028, 12.363959052000041 ], [ 98.706553582000026, 12.347886460000041 ], [ 98.697764519000032, 12.327948309000078 ], [ 98.676768425000034, 12.315252997000073 ], [ 98.587657097000033, 12.297064520000049 ], [ 98.568369988000029, 12.290920315000051 ], [ 98.55201256600003, 12.27960846600007 ], [ 98.540212436000047, 12.260972398000092 ], [ 98.539073113000029, 12.241766669000071 ], [ 98.547129754000082, 12.223456122000073 ], [ 98.563243035000028, 12.20766836100006 ], [ 98.570811394000032, 12.203517971000053 ], [ 98.588552280000044, 12.197699286000045 ], [ 98.596690300000034, 12.19399648600006 ], [ 98.621429884000065, 12.208970445000091 ], [ 98.640879754000082, 12.224554755000042 ], [ 98.662933790000068, 12.236802476000037 ], [ 98.696299675000034, 12.241766669000071 ], [ 98.703298373000052, 12.237779039000088 ], [ 98.71021569100003, 12.228013414000088 ], [ 98.713715040000068, 12.215765692000048 ], [ 98.709727410000028, 12.204250393000052 ], [ 98.695811394000032, 12.193101304000038 ], [ 98.66765384200005, 12.177679755000042 ], [ 98.658213738000029, 12.16665273600006 ], [ 98.67310631600003, 12.16665273600006 ], [ 98.67310631600003, 12.159165757000039 ], [ 98.650726759000065, 12.155096747000073 ], [ 98.637868686000047, 12.151068427000041 ], [ 98.630869988000029, 12.146185614000046 ], [ 98.629649285000028, 12.131984768000052 ], [ 98.636241082000026, 12.122544664000088 ], [ 98.640961134000065, 12.113674221000053 ], [ 98.634287957000026, 12.101141669000071 ], [ 98.633799675000034, 12.090318101000037 ], [ 98.645030144000032, 12.078070380000042 ], [ 98.658457879000082, 12.06712474200009 ], [ 98.665049675000034, 12.060248114000046 ], [ 98.712738477000073, 12.063625393000052 ], [ 98.703135613000029, 12.048081773000092 ], [ 98.705332879000082, 12.036851304000038 ], [ 98.713145379000082, 12.025213934000078 ], [ 98.720225457000026, 12.008368231000077 ], [ 98.721446160000028, 11.997788804000038 ], [ 98.720225457000026, 11.96430084800005 ], [ 98.714854363000029, 11.961167710000041 ], [ 98.702891472000033, 11.959051825000074 ], [ 98.690928582000026, 11.954331773000092 ], [ 98.679209832000026, 11.932806708000044 ], [ 98.664073113000029, 11.920355536000045 ], [ 98.645030144000032, 11.910223700000074 ], [ 98.627452019000032, 11.905951239000046 ], [ 98.578135613000029, 11.906683661000045 ], [ 98.558116082000026, 11.899115302000041 ], [ 98.549001498000052, 11.878648179000038 ], [ 98.630869988000029, 11.878648179000038 ], [ 98.67310631600003, 11.892075914000088 ], [ 98.694102410000028, 11.89288971600007 ], [ 98.706553582000026, 11.878648179000038 ], [ 98.68091881600003, 11.877346096000053 ], [ 98.667979363000029, 11.86359284100007 ], [ 98.660329623000052, 11.845200914000088 ], [ 98.651377800000034, 11.830267645000049 ], [ 98.648692254000082, 11.83148834800005 ], [ 98.640879754000082, 11.832261460000041 ], [ 98.631358269000032, 11.832098700000074 ], [ 98.624034050000034, 11.830267645000049 ], [ 98.619313998000052, 11.825873114000046 ], [ 98.603526238000029, 11.803615627000056 ], [ 98.630869988000029, 11.803615627000056 ], [ 98.63209069100003, 11.792873440000051 ], [ 98.628916863000029, 11.791937567000048 ], [ 98.623301629000082, 11.79328034100007 ], [ 98.617849155000044, 11.789252020000049 ], [ 98.605967644000032, 11.769191799000055 ], [ 98.603526238000029, 11.761948960000041 ], [ 98.603282097000033, 11.753607489000046 ], [ 98.60873457100007, 11.741400458000044 ], [ 98.610362175000034, 11.731268622000073 ], [ 98.61687259200005, 11.723700262000079 ], [ 98.647634311000047, 11.700506903000075 ], [ 98.674164259000065, 11.685248114000046 ], [ 98.684336785000028, 11.682806708000044 ], [ 98.69263756600003, 11.686753648000092 ], [ 98.703135613000029, 11.697455145000049 ], [ 98.70826256600003, 11.709947007000039 ], [ 98.708994988000029, 11.724514065000051 ], [ 98.71216881600003, 11.736517645000049 ], [ 98.723643425000034, 11.741441148000092 ], [ 98.72584069100003, 11.744330145000049 ], [ 98.73796634200005, 11.75649648600006 ], [ 98.740733269000032, 11.75853099200009 ], [ 98.744151238000029, 11.762518622000073 ], [ 98.761485222000033, 11.760891018000052 ], [ 98.768077019000032, 11.761948960000041 ], [ 98.791270379000082, 11.802476304000038 ], [ 98.800547722000033, 11.813788153000075 ], [ 98.81023196700005, 11.822007554000038 ], [ 98.81609134200005, 11.833807684000078 ], [ 98.808929884000065, 11.851304429000038 ], [ 98.825694207000026, 11.825873114000046 ], [ 98.812022332000026, 11.802639065000051 ], [ 98.79029381600003, 11.779689846000053 ], [ 98.782969597000033, 11.755113023000092 ], [ 98.804942254000082, 11.736517645000049 ], [ 98.876719597000033, 11.722642320000091 ], [ 98.891612175000034, 11.69367096600007 ], [ 98.884776238000029, 11.69367096600007 ], [ 98.872894727000073, 11.700913804000038 ], [ 98.854340040000068, 11.707098700000074 ], [ 98.835459832000026, 11.710109768000052 ], [ 98.822601759000065, 11.707953192000048 ], [ 98.818125847000033, 11.69867584800005 ], [ 98.818695509000065, 11.687201239000046 ], [ 98.817149285000028, 11.677394924000055 ], [ 98.80591881600003, 11.673244533000059 ], [ 98.795176629000082, 11.676825262000079 ], [ 98.787933790000068, 11.683335679000038 ], [ 98.780284050000034, 11.686509507000039 ], [ 98.768077019000032, 11.680080471000053 ], [ 98.752207879000082, 11.681708075000074 ], [ 98.74154707100007, 11.665025132000039 ], [ 98.73560631600003, 11.64203522300005 ], [ 98.733164910000028, 11.624823309000078 ], [ 98.736338738000029, 11.588771877000056 ], [ 98.733571811000047, 11.573431708000044 ], [ 98.720225457000026, 11.557114976000037 ], [ 98.725759311000047, 11.548407294000071 ], [ 98.717946811000047, 11.53188711100006 ], [ 98.720225457000026, 11.522406317000048 ], [ 98.728851759000065, 11.517645575000074 ], [ 98.745290561000047, 11.52484772300005 ], [ 98.754405144000032, 11.522406317000048 ], [ 98.763438347000033, 11.506252346000053 ], [ 98.765635613000029, 11.46743398600006 ], [ 98.774912957000026, 11.453517971000053 ], [ 98.73568769600007, 11.450140692000048 ], [ 98.715342644000032, 11.443182684000078 ], [ 98.706553582000026, 11.423081773000092 ], [ 98.698008660000028, 11.388006903000075 ], [ 98.702647332000026, 11.379055080000057 ], [ 98.727061394000032, 11.385199286000045 ], [ 98.721364780000044, 11.367254950000074 ], [ 98.72193444100003, 11.350083726000037 ], [ 98.726573113000029, 11.33344147300005 ], [ 98.746429884000065, 11.28587474200009 ], [ 98.759287957000026, 11.268947658000059 ], [ 98.75709069100003, 11.263373114000046 ], [ 98.750987175000034, 11.257066148000092 ], [ 98.745616082000026, 11.236029364000046 ], [ 98.733164910000028, 11.207098700000074 ], [ 98.733164910000028, 11.176011460000041 ], [ 98.724131707000026, 11.156195380000042 ], [ 98.702647332000026, 11.143622137000079 ], [ 98.658213738000029, 11.131984768000052 ], [ 98.676280144000032, 11.100572007000039 ], [ 98.68881269600007, 11.092474677000041 ], [ 98.706553582000026, 11.097845770000049 ], [ 98.71062259200005, 11.076076565000051 ], [ 98.718272332000026, 11.058823960000041 ], [ 98.722422722000033, 11.044867255000042 ], [ 98.71648196700005, 11.032375393000052 ], [ 98.70834394600007, 11.02765534100007 ], [ 98.700938347000033, 11.024969794000071 ], [ 98.695323113000029, 11.020086981000077 ], [ 98.692881707000026, 11.00844961100006 ], [ 98.69654381600003, 11.00259023600006 ], [ 98.713877800000034, 10.989976304000038 ], [ 98.720225457000026, 10.980536200000074 ], [ 98.712738477000073, 10.974310614000046 ], [ 98.717621290000068, 10.960679429000038 ], [ 98.716807488000029, 10.942206122000073 ], [ 98.712412957000026, 10.924383856000077 ], [ 98.706553582000026, 10.91282786700009 ], [ 98.703623894000032, 10.916164455000057 ], [ 98.689219597000033, 10.913397528000075 ], [ 98.67505944100003, 10.90851471600007 ], [ 98.67310631600003, 10.905462958000044 ], [ 98.663828972000033, 10.908270575000074 ], [ 98.652842644000032, 10.917181708000044 ], [ 98.647959832000026, 10.919094143000052 ], [ 98.63404381600003, 10.913723049000055 ], [ 98.625010613000029, 10.902004299000055 ], [ 98.613780144000032, 10.890285549000055 ], [ 98.581553582000026, 10.882025458000044 ], [ 98.578868035000028, 10.875189520000049 ], [ 98.581797722000033, 10.867254950000074 ], [ 98.586436394000032, 10.861029364000046 ], [ 98.595469597000033, 10.856838283000059 ], [ 98.620127800000034, 10.854559637000079 ], [ 98.630869988000029, 10.850816148000092 ], [ 98.624034050000034, 10.84320709800005 ], [ 98.615977410000028, 10.838446356000077 ], [ 98.606944207000026, 10.836371161000045 ], [ 98.596690300000034, 10.837144273000092 ], [ 98.602712436000047, 10.819484768000052 ], [ 98.599864129000082, 10.805487372000073 ], [ 98.583018425000034, 10.781927802000041 ], [ 98.57740319100003, 10.770412502000056 ], [ 98.56999759200005, 10.743109442000048 ], [ 98.563243035000028, 10.72728099200009 ], [ 98.554209832000026, 10.737982489000046 ], [ 98.543711785000028, 10.745062567000048 ], [ 98.53256269600007, 10.746771552000041 ], [ 98.521006707000026, 10.74095286700009 ], [ 98.531016472000033, 10.732163804000038 ], [ 98.53834069100003, 10.718695380000042 ], [ 98.53874759200005, 10.704413153000075 ], [ 98.528493686000047, 10.693101304000038 ], [ 98.51099694100003, 10.722886460000041 ], [ 98.498301629000082, 10.731594143000052 ], [ 98.476573113000029, 10.73468659100007 ], [ 98.463552280000044, 10.729437567000048 ], [ 98.459320509000065, 10.715399481000077 ], [ 98.458994988000029, 10.672674872000073 ], [ 98.463389519000032, 10.630031643000052 ], [ 98.49545332100007, 10.556870835000041 ], [ 98.500498894000032, 10.515041408000059 ], [ 98.49341881600003, 10.472723700000074 ], [ 98.494151238000029, 10.452460028000075 ], [ 98.512217644000032, 10.422796942000048 ], [ 98.528493686000047, 10.364203192000048 ], [ 98.528493686000047, 10.343247789000088 ], [ 98.517100457000026, 10.307440497000073 ], [ 98.512217644000032, 10.261419989000046 ], [ 98.507578972000033, 10.244940497000073 ], [ 98.490733269000032, 10.204331773000092 ], [ 98.48959394600007, 10.19790273600006 ], [ 98.490489129000082, 10.190619208000044 ], [ 98.493662957000026, 10.179185289000088 ], [ 98.513926629000082, 10.146918036000045 ], [ 98.514821811000047, 10.101507880000042 ], [ 98.521006707000026, 10.069322007000039 ], [ 98.521494988000029, 10.059393622000073 ], [ 98.520030144000032, 10.038885809000078 ], [ 98.521006707000026, 10.028998114000046 ], [ 98.524424675000034, 10.021063544000071 ], [ 98.533457879000082, 10.006740627000056 ], [ 98.535329623000052, 9.997381903000075 ], [ 98.543142123000052, 9.987453518000052 ], [ 98.560557488000029, 10.002142645000049 ], [ 98.589854363000029, 10.042059637000079 ], [ 98.64421634200005, 10.15501536700009 ], [ 98.665049675000034, 10.185451565000051 ], [ 98.687022332000026, 10.208400783000059 ], [ 98.696055535000028, 10.223700262000079 ], [ 98.70281009200005, 10.262762762000079 ], [ 98.718923373000052, 10.312567450000074 ], [ 98.731211785000028, 10.33734772300005 ], [ 98.735036655000044, 10.343085028000075 ], [ 98.73991946700005, 10.347357489000046 ], [ 98.74740644600007, 10.350531317000048 ], [ 98.746267123000052, 10.329006252000056 ], [ 98.730804884000065, 10.29173411700009 ], [ 98.727061394000032, 10.272040106000077 ], [ 98.725352410000028, 10.251613674000055 ], [ 98.720469597000033, 10.227932033000059 ], [ 98.712901238000029, 10.205511786000045 ], [ 98.689626498000052, 10.162054755000042 ], [ 98.662282748000052, 10.085272528000075 ], [ 98.647959832000026, 10.069322007000039 ], [ 98.603526238000029, 9.99359772300005 ], [ 98.599782748000052, 9.980454820000091 ], [ 98.599619988000029, 9.973863023000092 ], [ 98.610362175000034, 9.960109768000052 ], [ 98.61255944100003, 9.965969143000052 ], [ 98.623545769000032, 9.967189846000053 ], [ 98.633148634000065, 9.962958075000074 ], [ 98.630869988000029, 9.952704169000071 ], [ 98.622080925000034, 9.947821356000077 ], [ 98.599864129000082, 9.948146877000056 ], [ 98.591970248000052, 9.942694403000075 ], [ 98.583832227000073, 9.93032461100006 ], [ 98.57357832100007, 9.920884507000039 ], [ 98.57162519600007, 9.91547272300005 ], [ 98.578868035000028, 9.911322333000044 ], [ 98.586436394000032, 9.909328518000052 ], [ 98.589854363000029, 9.905462958000044 ], [ 98.585459832000026, 9.894964911000045 ], [ 98.570485873000052, 9.88422272300005 ], [ 98.576182488000029, 9.87759023600006 ], [ 98.567393425000034, 9.873236395000049 ], [ 98.55990644600007, 9.873032945000091 ], [ 98.553558790000068, 9.876695054000038 ], [ 98.549001498000052, 9.883734442000048 ], [ 98.536875847000033, 9.872951565000051 ], [ 98.52076256600003, 9.854437567000048 ], [ 98.512705925000034, 9.836859442000048 ], [ 98.530284050000034, 9.825588283000059 ], [ 98.534678582000026, 9.818019924000055 ], [ 98.540049675000034, 9.810980536000045 ], [ 98.549001498000052, 9.809271552000041 ], [ 98.558441602000073, 9.815008856000077 ], [ 98.574961785000028, 9.835598049000055 ], [ 98.583018425000034, 9.842840887000079 ], [ 98.574961785000028, 9.824652411000045 ], [ 98.566172722000033, 9.81000397300005 ], [ 98.555430535000028, 9.798041083000044 ], [ 98.541514519000032, 9.788234768000052 ], [ 98.532237175000034, 9.785305080000057 ], [ 98.524180535000028, 9.784979559000078 ], [ 98.516368035000028, 9.782945054000038 ], [ 98.507985873000052, 9.774562893000052 ], [ 98.508799675000034, 9.770819403000075 ], [ 98.50912519600007, 9.748521226000037 ], [ 98.507985873000052, 9.740383205000057 ], [ 98.514170769000032, 9.740383205000057 ], [ 98.51531009200005, 9.744818427000041 ], [ 98.516449415000068, 9.747788804000038 ], [ 98.521006707000026, 9.75462474200009 ], [ 98.529795769000032, 9.749579169000071 ], [ 98.53874759200005, 9.747463283000059 ], [ 98.559255405000044, 9.747219143000052 ], [ 98.56576582100007, 9.742621161000045 ], [ 98.561289910000028, 9.73305898600006 ], [ 98.553233269000032, 9.724595445000091 ], [ 98.549001498000052, 9.723618882000039 ], [ 98.543955925000034, 9.70648834800005 ], [ 98.531423373000052, 9.703924872000073 ], [ 98.515635613000029, 9.710191148000092 ], [ 98.500498894000032, 9.719916083000044 ], [ 98.493662957000026, 9.713690497000073 ], [ 98.506602410000028, 9.705633856000077 ], [ 98.513194207000026, 9.694891669000071 ], [ 98.510020379000082, 9.686590887000079 ], [ 98.493662957000026, 9.685736395000049 ], [ 98.511485222000033, 9.662054755000042 ], [ 98.514170769000032, 9.654730536000045 ], [ 98.511973504000082, 9.650213934000078 ], [ 98.502696160000028, 9.638373114000046 ], [ 98.500498894000032, 9.634507554000038 ], [ 98.490244988000029, 9.634955145000049 ], [ 98.471690300000034, 9.621161200000074 ], [ 98.463389519000032, 9.604437567000048 ], [ 98.483409050000034, 9.596380927000041 ], [ 98.485850457000026, 9.593654690000051 ], [ 98.48959394600007, 9.58038971600007 ], [ 98.493662957000026, 9.575873114000046 ], [ 98.501719597000033, 9.575018622000073 ], [ 98.52084394600007, 9.57758209800005 ], [ 98.528493686000047, 9.575873114000046 ], [ 98.531097852000073, 9.566107489000046 ], [ 98.519867384000065, 9.553778387000079 ], [ 98.486827019000032, 9.52806224200009 ], [ 98.457204623000052, 9.548529364000046 ], [ 98.443207227000073, 9.520819403000075 ], [ 98.42546634200005, 9.432521877000056 ], [ 98.405039910000028, 9.396877346000053 ], [ 98.397146030000044, 9.378810940000051 ], [ 98.383311394000032, 9.316555080000057 ], [ 98.375987175000034, 9.298163153000075 ], [ 98.364024285000028, 9.281683661000045 ], [ 98.361094597000033, 9.26821523600006 ], [ 98.351898634000065, 9.251369533000059 ], [ 98.352305535000028, 9.235907294000071 ], [ 98.37077884200005, 9.226467190000051 ], [ 98.355804884000065, 9.209906317000048 ], [ 98.347829623000052, 9.202785549000055 ], [ 98.339691602000073, 9.199774481000077 ], [ 98.326914910000028, 9.203680731000077 ], [ 98.322276238000029, 9.209377346000053 ], [ 98.323008660000028, 9.189195054000038 ], [ 98.328379754000082, 9.16437409100007 ], [ 98.34148196700005, 9.141831773000092 ], [ 98.37077884200005, 9.103583075000074 ], [ 98.382009311000047, 9.071926174000055 ], [ 98.365977410000028, 9.06391022300005 ], [ 98.342051629000082, 9.062892971000053 ], [ 98.329844597000033, 9.052069403000075 ], [ 98.332692905000044, 9.026068427000041 ], [ 98.342458530000044, 9.01821523600006 ], [ 98.361338738000029, 9.023016669000071 ], [ 98.391286655000044, 9.035305080000057 ], [ 98.367849155000044, 9.009995835000041 ], [ 98.358083530000044, 8.995998440000051 ], [ 98.36060631600003, 8.983465887000079 ], [ 98.364024285000028, 8.973944403000075 ], [ 98.351573113000029, 8.973781643000052 ], [ 98.336761915000068, 8.977606512000079 ], [ 98.333018425000034, 8.980047919000071 ], [ 98.324880405000044, 8.97524648600006 ], [ 98.31218509200005, 8.951361395000049 ], [ 98.292735222000033, 8.924383856000077 ], [ 98.283539259000065, 8.884955145000049 ], [ 98.261566602000073, 8.850653387000079 ], [ 98.256521030000044, 8.828558661000045 ], [ 98.252777540000068, 8.766424872000073 ], [ 98.250743035000028, 8.759955145000049 ], [ 98.24732506600003, 8.753485419000071 ], [ 98.23959394600007, 8.745835679000038 ], [ 98.231211785000028, 8.74087148600006 ], [ 98.224131707000026, 8.735337632000039 ], [ 98.21998131600003, 8.726223049000055 ], [ 98.222829623000052, 8.712388414000088 ], [ 98.238536004000082, 8.673041083000044 ], [ 98.240489129000082, 8.651068427000041 ], [ 98.238047722000033, 8.641058661000045 ], [ 98.226817254000082, 8.61009349200009 ], [ 98.22624759200005, 8.605373440000051 ], [ 98.226817254000082, 8.589016018000052 ], [ 98.225271030000044, 8.584906317000048 ], [ 98.222178582000026, 8.580633856000077 ], [ 98.219493035000028, 8.57562897300005 ], [ 98.21998131600003, 8.569159247000073 ], [ 98.23015384200005, 8.556586005000042 ], [ 98.244313998000052, 8.546861070000091 ], [ 98.253103061000047, 8.534654039000088 ], [ 98.24732506600003, 8.514553127000056 ], [ 98.223155144000032, 8.540432033000059 ], [ 98.215668165000068, 8.55337148600006 ], [ 98.213145379000082, 8.57257721600007 ], [ 98.209727410000028, 8.58148834800005 ], [ 98.202972852000073, 8.573879299000055 ], [ 98.198008660000028, 8.556057033000059 ], [ 98.199473504000082, 8.534369208000044 ], [ 98.242035352000073, 8.406480210000041 ], [ 98.262380405000044, 8.31281159100007 ], [ 98.271494988000029, 8.297919012000079 ], [ 98.277598504000082, 8.28351471600007 ], [ 98.277598504000082, 8.240708726000037 ], [ 98.281423373000052, 8.225897528000075 ], [ 98.286875847000033, 8.219916083000044 ], [ 98.293304884000065, 8.215887762000079 ], [ 98.301524285000028, 8.21360911700009 ], [ 98.312510613000029, 8.212876695000091 ], [ 98.323985222000033, 8.20962148600006 ], [ 98.328135613000029, 8.202337958000044 ], [ 98.331228061000047, 8.195054429000038 ], [ 98.356944207000026, 8.18500397300005 ], [ 98.375254754000082, 8.150824286000045 ], [ 98.391286655000044, 8.136542059000078 ], [ 98.40202884200005, 8.148993231000077 ], [ 98.404795769000032, 8.155218817000048 ], [ 98.40552819100003, 8.164496161000045 ], [ 98.411631707000026, 8.164496161000045 ], [ 98.424978061000047, 8.148423570000091 ], [ 98.446136915000068, 8.175116278000075 ], [ 98.462901238000029, 8.216131903000075 ], [ 98.462657097000033, 8.243312893000052 ], [ 98.456553582000026, 8.258286851000037 ], [ 98.456797722000033, 8.277533270000049 ], [ 98.453135613000029, 8.294012762000079 ], [ 98.422211134000065, 8.306341864000046 ], [ 98.428233269000032, 8.316961981000077 ], [ 98.445648634000065, 8.325100002000056 ], [ 98.466319207000026, 8.322739976000037 ], [ 98.466319207000026, 8.335760809000078 ], [ 98.473155144000032, 8.335760809000078 ], [ 98.47982832100007, 8.325751044000071 ], [ 98.486664259000065, 8.324896552000041 ], [ 98.491953972000033, 8.331284898000092 ], [ 98.493662957000026, 8.34320709800005 ], [ 98.500498894000032, 8.34320709800005 ], [ 98.510427280000044, 8.331122137000079 ], [ 98.526052280000044, 8.336330471000053 ], [ 98.541758660000028, 8.349025783000059 ], [ 98.55201256600003, 8.36001211100006 ], [ 98.567556186000047, 8.367865302000041 ], [ 98.585134311000047, 8.368963934000078 ], [ 98.59888756600003, 8.374904690000051 ], [ 98.603526238000029, 8.39720286700009 ], [ 98.620616082000026, 8.390204169000071 ], [ 98.642100457000026, 8.385931708000044 ], [ 98.655446811000047, 8.37962474200009 ], [ 98.647959832000026, 8.366522528000075 ], [ 98.631602410000028, 8.354437567000048 ], [ 98.62623131600003, 8.346096096000053 ], [ 98.622080925000034, 8.292873440000051 ], [ 98.624034050000034, 8.281154690000051 ], [ 98.630869988000029, 8.281154690000051 ], [ 98.630869988000029, 8.287990627000056 ], [ 98.637543165000068, 8.287990627000056 ], [ 98.648203972000033, 8.284857489000046 ], [ 98.677256707000026, 8.303168036000045 ], [ 98.696299675000034, 8.308498440000051 ], [ 98.703135613000029, 8.298529364000046 ], [ 98.706553582000026, 8.225897528000075 ], [ 98.712738477000073, 8.225897528000075 ], [ 98.727061394000032, 8.253851630000042 ], [ 98.744151238000029, 8.214911200000074 ], [ 98.74740644600007, 8.199204820000091 ], [ 98.74740644600007, 8.18195221600007 ], [ 98.743907097000033, 8.149888414000088 ], [ 98.74740644600007, 8.136542059000078 ], [ 98.745127800000034, 8.087551174000055 ], [ 98.74740644600007, 8.068264065000051 ], [ 98.752452019000032, 8.060126044000071 ], [ 98.765391472000033, 8.047105210000041 ], [ 98.768077019000032, 8.038153387000079 ], [ 98.770274285000028, 8.023667710000041 ], [ 98.775563998000052, 8.023423570000091 ], [ 98.788584832000026, 8.034735419000071 ], [ 98.792002800000034, 8.040228583000044 ], [ 98.794688347000033, 8.048488674000055 ], [ 98.800303582000026, 8.052435614000046 ], [ 98.812754754000082, 8.044989325000074 ], [ 98.81771894600007, 8.03656647300005 ], [ 98.824554884000065, 8.014349677000041 ], [ 98.82943769600007, 8.006781317000048 ], [ 98.843597852000073, 8.002875067000048 ], [ 98.857920769000032, 8.00844961100006 ], [ 98.872813347000033, 8.016791083000044 ], [ 98.888194207000026, 8.021063544000071 ], [ 98.891612175000034, 8.024888414000088 ], [ 98.898936394000032, 8.042710679000038 ], [ 98.905284050000034, 8.048407294000071 ], [ 98.917979363000029, 8.051336981000077 ], [ 98.922129754000082, 8.048529364000046 ], [ 98.923675977000073, 8.041408596000053 ], [ 98.929453972000033, 8.030991929000038 ], [ 98.937347852000073, 8.024318752000056 ], [ 98.953461134000065, 8.015448309000078 ], [ 98.960459832000026, 8.006781317000048 ], [ 98.963877800000034, 7.998277085000041 ], [ 98.963389519000032, 7.992621161000045 ], [ 98.961599155000044, 7.986476955000057 ], [ 98.960459832000026, 7.976385809000078 ], [ 98.967784050000034, 7.956203518000052 ], [ 98.984141472000033, 7.947251695000091 ], [ 99.000254754000082, 7.942572333000044 ], [ 99.007578972000033, 7.935126044000071 ], [ 99.022959832000026, 7.909572658000059 ], [ 99.028086785000028, 7.90375397300005 ], [ 99.04070071700005, 7.901841539000088 ], [ 99.050303582000026, 7.905462958000044 ], [ 99.06959069100003, 7.924872137000079 ], [ 99.070323113000029, 7.907904364000046 ], [ 99.06413821700005, 7.878119208000044 ], [ 99.062266472000033, 7.859361070000091 ], [ 99.05600019600007, 7.847357489000046 ], [ 99.014414910000028, 7.815008856000077 ], [ 99.027679884000065, 7.788885809000078 ], [ 99.033213738000029, 7.722805080000057 ], [ 99.05600019600007, 7.698919989000046 ], [ 99.09148196700005, 7.691839911000045 ], [ 99.112152540000068, 7.705511786000045 ], [ 99.121918165000068, 7.73305898600006 ], [ 99.12427819100003, 7.767238674000055 ], [ 99.13054446700005, 7.767238674000055 ], [ 99.137543165000068, 7.744330145000049 ], [ 99.153086785000028, 7.730658270000049 ], [ 99.172618035000028, 7.719712632000039 ], [ 99.192556186000047, 7.705145575000074 ], [ 99.206228061000047, 7.685939846000053 ], [ 99.214366082000026, 7.67999909100007 ], [ 99.230479363000029, 7.677801825000074 ], [ 99.243662957000026, 7.671454169000071 ], [ 99.255707227000073, 7.657375393000052 ], [ 99.262217644000032, 7.643255927000041 ], [ 99.258067254000082, 7.636867580000057 ], [ 99.246755405000044, 7.634100653000075 ], [ 99.249766472000033, 7.627752997000073 ], [ 99.259532097000033, 7.620835679000038 ], [ 99.268321160000028, 7.616400458000044 ], [ 99.27702884200005, 7.61749909100007 ], [ 99.285899285000028, 7.621771552000041 ], [ 99.292735222000033, 7.620672919000071 ], [ 99.30005944100003, 7.575384833000044 ], [ 99.307383660000028, 7.550279039000088 ], [ 99.308848504000082, 7.528306382000039 ], [ 99.295583530000044, 7.507147528000075 ], [ 99.303396030000044, 7.50462474200009 ], [ 99.325205925000034, 7.504868882000039 ], [ 99.329844597000033, 7.503404039000088 ], [ 99.331879102000073, 7.491929429000038 ], [ 99.341807488000029, 7.475734768000052 ], [ 99.344004754000082, 7.468980210000041 ], [ 99.347422722000033, 7.423488674000055 ], [ 99.345876498000052, 7.400051174000055 ], [ 99.336599155000044, 7.383612372000073 ], [ 99.365896030000044, 7.336371161000045 ], [ 99.37818444100003, 7.32094961100006 ], [ 99.392344597000033, 7.312201239000046 ], [ 99.420664910000028, 7.307440497000073 ], [ 99.426036004000082, 7.304510809000078 ], [ 99.431813998000052, 7.297796942000048 ], [ 99.445160352000073, 7.28969961100006 ], [ 99.46021569100003, 7.282863674000055 ], [ 99.470713738000029, 7.279974677000041 ], [ 99.488291863000029, 7.285711981000077 ], [ 99.492198113000029, 7.299872137000079 ], [ 99.488047722000033, 7.335191148000092 ], [ 99.490977410000028, 7.35101959800005 ], [ 99.497813347000033, 7.370794989000046 ], [ 99.508148634000065, 7.384955145000049 ], [ 99.521494988000029, 7.383612372000073 ], [ 99.525401238000029, 7.370021877000056 ], [ 99.520518425000034, 7.326971747000073 ], [ 99.52466881600003, 7.311346747000073 ], [ 99.549571160000028, 7.301825262000079 ], [ 99.569021030000044, 7.322211005000042 ], [ 99.59734134200005, 7.376166083000044 ], [ 99.603526238000029, 7.376166083000044 ], [ 99.598399285000028, 7.342718817000048 ], [ 99.58521569100003, 7.306708075000074 ], [ 99.566742384000065, 7.278021552000041 ], [ 99.545420769000032, 7.266302802000041 ], [ 99.540049675000034, 7.244126695000091 ], [ 99.55787194100003, 7.197455145000049 ], [ 99.583994988000029, 7.156439520000049 ], [ 99.603526238000029, 7.150864976000094 ], [ 99.610850457000026, 7.150864976000094 ], [ 99.614105665000068, 7.136664130000042 ], [ 99.621104363000029, 7.13703034100007 ], [ 99.637543165000068, 7.150864976000094 ], [ 99.672373894000032, 7.170721747000073 ], [ 99.671885613000029, 7.13540273600006 ], [ 99.677582227000073, 7.123277085000041 ], [ 99.692881707000026, 7.116115627000056 ], [ 99.704844597000033, 7.121242580000057 ], [ 99.723399285000028, 7.131822007000039 ], [ 99.740570509000065, 7.137111721000053 ], [ 99.748057488000029, 7.126044012000079 ], [ 99.71998131600003, 7.08852773600006 ], [ 99.716807488000029, 7.081976630000042 ], [ 99.705739780000044, 7.075425523000092 ], [ 99.695485873000052, 7.059881903000075 ], [ 99.679209832000026, 7.026760158000059 ], [ 99.686208530000044, 7.013373114000046 ], [ 99.682139519000032, 6.992661851000094 ], [ 99.68091881600003, 6.973618882000039 ], [ 99.696299675000034, 6.965277411000045 ], [ 99.707204623000052, 6.961004950000074 ], [ 99.712901238000029, 6.951646226000094 ], [ 99.713877800000034, 6.942206122000073 ], [ 99.71021569100003, 6.937974351000094 ], [ 99.695811394000032, 6.937689520000049 ], [ 99.690440300000034, 6.935492255000042 ], [ 99.686045769000032, 6.917466539000088 ], [ 99.685801629000082, 6.877346096000053 ], [ 99.710703972000033, 6.85415273600006 ], [ 99.797211134000065, 6.821682033000059 ], [ 99.802500847000033, 6.817531643000052 ], [ 99.809580925000034, 6.808294989000046 ], [ 99.81763756600003, 6.782619533000059 ], [ 99.824880405000044, 6.769598700000074 ], [ 99.833750847000033, 6.770086981000077 ], [ 99.851735873000052, 6.776434637000079 ], [ 99.867523634000065, 6.762600002000056 ], [ 99.891449415000068, 6.725043036000045 ], [ 99.917491082000026, 6.705267645000049 ], [ 99.928477410000028, 6.692613023000092 ], [ 99.933116082000026, 6.674221096000053 ], [ 99.937347852000073, 6.664740302000041 ], [ 99.947032097000033, 6.663397528000075 ], [ 99.956553582000026, 6.664007880000042 ], [ 99.960948113000029, 6.660549221000053 ], [ 99.962901238000029, 6.649562893000052 ], [ 99.971527540000068, 6.632757880000042 ], [ 99.97396894600007, 6.622707424000055 ], [ 99.972178582000026, 6.617865302000041 ], [ 99.963145379000082, 6.605698960000041 ], [ 99.960948113000029, 6.598456122000073 ], [ 99.96412194100003, 6.593736070000091 ], [ 99.971446160000028, 6.595607815000051 ], [ 99.984141472000033, 6.60219961100006 ], [ 99.991221550000034, 6.597845770000049 ], [ 99.995127800000034, 6.587713934000078 ], [ 99.997894727000073, 6.576117255000042 ], [ 100.00131269600007, 6.567450262000079 ], [ 100.029958530000044, 6.534654039000088 ], [ 100.063324415000068, 6.50657786700009 ], [ 100.072927280000044, 6.528509833000044 ], [ 100.080577019000032, 6.536810614000046 ], [ 100.093516472000033, 6.540106512000079 ], [ 100.103526238000029, 6.533189195000091 ], [ 100.102305535000028, 6.517075914000088 ], [ 100.090098504000082, 6.484849351000094 ], [ 100.108164910000028, 6.479559637000079 ], [ 100.119965040000068, 6.463120835000041 ], [ 100.127289259000065, 6.442287502000056 ], [ 100.131114129000082, 6.423407294000071 ], [ 100.137461785000028, 6.380519924000055 ], [ 100.152842644000032, 6.333929755000042 ], [ 100.174571160000028, 6.290961005000042 ], [ 100.199961785000028, 6.258978583000044 ], [ 100.232595248000052, 6.236232815000051 ], [ 100.247894727000073, 6.220770575000074 ], [ 100.260020379000082, 6.180894273000092 ], [ 100.29615319100003, 6.11554596600007 ], [ 100.313975457000026, 6.07062409100007 ], [ 100.325938347000033, 6.049058335000041 ], [ 100.340586785000028, 6.02993398600006 ], [ 100.349131707000026, 6.012681382000039 ], [ 100.375743035000028, 5.810939846000053 ], [ 100.36451256600003, 5.69407786700009 ], [ 100.369151238000029, 5.689601955000057 ], [ 100.378754102000073, 5.685207424000055 ], [ 100.38640384200005, 5.679103908000059 ], [ 100.384938998000052, 5.669256903000075 ], [ 100.37631269600007, 5.663316148000092 ], [ 100.36491946700005, 5.662665106000077 ], [ 100.35320071700005, 5.665350653000075 ], [ 100.344004754000082, 5.669256903000075 ], [ 100.35084069100003, 5.584214585000041 ], [ 100.355723504000082, 5.562689520000049 ], [ 100.378428582000026, 5.522772528000075 ], [ 100.384938998000052, 5.499253648000092 ], [ 100.378672722000033, 5.413275458000044 ], [ 100.38021894600007, 5.390692450000074 ], [ 100.385264519000032, 5.376939195000091 ], [ 100.406016472000033, 5.34837474200009 ], [ 100.430023634000065, 5.302883205000057 ], [ 100.43327884200005, 5.290025132000039 ], [ 100.431162957000026, 5.278957424000055 ], [ 100.42123457100007, 5.260646877000056 ], [ 100.418955925000034, 5.248480536000045 ], [ 100.42115319100003, 5.242417710000041 ], [ 100.430674675000034, 5.222357489000046 ], [ 100.43327884200005, 5.211167710000041 ], [ 100.43091881600003, 5.190619208000044 ], [ 100.416270379000082, 5.15961334800005 ], [ 100.409027540000068, 5.126654364000046 ], [ 100.40007571700005, 5.114894924000055 ], [ 100.388845248000052, 5.105658270000049 ], [ 100.378672722000033, 5.094549872000073 ], [ 100.374196811000047, 5.091945705000057 ], [ 100.369476759000065, 5.093247789000088 ], [ 100.365896030000044, 5.09251536700009 ], [ 100.36451256600003, 5.08429596600007 ], [ 100.37232506600003, 5.061428127000056 ], [ 100.380707227000073, 5.047349351000094 ], [ 100.395681186000047, 5.013373114000046 ], [ 100.401866082000026, 4.992336330000057 ], [ 100.426524285000028, 4.964178778000075 ], [ 100.432383660000028, 4.949652411000045 ], [ 100.435801629000082, 4.936102606000077 ], [ 100.441579623000052, 4.922837632000039 ], [ 100.453868035000028, 4.90892161700009 ], [ 100.460703972000033, 4.916001695000091 ], [ 100.470713738000029, 4.922308661000045 ], [ 100.48170006600003, 4.924709377000056 ], [ 100.491709832000026, 4.919826565000051 ], [ 100.503428582000026, 4.910142320000091 ], [ 100.51099694100003, 4.906927802000041 ], [ 100.514659050000034, 4.902492580000057 ], [ 100.51531009200005, 4.889064846000053 ], [ 100.509613477000073, 4.888617255000042 ], [ 100.49927819100003, 4.881048895000049 ], [ 100.494395379000082, 4.872259833000044 ], [ 100.505381707000026, 4.867987372000073 ], [ 100.529144727000073, 4.867865302000041 ], [ 100.539886915000068, 4.870021877000056 ], [ 100.55005944100003, 4.875433661000045 ], [ 100.553070509000065, 4.86204661700009 ], [ 100.56177819100003, 4.858303127000056 ], [ 100.57154381600003, 4.85773346600007 ], [ 100.57740319100003, 4.854315497000073 ], [ 100.57740319100003, 4.843980210000041 ], [ 100.569509311000047, 4.827134507000039 ], [ 100.570567254000082, 4.813381252000056 ], [ 100.576182488000029, 4.799261786000045 ], [ 100.581228061000047, 4.797919012000079 ], [ 100.587657097000033, 4.800970770000049 ], [ 100.597829623000052, 4.799709377000056 ], [ 100.617360873000052, 4.792914130000042 ], [ 100.619802280000044, 4.786444403000075 ], [ 100.612071160000028, 4.772365627000056 ], [ 100.626800977000073, 4.766587632000039 ], [ 100.632578972000033, 4.765570380000042 ], [ 100.632578972000033, 4.75812409100007 ], [ 100.603851759000065, 4.756048895000049 ], [ 100.594493035000028, 4.743068752000056 ], [ 100.597829623000052, 4.693548895000049 ], [ 100.604177280000044, 4.665838934000078 ], [ 100.62037194100003, 4.666205145000049 ], [ 100.642344597000033, 4.674302476000094 ], [ 100.666188998000052, 4.669907945000091 ], [ 100.656097852000073, 4.663723049000055 ], [ 100.647308790000068, 4.654730536000045 ], [ 100.639496290000068, 4.643133856000077 ], [ 100.632578972000033, 4.629055080000057 ], [ 100.616953972000033, 4.638251044000071 ], [ 100.603770379000082, 4.629461981000077 ], [ 100.594411655000044, 4.610907294000071 ], [ 100.590993686000047, 4.590806382000039 ], [ 100.59734134200005, 4.571926174000055 ], [ 100.612315300000034, 4.558742580000057 ], [ 100.63021894600007, 4.553941148000092 ], [ 100.645518425000034, 4.560044664000088 ], [ 100.632578972000033, 4.532904364000046 ], [ 100.614756707000026, 4.467759507000039 ], [ 100.612071160000028, 4.440008856000077 ], [ 100.607676629000082, 4.426214911000045 ], [ 100.588552280000044, 4.412258205000057 ], [ 100.584239129000082, 4.39907461100006 ], [ 100.583018425000034, 4.380072333000044 ], [ 100.579844597000033, 4.366441148000092 ], [ 100.570567254000082, 4.341009833000044 ], [ 100.565440300000034, 4.319159247000073 ], [ 100.56967207100007, 4.313381252000056 ], [ 100.579600457000026, 4.311224677000041 ], [ 100.590993686000047, 4.300034898000092 ], [ 100.59498131600003, 4.284409898000092 ], [ 100.595713738000029, 4.268744208000044 ], [ 100.600271030000044, 4.256537177000041 ], [ 100.615244988000029, 4.251654364000046 ], [ 100.608897332000026, 4.238430080000057 ], [ 100.613047722000033, 4.208400783000059 ], [ 100.622569207000026, 4.175848700000074 ], [ 100.632578972000033, 4.155462958000044 ], [ 100.65552819100003, 4.169501044000071 ], [ 100.677744988000029, 4.165187893000052 ], [ 100.697520379000082, 4.150864976000094 ], [ 100.713877800000034, 4.134955145000049 ], [ 100.765879754000082, 4.099839585000041 ], [ 100.776052280000044, 4.086493231000077 ], [ 100.77670332100007, 4.060532945000091 ], [ 100.772959832000026, 4.037014065000051 ], [ 100.777598504000082, 4.021389065000051 ], [ 100.803233269000032, 4.018866278000075 ], [ 100.814300977000073, 4.026068427000041 ], [ 100.838145379000082, 4.037990627000056 ], [ 100.861501498000052, 4.040350653000075 ], [ 100.871429884000065, 4.018866278000075 ], [ 100.854991082000026, 4.022162177000041 ], [ 100.834646030000044, 4.018540757000039 ], [ 100.817393425000034, 4.010809637000079 ], [ 100.801524285000028, 3.991115627000056 ], [ 100.781748894000032, 3.988023179000038 ], [ 100.718760613000029, 3.99087148600006 ], [ 100.70630944100003, 3.983587958000044 ], [ 100.701182488000029, 3.967230536000045 ], [ 100.700694207000026, 3.917222398000092 ], [ 100.703379754000082, 3.898871161000045 ], [ 100.709483269000032, 3.883042710000041 ], [ 100.720713738000029, 3.868068752000056 ], [ 100.734629754000082, 3.859442450000074 ], [ 100.760101759000065, 3.847154039000088 ], [ 100.78484134200005, 3.839341539000088 ], [ 100.795909050000034, 3.843817450000074 ], [ 100.800547722000033, 3.847805080000057 ], [ 100.81177819100003, 3.851223049000055 ], [ 100.833994988000029, 3.854396877000056 ], [ 100.84538821700005, 3.851263739000046 ], [ 100.841563347000033, 3.843736070000091 ], [ 100.823741082000026, 3.827093817000048 ], [ 100.813243035000028, 3.803778387000079 ], [ 100.812266472000033, 3.78656647300005 ], [ 100.822927280000044, 3.776068427000041 ], [ 100.869639519000032, 3.768011786000045 ], [ 100.886485222000033, 3.756333726000094 ], [ 100.912445509000065, 3.72406647300005 ], [ 100.927989129000082, 3.696600653000075 ], [ 100.933604363000029, 3.689276434000078 ], [ 100.943369988000029, 3.682603257000039 ], [ 100.967946811000047, 3.672064520000049 ], [ 101.040537957000026, 3.621975002000056 ], [ 101.057139519000032, 3.600531317000048 ], [ 101.064463738000029, 3.579046942000048 ], [ 101.074229363000029, 3.534409898000092 ], [ 101.094004754000082, 3.505804755000042 ], [ 101.102224155000044, 3.482896226000094 ], [ 101.108409050000034, 3.473944403000075 ], [ 101.139659050000034, 3.442857164000088 ], [ 101.18718509200005, 3.380194403000075 ], [ 101.194183790000068, 3.364081122000073 ], [ 101.197601759000065, 3.359320380000042 ], [ 101.205739780000044, 3.35382721600007 ], [ 101.215586785000028, 3.349188544000071 ], [ 101.23568769600007, 3.344142971000053 ], [ 101.24146569100003, 3.336615302000041 ], [ 101.244883660000028, 3.32758209800005 ], [ 101.248871290000068, 3.319973049000055 ], [ 101.283213738000029, 3.290838934000078 ], [ 101.297618035000028, 3.274603583000044 ], [ 101.303477410000028, 3.254828192000048 ], [ 101.323415561000047, 3.12445709800005 ], [ 101.329844597000033, 3.111761786000045 ], [ 101.358571811000047, 3.089260158000059 ], [ 101.365000847000033, 3.076361395000049 ], [ 101.372813347000033, 3.028306382000039 ], [ 101.372813347000033, 3.002346096000053 ], [ 101.361582879000082, 2.991034247000073 ], [ 101.347178582000026, 2.985500393000052 ], [ 101.332774285000028, 2.972357489000046 ], [ 101.283050977000073, 2.911200262000079 ], [ 101.281016472000033, 2.897853908000059 ], [ 101.303477410000028, 2.89484284100007 ], [ 101.28638756600003, 2.849676825000074 ], [ 101.310557488000029, 2.833563544000071 ], [ 101.35515384200005, 2.829250393000052 ], [ 101.399180535000028, 2.81907786700009 ], [ 101.430186394000032, 2.792466539000088 ], [ 101.479665561000047, 2.716986395000049 ], [ 101.502777540000068, 2.689398505000042 ], [ 101.54232832100007, 2.661281643000052 ], [ 101.564219597000033, 2.652004299000055 ], [ 101.597911004000082, 2.646307684000078 ], [ 101.618337436000047, 2.636908270000049 ], [ 101.67351321700005, 2.62726471600007 ], [ 101.690928582000026, 2.614894924000055 ], [ 101.700938347000033, 2.60415273600006 ], [ 101.713389519000032, 2.596584377000056 ], [ 101.76099694100003, 2.59210846600007 ], [ 101.774424675000034, 2.58657461100006 ], [ 101.783050977000073, 2.575873114000046 ], [ 101.803233269000032, 2.518011786000045 ], [ 101.81771894600007, 2.502183335000041 ], [ 101.82740319100003, 2.494126695000091 ], [ 101.834239129000082, 2.490708726000094 ], [ 101.851084832000026, 2.478949286000045 ], [ 101.856211785000028, 2.451361395000049 ], [ 101.858164910000028, 2.419419664000088 ], [ 101.865244988000029, 2.394517320000091 ], [ 101.877452019000032, 2.40884023600006 ], [ 101.909190300000034, 2.41079336100006 ], [ 101.926768425000034, 2.422430731000077 ], [ 101.956228061000047, 2.404771226000094 ], [ 101.972178582000026, 2.398586330000057 ], [ 101.988780144000032, 2.394517320000091 ], [ 101.987071160000028, 2.377142645000049 ], [ 101.999034050000034, 2.36163971600007 ], [ 102.018728061000047, 2.350409247000073 ], [ 102.04029381600003, 2.346136786000045 ], [ 102.051280144000032, 2.340887762000079 ], [ 102.126963738000029, 2.257310289000088 ], [ 102.154307488000029, 2.235663153000075 ], [ 102.187998894000032, 2.216376044000071 ], [ 102.348643425000034, 2.149969794000071 ], [ 102.489024285000028, 2.092922268000052 ], [ 102.526866082000026, 2.070868231000077 ], [ 102.544688347000033, 2.057684637000079 ], [ 102.557302280000044, 2.045111395000049 ], [ 102.55827884200005, 2.040594794000071 ], [ 102.560313347000033, 2.036444403000075 ], [ 102.559092644000032, 2.033189195000091 ], [ 102.55046634200005, 2.031439520000049 ], [ 102.557627800000034, 2.018744208000044 ], [ 102.568858269000032, 2.006415106000077 ], [ 102.650645379000082, 1.940904039000088 ], [ 102.667165561000047, 1.921576239000046 ], [ 102.686208530000044, 1.879055080000057 ], [ 102.699392123000052, 1.859442450000074 ], [ 102.721853061000047, 1.847072658000059 ], [ 102.738780144000032, 1.846625067000048 ], [ 102.78842207100007, 1.854193427000041 ], [ 102.804453972000033, 1.86009349200009 ], [ 102.83562259200005, 1.845648505000042 ], [ 102.863617384000065, 1.827785549000055 ], [ 102.887461785000028, 1.807114976000094 ], [ 102.906748894000032, 1.784369208000044 ], [ 102.92318769600007, 1.757879950000074 ], [ 102.934580925000034, 1.747544664000088 ], [ 102.951182488000029, 1.743394273000092 ], [ 102.974131707000026, 1.741156317000048 ], [ 102.996348504000082, 1.734930731000077 ], [ 103.037119988000029, 1.715521552000041 ], [ 103.206065300000034, 1.610419012000079 ], [ 103.325043165000068, 1.565334377000056 ], [ 103.367360873000052, 1.538397528000075 ], [ 103.395355665000068, 1.506415106000077 ], [ 103.413910352000073, 1.467840887000079 ], [ 103.446299675000034, 1.359320380000042 ], [ 103.454844597000033, 1.339422919000071 ], [ 103.469004754000082, 1.319973049000055 ], [ 103.504079623000052, 1.289943752000056 ], [ 103.516368035000028, 1.270453192000048 ], [ 103.53052819100003, 1.305243231000077 ], [ 103.54851321700005, 1.331691799000055 ], [ 103.551036004000082, 1.342840887000079 ], [ 103.55005944100003, 1.351060289000088 ], [ 103.545258009000065, 1.36595286700009 ], [ 103.54420006600003, 1.377183335000041 ], [ 103.547862175000034, 1.382066148000092 ], [ 103.555511915000068, 1.374741929000038 ], [ 103.562754754000082, 1.364406643000052 ], [ 103.564707879000082, 1.359849351000094 ], [ 103.600108269000032, 1.353461005000042 ], [ 103.630056186000047, 1.377427476000094 ], [ 103.681407097000033, 1.441799221000053 ], [ 103.697601759000065, 1.45062897300005 ], [ 103.712657097000033, 1.452093817000048 ], [ 103.753103061000047, 1.448635158000059 ], [ 103.774099155000044, 1.453680731000077 ], [ 103.814300977000073, 1.474514065000051 ], [ 103.839691602000073, 1.476548570000091 ], [ 103.926524285000028, 1.431708075000074 ], [ 103.974457227000073, 1.419826565000051 ], [ 104.009776238000029, 1.448635158000059 ], [ 104.012461785000028, 1.464260158000059 ], [ 104.010020379000082, 1.479478257000039 ], [ 104.005707227000073, 1.493841864000046 ], [ 104.003428582000026, 1.506903387000079 ], [ 104.008636915000068, 1.534857489000046 ], [ 104.008311394000032, 1.548732815000051 ], [ 103.97038821700005, 1.608628648000092 ], [ 103.96021569100003, 1.635809637000079 ], [ 103.965993686000047, 1.647853908000059 ], [ 103.988536004000082, 1.632391669000071 ], [ 104.012217644000032, 1.596869208000044 ], [ 104.043955925000034, 1.531195380000042 ], [ 104.049815300000034, 1.513088283000059 ], [ 104.053396030000044, 1.506293036000045 ], [ 104.060801629000082, 1.51007721600007 ], [ 104.094493035000028, 1.535223700000074 ], [ 104.111175977000073, 1.545070705000057 ], [ 104.128916863000029, 1.549709377000056 ], [ 104.147634311000047, 1.545396226000094 ], [ 104.123220248000052, 1.517523505000042 ], [ 104.086273634000065, 1.502875067000048 ], [ 104.059418165000068, 1.485337632000039 ], [ 104.064952019000032, 1.448635158000059 ], [ 104.074880405000044, 1.438706773000092 ], [ 104.088633660000028, 1.429429429000038 ], [ 104.100596550000034, 1.418850002000056 ], [ 104.105967644000032, 1.404486395000049 ], [ 104.105235222000033, 1.38540273600006 ], [ 104.106211785000028, 1.375189520000049 ], [ 104.114024285000028, 1.368475653000075 ], [ 104.154470248000052, 1.35228099200009 ], [ 104.174082879000082, 1.348211981000077 ], [ 104.219248894000032, 1.346177476000094 ], [ 104.224131707000026, 1.349514065000051 ], [ 104.234629754000082, 1.36399974200009 ], [ 104.23959394600007, 1.367336330000057 ], [ 104.277354363000029, 1.367336330000057 ], [ 104.282399936000047, 1.382635809000078 ], [ 104.279551629000082, 1.426459052000041 ], [ 104.287852410000028, 1.435532945000091 ], [ 104.294688347000033, 1.446519273000092 ], [ 104.293711785000028, 1.471584377000056 ], [ 104.284027540000068, 1.517482815000051 ], [ 104.263682488000029, 1.572170315000051 ], [ 104.256521030000044, 1.613836981000077 ], [ 104.249847852000073, 1.627346096000053 ], [ 104.25521894600007, 1.637762762000079 ], [ 104.247243686000047, 1.650539455000057 ], [ 104.235362175000034, 1.66437409100007 ], [ 104.229502800000034, 1.678290106000077 ], [ 104.228037957000026, 1.712103583000044 ], [ 104.222911004000082, 1.72687409100007 ], [ 104.204274936000047, 1.752875067000048 ], [ 104.195323113000029, 1.798732815000051 ], [ 104.167491082000026, 1.847072658000059 ], [ 104.161143425000034, 1.847072658000059 ], [ 104.149180535000028, 1.837469794000071 ], [ 104.135427280000044, 1.848944403000075 ], [ 104.12427819100003, 1.87055084800005 ], [ 104.119639519000032, 1.891180731000077 ], [ 104.12232506600003, 1.934637762000079 ], [ 104.120860222000033, 1.954046942000048 ], [ 104.112803582000026, 1.976141669000071 ], [ 104.106455925000034, 1.986883856000077 ], [ 104.085459832000026, 2.010972398000092 ], [ 104.078868035000028, 2.02179596600007 ], [ 104.067230665000068, 2.046820380000042 ], [ 104.048838738000029, 2.071763414000088 ], [ 104.023285352000073, 2.134466864000046 ], [ 103.976410352000073, 2.192368882000039 ], [ 103.969411655000044, 2.212713934000078 ], [ 103.971690300000034, 2.224595445000091 ], [ 103.981455925000034, 2.244330145000049 ], [ 103.98365319100003, 2.253648179000038 ], [ 103.979991082000026, 2.265570380000042 ], [ 103.962412957000026, 2.287298895000049 ], [ 103.955821160000028, 2.29828522300005 ], [ 103.953623894000032, 2.309475002000056 ], [ 103.953379754000082, 2.329413153000075 ], [ 103.948985222000033, 2.339911200000074 ], [ 103.942067905000044, 2.346502997000073 ], [ 103.920095248000052, 2.362616278000075 ], [ 103.91138756600003, 2.370672919000071 ], [ 103.837657097000033, 2.463812567000048 ], [ 103.830332879000082, 2.482367255000042 ], [ 103.831065300000034, 2.501695054000038 ], [ 103.839691602000073, 2.52484772300005 ], [ 103.813975457000026, 2.58148834800005 ], [ 103.801768425000034, 2.596869208000044 ], [ 103.767100457000026, 2.623846747000073 ], [ 103.764170769000032, 2.633246161000045 ], [ 103.766774936000047, 2.641750393000052 ], [ 103.765147332000026, 2.648911851000094 ], [ 103.74968509200005, 2.65460846600007 ], [ 103.72584069100003, 2.643052476000094 ], [ 103.71615644600007, 2.641546942000048 ], [ 103.705414259000065, 2.645453192000048 ], [ 103.690440300000034, 2.659125067000048 ], [ 103.685069207000026, 2.662054755000042 ], [ 103.667491082000026, 2.662909247000073 ], [ 103.652110222000033, 2.666001695000091 ], [ 103.64031009200005, 2.671291408000059 ], [ 103.638438347000033, 2.672105210000041 ], [ 103.520192905000044, 2.789007880000042 ], [ 103.473643425000034, 2.85101959800005 ], [ 103.441172722000033, 2.922105210000041 ], [ 103.434580925000034, 2.961818752000056 ], [ 103.456065300000034, 3.20376211100006 ], [ 103.451426629000082, 3.223781643000052 ], [ 103.444509311000047, 3.243557033000059 ], [ 103.428070509000065, 3.367173570000091 ], [ 103.433360222000033, 3.408392645000049 ], [ 103.482188347000033, 3.511786200000074 ], [ 103.448008660000028, 3.504950262000079 ], [ 103.46216881600003, 3.534125067000048 ], [ 103.43873131600003, 3.56781647300005 ], [ 103.404551629000082, 3.600043036000045 ], [ 103.387217644000032, 3.624741929000038 ], [ 103.383555535000028, 3.637274481000077 ], [ 103.34498131600003, 3.721584377000056 ], [ 103.339610222000033, 3.738348700000074 ], [ 103.338715040000068, 3.758205471000053 ], [ 103.342784050000034, 3.771918036000045 ], [ 103.351084832000026, 3.789211330000057 ], [ 103.36101321700005, 3.801988023000092 ], [ 103.378428582000026, 3.802435614000046 ], [ 103.381358269000032, 3.820502020000049 ], [ 103.380381707000026, 3.857489325000074 ], [ 103.38404381600003, 3.890326239000046 ], [ 103.394704623000052, 3.93500397300005 ], [ 103.411631707000026, 3.963934637000079 ], [ 103.434336785000028, 3.950018622000073 ], [ 103.437998894000032, 3.975043036000045 ], [ 103.400889519000032, 4.067328192000048 ], [ 103.394053582000026, 4.098618882000039 ], [ 103.395192905000044, 4.116278387000079 ], [ 103.40398196700005, 4.131822007000039 ], [ 103.424652540000068, 4.159165757000039 ], [ 103.432790561000047, 4.164862372000073 ], [ 103.440928582000026, 4.167873440000051 ], [ 103.442800326000054, 4.168972072000088 ], [ 103.44857832100007, 4.172430731000077 ], [ 103.454844597000033, 4.182766018000052 ], [ 103.448415561000047, 4.208807684000078 ], [ 103.448008660000028, 4.217474677000041 ], [ 103.451670769000032, 4.225165106000077 ], [ 103.465830925000034, 4.242092190000051 ], [ 103.47234134200005, 4.248236395000049 ], [ 103.480316602000073, 4.260239976000094 ], [ 103.493907097000033, 4.295314846000053 ], [ 103.496429884000065, 4.306219794000071 ], [ 103.494151238000029, 4.336615302000041 ], [ 103.461680535000028, 4.42914459800005 ], [ 103.463715040000068, 4.443752346000053 ], [ 103.451426629000082, 4.488470770000049 ], [ 103.45826256600003, 4.508286851000094 ], [ 103.46810957100007, 4.527085679000038 ], [ 103.469411655000044, 4.550034898000092 ], [ 103.45248457100007, 4.701076565000051 ], [ 103.44263756600003, 4.74282461100006 ], [ 103.441172722000033, 4.765570380000042 ], [ 103.44857832100007, 4.795070705000057 ], [ 103.448008660000028, 4.806545315000051 ], [ 103.44263756600003, 4.816595770000049 ], [ 103.42505944100003, 4.837144273000092 ], [ 103.42123457100007, 4.844142971000053 ], [ 103.41529381600003, 4.863348700000074 ], [ 103.356618686000047, 4.970404364000046 ], [ 103.257334832000026, 5.13617584800005 ], [ 103.222422722000033, 5.221136786000045 ], [ 103.120290561000047, 5.381333726000094 ], [ 103.027598504000082, 5.485500393000052 ], [ 102.975596550000034, 5.531317450000074 ], [ 102.959483269000032, 5.542059637000079 ], [ 102.918142123000052, 5.550441799000055 ], [ 102.875661655000044, 5.571437893000052 ], [ 102.696462436000047, 5.712876695000091 ], [ 102.66920006600003, 5.725002346000053 ], [ 102.659027540000068, 5.74054596600007 ], [ 102.646006707000026, 5.772935289000088 ], [ 102.62631269600007, 5.79718659100007 ], [ 102.603282097000033, 5.815375067000048 ], [ 102.55046634200005, 5.848049221000053 ], [ 102.542002800000034, 5.854763088000084 ], [ 102.52076256600003, 5.87173086100006 ], [ 102.499847852000073, 5.897406317000048 ], [ 102.379893425000034, 6.132961330000057 ], [ 102.338145379000082, 6.176988023000092 ], [ 102.31568444100003, 6.190375067000048 ], [ 102.199554884000065, 6.232814846000053 ], [ 102.178070509000065, 6.233628648000092 ], [ 102.166840040000068, 6.217962958000044 ], [ 102.183116082000026, 6.223049221000053 ], [ 102.191661004000082, 6.215073960000041 ], [ 102.187022332000026, 6.20343659100007 ], [ 102.163584832000026, 6.197495835000041 ], [ 102.152110222000033, 6.203192450000074 ], [ 102.098643425000034, 6.239081122000073 ], [ 102.073090040000068, 6.257513739000046 ], [ 102.072764519000032, 6.257757880000042 ], [ 102.020030144000032, 6.29564036700009 ], [ 101.908702019000032, 6.401922919000071 ], [ 101.808360222000033, 6.464544989000046 ], [ 101.771657748000052, 6.50071849200009 ], [ 101.723480665000068, 6.574408270000049 ], [ 101.668304884000065, 6.658636786000045 ], [ 101.566254102000073, 6.832220770000049 ], [ 101.557383660000028, 6.841782945000091 ], [ 101.522959832000026, 6.860825914000088 ], [ 101.49537194100003, 6.87250397300005 ], [ 101.488047722000033, 6.878322658000059 ], [ 101.471202019000032, 6.884019273000092 ], [ 101.451914910000028, 6.888413804000038 ], [ 101.43685957100007, 6.890204169000071 ], [ 101.419444207000026, 6.894476630000042 ], [ 101.385209696000061, 6.905220335000081 ], [ 101.346690300000034, 6.928615627000056 ], [ 101.320811394000032, 6.949286200000074 ], [ 101.291731168000069, 6.954572005000045 ], [ 101.262543165000068, 6.94476959800005 ], [ 101.328298373000052, 6.917873440000051 ], [ 101.343582809000054, 6.896142525000073 ], [ 101.351328972000033, 6.875921942000048 ], [ 101.319183790000068, 6.877997137000079 ], [ 101.317149285000028, 6.875921942000048 ], [ 101.310069207000026, 6.880357164000088 ], [ 101.291561969000043, 6.884794559000056 ], [ 101.277731474000063, 6.89625619800006 ], [ 101.244266596000045, 6.902029121000055 ], [ 101.231525310000052, 6.880323212000064 ], [ 101.191416863000029, 6.861883856000077 ], [ 101.06804446700005, 6.85773346600007 ], [ 101.02670332100007, 6.856350002000056 ], [ 100.997573081000041, 6.856675229000075 ], [ 100.948108134000051, 6.880730520000043 ], [ 100.896366160000071, 6.91963471400004 ], [ 100.866474246000053, 6.947088590000078 ], [ 100.849945509000065, 6.962062893000052 ], [ 100.827346865000038, 6.951698926000063 ], [ 100.811238797000044, 6.95742781000007 ], [ 100.78443444100003, 6.96710846600007 ], [ 100.765147332000026, 6.98314036700009 ], [ 100.611094597000033, 7.192613023000092 ], [ 100.585419616000081, 7.224401972000067 ], [ 100.585701283000049, 7.207170551000047 ], [ 100.588633660000028, 7.179592190000051 ], [ 100.580821160000028, 7.167629299000055 ], [ 100.555869370000039, 7.144694505000075 ], [ 100.531630223000036, 7.13747383000009 ], [ 100.519988, 7.135553009000091 ], [ 100.494802280000044, 7.136623440000051 ], [ 100.486031356000069, 7.139901052000084 ], [ 100.477785777000065, 7.146162532000062 ], [ 100.466146210000034, 7.157237053000074 ], [ 100.45062495500008, 7.155316541000047 ], [ 100.436559835000082, 7.160134853000045 ], [ 100.424436404000062, 7.171205698000051 ], [ 100.410860404000061, 7.198636690000058 ], [ 100.402598504000082, 7.203192450000074 ], [ 100.395518425000034, 7.211330471000053 ], [ 100.392344597000033, 7.222560940000051 ], [ 100.395192905000044, 7.228664455000057 ], [ 100.401866082000026, 7.233547268000052 ], [ 100.410655144000032, 7.237005927000041 ], [ 100.426872371000059, 7.245308942000065 ], [ 100.417657727000062, 7.25348936000006 ], [ 100.407957674000045, 7.258301914000072 ], [ 100.39380944100003, 7.25853099200009 ], [ 100.384938998000052, 7.266302802000041 ], [ 100.381195509000065, 7.27570221600007 ], [ 100.379405144000032, 7.287665106000077 ], [ 100.378754102000073, 7.309800523000092 ], [ 100.378672722000033, 7.311346747000073 ], [ 100.370127800000034, 7.332709052000041 ], [ 100.349782748000052, 7.33930084800005 ], [ 100.324880405000044, 7.339789130000042 ], [ 100.302989129000082, 7.342678127000056 ], [ 100.278819207000026, 7.362209377000056 ], [ 100.260508660000028, 7.393622137000079 ], [ 100.22779381600003, 7.474595445000091 ], [ 100.225108269000032, 7.479478257000039 ], [ 100.220469597000033, 7.486029364000046 ], [ 100.199229363000029, 7.503810940000051 ], [ 100.19654381600003, 7.507147528000075 ], [ 100.185394727000073, 7.514227606000077 ], [ 100.179209832000026, 7.531195380000042 ], [ 100.172618035000028, 7.568019924000055 ], [ 100.154633009000065, 7.615790106000077 ], [ 100.142914259000065, 7.700018622000073 ], [ 100.144786004000082, 7.719427802000041 ], [ 100.156423373000052, 7.733384507000039 ], [ 100.20085696700005, 7.772324937000064 ], [ 100.21062259200005, 7.780910549000055 ], [ 100.230967644000032, 7.784816799000055 ], [ 100.250498894000032, 7.791978257000039 ], [ 100.269704623000052, 7.795396226000037 ], [ 100.28874759200005, 7.788316148000092 ], [ 100.306976759000065, 7.757879950000074 ], [ 100.320567254000082, 7.707953192000048 ], [ 100.326996290000068, 7.655218817000048 ], [ 100.32349694100003, 7.616400458000044 ], [ 100.309580925000034, 7.597723700000074 ], [ 100.275563998000052, 7.576971747000073 ], [ 100.26880944100003, 7.557440497000073 ], [ 100.26880944100003, 7.545477606000077 ], [ 100.269704623000052, 7.537502346000053 ], [ 100.272634311000047, 7.531073309000078 ], [ 100.278819207000026, 7.523911851000094 ], [ 100.289561394000032, 7.51821523600006 ], [ 100.295746290000068, 7.523586330000057 ], [ 100.302989129000082, 7.540676174000055 ], [ 100.325563914000043, 7.574479835000091 ], [ 100.35892713700008, 7.57861028800005 ], [ 100.389507916000071, 7.566181028000074 ], [ 100.406016472000033, 7.52765534100007 ], [ 100.410004102000073, 7.458319403000075 ], [ 100.40812190500003, 7.378690254000048 ], [ 100.422318517000065, 7.36997402500009 ], [ 100.429073100000039, 7.326386839000065 ], [ 100.438975457000026, 7.294134833000044 ], [ 100.425547722000033, 7.267564195000091 ], [ 100.444337254000061, 7.257817382000042 ], [ 100.472422722000033, 7.258856512000079 ], [ 100.480235222000033, 7.253892320000091 ], [ 100.499630099000058, 7.242325281000092 ], [ 100.535533530000066, 7.210047007000071 ], [ 100.548139216000038, 7.197050183000044 ], [ 100.573985222000033, 7.194973049000055 ], [ 100.574600073000056, 7.209153209000078 ], [ 100.567205491000038, 7.22949262800006 ], [ 100.554400869000062, 7.249833509000041 ], [ 100.500627124000061, 7.333994596000082 ], [ 100.440196160000028, 7.476996161000045 ], [ 100.367360873000052, 7.825588283000059 ], [ 100.342458530000044, 7.938788153000075 ], [ 100.302907748000052, 8.118557033000059 ], [ 100.271494988000029, 8.317084052000041 ], [ 100.220469597000033, 8.448716539000088 ], [ 100.20834394600007, 8.469671942000048 ], [ 100.180837436000047, 8.501206773000092 ], [ 100.150645379000082, 8.522935289000088 ], [ 100.131114129000082, 8.514553127000056 ], [ 100.164805535000028, 8.501369533000059 ], [ 100.17505944100003, 8.466457424000055 ], [ 100.17709394600007, 8.426214911000045 ], [ 100.186289910000028, 8.39720286700009 ], [ 100.17351321700005, 8.389349677000041 ], [ 100.15756269600007, 8.385728257000039 ], [ 100.14421634200005, 8.388820705000057 ], [ 100.138519727000073, 8.400946356000077 ], [ 100.13404381600003, 8.40375397300005 ], [ 100.111989780000044, 8.413153387000079 ], [ 100.104340040000068, 8.417669989000046 ], [ 100.098480665000068, 8.426459052000041 ], [ 100.092133009000065, 8.446437893000052 ], [ 100.075938347000033, 8.470404364000046 ], [ 100.053721550000034, 8.513657945000091 ], [ 100.049652540000068, 8.530951239000046 ], [ 100.040782097000033, 8.54555898600006 ], [ 99.984141472000033, 8.579413153000075 ], [ 99.967133009000065, 8.605658270000049 ], [ 99.959239129000082, 8.637640692000048 ], [ 99.939219597000033, 8.832464911000045 ], [ 99.926280144000032, 8.863348700000074 ], [ 99.931162957000026, 8.878973700000074 ], [ 99.919444207000026, 8.95579661700009 ], [ 99.919444207000026, 8.980047919000071 ], [ 99.921885613000029, 8.987127997000073 ], [ 99.926524285000028, 8.994533596000053 ], [ 99.931162957000026, 8.999823309000078 ], [ 99.933116082000026, 9.000555731000077 ], [ 99.93132571700005, 9.011867580000057 ], [ 99.921641472000033, 9.028225002000056 ], [ 99.919444207000026, 9.038397528000075 ], [ 99.919444207000026, 9.086493231000077 ], [ 99.916270379000082, 9.101996161000045 ], [ 99.908702019000032, 9.114081122000073 ], [ 99.899587436000047, 9.12531159100007 ], [ 99.891449415000068, 9.138332424000055 ], [ 99.886485222000033, 9.157904364000046 ], [ 99.88599694100003, 9.233303127000056 ], [ 99.877777540000068, 9.226467190000051 ], [ 99.859629754000082, 9.257757880000042 ], [ 99.853037957000026, 9.273993231000077 ], [ 99.854502800000034, 9.285101630000042 ], [ 99.853526238000029, 9.294663804000038 ], [ 99.815440300000034, 9.31118398600006 ], [ 99.803396030000044, 9.322658596000053 ], [ 99.797699415000068, 9.318345445000091 ], [ 99.786875847000033, 9.31281159100007 ], [ 99.781586134000065, 9.308417059000078 ], [ 99.771820509000065, 9.312282619000086 ], [ 99.752777540000068, 9.31976959800005 ], [ 99.73951256600003, 9.320502020000049 ], [ 99.73373457100007, 9.312160549000055 ], [ 99.727305535000028, 9.313706773000092 ], [ 99.689463738000029, 9.31586334800005 ], [ 99.68913821700005, 9.31391022300005 ], [ 99.672373894000032, 9.30219147300005 ], [ 99.641286655000044, 9.294745184000078 ], [ 99.633799675000034, 9.29165273600006 ], [ 99.623545769000032, 9.284816799000055 ], [ 99.610118035000028, 9.27798086100006 ], [ 99.593516472000033, 9.27484772300005 ], [ 99.54818769600007, 9.283148505000042 ], [ 99.535817905000044, 9.281683661000045 ], [ 99.521494988000029, 9.269924221000053 ], [ 99.514414910000028, 9.253241278000075 ], [ 99.509287957000026, 9.235500393000052 ], [ 99.501719597000033, 9.220282294000071 ], [ 99.474782748000052, 9.200995184000078 ], [ 99.443858269000032, 9.195990302000041 ], [ 99.410980665000068, 9.196356512000079 ], [ 99.37818444100003, 9.192938544000071 ], [ 99.350759311000047, 9.219183661000045 ], [ 99.301768425000034, 9.222601630000042 ], [ 99.255056186000047, 9.232489325000074 ], [ 99.234141472000033, 9.278265692000048 ], [ 99.230235222000033, 9.31976959800005 ], [ 99.235524936000047, 9.336330471000053 ], [ 99.254649285000028, 9.356838283000059 ], [ 99.263845248000052, 9.363755601000037 ], [ 99.28874759200005, 9.37726471600007 ], [ 99.291270379000082, 9.381781317000048 ], [ 99.290049675000034, 9.386419989000046 ], [ 99.290782097000033, 9.39008209800005 ], [ 99.299001498000052, 9.391546942000048 ], [ 99.30600019600007, 9.390855210000041 ], [ 99.310720248000052, 9.389837958000044 ], [ 99.31568444100003, 9.389593817000048 ], [ 99.32357832100007, 9.391546942000048 ], [ 99.26531009200005, 9.466009833000044 ], [ 99.223155144000032, 9.542629299000055 ], [ 99.21998131600003, 9.559149481000077 ], [ 99.217784050000034, 9.582180080000057 ], [ 99.212087436000047, 9.597723700000074 ], [ 99.181407097000033, 9.643255927000041 ], [ 99.172862175000034, 9.665228583000044 ], [ 99.16724694100003, 9.68813711100006 ], [ 99.161957227000073, 9.727118231000077 ], [ 99.147959832000026, 9.767401434000078 ], [ 99.144786004000082, 9.788234768000052 ], [ 99.144948764000048, 9.791245835000041 ], [ 99.14616946700005, 9.809719143000052 ], [ 99.148203972000033, 9.819240627000056 ], [ 99.15162194100003, 9.829169012000079 ], [ 99.155772332000026, 9.834784247000073 ], [ 99.168304884000065, 9.84446849200009 ], [ 99.172129754000082, 9.85024648600006 ], [ 99.172373894000032, 9.857407945000091 ], [ 99.169932488000029, 9.861802476000037 ], [ 99.166758660000028, 9.86469147300005 ], [ 99.16529381600003, 9.867621161000045 ], [ 99.16529381600003, 9.946478583000044 ], [ 99.158457879000082, 9.99054596600007 ], [ 99.161631707000026, 10.003322658000059 ], [ 99.175791863000029, 10.013495184000078 ], [ 99.178884311000047, 10.025295315000051 ], [ 99.174001498000052, 10.042914130000042 ], [ 99.163096550000034, 10.057684637000079 ], [ 99.153493686000047, 10.075832424000055 ], [ 99.15162194100003, 10.103461005000042 ], [ 99.159922722000033, 10.128322658000059 ], [ 99.18677819100003, 10.172430731000077 ], [ 99.192556186000047, 10.196275132000039 ], [ 99.201345248000052, 10.210638739000046 ], [ 99.241709832000026, 10.214504299000055 ], [ 99.254649285000028, 10.234442450000074 ], [ 99.236094597000033, 10.229315497000073 ], [ 99.224619988000029, 10.232367255000042 ], [ 99.20630944100003, 10.254339911000045 ], [ 99.168955925000034, 10.28774648600006 ], [ 99.158457879000082, 10.302720445000091 ], [ 99.151377800000034, 10.34634023600006 ], [ 99.15162194100003, 10.357367255000042 ], [ 99.160655144000032, 10.367987372000073 ], [ 99.171641472000033, 10.370266018000052 ], [ 99.184743686000047, 10.371283270000049 ], [ 99.200043165000068, 10.378485419000071 ], [ 99.213063998000052, 10.372056382000039 ], [ 99.223399285000028, 10.365383205000057 ], [ 99.230723504000082, 10.356512762000079 ], [ 99.234141472000033, 10.343695380000042 ], [ 99.256358269000032, 10.356146552000041 ], [ 99.263845248000052, 10.357326565000051 ], [ 99.278168165000068, 10.357367255000042 ], [ 99.285004102000073, 10.364488023000092 ], [ 99.289317254000082, 10.380845445000091 ], [ 99.290537957000026, 10.399237372000073 ], [ 99.28874759200005, 10.412014065000051 ], [ 99.277679884000065, 10.423570054000038 ], [ 99.246755405000044, 10.443915106000077 ], [ 99.240407748000052, 10.456976630000042 ], [ 99.24382571700005, 10.472357489000046 ], [ 99.251719597000033, 10.483954169000071 ], [ 99.26099694100003, 10.494818427000041 ], [ 99.268321160000028, 10.508205471000053 ], [ 99.257985873000052, 10.508002020000049 ], [ 99.249034050000034, 10.509995835000041 ], [ 99.242686394000032, 10.514471747000073 ], [ 99.240407748000052, 10.521877346000053 ], [ 99.244639519000032, 10.535142320000091 ], [ 99.254730665000068, 10.539943752000056 ], [ 99.26726321700005, 10.541693427000041 ], [ 99.278168165000068, 10.546047268000052 ], [ 99.288259311000047, 10.562933661000045 ], [ 99.29615319100003, 10.610907294000071 ], [ 99.30241946700005, 10.631048895000049 ], [ 99.313161655000044, 10.647365627000056 ], [ 99.327159050000034, 10.663275458000044 ], [ 99.343516472000033, 10.675360419000071 ], [ 99.361094597000033, 10.680121161000045 ], [ 99.37435957100007, 10.681382554000038 ], [ 99.376719597000033, 10.685492255000042 ], [ 99.373708530000044, 10.692572333000044 ], [ 99.371348504000082, 10.703070380000042 ], [ 99.375010613000029, 10.711981512000079 ], [ 99.435069207000026, 10.801825262000079 ], [ 99.439707879000082, 10.820054429000038 ], [ 99.439707879000082, 10.861029364000046 ], [ 99.443207227000073, 10.870347398000092 ], [ 99.451670769000032, 10.87531159100007 ], [ 99.461192254000082, 10.877427476000037 ], [ 99.475352410000028, 10.878851630000042 ], [ 99.494151238000029, 10.878119208000044 ], [ 99.495860222000033, 10.873846747000073 ], [ 99.50326582100007, 10.866848049000055 ], [ 99.511566602000073, 10.866359768000052 ], [ 99.51531009200005, 10.881537177000041 ], [ 99.511566602000073, 10.902411200000074 ], [ 99.496104363000029, 10.944240627000056 ], [ 99.494151238000029, 10.967474677000041 ], [ 99.498708530000044, 10.985296942000048 ], [ 99.503428582000026, 10.997056382000039 ], [ 99.512461785000028, 11.019232489000046 ], [ 99.51531009200005, 11.039211330000057 ], [ 99.512054884000065, 11.05695221600007 ], [ 99.497569207000026, 11.093085028000075 ], [ 99.494151238000029, 11.114569403000075 ], [ 99.496348504000082, 11.132879950000074 ], [ 99.50131269600007, 11.14874909100007 ], [ 99.508148634000065, 11.162176825000074 ], [ 99.51531009200005, 11.172919012000079 ], [ 99.52857506600003, 11.186835028000075 ], [ 99.54615319100003, 11.198431708000044 ], [ 99.562022332000026, 11.198919989000046 ], [ 99.569346550000034, 11.17914459800005 ], [ 99.586192254000082, 11.195135809000078 ], [ 99.586192254000082, 11.213853257000039 ], [ 99.569346550000034, 11.255519924000055 ], [ 99.566254102000073, 11.276312567000048 ], [ 99.569346550000034, 11.333970445000091 ], [ 99.573741082000026, 11.34406159100007 ], [ 99.592946811000047, 11.364203192000048 ], [ 99.59734134200005, 11.374945380000042 ], [ 99.599945509000065, 11.38422272300005 ], [ 99.625743035000028, 11.440497137000079 ], [ 99.632009311000047, 11.460638739000046 ], [ 99.63607832100007, 11.481838283000059 ], [ 99.637543165000068, 11.50531647300005 ], [ 99.64185631600003, 11.523260809000078 ], [ 99.661306186000047, 11.551011460000041 ], [ 99.665537957000026, 11.566799221000053 ], [ 99.670583530000044, 11.577866929000038 ], [ 99.751800977000073, 11.709865627000056 ], [ 99.780446811000047, 11.737250067000048 ], [ 99.817067905000044, 11.741441148000092 ], [ 99.811045769000032, 11.753078518000052 ], [ 99.81177819100003, 11.762274481000077 ], [ 99.814952019000032, 11.769680080000057 ], [ 99.817067905000044, 11.775580145000049 ], [ 99.809580925000034, 11.813462632000039 ], [ 99.80982506600003, 11.824611721000053 ], [ 99.812510613000029, 11.832098700000074 ], [ 99.81959069100003, 11.836371161000045 ], [ 99.833750847000033, 11.837713934000078 ], [ 99.836924675000034, 11.843451239000046 ], [ 99.823252800000034, 11.878648179000038 ], [ 99.831228061000047, 11.924709377000056 ], [ 99.855316602000073, 11.968410549000055 ], [ 99.955332879000082, 12.072495835000041 ], [ 99.977386915000068, 12.108303127000056 ], [ 99.981455925000034, 12.117173570000091 ], [ 99.98764082100007, 12.153021552000041 ], [ 99.994313998000052, 12.162583726000037 ], [ 100.010427280000044, 12.174953518000052 ], [ 100.015635613000029, 12.18032461100006 ], [ 100.020030144000032, 12.192694403000075 ], [ 100.019704623000052, 12.202215887000079 ], [ 100.017100457000026, 12.210109768000052 ], [ 100.013926629000082, 12.230698960000041 ], [ 100.009287957000026, 12.241115627000056 ], [ 100.001719597000033, 12.25031159100007 ], [ 99.991709832000026, 12.259466864000046 ], [ 99.982758009000065, 12.270453192000048 ], [ 99.98170006600003, 12.27993398600006 ], [ 100.003672722000033, 12.353949286000045 ], [ 100.012217644000032, 12.368719794000071 ], [ 100.01099694100003, 12.383246161000045 ], [ 99.980804884000065, 12.454657294000071 ], [ 99.977061394000032, 12.47687409100007 ], [ 99.980804884000065, 12.540350653000075 ], [ 99.978037957000026, 12.560777085000041 ], [ 99.960948113000029, 12.625392971000053 ], [ 99.960785352000073, 12.63617584800005 ], [ 99.960459832000026, 12.667914130000042 ], [ 99.965017123000052, 12.710150458000044 ], [ 99.97429446700005, 12.751206773000092 ], [ 99.98764082100007, 12.79047272300005 ], [ 100.023936394000032, 12.847072658000059 ], [ 100.029307488000029, 12.861802476000037 ], [ 100.042979363000029, 12.933823960000041 ], [ 100.052989129000082, 12.966131903000075 ], [ 100.060069207000026, 12.980292059000078 ], [ 100.09302819100003, 13.023993231000077 ], [ 100.101898634000065, 13.039862372000073 ], [ 100.104340040000068, 13.057318427000041 ], [ 100.087738477000073, 13.096177476000037 ], [ 100.07781009200005, 13.133775132000039 ], [ 100.076996290000068, 13.142726955000057 ], [ 100.073985222000033, 13.152777411000045 ], [ 100.066742384000065, 13.160101630000042 ], [ 100.05982506600003, 13.165676174000055 ], [ 100.056488477000073, 13.170314846000053 ], [ 99.998545769000032, 13.218085028000075 ], [ 99.967133009000065, 13.259019273000092 ], [ 99.960866733000046, 13.291571356000077 ], [ 99.960703972000033, 13.29242584800005 ], [ 99.962738477000073, 13.309881903000075 ], [ 99.977386915000068, 13.317368882000039 ], [ 99.993662957000026, 13.32172272300005 ], [ 100.006195509000065, 13.332831122000073 ], [ 100.013926629000082, 13.34837474200009 ], [ 100.015635613000029, 13.36587148600006 ], [ 100.00131269600007, 13.372015692000048 ], [ 100.021657748000052, 13.366603908000059 ], [ 100.031260613000029, 13.382025458000044 ], [ 100.038828972000033, 13.402736721000053 ], [ 100.053070509000065, 13.413031317000048 ], [ 100.069346550000034, 13.417385158000059 ], [ 100.088959181000064, 13.425970770000049 ], [ 100.113047722000033, 13.436590887000079 ], [ 100.150401238000029, 13.444037177000041 ], [ 100.237152540000068, 13.477362372000073 ], [ 100.25326582100007, 13.48578522300005 ], [ 100.26498457100007, 13.497544664000088 ], [ 100.27507571700005, 13.516669012000079 ], [ 100.289886915000068, 13.505031643000052 ], [ 100.33716881600003, 13.48187897300005 ], [ 100.356455925000034, 13.48969147300005 ], [ 100.381114129000082, 13.491522528000075 ], [ 100.429942254000082, 13.489325262000079 ], [ 100.55591881600003, 13.510891018000052 ], [ 100.57585696700005, 13.519598700000074 ], [ 100.584239129000082, 13.533677476000037 ], [ 100.583181186000047, 13.575995184000078 ], [ 100.586924675000034, 13.592027085000041 ], [ 100.597829623000052, 13.612250067000048 ], [ 100.59888756600003, 13.596502997000073 ], [ 100.596690300000034, 13.58266836100006 ], [ 100.591563347000033, 13.571519273000092 ], [ 100.589610222000033, 13.56195709800005 ], [ 100.592051629000082, 13.554510809000078 ], [ 100.610199415000068, 13.54751211100006 ], [ 100.64966881600003, 13.52024974200009 ], [ 100.679860873000052, 13.50922272300005 ], [ 100.749766472000033, 13.499904690000051 ], [ 100.771332227000073, 13.491156317000048 ], [ 100.813975457000026, 13.486029364000046 ], [ 100.864024285000028, 13.471502997000073 ], [ 100.888926629000082, 13.468247789000088 ], [ 100.950694207000026, 13.468247789000088 ], [ 100.963389519000032, 13.471380927000041 ], [ 100.97388756600003, 13.47882721600007 ], [ 100.983897332000026, 13.487982489000046 ], [ 100.99577884200005, 13.496161200000074 ], [ 100.99577884200005, 13.489325262000079 ], [ 100.978363477000073, 13.458889065000051 ], [ 100.970876498000052, 13.437201239000046 ], [ 100.985118035000028, 13.417710679000038 ], [ 100.987152540000068, 13.396144924000055 ], [ 100.985362175000034, 13.373032945000091 ], [ 100.981293165000068, 13.359035549000055 ], [ 100.965342644000032, 13.348537502000056 ], [ 100.947113477000073, 13.344427802000041 ], [ 100.932383660000028, 13.338120835000041 ], [ 100.924001498000052, 13.315619208000044 ], [ 100.91928144600007, 13.310777085000041 ], [ 100.914724155000044, 13.304388739000046 ], [ 100.912445509000065, 13.293850002000056 ], [ 100.91537519600007, 13.287054755000042 ], [ 100.92896569100003, 13.265611070000091 ], [ 100.933604363000029, 13.256008205000057 ], [ 100.944509311000047, 13.220038153000075 ], [ 100.945160352000073, 13.200913804000038 ], [ 100.937022332000026, 13.183986721000053 ], [ 100.915782097000033, 13.154852606000077 ], [ 100.899587436000047, 13.12563711100006 ], [ 100.87826582100007, 13.098334052000041 ], [ 100.882823113000029, 13.087836005000042 ], [ 100.892100457000026, 13.083482164000088 ], [ 100.901540561000047, 13.080633856000077 ], [ 100.905772332000026, 13.074408270000049 ], [ 100.91138756600003, 13.057033596000053 ], [ 100.92310631600003, 13.042792059000078 ], [ 100.933116082000026, 13.026434637000079 ], [ 100.933604363000029, 13.002752997000073 ], [ 100.928396030000044, 12.99249909100007 ], [ 100.918793165000068, 12.982407945000091 ], [ 100.908213738000029, 12.977443752000056 ], [ 100.899587436000047, 12.982245184000078 ], [ 100.896739129000082, 12.973863023000092 ], [ 100.894541863000029, 12.955511786000045 ], [ 100.892100457000026, 12.948065497000073 ], [ 100.88404381600003, 12.940008856000077 ], [ 100.875498894000032, 12.934759833000044 ], [ 100.868174675000034, 12.929022528000075 ], [ 100.86459394600007, 12.919582424000055 ], [ 100.868662957000026, 12.906236070000091 ], [ 100.906097852000073, 12.853216864000046 ], [ 100.913259311000047, 12.840399481000077 ], [ 100.918467644000032, 12.826320705000057 ], [ 100.919932488000029, 12.810939846000053 ], [ 100.91570071700005, 12.793646552000041 ], [ 100.90788821700005, 12.782538153000075 ], [ 100.899180535000028, 12.773504950000074 ], [ 100.892100457000026, 12.762518622000073 ], [ 100.885915561000047, 12.762518622000073 ], [ 100.867930535000028, 12.771144924000055 ], [ 100.85482832100007, 12.75226471600007 ], [ 100.837412957000026, 12.707912502000056 ], [ 100.856293165000068, 12.701402085000041 ], [ 100.86459394600007, 12.701117255000042 ], [ 100.861338738000029, 12.695135809000078 ], [ 100.854502800000034, 12.679673570000091 ], [ 100.851084832000026, 12.673773505000042 ], [ 100.871429884000065, 12.673773505000042 ], [ 100.869883660000028, 12.666001695000091 ], [ 100.86687259200005, 12.660305080000057 ], [ 100.86264082100007, 12.655991929000038 ], [ 100.857920769000032, 12.65265534100007 ], [ 100.870616082000026, 12.654730536000045 ], [ 100.879893425000034, 12.658148505000042 ], [ 100.888682488000029, 12.658758856000077 ], [ 100.899587436000047, 12.65265534100007 ], [ 100.91765384200005, 12.662583726000037 ], [ 100.934580925000034, 12.652899481000077 ], [ 100.94076582100007, 12.636379299000055 ], [ 100.926117384000065, 12.625392971000053 ], [ 100.926117384000065, 12.619126695000091 ], [ 100.974457227000073, 12.598049221000053 ], [ 100.974457227000073, 12.622219143000052 ], [ 100.977712436000047, 12.639227606000077 ], [ 100.978037957000026, 12.639593817000048 ], [ 100.988617384000065, 12.649359442000048 ], [ 101.032074415000068, 12.65696849200009 ], [ 101.066661004000082, 12.676255601000037 ], [ 101.087738477000073, 12.680609442000048 ], [ 101.248871290000068, 12.660101630000042 ], [ 101.32349694100003, 12.642157294000071 ], [ 101.392914259000065, 12.611721096000053 ], [ 101.418142123000052, 12.595648505000042 ], [ 101.428884311000047, 12.596869208000044 ], [ 101.43327884200005, 12.615423895000049 ], [ 101.442881707000026, 12.624823309000078 ], [ 101.465098504000082, 12.632310289000088 ], [ 101.50904381600003, 12.63898346600007 ], [ 101.539073113000029, 12.631740627000056 ], [ 101.555430535000028, 12.632391669000071 ], [ 101.566416863000029, 12.631293036000045 ], [ 101.571055535000028, 12.632147528000075 ], [ 101.572601759000065, 12.636419989000046 ], [ 101.572032097000033, 12.64329661700009 ], [ 101.57349694100003, 12.649807033000059 ], [ 101.581065300000034, 12.65265534100007 ], [ 101.622080925000034, 12.649644273000092 ], [ 101.642344597000033, 12.651353257000039 ], [ 101.65984134200005, 12.660101630000042 ], [ 101.668467644000032, 12.672796942000048 ], [ 101.675954623000052, 12.688625393000052 ], [ 101.686371290000068, 12.702134507000039 ], [ 101.70443769600007, 12.707912502000056 ], [ 101.766123894000032, 12.705877997000073 ], [ 101.782725457000026, 12.701117255000042 ], [ 101.808360222000033, 12.687933661000045 ], [ 101.830251498000052, 12.672796942000048 ], [ 101.848806186000047, 12.654527085000041 ], [ 101.865244988000029, 12.632147528000075 ], [ 101.87045332100007, 12.621568101000037 ], [ 101.873545769000032, 12.613023179000038 ], [ 101.877614780000044, 12.605536200000074 ], [ 101.885752800000034, 12.598049221000053 ], [ 101.894297722000033, 12.596502997000073 ], [ 101.902598504000082, 12.597886460000041 ], [ 101.90943444100003, 12.594224351000037 ], [ 101.913096550000034, 12.57758209800005 ], [ 101.892588738000029, 12.583726304000038 ], [ 101.899587436000047, 12.569728908000059 ], [ 101.914073113000029, 12.555121161000045 ], [ 101.947764519000032, 12.529730536000045 ], [ 101.947276238000029, 12.540716864000046 ], [ 101.934255405000044, 12.583726304000038 ], [ 101.937022332000026, 12.589178778000075 ], [ 101.945974155000044, 12.595689195000091 ], [ 101.947764519000032, 12.601752020000049 ], [ 101.949880405000044, 12.606350002000056 ], [ 101.95435631600003, 12.601304429000038 ], [ 101.958832227000073, 12.59125397300005 ], [ 101.960785352000073, 12.580633856000077 ], [ 101.960785352000073, 12.537258205000057 ], [ 101.973480665000068, 12.541449286000045 ], [ 101.992198113000029, 12.53978099200009 ], [ 102.008962436000047, 12.534084377000056 ], [ 102.022471550000034, 12.519517320000091 ], [ 102.056976759000065, 12.468329169000071 ], [ 102.057465040000068, 12.497219143000052 ], [ 102.059580925000034, 12.51048411700009 ], [ 102.064463738000029, 12.522935289000088 ], [ 102.043223504000082, 12.523504950000074 ], [ 102.031504754000082, 12.534125067000048 ], [ 102.022471550000034, 12.547756252000056 ], [ 102.009287957000026, 12.557074286000045 ], [ 102.009287957000026, 12.564520575000074 ], [ 102.022227410000028, 12.568548895000049 ], [ 102.064463738000029, 12.570746161000045 ], [ 102.043304884000065, 12.550523179000038 ], [ 102.047862175000034, 12.542303778000075 ], [ 102.098643425000034, 12.543402411000045 ], [ 102.093272332000026, 12.541449286000045 ], [ 102.088226759000065, 12.538723049000055 ], [ 102.078135613000029, 12.529730536000045 ], [ 102.085459832000026, 12.524359442000048 ], [ 102.092946811000047, 12.523382880000042 ], [ 102.099457227000073, 12.527411200000074 ], [ 102.10474694100003, 12.537258205000057 ], [ 102.112315300000034, 12.537258205000057 ], [ 102.105642123000052, 12.52289459800005 ], [ 102.092133009000065, 12.512681382000039 ], [ 102.085459832000026, 12.504339911000045 ], [ 102.098643425000034, 12.495591539000088 ], [ 102.09148196700005, 12.497626044000071 ], [ 102.085948113000029, 12.49835846600007 ], [ 102.081797722000033, 12.501125393000052 ], [ 102.078135613000029, 12.509263414000088 ], [ 102.07195071700005, 12.488511460000041 ], [ 102.08716881600003, 12.464748440000051 ], [ 102.109873894000032, 12.440904039000088 ], [ 102.125987175000034, 12.419907945000091 ], [ 102.12435957100007, 12.410549221000053 ], [ 102.136892123000052, 12.401760158000059 ], [ 102.166840040000068, 12.385728257000039 ], [ 102.228282097000033, 12.32367584800005 ], [ 102.264821811000047, 12.306219794000071 ], [ 102.273448113000029, 12.326157945000091 ], [ 102.26303144600007, 12.357001044000071 ], [ 102.242686394000032, 12.372137762000079 ], [ 102.247813347000033, 12.383205471000053 ], [ 102.247080925000034, 12.393011786000045 ], [ 102.242523634000065, 12.402777411000045 ], [ 102.235850457000026, 12.413723049000055 ], [ 102.214610222000033, 12.399400132000039 ], [ 102.208506707000026, 12.399400132000039 ], [ 102.213389519000032, 12.409979559000078 ], [ 102.214366082000026, 12.419623114000046 ], [ 102.21062259200005, 12.427679755000042 ], [ 102.201019727000073, 12.433539130000042 ], [ 102.205739780000044, 12.435777085000041 ], [ 102.222178582000026, 12.440375067000048 ], [ 102.228282097000033, 12.427720445000091 ], [ 102.242442254000082, 12.426255601000037 ], [ 102.258474155000044, 12.431870835000041 ], [ 102.270030144000032, 12.440375067000048 ], [ 102.264414910000028, 12.429429429000038 ], [ 102.263519727000073, 12.417303778000075 ], [ 102.265879754000082, 12.404771226000037 ], [ 102.270030144000032, 12.392564195000091 ], [ 102.27670332100007, 12.392564195000091 ], [ 102.291514519000032, 12.419582424000055 ], [ 102.297862175000034, 12.427394924000055 ], [ 102.30404707100007, 12.427394924000055 ], [ 102.29224694100003, 12.40688711100006 ], [ 102.286143425000034, 12.385687567000048 ], [ 102.283539259000065, 12.341376044000071 ], [ 102.291677280000044, 12.318060614000046 ], [ 102.31023196700005, 12.316229559000078 ], [ 102.330739780000044, 12.327826239000046 ], [ 102.34506269600007, 12.344794012000079 ], [ 102.342458530000044, 12.351304429000038 ], [ 102.338389519000032, 12.357163804000038 ], [ 102.332530144000032, 12.361883856000077 ], [ 102.324473504000082, 12.365301825000074 ], [ 102.33725019600007, 12.376125393000052 ], [ 102.352061394000032, 12.367254950000074 ], [ 102.359873894000032, 12.347072658000059 ], [ 102.351898634000065, 12.32367584800005 ], [ 102.336273634000065, 12.307440497000073 ], [ 102.315196160000028, 12.291245835000041 ], [ 102.290049675000034, 12.282904364000046 ], [ 102.263194207000026, 12.289536851000037 ], [ 102.265391472000033, 12.271470445000091 ], [ 102.283457879000082, 12.241359768000052 ], [ 102.29037519600007, 12.221258856000077 ], [ 102.289398634000065, 12.216620184000078 ], [ 102.287119988000029, 12.210191148000092 ], [ 102.28646894600007, 12.202541408000059 ], [ 102.29037519600007, 12.19399648600006 ], [ 102.295909050000034, 12.190008856000077 ], [ 102.318369988000029, 12.18032461100006 ], [ 102.324473504000082, 12.18032461100006 ], [ 102.336192254000082, 12.19757721600007 ], [ 102.350352410000028, 12.195705471000053 ], [ 102.366221550000034, 12.186021226000037 ], [ 102.473643425000034, 12.148993231000077 ], [ 102.504242384000065, 12.133368231000077 ], [ 102.532237175000034, 12.11359284100007 ], [ 102.55046634200005, 12.090969143000052 ], [ 102.551036004000082, 12.08274974200009 ], [ 102.55014082100007, 12.06118398600006 ], [ 102.553884311000047, 12.056789455000057 ], [ 102.563487175000034, 12.053859768000052 ], [ 102.573985222000033, 12.049261786000045 ], [ 102.582367384000065, 12.049261786000045 ], [ 102.585948113000029, 12.060248114000046 ], [ 102.583994988000029, 12.067328192000048 ], [ 102.57162519600007, 12.090969143000052 ], [ 102.557302280000044, 12.183742580000057 ], [ 102.56185957100007, 12.202093817000048 ], [ 102.57390384200005, 12.208726304000038 ], [ 102.589366082000026, 12.212225653000075 ], [ 102.605723504000082, 12.221258856000077 ], [ 102.605723504000082, 12.214422919000071 ], [ 102.604502800000034, 12.203924872000073 ], [ 102.641368035000028, 12.175482489000046 ], [ 102.65357506600003, 12.159165757000039 ], [ 102.63013756600003, 12.161363023000092 ], [ 102.631846550000034, 12.152044989000046 ], [ 102.74968509200005, 12.040269273000092 ], [ 102.76693769600007, 12.011786200000074 ], [ 102.77702884200005, 11.96743398600006 ], [ 102.77702884200005, 11.902533270000049 ], [ 102.783457879000082, 11.892279364000046 ], [ 102.82545006600003, 11.85814036700009 ], [ 102.893321160000028, 11.769680080000057 ], [ 102.906748894000032, 11.741441148000092 ], [ 102.908702019000032, 11.717962958000044 ], [ 102.906016472000033, 11.666205145000049 ], [ 102.913584832000026, 11.645900783000059 ], [ 102.919688347000033, 11.638373114000046 ], [ 102.937266472000033, 11.62173086100006 ], [ 102.940928582000026, 11.615179755000042 ], [ 102.943125847000033, 11.600978908000059 ], [ 102.952647332000026, 11.582953192000048 ], [ 102.954600457000026, 11.570217190000051 ], [ 102.963715040000068, 11.592352606000077 ], [ 102.965017123000052, 11.609930731000077 ], [ 102.954600457000026, 11.652736721000053 ], [ 102.954844597000033, 11.667873440000051 ], [ 102.966563347000033, 11.697455145000049 ], [ 102.968760613000029, 11.714178778000075 ], [ 102.956797722000033, 11.74681224200009 ], [ 102.90788821700005, 11.797552802000041 ], [ 102.893077019000032, 11.830267645000049 ], [ 102.899261915000068, 11.830267645000049 ], [ 102.932627800000034, 11.779120184000078 ], [ 102.956065300000034, 11.766913153000075 ], [ 102.961436394000032, 11.75853099200009 ], [ 102.963877800000034, 11.747137762000079 ], [ 102.969737175000034, 11.732855536000045 ], [ 102.976817254000082, 11.720363674000055 ], [ 102.982432488000029, 11.714178778000075 ], [ 103.023448113000029, 11.73468659100007 ], [ 103.030284050000034, 11.73468659100007 ], [ 103.041351759000065, 11.724676825000074 ], [ 103.05600019600007, 11.716131903000075 ], [ 103.069834832000026, 11.71515534100007 ], [ 103.078786655000044, 11.727850653000075 ], [ 103.084971550000034, 11.727850653000075 ], [ 103.078786655000044, 11.716457424000055 ], [ 103.066661004000082, 11.708197333000044 ], [ 103.052582227000073, 11.705511786000045 ], [ 103.04029381600003, 11.711086330000057 ], [ 103.030284050000034, 11.718491929000038 ], [ 103.021657748000052, 11.720526434000078 ], [ 103.012868686000047, 11.718573309000078 ], [ 103.002940300000034, 11.714178778000075 ], [ 102.986338738000029, 11.702866929000038 ], [ 102.97584069100003, 11.687323309000078 ], [ 102.97038821700005, 11.666205145000049 ], [ 102.968760613000029, 11.638495184000078 ], [ 102.975108269000032, 11.638495184000078 ], [ 102.975108269000032, 11.659572658000059 ], [ 102.982432488000029, 11.652736721000053 ], [ 102.982432488000029, 11.673244533000059 ], [ 102.989268425000034, 11.673244533000059 ], [ 102.994313998000052, 11.660101630000042 ], [ 102.99545332100007, 11.652736721000053 ], [ 103.002940300000034, 11.652736721000053 ], [ 103.006195509000065, 11.65501536700009 ], [ 103.016774936000047, 11.659572658000059 ], [ 103.016774936000047, 11.652736721000053 ], [ 103.00912519600007, 11.652736721000053 ], [ 103.00912519600007, 11.645900783000059 ], [ 103.013519727000073, 11.63939036700009 ], [ 103.021006707000026, 11.633978583000044 ], [ 103.031016472000033, 11.63117096600007 ], [ 103.043304884000065, 11.63226959800005 ], [ 103.043304884000065, 11.624823309000078 ], [ 103.024424675000034, 11.623480536000045 ], [ 103.007823113000029, 11.63117096600007 ], [ 102.99382571700005, 11.635728257000039 ], [ 102.982432488000029, 11.624823309000078 ], [ 102.982432488000029, 11.583807684000078 ], [ 102.988454623000052, 11.572699286000045 ], [ 102.99935957100007, 11.559556382000039 ], [ 103.002940300000034, 11.549709377000056 ], [ 102.99545332100007, 11.549709377000056 ], [ 102.980235222000033, 11.563788153000075 ], [ 102.975108269000032, 11.570217190000051 ], [ 102.954600457000026, 11.557114976000037 ], [ 102.975108269000032, 11.529242255000042 ], [ 102.984629754000082, 11.536322333000044 ], [ 102.998545769000032, 11.543158270000049 ], [ 103.012705925000034, 11.546372789000088 ], [ 103.023448113000029, 11.542873440000051 ], [ 103.030284050000034, 11.542873440000051 ], [ 103.035655144000032, 11.554632880000042 ], [ 103.037445509000065, 11.570257880000042 ], [ 103.037119988000029, 11.60492584800005 ], [ 103.043304884000065, 11.594305731000077 ], [ 103.048350457000026, 11.591620184000078 ], [ 103.057627800000034, 11.59125397300005 ], [ 103.05404707100007, 11.583807684000078 ], [ 103.050791863000029, 11.563381252000056 ], [ 103.057627800000034, 11.570217190000051 ], [ 103.05632571700005, 11.550279039000088 ], [ 103.057302280000044, 11.525213934000078 ], [ 103.064463738000029, 11.503607489000046 ], [ 103.09107506600003, 11.49054596600007 ], [ 103.10287519600007, 11.472642320000091 ], [ 103.112803582000026, 11.467759507000039 ], [ 103.122080925000034, 11.47016022300005 ], [ 103.128672722000033, 11.477484442000048 ], [ 103.130625847000033, 11.486517645000049 ], [ 103.126475457000026, 11.49445221600007 ], [ 103.131032748000052, 11.505072333000044 ], [ 103.133311394000032, 11.508734442000048 ], [ 103.140147332000026, 11.508734442000048 ], [ 103.137868686000047, 11.505275783000059 ], [ 103.133311394000032, 11.49445221600007 ], [ 103.142751498000052, 11.485052802000041 ], [ 103.174327019000032, 11.426174221000053 ], [ 103.159190300000034, 11.43109772300005 ], [ 103.143321160000028, 11.454820054000038 ], [ 103.129893425000034, 11.460353908000059 ], [ 103.11451256600003, 11.458238023000092 ], [ 103.101573113000029, 11.45258209800005 ], [ 103.091319207000026, 11.44399648600006 ], [ 103.084971550000034, 11.433010158000059 ], [ 103.078786655000044, 11.433010158000059 ], [ 103.076670769000032, 11.441839911000045 ], [ 103.075694207000026, 11.444322007000039 ], [ 103.072764519000032, 11.444810289000088 ], [ 103.064463738000029, 11.447251695000091 ], [ 103.070974155000044, 11.434515692000048 ], [ 103.085785352000073, 11.413804429000038 ], [ 103.092295769000032, 11.398871161000045 ], [ 103.095957879000082, 11.380357164000088 ], [ 103.096527540000068, 11.367173570000091 ], [ 103.100271030000044, 11.356024481000077 ], [ 103.112803582000026, 11.343654690000051 ], [ 103.119151238000029, 11.348863023000092 ], [ 103.125743035000028, 11.35228099200009 ], [ 103.140147332000026, 11.357896226000037 ], [ 103.142425977000073, 11.343573309000078 ], [ 103.152110222000033, 11.318101304000038 ], [ 103.153168165000068, 11.302679755000042 ], [ 103.146983269000032, 11.302679755000042 ], [ 103.13404381600003, 11.316148179000038 ], [ 103.105642123000052, 11.299058335000041 ], [ 103.078868035000028, 11.273504950000074 ], [ 103.071299675000034, 11.261664130000042 ], [ 103.071299675000034, 11.255519924000055 ], [ 103.079274936000047, 11.245184637000079 ], [ 103.071055535000028, 11.23859284100007 ], [ 103.059580925000034, 11.231838283000059 ], [ 103.057627800000034, 11.220770575000074 ], [ 103.062266472000033, 11.219712632000039 ], [ 103.082041863000029, 11.21938711100006 ], [ 103.088633660000028, 11.217678127000056 ], [ 103.093272332000026, 11.210842190000051 ], [ 103.09506269600007, 11.202622789000088 ], [ 103.096202019000032, 11.194240627000056 ], [ 103.098480665000068, 11.186590887000079 ], [ 103.113617384000065, 11.161078192000048 ], [ 103.117686394000032, 11.149115302000041 ], [ 103.118988477000073, 11.131984768000052 ], [ 103.115977410000028, 11.113836981000077 ], [ 103.10873457100007, 11.100409247000073 ], [ 103.101817254000082, 11.089911200000074 ], [ 103.098480665000068, 11.080471096000053 ], [ 103.10084069100003, 11.053127346000053 ], [ 103.11060631600003, 11.001898505000042 ], [ 103.112803582000026, 10.970892645000049 ], [ 103.108409050000034, 10.967027085000041 ], [ 103.100271030000044, 10.951157945000091 ], [ 103.095550977000073, 10.933986721000053 ], [ 103.101898634000065, 10.925930080000057 ], [ 103.109385613000029, 10.922308661000045 ], [ 103.140147332000026, 10.898586330000057 ], [ 103.126719597000033, 10.881293036000045 ], [ 103.138682488000029, 10.87641022300005 ], [ 103.16179446700005, 10.874009507000039 ], [ 103.181162957000026, 10.864447333000044 ], [ 103.187510613000029, 10.87181224200009 ], [ 103.196787957000026, 10.876532294000071 ], [ 103.208750847000033, 10.878566799000055 ], [ 103.222666863000029, 10.878119208000044 ], [ 103.219004754000082, 10.892482815000051 ], [ 103.236338738000029, 10.908148505000042 ], [ 103.277354363000029, 10.932684637000079 ], [ 103.29810631600003, 10.919989325000074 ], [ 103.323090040000068, 10.909572658000059 ], [ 103.344086134000065, 10.895453192000048 ], [ 103.352305535000028, 10.871893622000073 ], [ 103.364024285000028, 10.876939195000091 ], [ 103.368662957000026, 10.880194403000075 ], [ 103.372894727000073, 10.884955145000049 ], [ 103.38599694100003, 10.880926825000074 ], [ 103.402110222000033, 10.884344794000071 ], [ 103.41570071700005, 10.894110419000071 ], [ 103.42123457100007, 10.909125067000048 ], [ 103.420176629000082, 10.920965887000079 ], [ 103.41529381600003, 10.936753648000092 ], [ 103.414561394000032, 10.946356512000079 ], [ 103.417002800000034, 10.958075262000079 ], [ 103.428070509000065, 10.984279690000051 ], [ 103.430837436000047, 11.00649648600006 ], [ 103.437266472000033, 11.025091864000046 ], [ 103.462738477000073, 11.070868231000077 ], [ 103.470225457000026, 11.089056708000044 ], [ 103.468272332000026, 11.099310614000046 ], [ 103.448008660000028, 11.090399481000077 ], [ 103.468272332000026, 11.118963934000078 ], [ 103.474457227000073, 11.133693752000056 ], [ 103.468516472000033, 11.145656643000052 ], [ 103.468516472000033, 11.15180084800005 ], [ 103.481211785000028, 11.148382880000042 ], [ 103.484385613000029, 11.145656643000052 ], [ 103.489024285000028, 11.138820705000057 ], [ 103.496429884000065, 11.138820705000057 ], [ 103.510020379000082, 11.159247137000079 ], [ 103.506114129000082, 11.161363023000092 ], [ 103.50521894600007, 11.161769924000055 ], [ 103.504893425000034, 11.162583726000037 ], [ 103.502696160000028, 11.166083075000074 ], [ 103.532969597000033, 11.16274648600006 ], [ 103.56185957100007, 11.152248440000051 ], [ 103.583506707000026, 11.134100653000075 ], [ 103.595225457000026, 11.09829336100006 ], [ 103.604014519000032, 11.090643622000073 ], [ 103.616221550000034, 11.085435289000088 ], [ 103.64584394600007, 11.082261460000041 ], [ 103.655446811000047, 11.07843659100007 ], [ 103.674571160000028, 11.063666083000044 ], [ 103.65951582100007, 11.029771226000037 ], [ 103.678558790000068, 10.980210679000038 ], [ 103.707367384000065, 10.930121161000045 ], [ 103.722422722000033, 10.89484284100007 ], [ 103.724375847000033, 10.856024481000077 ], [ 103.722422722000033, 10.844549872000073 ], [ 103.713389519000032, 10.830552476000037 ], [ 103.701426629000082, 10.822211005000042 ], [ 103.689707879000082, 10.816148179000038 ], [ 103.681407097000033, 10.80923086100006 ], [ 103.678070509000065, 10.801214911000045 ], [ 103.672211134000065, 10.757879950000074 ], [ 103.675629102000073, 10.751776434000078 ], [ 103.68873131600003, 10.747748114000046 ], [ 103.68873131600003, 10.742987372000073 ], [ 103.68873131600003, 10.740993557000081 ], [ 103.68873131600003, 10.74095286700009 ], [ 103.68490644600007, 10.740830796000068 ], [ 103.684174024000072, 10.740790106000077 ], [ 103.605967644000032, 10.737534898000092 ], [ 103.567393425000034, 10.726507880000042 ], [ 103.551036004000082, 10.703070380000042 ], [ 103.547129754000082, 10.688950914000088 ], [ 103.53834069100003, 10.669501044000071 ], [ 103.528086785000028, 10.652167059000078 ], [ 103.520030144000032, 10.644720770000049 ], [ 103.506846550000034, 10.635443427000041 ], [ 103.501963738000029, 10.617132880000042 ], [ 103.50709069100003, 10.60423411700009 ], [ 103.523692254000082, 10.611232815000051 ], [ 103.543793165000068, 10.596177476000037 ], [ 103.553558790000068, 10.585516669000071 ], [ 103.561534050000034, 10.562323309000078 ], [ 103.570078972000033, 10.555080471000053 ], [ 103.57943769600007, 10.550848700000074 ], [ 103.585785352000073, 10.54913971600007 ], [ 103.590668165000068, 10.550116278000075 ], [ 103.594004754000082, 10.553656317000048 ], [ 103.598399285000028, 10.556626695000091 ], [ 103.606293165000068, 10.555975653000075 ], [ 103.61060631600003, 10.551459052000041 ], [ 103.613129102000073, 10.538275458000044 ], [ 103.616221550000034, 10.53546784100007 ], [ 103.615407748000052, 10.529120184000078 ], [ 103.617198113000029, 10.515041408000059 ], [ 103.623871290000068, 10.500921942000048 ], [ 103.637380405000044, 10.494533596000053 ], [ 103.655772332000026, 10.495184637000079 ], [ 103.693207227000073, 10.503404039000088 ], [ 103.726084832000026, 10.501369533000059 ], [ 103.747080925000034, 10.508978583000044 ], [ 103.741953972000033, 10.526271877000056 ], [ 103.723155144000032, 10.544663804000038 ], [ 103.701914910000028, 10.555975653000075 ], [ 103.701914910000028, 10.56281159100007 ], [ 103.709320509000065, 10.55923086100006 ], [ 103.726084832000026, 10.558661200000074 ], [ 103.736094597000033, 10.555975653000075 ], [ 103.743907097000033, 10.549872137000079 ], [ 103.748220248000052, 10.543117580000057 ], [ 103.754161004000082, 10.53774648600006 ], [ 103.767100457000026, 10.53546784100007 ], [ 103.791026238000029, 10.53579336100006 ], [ 103.80787194100003, 10.537909247000073 ], [ 103.820567254000082, 10.544012762000079 ], [ 103.832286004000082, 10.555975653000075 ], [ 103.854258660000028, 10.586493231000077 ], [ 103.862803582000026, 10.60382721600007 ], [ 103.866384311000047, 10.621161200000074 ], [ 103.859711134000065, 10.658107815000051 ], [ 103.858897332000026, 10.679592190000051 ], [ 103.866384311000047, 10.699367580000057 ], [ 103.869151238000029, 10.693548895000049 ], [ 103.870860222000033, 10.678656317000048 ], [ 103.873789910000028, 10.672674872000073 ], [ 103.87468509200005, 10.668768622000073 ], [ 103.873708530000044, 10.664048570000091 ], [ 103.873383009000065, 10.660060940000051 ], [ 103.876963738000029, 10.658392645000049 ], [ 103.891286655000044, 10.659125067000048 ], [ 103.894297722000033, 10.658392645000049 ], [ 103.916270379000082, 10.61859772300005 ], [ 103.917979363000029, 10.611232815000051 ], [ 103.945567254000082, 10.588120835000041 ], [ 103.959239129000082, 10.583929755000042 ], [ 103.976084832000026, 10.582505601000037 ], [ 104.071787957000026, 10.555975653000075 ], [ 104.089040561000047, 10.554632880000042 ], [ 104.113129102000073, 10.560939846000053 ], [ 104.13013756600003, 10.56281159100007 ], [ 104.181162957000026, 10.54954661700009 ], [ 104.207041863000029, 10.549994208000044 ], [ 104.222666863000029, 10.570257880000042 ], [ 104.230316602000073, 10.56313711100006 ], [ 104.236582879000082, 10.564642645000049 ], [ 104.242686394000032, 10.569037177000041 ], [ 104.249847852000073, 10.570257880000042 ], [ 104.256602410000028, 10.565822658000059 ], [ 104.268565300000034, 10.552069403000075 ], [ 104.274180535000028, 10.54913971600007 ], [ 104.286306186000047, 10.54047272300005 ], [ 104.289805535000028, 10.49750397300005 ], [ 104.297699415000068, 10.480861721000053 ], [ 104.306162957000026, 10.478583075000074 ], [ 104.315603061000047, 10.48110586100006 ], [ 104.332530144000032, 10.48773834800005 ], [ 104.363129102000073, 10.48773834800005 ], [ 104.37232506600003, 10.482082424000055 ], [ 104.40756269600007, 10.446112372000073 ], [ 104.422048373000052, 10.452297268000052 ], [ 104.432383660000028, 10.446275132000039 ], [ 104.449229363000029, 10.425604559000078 ], [ 104.451345248000052, 10.419826565000051 ], [ 104.451345248000052, 10.419663804000038 ], [ 104.455821160000028, 10.407171942000048 ], [ 104.453135613000029, 10.390692450000074 ], [ 104.453623894000032, 10.379828192000048 ], [ 104.469574415000068, 10.378485419000071 ], [ 104.485850457000026, 10.383286851000037 ], [ 104.499034050000034, 10.391831773000092 ], [ 104.50945071700005, 10.403998114000046 ], [ 104.517425977000073, 10.419419664000088 ], [ 104.524912957000026, 10.419419664000088 ], [ 104.53052819100003, 10.409084377000056 ], [ 104.530039910000028, 10.399603583000044 ], [ 104.52507571700005, 10.389837958000044 ], [ 104.517425977000073, 10.378485419000071 ], [ 104.50912519600007, 10.372707424000055 ], [ 104.501963738000029, 10.372951565000051 ], [ 104.499034050000034, 10.370591539000088 ], [ 104.503754102000073, 10.357367255000042 ], [ 104.525889519000032, 10.32884349200009 ], [ 104.535899285000028, 10.309556382000039 ], [ 104.537364129000082, 10.282212632000039 ], [ 104.545420769000032, 10.282212632000039 ], [ 104.54615319100003, 10.286688544000071 ], [ 104.547373894000032, 10.289455471000053 ], [ 104.551524285000028, 10.295884507000039 ], [ 104.57935631600003, 10.27484772300005 ], [ 104.588877800000034, 10.260891018000052 ], [ 104.592539910000028, 10.237534898000092 ], [ 104.592539910000028, 10.210272528000075 ], [ 104.595469597000033, 10.200873114000046 ], [ 104.60873457100007, 10.185736395000049 ], [ 104.613047722000033, 10.179185289000088 ], [ 104.613536004000082, 10.167385158000059 ], [ 104.609711134000065, 10.159979559000078 ], [ 104.607676629000082, 10.153509833000044 ], [ 104.613047722000033, 10.144476630000042 ], [ 104.615977410000028, 10.146429755000042 ], [ 104.650889519000032, 10.144476630000042 ], [ 104.654144727000073, 10.148830471000053 ], [ 104.658376498000052, 10.168036200000074 ], [ 104.664561394000032, 10.172349351000037 ], [ 104.675629102000073, 10.174872137000079 ], [ 104.678070509000065, 10.181341864000046 ], [ 104.677907748000052, 10.19009023600006 ], [ 104.68132571700005, 10.199693101000037 ], [ 104.707367384000065, 10.222316799000055 ], [ 104.738536004000082, 10.231390692000048 ], [ 104.771983269000032, 10.226629950000074 ], [ 104.804860873000052, 10.207098700000074 ], [ 104.82545006600003, 10.180853583000044 ], [ 104.84538821700005, 10.14720286700009 ], [ 104.868907097000033, 10.116115627000056 ], [ 104.901052280000044, 10.097316799000055 ], [ 104.924327019000032, 10.096258856000077 ], [ 104.963877800000034, 10.105861721000053 ], [ 104.98365319100003, 10.103461005000042 ], [ 105.00326582100007, 10.09210846600007 ], [ 105.04265384200005, 10.055080471000053 ], [ 105.087657097000033, 9.99673086100006 ], [ 105.100433790000068, 9.974107164000088 ], [ 105.10710696700005, 9.952704169000071 ], [ 105.10710696700005, 9.908596096000053 ], [ 105.113129102000073, 9.871039130000042 ], [ 105.113291863000029, 9.857082424000055 ], [ 105.089366082000026, 9.919867255000042 ], [ 105.086680535000028, 9.935939846000053 ], [ 105.076670769000032, 9.943426825000074 ], [ 105.054860873000052, 9.933417059000078 ], [ 104.993337436000047, 9.88812897300005 ], [ 104.976898634000065, 9.871242580000057 ], [ 104.96998131600003, 9.853664455000057 ], [ 104.939429157000063, 9.849564634000046 ], [ 104.892789234000077, 9.851095140000041 ], [ 104.872318972000073, 9.793017359000089 ], [ 104.856557648000035, 9.738036916000055 ], [ 104.83562259200005, 9.556219794000071 ], [ 104.832774285000028, 9.514471747000073 ], [ 104.826072121000038, 9.400965572000075 ], [ 104.82553144600007, 9.340033270000049 ], [ 104.819102410000028, 9.192938544000071 ], [ 104.811045769000032, 9.132635809000078 ], [ 104.807072751000078, 9.045571369000072 ], [ 104.80861189400008, 8.975284591000047 ], [ 104.811717017000035, 8.937049451000064 ], [ 104.79624328400007, 8.891231306000066 ], [ 104.785401494000041, 8.856102424000085 ], [ 104.774594540000066, 8.817867266000064 ], [ 104.791674624000052, 8.784062157000051 ], [ 104.816661004000082, 8.771307684000078 ], [ 104.857920769000032, 8.781439520000049 ], [ 104.92156009200005, 8.80931224200009 ], [ 104.916270379000082, 8.79047272300005 ], [ 104.919118686000047, 8.770453192000048 ], [ 104.92896569100003, 8.753485419000071 ], [ 104.92896569100003, 8.747300523000092 ], [ 104.912119988000029, 8.735337632000039 ], [ 104.904795769000032, 8.733628648000092 ], [ 104.880625847000033, 8.733628648000092 ], [ 104.864268425000034, 8.731756903000075 ], [ 104.85279381600003, 8.729193427000041 ], [ 104.848399285000028, 8.723578192000048 ], [ 104.853282097000033, 8.712551174000055 ], [ 104.876149936000047, 8.699204820000091 ], [ 104.90748131600003, 8.699611721000053 ], [ 104.939300977000073, 8.708075262000079 ], [ 104.963145379000082, 8.71938711100006 ], [ 104.95639082100007, 8.707424221000053 ], [ 104.942393425000034, 8.696437893000052 ], [ 104.925791863000029, 8.688381252000056 ], [ 104.911631707000026, 8.685207424000055 ], [ 104.845550977000073, 8.698146877000056 ], [ 104.832774285000028, 8.698879299000055 ], [ 104.819509311000047, 8.69086334800005 ], [ 104.823741082000026, 8.686224677000041 ], [ 104.834157748000052, 8.680975653000075 ], [ 104.839040561000047, 8.670965887000079 ], [ 104.835134311000047, 8.66046784100007 ], [ 104.828135613000029, 8.65656159100007 ], [ 104.819102410000028, 8.654038804000038 ], [ 104.808441602000073, 8.647650458000044 ], [ 104.759301294000068, 8.615620453000076 ], [ 104.740082227000073, 8.61204661700009 ], [ 104.728037957000026, 8.616359768000052 ], [ 104.720225457000026, 8.613755601000037 ], [ 104.722911004000082, 8.602687893000052 ], [ 104.728526238000029, 8.599514065000051 ], [ 104.752207879000082, 8.590765692000048 ], [ 104.814789259000065, 8.581122137000079 ], [ 104.822032097000033, 8.577134507000039 ], [ 104.826914910000028, 8.572658596000053 ], [ 104.832774285000028, 8.569159247000073 ], [ 104.856211785000028, 8.565578518000052 ], [ 105.03472808500004, 8.616218361000051 ], [ 105.101472290000061, 8.634275390000084 ], [ 105.126359543000035, 8.660141341000042 ], [ 105.154407350000042, 8.705858188000093 ], [ 105.184030841000038, 8.740881653000088 ], [ 105.216751515000055, 8.754510429000049 ], [ 105.258819849000076, 8.760465236000073 ], [ 105.293184297000039, 8.787854650000043 ], [ 105.315126031000034, 8.812237350000089 ], [ 105.333975832000078, 8.839698822000059 ], [ 105.408213738000029, 8.980047919000071 ], [ 105.408946160000028, 8.984767971000053 ], [ 105.407399936000047, 8.995917059000078 ], [ 105.408213738000029, 9.000555731000077 ], [ 105.413259311000047, 9.004706122000073 ], [ 105.426036004000025, 9.008002020000049 ], [ 105.428558790000068, 9.010728257000039 ], [ 105.43295332100007, 9.028306382000039 ], [ 105.443614129000025, 9.041489976000037 ], [ 105.470225457000026, 9.06195709800005 ], [ 105.514170769000032, 9.108587958000044 ], [ 105.53874759200005, 9.129339911000045 ], [ 105.759938998000052, 9.210923570000091 ], [ 105.868256056000064, 9.254706122000073 ], [ 106.018239780000044, 9.315252997000073 ], [ 106.155446811000047, 9.356838283000059 ], [ 106.183929884000065, 9.362209377000056 ], [ 106.193369988000029, 9.369330145000049 ], [ 106.197032097000033, 9.384711005000042 ], [ 106.19459069100003, 9.398993231000077 ], [ 106.187836134000065, 9.404486395000049 ], [ 106.178884311000047, 9.408433335000041 ], [ 106.16920006600003, 9.418198960000041 ], [ 106.205821160000028, 9.45734284100007 ], [ 106.210703972000033, 9.470038153000075 ], [ 106.207774285000028, 9.511460679000038 ], [ 106.203623894000032, 9.526841539000088 ], [ 106.197032097000033, 9.541164455000057 ], [ 106.092946811000047, 9.692938544000071 ], [ 106.083506707000026, 9.713080145000049 ], [ 106.07976321700005, 9.73078034100007 ], [ 106.07349694100003, 9.747951565000051 ], [ 105.902110222000033, 9.916693427000041 ], [ 105.838389519000032, 9.979437567000048 ], [ 105.819021030000044, 10.007961330000057 ], [ 105.838063998000052, 10.005031643000052 ], [ 105.869476759000065, 9.985337632000039 ], [ 105.904063347000033, 9.976467190000051 ], [ 105.93287194100003, 9.95538971600007 ], [ 105.970469597000033, 9.920843817000048 ], [ 106.064707879000025, 9.804266669000071 ], [ 106.250336134000065, 9.63117096600007 ], [ 106.33716881600003, 9.58470286700009 ], [ 106.385020379000025, 9.54828522300005 ], [ 106.398203972000033, 9.542059637000079 ], [ 106.439463738000029, 9.541164455000057 ], [ 106.453949415000068, 9.550523179000038 ], [ 106.464366082000026, 9.554754950000074 ], [ 106.473480665000068, 9.551988023000092 ], [ 106.484873894000032, 9.547105210000041 ], [ 106.497243686000047, 9.549994208000044 ], [ 106.518565300000034, 9.562892971000053 ], [ 106.543711785000028, 9.585028387000079 ], [ 106.563161655000044, 9.614325262000079 ], [ 106.57553144600007, 9.648627020000049 ], [ 106.580577019000032, 9.699693101000037 ], [ 106.579844597000033, 9.720363674000055 ], [ 106.574961785000028, 9.739081122000073 ], [ 106.562998894000032, 9.747219143000052 ], [ 106.537852410000028, 9.751166083000044 ], [ 106.527517123000052, 9.762193101000037 ], [ 106.518565300000034, 9.801825262000079 ], [ 106.500987175000034, 9.834051825000074 ], [ 106.475759311000047, 9.861802476000037 ], [ 106.388926629000025, 9.932806708000044 ], [ 106.369313998000052, 9.956935940000051 ], [ 106.363617384000065, 9.960109768000052 ], [ 106.312510613000029, 10.007961330000057 ], [ 106.306651238000029, 10.016669012000079 ], [ 106.29818769600007, 10.033270575000074 ], [ 106.292002800000034, 10.042059637000079 ], [ 106.283213738000029, 10.050685940000051 ], [ 106.246429884000065, 10.077460028000075 ], [ 106.215098504000025, 10.100287177000041 ], [ 106.193369988000029, 10.120266018000052 ], [ 106.182139519000032, 10.133042710000041 ], [ 106.172862175000034, 10.147528387000079 ], [ 106.166026238000029, 10.18109772300005 ], [ 106.15788821700005, 10.195379950000074 ], [ 106.135020379000025, 10.22016022300005 ], [ 106.127452019000032, 10.224798895000049 ], [ 106.117849155000044, 10.22923411700009 ], [ 106.113291863000029, 10.234279690000051 ], [ 106.118174675000034, 10.238104559000078 ], [ 106.121348504000025, 10.240668036000045 ], [ 106.127289259000065, 10.239447333000044 ], [ 106.136485222000033, 10.234564520000049 ], [ 106.144867384000065, 10.228583075000074 ], [ 106.395030144000032, 9.974351304000038 ], [ 106.47974694100003, 9.923976955000057 ], [ 106.504405144000032, 9.905462958000044 ], [ 106.563324415000068, 9.841782945000091 ], [ 106.586761915000068, 9.822943427000041 ], [ 106.611338738000029, 9.81704336100006 ], [ 106.637868686000047, 9.825995184000078 ], [ 106.65788821700005, 9.848618882000039 ], [ 106.662608269000032, 9.883734442000048 ], [ 106.668711785000028, 9.883734442000048 ], [ 106.674082879000025, 9.876125393000052 ], [ 106.676442905000044, 9.866766669000071 ], [ 106.67505944100003, 9.857611395000049 ], [ 106.668711785000028, 9.85024648600006 ], [ 106.668711785000028, 9.842840887000079 ], [ 106.682465040000068, 9.855129299000055 ], [ 106.693207227000073, 9.87641022300005 ], [ 106.696299675000034, 9.896551825000074 ], [ 106.686371290000068, 9.905462958000044 ], [ 106.670583530000044, 9.909409898000092 ], [ 106.614268425000034, 9.939032294000071 ], [ 106.561534050000034, 9.97915273600006 ], [ 106.484385613000029, 10.015326239000046 ], [ 106.461680535000028, 10.035711981000077 ], [ 106.36850019600007, 10.155910549000055 ], [ 106.358164910000028, 10.176581122000073 ], [ 106.349375847000033, 10.214829820000091 ], [ 106.337901238000029, 10.228094794000071 ], [ 106.30787194100003, 10.25141022300005 ], [ 106.302744988000029, 10.253322658000059 ], [ 106.297373894000032, 10.255926825000074 ], [ 106.292002800000034, 10.261704820000091 ], [ 106.331228061000047, 10.249497789000088 ], [ 106.359873894000032, 10.220689195000091 ], [ 106.443369988000029, 10.089544989000046 ], [ 106.468923373000052, 10.058986721000053 ], [ 106.498057488000029, 10.035834052000041 ], [ 106.547862175000034, 10.015366929000038 ], [ 106.562998894000032, 10.004461981000077 ], [ 106.576914910000028, 9.991034247000073 ], [ 106.59107506600003, 9.98078034100007 ], [ 106.607432488000029, 9.974839585000041 ], [ 106.644867384000065, 9.97337474200009 ], [ 106.648936394000032, 9.974351304000038 ], [ 106.651540561000047, 9.977525132000039 ], [ 106.65398196700005, 9.98501211100006 ], [ 106.660980665000068, 9.99485911700009 ], [ 106.660817905000044, 10.001450914000088 ], [ 106.664235873000052, 10.006089585000041 ], [ 106.679535352000073, 10.007961330000057 ], [ 106.684092644000032, 10.01203034100007 ], [ 106.679535352000073, 10.020982164000088 ], [ 106.672536655000044, 10.029486395000049 ], [ 106.668711785000028, 10.032416083000044 ], [ 106.67115319100003, 10.041001695000091 ], [ 106.676768425000034, 10.049221096000053 ], [ 106.689789259000065, 10.062567450000074 ], [ 106.692149285000028, 10.066595770000049 ], [ 106.69662519600007, 10.083644924000055 ], [ 106.704112175000034, 10.083644924000055 ], [ 106.70834394600007, 10.075262762000079 ], [ 106.71029707100007, 10.06586334800005 ], [ 106.709239129000025, 10.056626695000091 ], [ 106.704112175000034, 10.048895575000074 ], [ 106.720876498000052, 10.044907945000091 ], [ 106.737071160000028, 10.05414459800005 ], [ 106.791270379000025, 10.110174872000073 ], [ 106.797129754000025, 10.125392971000053 ], [ 106.799082879000025, 10.148138739000046 ], [ 106.797618035000028, 10.157212632000039 ], [ 106.793142123000052, 10.162502346000053 ], [ 106.785655144000032, 10.164943752000056 ], [ 106.775563998000052, 10.165513414000088 ], [ 106.765147332000026, 10.167669989000046 ], [ 106.758311394000032, 10.172349351000037 ], [ 106.75359134200005, 10.177069403000075 ], [ 106.748301629000025, 10.179185289000088 ], [ 106.742360873000052, 10.18235911700009 ], [ 106.72624759200005, 10.196478583000044 ], [ 106.720876498000052, 10.199693101000037 ], [ 106.480316602000073, 10.280829169000071 ], [ 106.422373894000032, 10.316961981000077 ], [ 106.437673373000052, 10.321844794000071 ], [ 106.452321811000047, 10.316148179000038 ], [ 106.46802819100003, 10.307318427000041 ], [ 106.48755944100003, 10.302720445000091 ], [ 106.525238477000073, 10.302557684000078 ], [ 106.598317905000044, 10.28851959800005 ], [ 106.704112175000034, 10.289048570000091 ], [ 106.756032748000052, 10.277167059000078 ], [ 106.775563998000052, 10.275376695000091 ], [ 106.790782097000033, 10.284857489000046 ], [ 106.795420769000032, 10.306830145000049 ], [ 106.788096550000034, 10.393133856000077 ], [ 106.781993035000028, 10.407782294000071 ], [ 106.769053582000026, 10.42251211100006 ], [ 106.759776238000029, 10.436346747000073 ], [ 106.751719597000033, 10.453517971000053 ], [ 106.741058790000068, 10.468003648000092 ], [ 106.724131707000026, 10.47406647300005 ], [ 106.713633660000028, 10.468085028000075 ], [ 106.698008660000028, 10.440985419000071 ], [ 106.689789259000065, 10.43305084800005 ], [ 106.670176629000025, 10.432562567000048 ], [ 106.662933790000068, 10.443915106000077 ], [ 106.660655144000032, 10.460109768000052 ], [ 106.655772332000026, 10.47406647300005 ], [ 106.648936394000032, 10.47406647300005 ], [ 106.641368035000028, 10.458929755000042 ], [ 106.630056186000047, 10.445786851000037 ], [ 106.615407748000052, 10.436590887000079 ], [ 106.597422722000033, 10.43305084800005 ], [ 106.586761915000068, 10.438706773000092 ], [ 106.581879102000073, 10.452785549000055 ], [ 106.579925977000073, 10.48773834800005 ], [ 106.58716881600003, 10.47882721600007 ], [ 106.592133009000065, 10.468695380000042 ], [ 106.594899936000047, 10.456000067000048 ], [ 106.594248894000032, 10.439276434000078 ], [ 106.60678144600007, 10.447658596000053 ], [ 106.620127800000034, 10.452622789000088 ], [ 106.630381707000026, 10.458685614000046 ], [ 106.63803144600007, 10.478989976000037 ], [ 106.646494988000029, 10.48663971600007 ], [ 106.657725457000026, 10.492132880000042 ], [ 106.668711785000028, 10.494533596000053 ], [ 106.662445509000065, 10.501125393000052 ], [ 106.659190300000034, 10.507066148000092 ], [ 106.655772332000026, 10.521877346000053 ], [ 106.662608269000032, 10.521877346000053 ], [ 106.672373894000032, 10.50421784100007 ], [ 106.68881269600007, 10.503648179000038 ], [ 106.720876498000052, 10.515041408000059 ], [ 106.733409050000034, 10.522447007000039 ], [ 106.740977410000028, 10.539984442000048 ], [ 106.744069858000046, 10.552232164000088 ], [ 106.746104363000029, 10.560370184000078 ], [ 106.751963738000029, 10.57648346600007 ], [ 106.757823113000029, 10.582709052000041 ], [ 106.763926629000025, 10.58665599200009 ], [ 106.769053582000026, 10.592271226000037 ], [ 106.772471550000034, 10.603745835000041 ], [ 106.76099694100003, 10.631537177000041 ], [ 106.758799675000034, 10.641302802000041 ], [ 106.753672722000033, 10.64679596600007 ], [ 106.743662957000026, 10.651516018000052 ], [ 106.736827019000032, 10.658148505000042 ], [ 106.74146569100003, 10.669256903000075 ], [ 106.747569207000026, 10.673651434000078 ], [ 106.76726321700005, 10.68431224200009 ], [ 106.768158399000072, 10.68467845300006 ], [ 106.772471550000034, 10.686346747000073 ], [ 106.785817905000044, 10.680121161000045 ], [ 106.793549024000072, 10.673529364000046 ], [ 106.801280144000032, 10.666937567000048 ], [ 106.814219597000033, 10.652167059000078 ], [ 106.81959069100003, 10.641302802000041 ], [ 106.828623894000032, 10.630275783000059 ], [ 106.848643425000034, 10.635565497000073 ], [ 106.867767774000072, 10.645209052000041 ], [ 106.881602410000028, 10.652167059000078 ], [ 106.890554233000046, 10.644639390000066 ], [ 106.943125847000033, 10.600653387000079 ], [ 106.938243035000028, 10.566636460000041 ], [ 106.937754754000025, 10.548732815000051 ], [ 106.943125847000033, 10.529282945000091 ], [ 106.948985222000033, 10.520575262000079 ], [ 106.954600457000026, 10.516506252000056 ], [ 106.959320509000065, 10.511867580000057 ], [ 106.963633660000028, 10.501369533000059 ], [ 106.962657097000033, 10.491034247000073 ], [ 106.95866946700005, 10.480454820000091 ], [ 106.957204623000052, 10.471665757000039 ], [ 106.963633660000028, 10.466620184000078 ], [ 106.972178582000026, 10.474269924000055 ], [ 106.994395379000025, 10.512884833000044 ], [ 107.00359134200005, 10.517767645000049 ], [ 107.01140384200005, 10.521877346000053 ], [ 106.991953972000033, 10.540106512000079 ], [ 106.984141472000033, 10.566880601000037 ], [ 106.984873894000032, 10.596828518000052 ], [ 106.99146569100003, 10.624904690000051 ], [ 106.997813347000033, 10.624904690000051 ], [ 106.998220248000052, 10.597235419000071 ], [ 106.996348504000025, 10.585191148000092 ], [ 106.99146569100003, 10.57648346600007 ], [ 106.99146569100003, 10.570257880000042 ], [ 107.00513756600003, 10.555975653000075 ], [ 106.997813347000033, 10.54913971600007 ], [ 107.009776238000029, 10.538967190000051 ], [ 107.019053582000026, 10.533880927000041 ], [ 107.025645379000025, 10.53546784100007 ], [ 107.026866082000026, 10.544175523000092 ], [ 107.021332227000073, 10.550116278000075 ], [ 107.014414910000028, 10.555487372000073 ], [ 107.01140384200005, 10.56281159100007 ], [ 107.02271569100003, 10.587591864000046 ], [ 107.02507571700005, 10.603908596000053 ], [ 107.014821811000047, 10.611232815000051 ], [ 107.002452019000032, 10.617092190000051 ], [ 107.002614780000044, 10.630438544000071 ], [ 107.01140384200005, 10.655259507000039 ], [ 107.004242384000065, 10.664252020000049 ], [ 106.990082227000073, 10.673570054000038 ], [ 106.97974694100003, 10.684759833000044 ], [ 106.984141472000033, 10.699367580000057 ], [ 107.013194207000026, 10.672674872000073 ], [ 107.023692254000025, 10.656317450000074 ], [ 107.025319858000046, 10.635280666000085 ], [ 107.025645379000025, 10.631048895000049 ], [ 107.014659050000034, 10.63548411700009 ], [ 107.01140384200005, 10.637884833000044 ], [ 107.015798373000052, 10.627752997000073 ], [ 107.02898196700005, 10.613836981000077 ], [ 107.031911655000044, 10.607489325000074 ], [ 107.034190300000034, 10.53587474200009 ], [ 107.032725457000026, 10.525946356000077 ], [ 107.025645379000025, 10.515041408000059 ], [ 107.015961134000065, 10.509426174000055 ], [ 107.014170769000032, 10.508693752000056 ], [ 107.004161004000025, 10.504706122000073 ], [ 106.994395379000025, 10.496649481000077 ], [ 106.99146569100003, 10.480861721000053 ], [ 106.997813347000033, 10.480861721000053 ], [ 107.00359134200005, 10.48859284100007 ], [ 107.01099694100003, 10.494126695000091 ], [ 107.025645379000025, 10.501369533000059 ], [ 107.026215040000068, 10.493109442000048 ], [ 107.031911655000044, 10.47406647300005 ], [ 107.043223504000025, 10.479803778000075 ], [ 107.05046634200005, 10.488470770000049 ], [ 107.05982506600003, 10.508205471000053 ], [ 107.063243035000028, 10.495062567000048 ], [ 107.062673373000052, 10.489569403000075 ], [ 107.05982506600003, 10.480861721000053 ], [ 107.06609134200005, 10.480861721000053 ], [ 107.081797722000033, 10.491603908000059 ], [ 107.10279381600003, 10.489935614000046 ], [ 107.12273196700005, 10.480210679000038 ], [ 107.135508660000028, 10.466620184000078 ], [ 107.141774936000047, 10.466620184000078 ], [ 107.141774936000047, 10.480861721000053 ], [ 107.149424675000034, 10.477932033000059 ], [ 107.160899285000028, 10.476507880000042 ], [ 107.17123457100007, 10.476467190000051 ], [ 107.175954623000052, 10.477443752000056 ], [ 107.195648634000065, 10.457017320000091 ], [ 107.20045006600003, 10.453558661000045 ], [ 107.205414259000065, 10.450669664000088 ], [ 107.211924675000034, 10.443548895000049 ], [ 107.216970248000052, 10.434475002000056 ], [ 107.217539910000028, 10.425604559000078 ], [ 107.211680535000028, 10.41937897300005 ], [ 107.203135613000029, 10.417222398000092 ], [ 107.19499759200005, 10.414048570000091 ], [ 107.190196160000028, 10.405178127000056 ], [ 107.216319207000026, 10.401556708000044 ], [ 107.254405144000032, 10.378892320000091 ], [ 107.271983269000032, 10.378485419000071 ], [ 107.296641472000033, 10.415716864000046 ], [ 107.326019727000073, 10.442450262000079 ], [ 107.334157748000052, 10.453558661000045 ], [ 107.34498131600003, 10.450425523000092 ], [ 107.384613477000073, 10.462836005000042 ], [ 107.429535352000073, 10.468451239000046 ], [ 107.447520379000025, 10.473334052000041 ], [ 107.51140384200005, 10.501654364000046 ], [ 107.53052819100003, 10.512925523000092 ], [ 107.539073113000029, 10.525580145000049 ], [ 107.54420006600003, 10.536200262000079 ], [ 107.570485873000052, 10.562241929000038 ], [ 107.580577019000032, 10.570257880000042 ], [ 107.586517774000072, 10.573513088000084 ], [ 107.621348504000025, 10.592596747000073 ], [ 107.644541863000029, 10.600653387000079 ], [ 107.666270379000025, 10.603745835000041 ], [ 107.731293165000068, 10.637884833000044 ], [ 107.768321160000028, 10.650213934000078 ], [ 107.782237175000034, 10.657782294000071 ], [ 107.82390384200005, 10.692368882000039 ], [ 107.882334832000026, 10.716986395000049 ], [ 107.898203972000033, 10.719956773000092 ], [ 107.919444207000026, 10.721096096000053 ], [ 107.936289910000028, 10.718695380000042 ], [ 107.980642123000052, 10.70579661700009 ], [ 107.99146569100003, 10.699367580000057 ], [ 107.998301629000025, 10.699367580000057 ], [ 108.035411004000025, 10.772772528000075 ], [ 108.042979363000029, 10.81391022300005 ], [ 108.057139519000032, 10.84210846600007 ], [ 108.060313347000033, 10.854193427000041 ], [ 108.06568444100003, 10.867987372000073 ], [ 108.08912194100003, 10.89203522300005 ], [ 108.094493035000028, 10.902004299000055 ], [ 108.106455925000034, 10.918158270000049 ], [ 108.135020379000025, 10.927679755000042 ], [ 108.258636915000068, 10.95180898600006 ], [ 108.285329623000052, 10.943345445000091 ], [ 108.293711785000028, 10.91282786700009 ], [ 108.30005944100003, 10.91282786700009 ], [ 108.315440300000034, 10.944322007000039 ], [ 108.325205925000034, 10.951564846000053 ], [ 108.34498131600003, 10.953802802000041 ], [ 108.349864129000025, 10.963853257000039 ], [ 108.362803582000026, 11.009711005000042 ], [ 108.36882571700005, 11.022772528000075 ], [ 108.37631269600007, 11.026271877000056 ], [ 108.393077019000032, 11.027085679000038 ], [ 108.40357506600003, 11.028957424000055 ], [ 108.43913821700005, 11.046698309000078 ], [ 108.447032097000033, 11.04946523600006 ], [ 108.47234134200005, 11.053168036000045 ], [ 108.481944207000026, 11.064032294000071 ], [ 108.491709832000026, 11.104681708000044 ], [ 108.500336134000065, 11.120835679000038 ], [ 108.514008009000065, 11.138739325000074 ], [ 108.531260613000029, 11.153265692000048 ], [ 108.559418165000068, 11.16242096600007 ], [ 108.57162519600007, 11.176011460000041 ], [ 108.57740319100003, 11.17914459800005 ], [ 108.615244988000029, 11.17914459800005 ], [ 108.625987175000034, 11.181789455000057 ], [ 108.646250847000033, 11.190497137000079 ], [ 108.656260613000029, 11.19281647300005 ], [ 108.66920006600003, 11.191229559000078 ], [ 108.690440300000034, 11.181463934000078 ], [ 108.70053144600007, 11.17914459800005 ], [ 108.717458530000044, 11.179185289000088 ], [ 108.729340040000068, 11.181545315000051 ], [ 108.738047722000033, 11.189683335000041 ], [ 108.745616082000026, 11.207098700000074 ], [ 108.757823113000029, 11.257798570000091 ], [ 108.766123894000032, 11.275946356000077 ], [ 108.775157097000033, 11.288478908000059 ], [ 108.787852410000028, 11.300685940000051 ], [ 108.821299675000034, 11.323716539000088 ], [ 108.838063998000052, 11.330755927000041 ], [ 108.856130405000044, 11.333970445000091 ], [ 108.873871290000068, 11.333889065000051 ], [ 108.889659050000034, 11.330633856000077 ], [ 108.933360222000033, 11.31118398600006 ], [ 108.951670769000032, 11.310126044000071 ], [ 108.96607506600003, 11.31476471600007 ], [ 108.980723504000025, 11.323716539000088 ], [ 109.005625847000033, 11.343654690000051 ], [ 109.018077019000032, 11.355902411000045 ], [ 109.022471550000034, 11.367621161000045 ], [ 109.019297722000033, 11.406317450000074 ], [ 109.028330925000034, 11.474269924000055 ], [ 109.027842644000032, 11.517482815000051 ], [ 109.012461785000028, 11.542873440000051 ], [ 109.019297722000033, 11.542303778000075 ], [ 109.04037519600007, 11.542873440000051 ], [ 109.034027540000068, 11.559556382000039 ], [ 109.034678582000026, 11.574123440000051 ], [ 109.03834069100003, 11.587713934000078 ], [ 109.04037519600007, 11.601507880000042 ], [ 109.033213738000029, 11.607652085000041 ], [ 109.021739129000025, 11.620306708000044 ], [ 109.020274285000028, 11.632798570000091 ], [ 109.043467644000032, 11.638495184000078 ], [ 109.04810631600003, 11.631333726000037 ], [ 109.055674675000034, 11.596625067000048 ], [ 109.067067905000044, 11.583807684000078 ], [ 109.085703972000033, 11.579779364000046 ], [ 109.102549675000034, 11.581040757000039 ], [ 109.117198113000029, 11.580267645000049 ], [ 109.129161004000025, 11.570217190000051 ], [ 109.13599694100003, 11.570217190000051 ], [ 109.148285352000073, 11.586086330000057 ], [ 109.154063347000033, 11.596991278000075 ], [ 109.156504754000025, 11.608343817000048 ], [ 109.160411004000025, 11.616441148000092 ], [ 109.178558790000068, 11.631659247000073 ], [ 109.184336785000028, 11.638495184000078 ], [ 109.188324415000068, 11.653306382000039 ], [ 109.18881269600007, 11.663234768000052 ], [ 109.191254102000073, 11.671942450000074 ], [ 109.208994988000029, 11.69367096600007 ], [ 109.217784050000034, 11.714097398000092 ], [ 109.224782748000052, 11.721625067000048 ], [ 109.232188347000033, 11.714178778000075 ], [ 109.242930535000028, 11.735663153000075 ], [ 109.203623894000032, 11.784572658000059 ], [ 109.203868035000028, 11.788682359000063 ], [ 109.204925977000073, 11.810370184000078 ], [ 109.192881707000026, 11.827541408000059 ], [ 109.194102410000028, 11.841131903000075 ], [ 109.200938347000033, 11.85382721600007 ], [ 109.204925977000073, 11.868109442000048 ], [ 109.197927280000044, 11.86945221600007 ], [ 109.18287194100003, 11.853013414000088 ], [ 109.168223504000025, 11.833197333000044 ], [ 109.16334069100003, 11.824042059000078 ], [ 109.131602410000028, 11.830023505000042 ], [ 109.125824415000068, 11.86359284100007 ], [ 109.137217644000032, 11.896063544000071 ], [ 109.156504754000025, 11.899115302000041 ], [ 109.181813998000052, 11.921698309000078 ], [ 109.198741082000026, 11.948146877000056 ], [ 109.208181186000047, 11.976629950000074 ], [ 109.211192254000025, 12.005601304000038 ], [ 109.205821160000028, 12.021633205000057 ], [ 109.182383660000028, 12.042873440000051 ], [ 109.176931186000047, 12.05304596600007 ], [ 109.182139519000032, 12.081040757000039 ], [ 109.180674675000034, 12.08470286700009 ], [ 109.176036004000025, 12.088568427000041 ], [ 109.16334069100003, 12.112005927000041 ], [ 109.176768425000034, 12.129461981000077 ], [ 109.186208530000044, 12.117743231000077 ], [ 109.195811394000032, 12.074896552000041 ], [ 109.218516472000033, 12.015814520000049 ], [ 109.211192254000025, 12.015814520000049 ], [ 109.222666863000029, 11.981634833000044 ], [ 109.216563347000033, 11.90884023600006 ], [ 109.224782748000052, 11.878648179000038 ], [ 109.228282097000033, 11.880804755000042 ], [ 109.23560631600003, 11.883368231000077 ], [ 109.239024285000028, 11.885443427000041 ], [ 109.247569207000026, 11.872951565000051 ], [ 109.26140384200005, 11.865708726000037 ], [ 109.277842644000032, 11.864813544000071 ], [ 109.29420006600003, 11.871242580000057 ], [ 109.29420006600003, 11.878648179000038 ], [ 109.280772332000026, 11.883937893000052 ], [ 109.27084394600007, 11.895005601000037 ], [ 109.265879754000025, 11.909898179000038 ], [ 109.266368035000028, 11.926459052000041 ], [ 109.283457879000025, 11.940130927000041 ], [ 109.283457879000025, 11.943508205000057 ], [ 109.28679446700005, 11.961167710000041 ], [ 109.28679446700005, 11.96743398600006 ], [ 109.258311394000032, 11.986761786000045 ], [ 109.249196811000047, 11.997381903000075 ], [ 109.220550977000073, 12.050604559000078 ], [ 109.213877800000034, 12.068101304000038 ], [ 109.209971550000034, 12.10968659100007 ], [ 109.211192254000025, 12.118231512000079 ], [ 109.222666863000029, 12.129055080000057 ], [ 109.226817254000025, 12.137884833000044 ], [ 109.221690300000034, 12.149603583000044 ], [ 109.21420332100007, 12.158596096000053 ], [ 109.212657097000033, 12.162665106000077 ], [ 109.213063998000052, 12.166001695000091 ], [ 109.211192254000025, 12.172837632000039 ], [ 109.209646030000044, 12.186021226000037 ], [ 109.20435631600003, 12.193793036000045 ], [ 109.190603061000047, 12.200832424000055 ], [ 109.190928582000026, 12.200181382000039 ], [ 109.184336785000028, 12.19399648600006 ], [ 109.188243035000028, 12.205755927000041 ], [ 109.19849694100003, 12.207953192000048 ], [ 109.224782748000052, 12.200832424000055 ], [ 109.217621290000068, 12.211493231000077 ], [ 109.208994988000029, 12.221665757000039 ], [ 109.204844597000033, 12.233384507000039 ], [ 109.211192254000025, 12.248602606000077 ], [ 109.191579623000052, 12.26040273600006 ], [ 109.182465040000068, 12.267808335000041 ], [ 109.176931186000047, 12.276516018000052 ], [ 109.182383660000028, 12.272609768000052 ], [ 109.204925977000073, 12.262884833000044 ], [ 109.214691602000073, 12.28978099200009 ], [ 109.218516472000033, 12.296372789000088 ], [ 109.224782748000052, 12.296372789000088 ], [ 109.236338738000029, 12.291083075000074 ], [ 109.242198113000029, 12.296576239000046 ], [ 109.242035352000073, 12.30540599200009 ], [ 109.229258660000028, 12.313706773000092 ], [ 109.221202019000032, 12.322495835000041 ], [ 109.21412194100003, 12.332912502000056 ], [ 109.211192254000025, 12.341376044000071 ], [ 109.210459832000026, 12.363185940000051 ], [ 109.206553582000026, 12.387152411000045 ], [ 109.196299675000034, 12.402777411000045 ], [ 109.176931186000047, 12.399400132000039 ], [ 109.170420769000032, 12.410386460000041 ], [ 109.154633009000065, 12.426906643000052 ], [ 109.14966881600003, 12.440375067000048 ], [ 109.156504754000025, 12.440375067000048 ], [ 109.15984134200005, 12.437933661000045 ], [ 109.170176629000025, 12.433539130000042 ], [ 109.166840040000068, 12.437974351000037 ], [ 109.16138756600003, 12.448797919000071 ], [ 109.156504754000025, 12.454657294000071 ], [ 109.185069207000026, 12.458929755000042 ], [ 109.215505405000044, 12.44017161700009 ], [ 109.258962436000047, 12.392564195000091 ], [ 109.272227410000028, 12.367743231000077 ], [ 109.282399936000047, 12.355943101000037 ], [ 109.297373894000032, 12.35101959800005 ], [ 109.309092644000032, 12.360052802000041 ], [ 109.31568444100003, 12.376898505000042 ], [ 109.322520379000025, 12.386053778000075 ], [ 109.334646030000044, 12.372137762000079 ], [ 109.342051629000025, 12.378892320000091 ], [ 109.334646030000044, 12.385728257000039 ], [ 109.345957879000025, 12.396307684000078 ], [ 109.336680535000028, 12.410142320000091 ], [ 109.318695509000065, 12.42218659100007 ], [ 109.30396569100003, 12.427394924000055 ], [ 109.29851321700005, 12.430812893000052 ], [ 109.29428144600007, 12.439032294000071 ], [ 109.293467644000032, 12.449042059000078 ], [ 109.303558790000068, 12.469631252000056 ], [ 109.298350457000026, 12.47797272300005 ], [ 109.24935957100007, 12.509507554000038 ], [ 109.237152540000068, 12.522284247000073 ], [ 109.232188347000033, 12.540350653000075 ], [ 109.237803582000026, 12.55540599200009 ], [ 109.247080925000034, 12.571966864000046 ], [ 109.249034050000034, 12.585516669000071 ], [ 109.232188347000033, 12.59125397300005 ], [ 109.232188347000033, 12.583726304000038 ], [ 109.239024285000028, 12.583726304000038 ], [ 109.239024285000028, 12.57758209800005 ], [ 109.22787519600007, 12.57453034100007 ], [ 109.223643425000034, 12.565252997000073 ], [ 109.22193444100003, 12.553615627000056 ], [ 109.218516472000033, 12.543402411000045 ], [ 109.211192254000025, 12.543402411000045 ], [ 109.211599155000044, 12.548041083000044 ], [ 109.21021569100003, 12.549261786000045 ], [ 109.207774285000028, 12.549221096000053 ], [ 109.204925977000073, 12.55023834800005 ], [ 109.204925977000073, 12.559719143000052 ], [ 109.201345248000052, 12.575913804000038 ], [ 109.20045006600003, 12.59125397300005 ], [ 109.208018425000034, 12.598049221000053 ], [ 109.204600457000026, 12.636908270000049 ], [ 109.204925977000073, 12.646429755000042 ], [ 109.233571811000047, 12.687079169000071 ], [ 109.242198113000029, 12.693589585000041 ], [ 109.255381707000026, 12.699123440000051 ], [ 109.269541863000029, 12.712307033000059 ], [ 109.29420006600003, 12.742010809000078 ], [ 109.30396569100003, 12.750881252000056 ], [ 109.338389519000032, 12.773098049000055 ], [ 109.34310957100007, 12.780747789000088 ], [ 109.344411655000044, 12.788641669000071 ], [ 109.347829623000052, 12.794826565000051 ], [ 109.358897332000026, 12.797308661000045 ], [ 109.36255944100003, 12.792914130000042 ], [ 109.36255944100003, 12.762518622000073 ], [ 109.368907097000033, 12.750230210000041 ], [ 109.38640384200005, 12.727525132000039 ], [ 109.38990319100003, 12.711615302000041 ], [ 109.385590040000068, 12.702460028000075 ], [ 109.37623131600003, 12.696926174000055 ], [ 109.36687259200005, 12.693426825000074 ], [ 109.36255944100003, 12.690497137000079 ], [ 109.360118035000028, 12.685288804000038 ], [ 109.342051629000025, 12.660101630000042 ], [ 109.354258660000028, 12.660060940000051 ], [ 109.363536004000025, 12.656236070000091 ], [ 109.37037194100003, 12.649115302000041 ], [ 109.37623131600003, 12.63898346600007 ], [ 109.38013756600003, 12.64789459800005 ], [ 109.381521030000044, 12.656398830000057 ], [ 109.38013756600003, 12.664862372000073 ], [ 109.37623131600003, 12.673773505000042 ], [ 109.387380405000044, 12.671861070000091 ], [ 109.396006707000026, 12.673081773000092 ], [ 109.40162194100003, 12.677964585000041 ], [ 109.403493686000047, 12.687445380000042 ], [ 109.424082879000025, 12.65265534100007 ], [ 109.424082879000025, 12.646429755000042 ], [ 109.406586134000065, 12.630682684000078 ], [ 109.403493686000047, 12.628810940000051 ], [ 109.405121290000068, 12.617987372000073 ], [ 109.408864780000044, 12.613104559000078 ], [ 109.41334069100003, 12.610256252000056 ], [ 109.41724694100003, 12.605454820000091 ], [ 109.429942254000025, 12.575873114000046 ], [ 109.440277540000068, 12.564601955000057 ], [ 109.451345248000052, 12.570746161000045 ], [ 109.45240319100003, 12.583238023000092 ], [ 109.448985222000033, 12.624090887000079 ], [ 109.451345248000052, 12.63898346600007 ], [ 109.457286004000025, 12.644110419000071 ], [ 109.46412194100003, 12.645900783000059 ], [ 109.46998131600003, 12.648627020000049 ], [ 109.472422722000033, 12.656398830000057 ], [ 109.469493035000028, 12.660345770000049 ], [ 109.451345248000052, 12.673773505000042 ], [ 109.436208530000044, 12.674221096000053 ], [ 109.420746290000068, 12.691310940000051 ], [ 109.37623131600003, 12.776190497000073 ], [ 109.375661655000044, 12.790350653000075 ], [ 109.376475457000026, 12.804348049000055 ], [ 109.375498894000032, 12.816351630000042 ], [ 109.36882571700005, 12.824611721000053 ], [ 109.377696160000028, 12.832424221000053 ], [ 109.384613477000073, 12.833970445000091 ], [ 109.386566602000073, 12.834418036000045 ], [ 109.395274285000028, 12.834906317000048 ], [ 109.403493686000047, 12.83820221600007 ], [ 109.40788821700005, 12.844142971000053 ], [ 109.414073113000029, 12.859767971000053 ], [ 109.41724694100003, 12.864935614000046 ], [ 109.438243035000028, 12.878607489000046 ], [ 109.448985222000033, 12.876695054000038 ], [ 109.450043165000068, 12.873236395000049 ], [ 109.446787957000026, 12.869045315000051 ], [ 109.444509311000047, 12.864935614000046 ], [ 109.44076582100007, 12.860663153000075 ], [ 109.433604363000029, 12.856838283000059 ], [ 109.428396030000044, 12.852118231000077 ], [ 109.43091881600003, 12.845119533000059 ], [ 109.435883009000065, 12.844875393000052 ], [ 109.453623894000032, 12.84992096600007 ], [ 109.458181186000047, 12.85187409100007 ], [ 109.462901238000029, 12.862127997000073 ], [ 109.466319207000026, 12.878973700000074 ], [ 109.467295769000032, 12.897691148000092 ], [ 109.465017123000052, 12.913316148000092 ], [ 109.45826256600003, 12.924058335000041 ], [ 109.416351759000065, 12.971747137000079 ], [ 109.396657748000052, 13.002752997000073 ], [ 109.370127800000034, 13.031805731000077 ], [ 109.349457227000073, 13.068264065000051 ], [ 109.34115644600007, 13.076605536000045 ], [ 109.328379754000025, 13.084662177000041 ], [ 109.33139082100007, 13.093573309000078 ], [ 109.325368686000047, 13.10687897300005 ], [ 109.315603061000047, 13.11945221600007 ], [ 109.307383660000028, 13.133042710000041 ], [ 109.304209832000026, 13.150620835000041 ], [ 109.306976759000065, 13.16632721600007 ], [ 109.31177819100003, 13.181708075000074 ], [ 109.314219597000033, 13.197943427000041 ], [ 109.307627800000034, 13.218654690000051 ], [ 109.307383660000028, 13.228664455000057 ], [ 109.318858269000032, 13.25141022300005 ], [ 109.321055535000028, 13.259019273000092 ], [ 109.320078972000033, 13.279527085000041 ], [ 109.318125847000033, 13.288885809000078 ], [ 109.314219597000033, 13.297552802000041 ], [ 109.30795332100007, 13.303778387000079 ], [ 109.303721550000034, 13.303168036000045 ], [ 109.302989129000025, 13.297796942000048 ], [ 109.307383660000028, 13.290106512000079 ], [ 109.307383660000028, 13.283880927000041 ], [ 109.29623457100007, 13.278876044000071 ], [ 109.292735222000033, 13.266791083000044 ], [ 109.29420006600003, 13.235500393000052 ], [ 109.281504754000025, 13.248968817000048 ], [ 109.272634311000047, 13.263251044000071 ], [ 109.258962436000047, 13.297552802000041 ], [ 109.266368035000028, 13.301214911000045 ], [ 109.268565300000034, 13.301825262000079 ], [ 109.273203972000033, 13.310614325000074 ], [ 109.278086785000028, 13.306870835000041 ], [ 109.289317254000025, 13.301174221000053 ], [ 109.29420006600003, 13.297552802000041 ], [ 109.295095248000052, 13.30727773600006 ], [ 109.29428144600007, 13.314642645000049 ], [ 109.291758660000028, 13.320379950000074 ], [ 109.28679446700005, 13.324896552000041 ], [ 109.28679446700005, 13.331040757000039 ], [ 109.298024936000047, 13.330267645000049 ], [ 109.305674675000034, 13.333889065000051 ], [ 109.308848504000025, 13.341457424000055 ], [ 109.307383660000028, 13.352769273000092 ], [ 109.299327019000032, 13.36469147300005 ], [ 109.291026238000029, 13.363104559000078 ], [ 109.280039910000028, 13.352769273000092 ], [ 109.266368035000028, 13.361802476000037 ], [ 109.24935957100007, 13.384711005000042 ], [ 109.232188347000033, 13.393133856000077 ], [ 109.234141472000033, 13.410060940000051 ], [ 109.23755944100003, 13.420070705000057 ], [ 109.245290561000047, 13.427232164000088 ], [ 109.234629754000025, 13.437079169000071 ], [ 109.235118035000028, 13.445379950000074 ], [ 109.23755944100003, 13.453192450000074 ], [ 109.232188347000033, 13.461371161000045 ], [ 109.238536004000025, 13.476752020000049 ], [ 109.245127800000034, 13.485174872000073 ], [ 109.252940300000034, 13.488674221000053 ], [ 109.262543165000068, 13.489325262000079 ], [ 109.294444207000026, 13.468166408000059 ], [ 109.30046634200005, 13.461371161000045 ], [ 109.29818769600007, 13.448431708000044 ], [ 109.288584832000026, 13.442206122000073 ], [ 109.278086785000028, 13.437933661000045 ], [ 109.273203972000033, 13.431057033000059 ], [ 109.277517123000052, 13.421616929000038 ], [ 109.299164259000065, 13.417466539000088 ], [ 109.307383660000028, 13.406805731000077 ], [ 109.318532748000052, 13.413763739000046 ], [ 109.324961785000028, 13.422308661000045 ], [ 109.334646030000044, 13.440904039000088 ], [ 109.33130944100003, 13.452093817000048 ], [ 109.339691602000073, 13.46548086100006 ], [ 109.334646030000044, 13.475734768000052 ], [ 109.323252800000034, 13.469794012000079 ], [ 109.31218509200005, 13.471625067000048 ], [ 109.303721550000034, 13.479885158000059 ], [ 109.30046634200005, 13.492743231000077 ], [ 109.302256707000026, 13.501532294000071 ], [ 109.310801629000025, 13.51312897300005 ], [ 109.314219597000033, 13.52289459800005 ], [ 109.301768425000034, 13.517523505000042 ], [ 109.298024936000047, 13.514715887000079 ], [ 109.29420006600003, 13.50922272300005 ], [ 109.28679446700005, 13.50922272300005 ], [ 109.265879754000025, 13.533880927000041 ], [ 109.258962436000047, 13.544623114000046 ], [ 109.262461785000028, 13.543931382000039 ], [ 109.266368035000028, 13.548732815000051 ], [ 109.267425977000073, 13.554673570000091 ], [ 109.258311394000032, 13.559759833000044 ], [ 109.245290561000047, 13.571234442000048 ], [ 109.241221550000034, 13.581529039000088 ], [ 109.237152540000068, 13.601385809000078 ], [ 109.232188347000033, 13.612250067000048 ], [ 109.224131707000026, 13.619533596000053 ], [ 109.215586785000028, 13.62368398600006 ], [ 109.210134311000047, 13.630804755000042 ], [ 109.211192254000025, 13.646958726000037 ], [ 109.218516472000033, 13.646958726000037 ], [ 109.226084832000026, 13.631903387000079 ], [ 109.252940300000034, 13.601629950000074 ], [ 109.263438347000033, 13.577053127000056 ], [ 109.285655144000032, 13.539007880000042 ], [ 109.29420006600003, 13.530340887000079 ], [ 109.292735222000033, 13.543524481000077 ], [ 109.291188998000052, 13.546576239000046 ], [ 109.28679446700005, 13.550767320000091 ], [ 109.28679446700005, 13.557603257000039 ], [ 109.29810631600003, 13.558498440000051 ], [ 109.303477410000028, 13.562201239000046 ], [ 109.303884311000047, 13.568793036000045 ], [ 109.30046634200005, 13.578111070000091 ], [ 109.295746290000068, 13.577704169000071 ], [ 109.28248131600003, 13.585150458000044 ], [ 109.270518425000034, 13.594183661000045 ], [ 109.269786004000025, 13.598578192000048 ], [ 109.25717207100007, 13.605617580000057 ], [ 109.247569207000026, 13.622707424000055 ], [ 109.241384311000047, 13.644029039000088 ], [ 109.239024285000028, 13.663763739000046 ], [ 109.239024285000028, 13.691392320000091 ], [ 109.237071160000028, 13.698594468000067 ], [ 109.236827019000032, 13.699611721000053 ], [ 109.224782748000052, 13.72211334800005 ], [ 109.22624759200005, 13.74359772300005 ], [ 109.235362175000034, 13.756089585000041 ], [ 109.247813347000033, 13.765448309000078 ], [ 109.258962436000047, 13.777329820000091 ], [ 109.246104363000029, 13.77960846600007 ], [ 109.23951256600003, 13.787665106000077 ], [ 109.232188347000033, 13.81085846600007 ], [ 109.220713738000029, 13.806138414000088 ], [ 109.221853061000047, 13.81321849200009 ], [ 109.232188347000033, 13.831976630000042 ], [ 109.236175977000073, 13.869614976000037 ], [ 109.239024285000028, 13.879787502000056 ], [ 109.251475457000026, 13.89093659100007 ], [ 109.259532097000033, 13.874009507000039 ], [ 109.273203972000033, 13.82453034100007 ], [ 109.267425977000073, 13.766302802000041 ], [ 109.269786004000025, 13.755601304000038 ], [ 109.295746290000068, 13.755601304000038 ], [ 109.30396569100003, 13.759263414000088 ], [ 109.30046634200005, 13.797796942000048 ], [ 109.307383660000028, 13.876369533000059 ], [ 109.301605665000068, 13.885809637000079 ], [ 109.275157097000033, 13.906724351000037 ], [ 109.266368035000028, 13.920721747000073 ], [ 109.252696160000028, 14.032619533000059 ], [ 109.225433790000068, 14.103989976000037 ], [ 109.215098504000025, 14.119574286000045 ], [ 109.184092644000032, 14.136297919000071 ], [ 109.172618035000028, 14.15656159100007 ], [ 109.174489780000044, 14.172064520000049 ], [ 109.197520379000025, 14.167792059000078 ], [ 109.207774285000028, 14.15696849200009 ], [ 109.212657097000033, 14.144680080000057 ], [ 109.220225457000026, 14.135239976000037 ], [ 109.239024285000028, 14.133002020000049 ], [ 109.205251498000052, 14.186102606000077 ], [ 109.190928582000026, 14.220526434000078 ], [ 109.201182488000029, 14.236029364000046 ], [ 109.19459069100003, 14.277492580000057 ], [ 109.190603061000047, 14.291245835000041 ], [ 109.181407097000033, 14.304754950000074 ], [ 109.14966881600003, 14.338446356000077 ], [ 109.136485222000033, 14.366848049000055 ], [ 109.131195509000065, 14.38344961100006 ], [ 109.129161004000025, 14.397406317000048 ], [ 109.13021894600007, 14.451605536000045 ], [ 109.125743035000028, 14.465399481000077 ], [ 109.108164910000028, 14.488714911000045 ], [ 109.074473504000025, 14.578599351000037 ], [ 109.07357832100007, 14.570502020000049 ], [ 109.067067905000044, 14.550726630000042 ], [ 109.061045769000032, 14.563706773000092 ], [ 109.064463738000029, 14.570379950000074 ], [ 109.071055535000028, 14.575100002000056 ], [ 109.076670769000032, 14.585679429000038 ], [ 109.086110873000052, 14.585272528000075 ], [ 109.088226759000065, 14.589260158000059 ], [ 109.087087436000047, 14.596096096000053 ], [ 109.081797722000033, 14.606390692000048 ], [ 109.077321811000047, 14.672471421000068 ], [ 109.076426629000025, 14.685614325000074 ], [ 109.080577019000032, 14.677476304000038 ], [ 109.086680535000028, 14.67133209800005 ], [ 109.09506269600007, 14.66742584800005 ], [ 109.086110873000052, 14.715318101000037 ], [ 109.080821160000028, 14.729478257000039 ], [ 109.043467644000032, 14.777289130000042 ], [ 109.036957227000073, 14.783636786000045 ], [ 109.016774936000047, 14.813055731000077 ], [ 109.012461785000028, 14.821966864000046 ], [ 108.990244988000029, 14.830633856000077 ], [ 108.985524936000047, 14.836615302000041 ], [ 109.005625847000033, 14.838771877000056 ], [ 108.94263756600003, 14.979559637000079 ], [ 108.91920006600003, 15.057806708000044 ], [ 108.910004102000073, 15.146633205000057 ], [ 108.905284050000034, 15.134344794000071 ], [ 108.903819207000026, 15.128159898000092 ], [ 108.903330925000034, 15.11985911700009 ], [ 108.89771569100003, 15.11985911700009 ], [ 108.897471550000034, 15.133205471000053 ], [ 108.89226321700005, 15.14134349200009 ], [ 108.88412519600007, 15.143947658000059 ], [ 108.875987175000034, 15.140366929000038 ], [ 108.869802280000044, 15.140366929000038 ], [ 108.862478061000047, 15.152492580000057 ], [ 108.868174675000034, 15.159654039000088 ], [ 108.881602410000028, 15.160630601000037 ], [ 108.89771569100003, 15.153998114000046 ], [ 108.902354363000029, 15.168646552000041 ], [ 108.905446811000047, 15.197943427000041 ], [ 108.910004102000073, 15.20929596600007 ], [ 108.924327019000032, 15.20180898600006 ], [ 108.922862175000034, 15.210760809000078 ], [ 108.91960696700005, 15.215236721000053 ], [ 108.91334069100003, 15.216376044000071 ], [ 108.903330925000034, 15.21548086100006 ], [ 108.903330925000034, 15.222886460000041 ], [ 108.919769727000073, 15.22211334800005 ], [ 108.93295332100007, 15.22719961100006 ], [ 108.943614129000025, 15.236883856000077 ], [ 108.951670769000032, 15.250230210000041 ], [ 108.945485873000052, 15.252915757000039 ], [ 108.932139519000032, 15.253973700000074 ], [ 108.924327019000032, 15.256415106000077 ], [ 108.912119988000029, 15.263495184000078 ], [ 108.886566602000073, 15.286200262000079 ], [ 108.881032748000052, 15.29913971600007 ], [ 108.882823113000029, 15.336167710000041 ], [ 108.877452019000032, 15.343980210000041 ], [ 108.853282097000033, 15.362616278000075 ], [ 108.845469597000033, 15.366278387000079 ], [ 108.839040561000047, 15.374335028000075 ], [ 108.832692905000044, 15.413885809000078 ], [ 108.82748457100007, 15.429022528000075 ], [ 108.820811394000032, 15.424750067000048 ], [ 108.814707879000025, 15.423570054000038 ], [ 108.80795332100007, 15.42523834800005 ], [ 108.80014082100007, 15.429022528000075 ], [ 108.805674675000034, 15.42055898600006 ], [ 108.808441602000073, 15.417669989000046 ], [ 108.814463738000029, 15.414740302000041 ], [ 108.814463738000029, 15.407904364000046 ], [ 108.795583530000044, 15.395086981000077 ], [ 108.788584832000026, 15.374172268000052 ], [ 108.79623457100007, 15.356390692000048 ], [ 108.821299675000034, 15.352687893000052 ], [ 108.821299675000034, 15.345851955000057 ], [ 108.802256707000026, 15.344305731000077 ], [ 108.794118686000047, 15.344671942000048 ], [ 108.787119988000029, 15.345851955000057 ], [ 108.781260613000029, 15.331000067000048 ], [ 108.779795769000032, 15.325344143000052 ], [ 108.772959832000026, 15.325344143000052 ], [ 108.77475019600007, 15.331366278000075 ], [ 108.776133660000028, 15.334458726000037 ], [ 108.779795769000032, 15.339585679000038 ], [ 108.773610873000052, 15.351263739000046 ], [ 108.773285352000073, 15.363185940000051 ], [ 108.774587436000047, 15.375067450000074 ], [ 108.772959832000026, 15.386786200000074 ], [ 108.765961134000065, 15.393866278000075 ], [ 108.761566602000073, 15.396551825000074 ], [ 108.74350019600007, 15.407294012000079 ], [ 108.738780144000032, 15.411322333000044 ], [ 108.733409050000034, 15.417914130000042 ], [ 108.709483269000032, 15.437689520000049 ], [ 108.703949415000068, 15.445135809000078 ], [ 108.702647332000026, 15.469916083000044 ], [ 108.697113477000073, 15.490423895000049 ], [ 108.690928582000026, 15.490423895000049 ], [ 108.668467644000032, 15.447821356000077 ], [ 108.652517123000052, 15.438788153000075 ], [ 108.628916863000029, 15.45571523600006 ], [ 108.620941602000073, 15.474758205000057 ], [ 108.629405144000032, 15.486517645000049 ], [ 108.644541863000029, 15.493109442000048 ], [ 108.656260613000029, 15.496649481000077 ], [ 108.667735222000033, 15.482652085000041 ], [ 108.674489780000044, 15.489406643000052 ], [ 108.683441602000073, 15.517767645000049 ], [ 108.646250847000033, 15.513861395000049 ], [ 108.618662957000026, 15.529242255000042 ], [ 108.455332879000025, 15.747015692000048 ], [ 108.424082879000025, 15.805731512000079 ], [ 108.414805535000028, 15.867417710000041 ], [ 108.409922722000033, 15.880845445000091 ], [ 108.402679884000065, 15.882391669000071 ], [ 108.395355665000068, 15.87726471600007 ], [ 108.38835696700005, 15.87055084800005 ], [ 108.38249759200005, 15.867173570000091 ], [ 108.375173373000052, 15.86945221600007 ], [ 108.377126498000052, 15.874212958000044 ], [ 108.385264519000032, 15.878892320000091 ], [ 108.39616946700005, 15.880845445000091 ], [ 108.388194207000026, 15.898382880000042 ], [ 108.37427819100003, 15.908270575000074 ], [ 108.35865319100003, 15.915432033000059 ], [ 108.30591881600003, 15.955226955000057 ], [ 108.293711785000028, 15.969631252000056 ], [ 108.282318556000064, 15.990057684000078 ], [ 108.279144727000073, 15.995672919000071 ], [ 108.26531009200005, 16.03156159100007 ], [ 108.258555535000028, 16.070990302000041 ], [ 108.265798373000052, 16.107407945000091 ], [ 108.279551629000025, 16.102036851000037 ], [ 108.304942254000025, 16.107163804000038 ], [ 108.314219597000033, 16.09992096600007 ], [ 108.31763756600003, 16.111761786000045 ], [ 108.326182488000029, 16.119045315000051 ], [ 108.33716881600003, 16.125392971000053 ], [ 108.348399285000028, 16.134711005000042 ], [ 108.336599155000044, 16.147772528000075 ], [ 108.334727410000028, 16.151516018000052 ], [ 108.33139082100007, 16.155340887000079 ], [ 108.324473504000025, 16.148871161000045 ], [ 108.318207227000073, 16.139553127000056 ], [ 108.317393425000034, 16.134711005000042 ], [ 108.300547722000033, 16.137518622000073 ], [ 108.286306186000047, 16.144517320000091 ], [ 108.274587436000047, 16.153469143000052 ], [ 108.265798373000052, 16.162014065000051 ], [ 108.258962436000047, 16.162014065000051 ], [ 108.254893425000034, 16.15696849200009 ], [ 108.254161004000025, 16.156642971000053 ], [ 108.252696160000028, 16.15892161700009 ], [ 108.24537194100003, 16.162014065000051 ], [ 108.242686394000032, 16.153957424000055 ], [ 108.238617384000065, 16.146714585000041 ], [ 108.232758009000065, 16.140326239000046 ], [ 108.224864129000025, 16.134711005000042 ], [ 108.224864129000025, 16.12726471600007 ], [ 108.24732506600003, 16.123236395000049 ], [ 108.24773196700005, 16.108710028000075 ], [ 108.240896030000044, 16.090521552000041 ], [ 108.241953972000033, 16.075751044000071 ], [ 108.249196811000047, 16.061916408000059 ], [ 108.258962436000047, 16.010565497000073 ], [ 108.249847852000073, 16.023260809000078 ], [ 108.234629754000025, 16.019354559000078 ], [ 108.216319207000026, 16.009466864000046 ], [ 108.197520379000025, 16.003729559000078 ], [ 108.210134311000047, 16.011297919000071 ], [ 108.222911004000025, 16.02289459800005 ], [ 108.233246290000068, 16.037095445000091 ], [ 108.238536004000025, 16.05219147300005 ], [ 108.236664259000065, 16.055121161000045 ], [ 108.228282097000033, 16.089748440000051 ], [ 108.220957879000025, 16.091620184000078 ], [ 108.213063998000052, 16.086818752000056 ], [ 108.197520379000025, 16.072007554000038 ], [ 108.181976759000065, 16.091376044000071 ], [ 108.159922722000033, 16.103745835000041 ], [ 108.142832879000025, 16.119370835000041 ], [ 108.14226321700005, 16.148382880000042 ], [ 108.154470248000052, 16.170843817000048 ], [ 108.189219597000033, 16.198472398000092 ], [ 108.200124545000051, 16.21157461100006 ], [ 108.20435631600003, 16.216701565000051 ], [ 108.178721550000034, 16.214748440000051 ], [ 108.151215040000068, 16.216986395000049 ], [ 108.12631269600007, 16.222479559000078 ], [ 108.108164910000028, 16.230292059000078 ], [ 108.101328972000033, 16.230292059000078 ], [ 108.090668165000068, 16.22687409100007 ], [ 108.07195071700005, 16.228949286000045 ], [ 108.05396569100003, 16.235988674000055 ], [ 108.046071811000047, 16.247381903000075 ], [ 108.05201256600003, 16.262111721000053 ], [ 108.065928582000026, 16.257228908000059 ], [ 108.094493035000028, 16.236517645000049 ], [ 108.06177819100003, 16.288234768000052 ], [ 108.053477410000028, 16.30540599200009 ], [ 108.043793165000068, 16.339911200000074 ], [ 108.042979363000029, 16.346380927000041 ], [ 108.031016472000033, 16.342718817000048 ], [ 108.025157097000033, 16.334377346000053 ], [ 108.020518425000034, 16.325181382000039 ], [ 108.011973504000025, 16.319037177000041 ], [ 107.990407748000052, 16.324774481000077 ], [ 107.945160352000073, 16.356838283000059 ], [ 107.929942254000025, 16.353216864000046 ], [ 107.93091881600003, 16.343410549000055 ], [ 107.937510613000029, 16.312079169000071 ], [ 107.933116082000026, 16.30540599200009 ], [ 107.896494988000029, 16.27806224200009 ], [ 107.891368035000028, 16.284165757000039 ], [ 107.88217207100007, 16.27806224200009 ], [ 107.878916863000029, 16.288560289000088 ], [ 107.872569207000026, 16.295884507000039 ], [ 107.864024285000028, 16.297796942000048 ], [ 107.854991082000026, 16.291693427000041 ], [ 107.848155144000032, 16.291693427000041 ], [ 107.824066602000073, 16.304836330000057 ], [ 107.812266472000033, 16.313177802000041 ], [ 107.807139519000032, 16.322739976000037 ], [ 107.794444207000026, 16.37921784100007 ], [ 107.79656009200005, 16.38735586100006 ], [ 107.806895379000025, 16.385443427000041 ], [ 107.814219597000033, 16.38117096600007 ], [ 107.820485873000052, 16.376532294000071 ], [ 107.826914910000028, 16.37368398600006 ], [ 107.833506707000026, 16.374212958000044 ], [ 107.838877800000034, 16.376857815000051 ], [ 107.84115644600007, 16.379787502000056 ], [ 107.82162519600007, 16.387518622000073 ], [ 107.799978061000047, 16.415716864000046 ], [ 107.781748894000032, 16.427557684000078 ], [ 107.758799675000034, 16.463080145000049 ], [ 107.749522332000026, 16.472235419000071 ], [ 107.711436394000032, 16.497219143000052 ], [ 107.707204623000052, 16.50454336100006 ], [ 107.703135613000029, 16.51439036700009 ], [ 107.697113477000073, 16.520086981000077 ], [ 107.686696811000047, 16.514593817000048 ], [ 107.681651238000029, 16.507717190000051 ], [ 107.677989129000025, 16.501369533000059 ], [ 107.672862175000034, 16.497259833000044 ], [ 107.663096550000034, 16.497219143000052 ], [ 107.66529381600003, 16.501857815000051 ], [ 107.65984134200005, 16.51312897300005 ], [ 107.652598504000025, 16.522447007000039 ], [ 107.648936394000032, 16.521429755000042 ], [ 107.64975019600007, 16.530910549000055 ], [ 107.652598504000025, 16.538723049000055 ], [ 107.656993035000028, 16.545477606000077 ], [ 107.663096550000034, 16.551825262000079 ], [ 107.636729363000029, 16.545884507000039 ], [ 107.623057488000029, 16.544419664000088 ], [ 107.608409050000034, 16.544989325000074 ], [ 107.610850457000026, 16.552639065000051 ], [ 107.612478061000047, 16.555894273000092 ], [ 107.61459394600007, 16.559271552000041 ], [ 107.621592644000032, 16.559271552000041 ], [ 107.624522332000026, 16.557114976000037 ], [ 107.635264519000032, 16.551825262000079 ], [ 107.635264519000032, 16.559271552000041 ], [ 107.611094597000033, 16.569281317000048 ], [ 107.601573113000029, 16.576564846000053 ], [ 107.594248894000032, 16.587225653000075 ], [ 107.586192254000025, 16.581691799000055 ], [ 107.574554884000065, 16.580023505000042 ], [ 107.563975457000026, 16.582709052000041 ], [ 107.554942254000025, 16.596625067000048 ], [ 107.543955925000034, 16.600572007000039 ], [ 107.519786004000025, 16.606431382000039 ], [ 107.443369988000029, 16.648016669000071 ], [ 107.473643425000034, 16.653143622000073 ], [ 107.596039259000065, 16.590521552000041 ], [ 107.635264519000032, 16.579779364000046 ], [ 107.635264519000032, 16.587225653000075 ], [ 107.604665561000047, 16.595689195000091 ], [ 107.497813347000033, 16.689032294000071 ], [ 107.411631707000026, 16.750026760000083 ], [ 107.378672722000033, 16.773382880000042 ], [ 107.24927819100003, 16.880031643000052 ], [ 107.234548373000052, 16.887640692000048 ], [ 107.229340040000068, 16.892238674000055 ], [ 107.223399285000028, 16.901353257000039 ], [ 107.21648196700005, 16.907945054000038 ], [ 107.207530144000032, 16.904974677000041 ], [ 107.189463738000029, 16.892320054000038 ], [ 107.189952019000032, 16.88617584800005 ], [ 107.191416863000029, 16.87921784100007 ], [ 107.190196160000028, 16.874579169000071 ], [ 107.17896569100003, 16.869533596000053 ], [ 107.16724694100003, 16.867621161000045 ], [ 107.141774936000047, 16.867743231000077 ], [ 107.141774936000047, 16.874579169000071 ], [ 107.17741946700005, 16.893947658000059 ], [ 107.183360222000033, 16.898138739000046 ], [ 107.186534050000034, 16.90656159100007 ], [ 107.193614129000025, 16.911078192000048 ], [ 107.200694207000026, 16.914292710000041 ], [ 107.203868035000028, 16.919256903000075 ], [ 107.200694207000026, 16.926255601000037 ], [ 107.186534050000034, 16.934393622000073 ], [ 107.132578972000033, 17.009833075000074 ], [ 107.121267123000052, 17.018540757000039 ], [ 107.127207879000025, 17.059759833000044 ], [ 107.111827019000032, 17.088283596000053 ], [ 107.00749759200005, 17.162217515000066 ], [ 106.94662519600007, 17.20538971600007 ], [ 106.763926629000025, 17.335516669000071 ], [ 106.676280144000032, 17.429510809000078 ], [ 106.663584832000026, 17.447251695000091 ], [ 106.659190300000034, 17.44993724200009 ], [ 106.658213738000029, 17.45376211100006 ], [ 106.638438347000033, 17.468898830000057 ], [ 106.634613477000073, 17.470404364000046 ], [ 106.625987175000034, 17.48663971600007 ], [ 106.614756707000026, 17.518703518000052 ], [ 106.565928582000026, 17.598049221000053 ], [ 106.539073113000029, 17.627508856000077 ], [ 106.51490319100003, 17.669907945000091 ], [ 106.504405144000032, 17.682766018000052 ], [ 106.482269727000073, 17.696437893000052 ], [ 106.449961785000028, 17.708644924000055 ], [ 106.417491082000026, 17.712958075000074 ], [ 106.395030144000032, 17.703192450000074 ], [ 106.400238477000073, 17.699164130000042 ], [ 106.403005405000044, 17.694810289000088 ], [ 106.408702019000032, 17.682766018000052 ], [ 106.379649285000028, 17.698797919000071 ], [ 106.383067254000025, 17.719183661000045 ], [ 106.402598504000025, 17.731512762000079 ], [ 106.422373894000032, 17.723700262000079 ], [ 106.429209832000026, 17.723700262000079 ], [ 106.429209832000026, 17.731146552000041 ], [ 106.380625847000033, 17.743394273000092 ], [ 106.34693444100003, 17.747219143000052 ], [ 106.322764519000032, 17.753485419000071 ], [ 106.299489780000044, 17.762274481000077 ], [ 106.285166863000029, 17.77212148600006 ], [ 106.292002800000034, 17.778265692000048 ], [ 106.306651238000029, 17.771918036000045 ], [ 106.374522332000026, 17.765285549000055 ], [ 106.410655144000032, 17.747015692000048 ], [ 106.425791863000029, 17.74477773600006 ], [ 106.435557488000029, 17.739447333000044 ], [ 106.448741082000026, 17.716009833000044 ], [ 106.478526238000029, 17.703517971000053 ], [ 106.48951256600003, 17.70258209800005 ], [ 106.498057488000029, 17.710638739000046 ], [ 106.49537194100003, 17.717962958000044 ], [ 106.475108269000032, 17.737005927000041 ], [ 106.47006269600007, 17.748195705000057 ], [ 106.460703972000033, 17.799383856000077 ], [ 106.451833530000044, 17.828192450000074 ], [ 106.442881707000026, 17.846584377000056 ], [ 106.449473504000025, 17.856634833000044 ], [ 106.451019727000073, 17.865708726000037 ], [ 106.447032097000033, 17.872137762000079 ], [ 106.436045769000032, 17.874497789000088 ], [ 106.436045769000032, 17.881984768000052 ], [ 106.455088738000029, 17.881822007000039 ], [ 106.46607506600003, 17.890204169000071 ], [ 106.47429446700005, 17.902899481000077 ], [ 106.484385613000029, 17.91547272300005 ], [ 106.504079623000052, 17.930650132000039 ], [ 106.52475019600007, 17.943426825000074 ], [ 106.52475019600007, 17.949611721000053 ], [ 106.518565300000034, 17.957017320000091 ], [ 106.438975457000026, 18.051988023000092 ], [ 106.427744988000029, 18.07290273600006 ], [ 106.422373894000032, 18.094224351000037 ], [ 106.433360222000033, 18.113267320000091 ], [ 106.43482506600003, 18.123521226000037 ], [ 106.422373894000032, 18.12836334800005 ], [ 106.403493686000047, 18.10618724200009 ], [ 106.395030144000032, 18.100490627000056 ], [ 106.38412519600007, 18.099839585000041 ], [ 106.377289259000065, 18.103461005000042 ], [ 106.37077884200005, 18.105617580000057 ], [ 106.360199415000068, 18.100490627000056 ], [ 106.354502800000034, 18.093654690000051 ], [ 106.349864129000025, 18.083644924000055 ], [ 106.34693444100003, 18.071844794000071 ], [ 106.346690300000034, 18.059475002000056 ], [ 106.336436394000032, 18.079006252000056 ], [ 106.334483269000032, 18.08860911700009 ], [ 106.340342644000032, 18.100490627000056 ], [ 106.32740319100003, 18.098781643000052 ], [ 106.323741082000026, 18.097357489000046 ], [ 106.319346550000034, 18.094224351000037 ], [ 106.30632571700005, 18.100490627000056 ], [ 106.312510613000029, 18.110174872000073 ], [ 106.324066602000073, 18.118068752000056 ], [ 106.336924675000034, 18.120672919000071 ], [ 106.346690300000034, 18.11469147300005 ], [ 106.354014519000032, 18.11469147300005 ], [ 106.346039259000065, 18.132717190000051 ], [ 106.332286004000025, 18.145209052000041 ], [ 106.298838738000029, 18.169338283000059 ], [ 106.27084394600007, 18.204087632000039 ], [ 106.262217644000032, 18.209458726000037 ], [ 106.240570509000065, 18.21710846600007 ], [ 106.23365319100003, 18.220851955000057 ], [ 106.181162957000026, 18.259711005000042 ], [ 106.165782097000033, 18.265570380000042 ], [ 106.141774936000047, 18.261786200000074 ], [ 106.120127800000034, 18.254828192000048 ], [ 106.103282097000033, 18.251532294000071 ], [ 106.09343509200005, 18.258734442000048 ], [ 106.112152540000068, 18.262884833000044 ], [ 106.110118035000028, 18.275539455000057 ], [ 106.098155144000032, 18.290025132000039 ], [ 106.045746290000068, 18.332261460000041 ], [ 106.008067254000025, 18.378485419000071 ], [ 106.000498894000032, 18.38540273600006 ], [ 105.977305535000028, 18.402085679000038 ], [ 105.967784050000034, 18.414740302000041 ], [ 105.958832227000073, 18.432562567000048 ], [ 105.952159050000034, 18.452378648000092 ], [ 105.949473504000025, 18.47101471600007 ], [ 105.91529381600003, 18.473089911000045 ], [ 105.879242384000065, 18.510931708000044 ], [ 105.825938347000033, 18.593898830000057 ], [ 105.80201256600003, 18.665432033000059 ], [ 105.795176629000025, 18.676459052000041 ], [ 105.790863477000073, 18.689683335000041 ], [ 105.789724155000044, 18.718736070000091 ], [ 105.783457879000025, 18.747259833000044 ], [ 105.764414910000028, 18.758978583000044 ], [ 105.766774936000047, 18.755601304000038 ], [ 105.769867384000065, 18.695054429000038 ], [ 105.770030144000032, 18.671576239000046 ], [ 105.750743035000028, 18.662787177000041 ], [ 105.754730665000068, 18.676255601000037 ], [ 105.757660352000073, 18.696966864000046 ], [ 105.756114129000025, 18.715969143000052 ], [ 105.747080925000034, 18.724269924000055 ], [ 105.742686394000032, 18.73078034100007 ], [ 105.757578972000033, 18.772040106000077 ], [ 105.751963738000029, 18.786322333000044 ], [ 105.740977410000028, 18.801581122000073 ], [ 105.72006269600007, 18.823553778000075 ], [ 105.712657097000033, 18.826320705000057 ], [ 105.695323113000029, 18.824693101000037 ], [ 105.68873131600003, 18.826646226000037 ], [ 105.685801629000025, 18.831284898000035 ], [ 105.67505944100003, 18.854559637000079 ], [ 105.68490644600007, 18.853461005000042 ], [ 105.692881707000026, 18.849554755000042 ], [ 105.698741082000026, 18.843003648000035 ], [ 105.702891472000033, 18.834133205000057 ], [ 105.716644727000073, 18.848334052000041 ], [ 105.716644727000073, 18.854559637000079 ], [ 105.694509311000047, 18.86078522300005 ], [ 105.669932488000029, 18.874945380000042 ], [ 105.648285352000073, 18.892726955000057 ], [ 105.634776238000029, 18.909816799000055 ], [ 105.629649285000028, 18.922308661000045 ], [ 105.622243686000047, 18.95453522300005 ], [ 105.621104363000029, 18.967840887000079 ], [ 105.618662957000026, 18.976304429000038 ], [ 105.613291863000029, 18.985541083000044 ], [ 105.614268425000034, 18.998602606000077 ], [ 105.624847852000073, 19.028469143000052 ], [ 105.64380944100003, 19.065375067000048 ], [ 105.668304884000065, 19.089544989000046 ], [ 105.695567254000025, 19.081122137000079 ], [ 105.701996290000068, 19.09048086100006 ], [ 105.711761915000068, 19.096625067000048 ], [ 105.737071160000028, 19.108465887000079 ], [ 105.72982832100007, 19.133856512000079 ], [ 105.731211785000028, 19.17023346600007 ], [ 105.74341881600003, 19.231919664000088 ], [ 105.74577884200005, 19.237250067000048 ], [ 105.759532097000033, 19.235337632000039 ], [ 105.772308790000068, 19.235988674000055 ], [ 105.781016472000033, 19.264878648000035 ], [ 105.788584832000026, 19.266831773000035 ], [ 105.797536655000044, 19.267320054000038 ], [ 105.805430535000028, 19.272284247000073 ], [ 105.806244337000066, 19.274318752000056 ], [ 105.808767123000052, 19.280178127000056 ], [ 105.810801629000025, 19.299627997000073 ], [ 105.80591881600003, 19.302150783000059 ], [ 105.798594597000033, 19.299627997000073 ], [ 105.79420006600003, 19.310939846000053 ], [ 105.791758660000028, 19.320705471000053 ], [ 105.812754754000025, 19.307033596000053 ], [ 105.810069207000026, 19.321478583000044 ], [ 105.791758660000028, 19.354885158000059 ], [ 105.786875847000033, 19.383042710000041 ], [ 105.78256269600007, 19.394354559000078 ], [ 105.771250847000033, 19.403265692000048 ], [ 105.771250847000033, 19.409491278000075 ], [ 105.784922722000033, 19.403265692000048 ], [ 105.798594597000033, 19.430568752000056 ], [ 105.812754754000025, 19.423163153000075 ], [ 105.808116082000026, 19.460760809000078 ], [ 105.819346550000034, 19.536688544000071 ], [ 105.819021030000044, 19.573919989000046 ], [ 105.814707879000025, 19.574408270000049 ], [ 105.81373131600003, 19.579046942000048 ], [ 105.813161655000044, 19.589748440000051 ], [ 105.810557488000029, 19.599595445000091 ], [ 105.805430535000028, 19.608710028000075 ], [ 105.802989129000025, 19.602932033000059 ], [ 105.795746290000068, 19.594549872000073 ], [ 105.791758660000028, 19.587591864000046 ], [ 105.790863477000073, 19.603461005000042 ], [ 105.803884311000047, 19.613023179000038 ], [ 105.817556186000047, 19.61001211100006 ], [ 105.819021030000044, 19.587591864000046 ], [ 105.82390384200005, 19.598944403000075 ], [ 105.824066602000073, 19.626613674000055 ], [ 105.825938347000033, 19.642238674000055 ], [ 105.833506707000026, 19.658148505000042 ], [ 105.855967644000032, 19.691636460000041 ], [ 105.86060631600003, 19.707993882000039 ], [ 105.866953972000033, 19.721096096000053 ], [ 105.881114129000025, 19.722154039000088 ], [ 105.895274285000028, 19.72134023600006 ], [ 105.90162194100003, 19.728216864000046 ], [ 105.905446811000047, 19.743801174000055 ], [ 105.923350457000026, 19.766791083000044 ], [ 105.928884311000047, 19.78001536700009 ], [ 105.915537957000026, 19.774481512000079 ], [ 105.886973504000025, 19.771633205000057 ], [ 105.873708530000044, 19.765692450000074 ], [ 105.867442254000025, 19.773179429000038 ], [ 105.894704623000052, 19.787298895000049 ], [ 105.908946160000028, 19.796861070000091 ], [ 105.91529381600003, 19.807318427000041 ], [ 105.925791863000029, 19.797430731000077 ], [ 105.928884311000047, 19.793646552000041 ], [ 105.932302280000044, 19.80540599200009 ], [ 105.932139519000032, 19.83344147300005 ], [ 105.935801629000025, 19.84829336100006 ], [ 105.956797722000033, 19.87563711100006 ], [ 105.956553582000026, 19.885199286000045 ], [ 105.949473504000025, 19.900824286000045 ], [ 105.949473504000025, 19.910345770000049 ], [ 105.955577019000032, 19.925482489000046 ], [ 105.964366082000026, 19.935288804000038 ], [ 106.008311394000032, 19.973456122000073 ], [ 106.019786004000025, 19.986029364000046 ], [ 106.025157097000033, 19.999172268000052 ], [ 106.031911655000044, 19.999172268000052 ], [ 106.039073113000029, 19.988430080000057 ], [ 106.052744988000029, 19.97728099200009 ], [ 106.068858269000032, 19.968491929000038 ], [ 106.083506707000026, 19.964992580000057 ], [ 106.088877800000034, 19.973863023000035 ], [ 106.104014519000032, 20.017238674000055 ], [ 106.10710696700005, 20.033270575000074 ], [ 106.11451256600003, 20.033270575000074 ], [ 106.110850457000026, 20.013413804000038 ], [ 106.104502800000034, 19.995917059000078 ], [ 106.101410352000073, 19.979966539000088 ], [ 106.10710696700005, 19.964992580000057 ], [ 106.124034050000034, 19.975002346000053 ], [ 106.160899285000028, 19.984076239000046 ], [ 106.176036004000025, 19.992336330000057 ], [ 106.184092644000032, 20.003607489000046 ], [ 106.195974155000044, 20.033433335000041 ], [ 106.203298373000052, 20.04751211100006 ], [ 106.210703972000033, 20.040106512000079 ], [ 106.20639082100007, 20.034979559000078 ], [ 106.197032097000033, 20.012762762000079 ], [ 106.211924675000034, 20.021185614000046 ], [ 106.236175977000073, 20.048000393000052 ], [ 106.259287957000026, 20.06126536700009 ], [ 106.283702019000032, 20.094631252000056 ], [ 106.305511915000068, 20.108587958000044 ], [ 106.340342644000032, 20.149969794000071 ], [ 106.353282097000033, 20.176825262000079 ], [ 106.360199415000068, 20.184068101000037 ], [ 106.381114129000025, 20.192084052000041 ], [ 106.38795006600003, 20.197495835000041 ], [ 106.380707227000073, 20.204575914000088 ], [ 106.380707227000073, 20.211981512000079 ], [ 106.390147332000026, 20.216294664000088 ], [ 106.394704623000052, 20.21751536700009 ], [ 106.401866082000026, 20.21820709800005 ], [ 106.401866082000026, 20.211981512000079 ], [ 106.395030144000032, 20.211981512000079 ], [ 106.395030144000032, 20.204575914000088 ], [ 106.46021569100003, 20.211981512000079 ], [ 106.473155144000032, 20.21515534100007 ], [ 106.504914617000054, 20.217024986000069 ], [ 106.529291251000075, 20.22239346300006 ], [ 106.541026611000063, 20.226066152000044 ], [ 106.554267602000039, 20.224653831000069 ], [ 106.56961489300005, 20.231993895000073 ], [ 106.572325056000068, 20.246676935000039 ], [ 106.566307841000025, 20.261077346000036 ], [ 106.55600019600007, 20.277736721000053 ], [ 106.552744988000029, 20.286525783000059 ], [ 106.54851321700005, 20.291449286000045 ], [ 106.52475019600007, 20.308254299000055 ], [ 106.520518425000034, 20.298407294000071 ], [ 106.51295006600003, 20.294419664000088 ], [ 106.504893425000034, 20.297430731000077 ], [ 106.502940300000034, 20.300523179000038 ], [ 106.498057488000029, 20.308254299000055 ], [ 106.504405144000032, 20.308254299000055 ], [ 106.521657748000052, 20.313462632000039 ], [ 106.536957227000073, 20.309149481000077 ], [ 106.549978061000047, 20.298976955000057 ], [ 106.559580925000034, 20.286525783000059 ], [ 106.58165895500008, 20.26417738400005 ], [ 106.59259316400005, 20.275410718000046 ], [ 106.588474549000068, 20.303275170000063 ], [ 106.585488738000038, 20.322292069000071 ], [ 106.58376585600007, 20.337974617000043 ], [ 106.579776152000079, 20.350215994000052 ], [ 106.577647332000026, 20.358954169000071 ], [ 106.559580925000034, 20.375921942000048 ], [ 106.563324415000068, 20.375474351000037 ], [ 106.56568444100003, 20.376450914000088 ], [ 106.566742384000065, 20.378892320000091 ], [ 106.566416863000029, 20.382717190000051 ], [ 106.56804446700005, 20.378078518000052 ], [ 106.573090040000068, 20.368475653000075 ], [ 106.584157748000052, 20.381822007000039 ], [ 106.590586785000028, 20.404730536000045 ], [ 106.594248894000032, 20.448187567000048 ], [ 106.584239129000025, 20.457831122000073 ], [ 106.561696811000047, 20.455064195000091 ], [ 106.538096550000034, 20.446234442000048 ], [ 106.52475019600007, 20.437323309000078 ], [ 106.518565300000034, 20.437323309000078 ], [ 106.523203972000033, 20.445217190000051 ], [ 106.529795769000032, 20.454413153000075 ], [ 106.536957227000073, 20.462062893000052 ], [ 106.542491082000026, 20.465277411000045 ], [ 106.545420769000032, 20.467596747000073 ], [ 106.573741082000026, 20.477118231000077 ], [ 106.579925977000073, 20.478257554000038 ], [ 106.584483269000032, 20.496039130000042 ], [ 106.574880405000044, 20.510728257000039 ], [ 106.56771894600007, 20.524888414000088 ], [ 106.579925977000073, 20.540961005000042 ], [ 106.579925977000073, 20.54718659100007 ], [ 106.550629102000073, 20.532416083000044 ], [ 106.536143425000034, 20.531642971000053 ], [ 106.518565300000034, 20.540961005000042 ], [ 106.582530144000032, 20.56517161700009 ], [ 106.60474694100003, 20.584418036000045 ], [ 106.621348504000025, 20.590399481000077 ], [ 106.624766472000033, 20.594631252000056 ], [ 106.627452019000032, 20.600083726000037 ], [ 106.628428582000026, 20.605861721000053 ], [ 106.627207879000025, 20.616603908000059 ], [ 106.624034050000034, 20.618801174000055 ], [ 106.619395379000025, 20.61859772300005 ], [ 106.614268425000034, 20.622300523000035 ], [ 106.599375847000033, 20.638413804000038 ], [ 106.593597852000073, 20.646714585000041 ], [ 106.592621290000068, 20.648098049000055 ], [ 106.586761915000068, 20.663275458000044 ], [ 106.598155144000032, 20.655096747000073 ], [ 106.612315300000034, 20.63548411700009 ], [ 106.620941602000073, 20.629787502000056 ], [ 106.637543165000068, 20.628078518000052 ], [ 106.654063347000033, 20.630804755000042 ], [ 106.669688347000033, 20.636460679000038 ], [ 106.68295332100007, 20.643377997000073 ], [ 106.703135613000029, 20.659654039000088 ], [ 106.702891472000033, 20.671576239000046 ], [ 106.687510613000029, 20.681341864000046 ], [ 106.662608269000032, 20.691148179000038 ], [ 106.662608269000032, 20.69798411700009 ], [ 106.675547722000033, 20.698635158000059 ], [ 106.704112175000034, 20.691148179000038 ], [ 106.716970248000052, 20.691310940000051 ], [ 106.725596550000034, 20.693752346000053 ], [ 106.732676629000025, 20.696600653000075 ], [ 106.74146569100003, 20.69798411700009 ], [ 106.744883660000028, 20.701971747000073 ], [ 106.755625847000033, 20.70929596600007 ], [ 106.767100457000026, 20.713446356000077 ], [ 106.772471550000034, 20.707953192000048 ], [ 106.776133660000028, 20.701117255000042 ], [ 106.785166863000029, 20.692287502000056 ], [ 106.80591881600003, 20.677557684000078 ], [ 106.788828972000033, 20.730536200000074 ], [ 106.77857506600003, 20.74640534100007 ], [ 106.772471550000034, 20.738959052000041 ], [ 106.755625847000033, 20.751206773000035 ], [ 106.738454623000052, 20.769720770000049 ], [ 106.724619988000029, 20.790025132000039 ], [ 106.717784050000034, 20.807847398000035 ], [ 106.736582879000025, 20.794989325000074 ], [ 106.749196811000047, 20.804348049000055 ], [ 106.752940300000034, 20.825751044000071 ], [ 106.744476759000065, 20.848863023000035 ], [ 106.726898634000065, 20.861395575000074 ], [ 106.707530144000032, 20.870754299000055 ], [ 106.699961785000028, 20.882757880000042 ], [ 106.717784050000034, 20.903509833000044 ], [ 106.738291863000029, 20.883002020000049 ], [ 106.744476759000065, 20.883002020000049 ], [ 106.747243686000047, 20.894720770000049 ], [ 106.756683790000068, 20.907904364000046 ], [ 106.758799675000034, 20.920843817000048 ], [ 106.75513756600003, 20.938544012000079 ], [ 106.746104363000029, 20.942328192000048 ], [ 106.73373457100007, 20.942206122000073 ], [ 106.711924675000034, 20.951564846000053 ], [ 106.686696811000047, 20.952704169000071 ], [ 106.676280144000032, 20.958726304000038 ], [ 106.671071811000047, 20.96906159100007 ], [ 106.669118686000047, 20.979966539000088 ], [ 106.665537957000026, 20.99054596600007 ], [ 106.655772332000026, 20.999701239000046 ], [ 106.655772332000026, 21.005845445000091 ], [ 106.676280144000032, 21.001898505000042 ], [ 106.68295332100007, 20.999701239000046 ], [ 106.68295332100007, 21.005845445000091 ], [ 106.652679884000065, 21.017523505000042 ], [ 106.650726759000065, 21.018011786000045 ], [ 106.642100457000026, 21.02016836100006 ], [ 106.658702019000032, 21.02484772300005 ], [ 106.680349155000044, 21.020453192000048 ], [ 106.717784050000034, 21.005845445000091 ], [ 106.717784050000034, 21.013373114000046 ], [ 106.71029707100007, 21.013373114000046 ], [ 106.71029707100007, 21.02016836100006 ], [ 106.730804884000065, 21.029852606000077 ], [ 106.746104363000029, 21.024562893000052 ], [ 106.762380405000044, 21.015326239000046 ], [ 106.785411004000025, 21.013373114000046 ], [ 106.783213738000029, 21.016669012000079 ], [ 106.780772332000026, 21.024115302000041 ], [ 106.77857506600003, 21.027573960000041 ], [ 106.789317254000025, 21.027533270000049 ], [ 106.79810631600003, 21.024807033000059 ], [ 106.805674675000034, 21.01984284100007 ], [ 106.81218509200005, 21.013373114000046 ], [ 106.798675977000073, 21.001939195000091 ], [ 106.80241946700005, 20.995184637000079 ], [ 106.812836134000065, 20.990627346000053 ], [ 106.81959069100003, 20.986029364000046 ], [ 106.820648634000065, 20.97601959800005 ], [ 106.816905144000032, 20.96946849200009 ], [ 106.806895379000025, 20.966009833000044 ], [ 106.788828972000033, 20.964911200000074 ], [ 106.772471550000034, 20.957424221000053 ], [ 106.783213738000029, 20.942572333000044 ], [ 106.80600019600007, 20.932074286000045 ], [ 106.826426629000025, 20.937648830000057 ], [ 106.83326256600003, 20.937648830000057 ], [ 106.835459832000026, 20.930609442000048 ], [ 106.836680535000028, 20.92914459800005 ], [ 106.83326256600003, 20.923976955000057 ], [ 106.852224155000044, 20.909979559000078 ], [ 106.859873894000032, 20.88939036700009 ], [ 106.867930535000028, 20.882717190000051 ], [ 106.88795006600003, 20.910305080000057 ], [ 106.882334832000026, 20.915106512000079 ], [ 106.878428582000026, 20.921210028000075 ], [ 106.875498894000032, 20.928697007000039 ], [ 106.87427819100003, 20.937648830000057 ], [ 106.881602410000028, 20.937648830000057 ], [ 106.891449415000068, 20.918036200000074 ], [ 106.90170332100007, 20.907863674000055 ], [ 106.91724694100003, 20.904038804000038 ], [ 106.943125847000033, 20.903509833000044 ], [ 106.943125847000033, 20.910305080000057 ], [ 106.932383660000028, 20.915187893000052 ], [ 106.928233269000032, 20.922756252000056 ], [ 106.926117384000065, 20.930975653000075 ], [ 106.922048373000052, 20.937648830000057 ], [ 106.916351759000065, 20.941107489000046 ], [ 106.895274285000028, 20.951239325000074 ], [ 106.882823113000029, 20.960516669000071 ], [ 106.853770379000025, 20.992254950000074 ], [ 106.860199415000068, 20.993109442000048 ], [ 106.863536004000025, 20.991603908000059 ], [ 106.867442254000025, 20.986029364000046 ], [ 106.873383009000065, 20.997137762000079 ], [ 106.884613477000073, 20.993231512000079 ], [ 106.908946160000028, 20.972357489000046 ], [ 106.91920006600003, 20.965765692000048 ], [ 106.931895379000025, 20.959418036000045 ], [ 106.94695071700005, 20.954291083000044 ], [ 106.963633660000028, 20.951239325000074 ], [ 106.98210696700005, 20.94993724200009 ], [ 107.000987175000034, 20.951076565000051 ], [ 107.016774936000047, 20.95766836100006 ], [ 107.025645379000025, 20.972357489000046 ], [ 107.02084394600007, 20.986395575000074 ], [ 106.99545332100007, 21.006415106000077 ], [ 106.997813347000033, 21.02016836100006 ], [ 107.015635613000029, 21.004339911000045 ], [ 107.025157097000033, 20.999823309000078 ], [ 107.039317254000025, 20.999701239000046 ], [ 107.025645379000025, 21.013373114000046 ], [ 107.036143425000034, 21.013006903000075 ], [ 107.039317254000025, 21.013373114000046 ], [ 107.034678582000026, 21.017808335000041 ], [ 107.029144727000073, 21.024562893000052 ], [ 107.025645379000025, 21.027573960000041 ], [ 107.025645379000025, 21.03384023600006 ], [ 107.037933790000068, 21.032171942000048 ], [ 107.04460696700005, 21.025091864000046 ], [ 107.046885613000029, 21.01398346600007 ], [ 107.04615319100003, 20.999701239000046 ], [ 107.05014082100007, 21.005926825000074 ], [ 107.052500847000033, 21.013657945000091 ], [ 107.053477410000028, 21.023016669000071 ], [ 107.052989129000025, 21.03384023600006 ], [ 107.05982506600003, 21.03384023600006 ], [ 107.057627800000034, 21.013861395000049 ], [ 107.063243035000028, 21.009344794000071 ], [ 107.072276238000029, 21.017075914000088 ], [ 107.080332879000025, 21.03384023600006 ], [ 107.082367384000065, 21.030991929000038 ], [ 107.082774285000028, 21.030178127000056 ], [ 107.08716881600003, 21.027573960000041 ], [ 107.084727410000028, 21.023667710000041 ], [ 107.081065300000034, 21.016302802000041 ], [ 107.07976321700005, 21.009100653000075 ], [ 107.083750847000033, 21.005845445000091 ], [ 107.092458530000044, 21.008246161000045 ], [ 107.09538821700005, 21.014064846000053 ], [ 107.096853061000047, 21.021063544000071 ], [ 107.101328972000033, 21.027573960000041 ], [ 107.111175977000073, 21.033107815000051 ], [ 107.123057488000029, 21.037258205000057 ], [ 107.13599694100003, 21.039740302000041 ], [ 107.149180535000028, 21.040594794000071 ], [ 107.149180535000028, 21.03384023600006 ], [ 107.095225457000026, 21.000474351000037 ], [ 107.06609134200005, 20.964911200000074 ], [ 107.06609134200005, 20.958726304000038 ], [ 107.084971550000034, 20.951402085000041 ], [ 107.133799675000034, 20.944810289000088 ], [ 107.149180535000028, 20.930812893000052 ], [ 107.149180535000028, 20.937648830000057 ], [ 107.160899285000028, 20.932440497000073 ], [ 107.170909050000034, 20.933579820000091 ], [ 107.181895379000025, 20.936753648000035 ], [ 107.197032097000033, 20.937648830000057 ], [ 107.193369988000029, 20.952704169000071 ], [ 107.214854363000029, 20.97524648600006 ], [ 107.231130405000044, 20.979193427000041 ], [ 107.231130405000044, 20.986029364000046 ], [ 107.223806186000047, 20.98663971600007 ], [ 107.219574415000068, 20.988226630000042 ], [ 107.216319207000026, 20.990220445000091 ], [ 107.211192254000025, 20.992254950000074 ], [ 107.224131707000026, 20.998236395000049 ], [ 107.245290561000047, 21.003078518000052 ], [ 107.266449415000068, 21.004299221000053 ], [ 107.279551629000025, 20.999701239000046 ], [ 107.29232832100007, 21.00462474200009 ], [ 107.311045769000032, 21.005275783000059 ] ] } },
{ "type": "Feature", "properties": { }, "geometry": { "type": "LineString", "coordinates": [ [ 61.612478061000047, 25.200506903000075 ], [ 61.624196811000047, 25.204413153000075 ], [ 61.63412519600007, 25.203924872000073 ], [ 61.650157097000033, 25.200506903000075 ], [ 61.682790561000047, 25.201646226000037 ], [ 61.694183790000068, 25.200506903000075 ], [ 61.70248457100007, 25.197007554000038 ], [ 61.707530144000032, 25.192206122000073 ], [ 61.713633660000085, 25.188055731000077 ], [ 61.725352410000085, 25.186224677000041 ], [ 61.731130405000044, 25.184068101000037 ], [ 61.744313998000052, 25.174953518000052 ], [ 61.749522332000083, 25.173163153000075 ], [ 61.75513756600003, 25.175604559000078 ], [ 61.763926629000082, 25.184271552000041 ], [ 61.76685631600003, 25.186224677000041 ], [ 61.773692254000082, 25.188421942000048 ], [ 61.779551629000082, 25.191066799000055 ], [ 61.783050977000073, 25.187974351000037 ], [ 61.783702019000032, 25.173163153000075 ], [ 61.780121290000068, 25.162543036000045 ], [ 61.766774936000047, 25.145656643000052 ], [ 61.763845248000052, 25.134995835000041 ], [ 61.762705925000034, 25.121975002000056 ], [ 61.760020379000082, 25.115383205000057 ], [ 61.749522332000083, 25.104315497000073 ], [ 61.732432488000086, 25.091620184000078 ], [ 61.728526238000086, 25.083075262000079 ], [ 61.735850457000083, 25.069525458000044 ], [ 61.725759311000047, 25.05890534100007 ], [ 61.720064069000045, 25.037436401000036 ], [ 61.729551205000064, 25.021782653000059 ], [ 61.754868330000079, 25.013467337000066 ], [ 61.790477665000083, 25.017762785000059 ], [ 61.814853033000077, 25.026179956000078 ], [ 61.83521569100003, 25.038397528000075 ], [ 61.84734134200005, 25.037909247000073 ], [ 61.857432488000086, 25.066839911000045 ], [ 61.866384311000047, 25.075425523000035 ], [ 61.869883660000085, 25.083889065000051 ], [ 61.881114129000082, 25.103013414000088 ], [ 61.929497746000038, 25.109562888000085 ], [ 61.989109995000035, 25.108073561000083 ], [ 62.035840656000062, 25.10304351800005 ], [ 62.075551112000085, 25.100748575000068 ], [ 62.097178582000083, 25.107123114000046 ], [ 62.088901594000049, 25.118421516000069 ], [ 62.077827569000078, 25.127713096000036 ], [ 62.073090040000068, 25.150580145000049 ], [ 62.058988641000042, 25.161635844000045 ], [ 62.068045209000047, 25.178142290000039 ], [ 62.080030908000083, 25.197152448000054 ], [ 62.102712436000047, 25.205145575000074 ], [ 62.145192905000044, 25.218410549000055 ], [ 62.191808863000063, 25.220080670000073 ], [ 62.225791943000047, 25.214054004000047 ], [ 62.254221821000044, 25.212032101000091 ], [ 62.275183839000078, 25.199890460000063 ], [ 62.297479277000036, 25.185132715000066 ], [ 62.303977272000054, 25.166923435000058 ], [ 62.318125847000033, 25.141831773000035 ], [ 62.315277540000068, 25.130194403000075 ], [ 62.30827884200005, 25.128159898000035 ], [ 62.299327019000032, 25.128810940000051 ], [ 62.290782097000033, 25.124741929000038 ], [ 62.287771030000044, 25.122259833000044 ], [ 62.283946160000085, 25.119940497000073 ], [ 62.280284050000034, 25.116603908000059 ], [ 62.256055406000087, 25.098627452000073 ], [ 62.289953773000036, 25.090016208000065 ], [ 62.33971332200008, 25.087399309000091 ], [ 62.381051648000039, 25.087572198000089 ], [ 62.387243129000069, 25.101574720000087 ], [ 62.373222379000083, 25.108394163000071 ], [ 62.35199035100004, 25.112829499000043 ], [ 62.33912194100003, 25.124741929000038 ], [ 62.336192254000082, 25.139837958000044 ], [ 62.34310957100007, 25.155462958000044 ], [ 62.35474694100003, 25.169419664000088 ], [ 62.365896030000044, 25.179388739000046 ], [ 62.385264519000032, 25.192450262000079 ], [ 62.413828972000033, 25.206529039000088 ], [ 62.444346550000034, 25.213934637000079 ], [ 62.469493035000085, 25.206732489000046 ], [ 62.489431186000047, 25.214178778000075 ], [ 62.467621290000068, 25.223537502000056 ], [ 62.465017123000052, 25.237250067000048 ], [ 62.477178930000036, 25.259063576000074 ], [ 62.527479441000082, 25.264187572000083 ], [ 62.604958965000037, 25.26599690200004 ], [ 62.770518425000034, 25.261908270000049 ], [ 62.942393425000034, 25.227769273000035 ], [ 63.027842644000032, 25.220363674000055 ], [ 63.050954623000052, 25.224188544000071 ], [ 63.113129102000073, 25.255113023000035 ], [ 63.144053582000083, 25.260931708000044 ], [ 63.178477410000085, 25.258042710000041 ], [ 63.244151238000086, 25.241441148000035 ], [ 63.291351759000065, 25.222805080000057 ], [ 63.308116082000083, 25.220363674000055 ], [ 63.376963738000086, 25.227769273000035 ], [ 63.411143425000034, 25.222479559000078 ], [ 63.468760613000086, 25.199042059000078 ], [ 63.500498894000032, 25.19367096600007 ], [ 63.506602410000085, 25.195502020000049 ], [ 63.511729363000086, 25.200262762000079 ], [ 63.515391472000033, 25.206854559000078 ], [ 63.517914259000065, 25.214178778000075 ], [ 63.518728061000047, 25.220851955000057 ], [ 63.51685631600003, 25.223578192000048 ], [ 63.511973504000082, 25.226711330000057 ], [ 63.48170006600003, 25.260158596000053 ], [ 63.474131707000083, 25.273138739000046 ], [ 63.469493035000085, 25.289252020000049 ], [ 63.485199415000068, 25.284328518000052 ], [ 63.49577884200005, 25.291408596000053 ], [ 63.510508660000085, 25.316595770000049 ], [ 63.537608269000032, 25.34446849200009 ], [ 63.55437259200005, 25.35618724200009 ], [ 63.572520379000082, 25.364976304000038 ], [ 63.604665561000047, 25.374416408000059 ], [ 63.669932488000086, 25.383612372000073 ], [ 63.737803582000083, 25.385321356000077 ], [ 63.804942254000082, 25.374986070000091 ], [ 63.906586134000065, 25.341213283000059 ], [ 63.944102410000085, 25.334906317000048 ], [ 63.969737175000034, 25.34446849200009 ], [ 63.987071160000085, 25.338324286000045 ], [ 64.004893425000034, 25.339016018000052 ], [ 64.042002800000034, 25.34446849200009 ], [ 64.059743686000047, 25.344549872000073 ], [ 64.066742384000065, 25.346258856000077 ], [ 64.079600457000083, 25.364976304000038 ], [ 64.061696811000047, 25.39915599200009 ], [ 64.048838738000086, 25.416489976000037 ], [ 64.035166863000086, 25.416205145000049 ], [ 64.021494988000086, 25.402736721000053 ], [ 64.011729363000086, 25.397284247000073 ], [ 64.004242384000065, 25.402044989000046 ], [ 63.997080925000034, 25.419623114000046 ], [ 63.991384311000047, 25.41665273600006 ], [ 63.976573113000086, 25.412787177000041 ], [ 63.98959394600007, 25.425441799000055 ], [ 64.045420769000032, 25.450344143000052 ], [ 64.056488477000073, 25.44171784100007 ], [ 64.081553582000083, 25.443752346000053 ], [ 64.127289259000065, 25.45376211100006 ], [ 64.140635613000086, 25.453355210000041 ], [ 64.150726759000065, 25.451402085000041 ], [ 64.155284050000034, 25.446926174000055 ], [ 64.150889519000032, 25.432114976000037 ], [ 64.140879754000082, 25.428859768000052 ], [ 64.117442254000082, 25.433254299000055 ], [ 64.106211785000085, 25.433254299000055 ], [ 64.093760613000086, 25.431789455000057 ], [ 64.083750847000033, 25.426743882000039 ], [ 64.079600457000083, 25.416205145000049 ], [ 64.083506707000083, 25.403509833000044 ], [ 64.092295769000032, 25.395982164000088 ], [ 64.101735873000052, 25.390855210000041 ], [ 64.106944207000083, 25.385443427000041 ], [ 64.103688998000052, 25.367865302000041 ], [ 64.094737175000034, 25.34992096600007 ], [ 64.094493035000085, 25.335882880000042 ], [ 64.183929884000065, 25.31867096600007 ], [ 64.244639519000032, 25.316595770000049 ], [ 64.252777540000068, 25.311590887000079 ], [ 64.265798373000052, 25.298651434000078 ], [ 64.27507571700005, 25.296087958000044 ], [ 64.318207227000073, 25.292303778000075 ], [ 64.36068769600007, 25.283026434000078 ], [ 64.382823113000086, 25.271470445000091 ], [ 64.417491082000083, 25.240912177000041 ], [ 64.439300977000073, 25.234605210000041 ], [ 64.448008660000085, 25.235744533000059 ], [ 64.467539910000085, 25.240383205000057 ], [ 64.480235222000033, 25.241441148000035 ], [ 64.492035352000073, 25.245672919000071 ], [ 64.506602410000085, 25.266913153000075 ], [ 64.518402540000068, 25.275580145000049 ], [ 64.537119988000086, 25.275864976000037 ], [ 64.565440300000034, 25.27024974200009 ], [ 64.59302819100003, 25.261297919000071 ], [ 64.61060631600003, 25.251695054000038 ], [ 64.627696160000085, 25.228461005000042 ], [ 64.626963738000086, 25.211615302000041 ], [ 64.600352410000085, 25.173163153000075 ], [ 64.615244988000086, 25.173163153000075 ], [ 64.640635613000086, 25.166571356000077 ], [ 64.655039910000085, 25.165716864000046 ], [ 64.702321811000047, 25.178778387000079 ], [ 64.71021569100003, 25.179388739000046 ], [ 64.709157748000052, 25.190659898000035 ], [ 64.696299675000034, 25.197088934000078 ], [ 64.679860873000052, 25.20148346600007 ], [ 64.668630405000044, 25.206732489000046 ], [ 64.66334069100003, 25.217027085000041 ], [ 64.662771030000044, 25.229071356000077 ], [ 64.668630405000044, 25.255113023000035 ], [ 64.678558790000068, 25.27680084800005 ], [ 64.695974155000044, 25.29759349200009 ], [ 64.718516472000033, 25.314398505000042 ], [ 64.744395379000082, 25.324042059000078 ], [ 64.807302280000044, 25.328517971000053 ], [ 64.83912194100003, 25.325344143000052 ], [ 64.861094597000033, 25.316595770000049 ], [ 64.889659050000034, 25.328355210000041 ], [ 64.920664910000085, 25.327053127000056 ], [ 64.980642123000052, 25.316595770000049 ], [ 65.042002800000034, 25.316595770000049 ], [ 65.058848504000082, 25.314520575000074 ], [ 65.089610222000033, 25.305568752000056 ], [ 65.118011915000068, 25.301947333000044 ], [ 65.143402540000068, 25.295884507000039 ], [ 65.155284050000034, 25.296087958000044 ], [ 65.170176629000082, 25.29946523600006 ], [ 65.180186394000032, 25.303656317000048 ], [ 65.187998894000032, 25.311021226000037 ], [ 65.211110873000052, 25.347845770000049 ], [ 65.232269727000073, 25.370672919000071 ], [ 65.259776238000086, 25.380438544000071 ], [ 65.29232832100007, 25.364976304000038 ], [ 65.313243035000085, 25.376857815000051 ], [ 65.336192254000082, 25.385321356000077 ], [ 65.362803582000083, 25.390570380000042 ], [ 65.395355665000068, 25.392279364000046 ], [ 65.386973504000082, 25.37641022300005 ], [ 65.382334832000083, 25.371161200000074 ], [ 65.400726759000065, 25.366685289000088 ], [ 65.422862175000034, 25.372381903000075 ], [ 65.446055535000085, 25.381008205000057 ], [ 65.467784050000034, 25.385443427000041 ], [ 65.488129102000073, 25.38312409100007 ], [ 65.629730665000068, 25.346909898000035 ], [ 65.652110222000033, 25.34446849200009 ], [ 65.671641472000033, 25.347398179000038 ], [ 65.724375847000033, 25.371161200000074 ], [ 65.765391472000033, 25.377997137000079 ], [ 65.800303582000083, 25.395819403000075 ], [ 65.823985222000033, 25.402248440000051 ], [ 65.858409050000034, 25.417547919000071 ], [ 65.881521030000044, 25.419623114000046 ], [ 65.924489780000044, 25.41860586100006 ], [ 66.004649285000085, 25.429632880000042 ], [ 66.069021030000044, 25.446234442000048 ], [ 66.159190300000034, 25.446926174000055 ], [ 66.187022332000083, 25.452948309000078 ], [ 66.219493035000085, 25.464911200000074 ], [ 66.251800977000073, 25.472886460000041 ], [ 66.27865644600007, 25.467352606000077 ], [ 66.31185957100007, 25.47492096600007 ], [ 66.359548373000052, 25.465236721000053 ], [ 66.437022332000083, 25.433254299000055 ], [ 66.465505405000044, 25.411607164000088 ], [ 66.483897332000083, 25.400539455000057 ], [ 66.498383009000065, 25.398504950000074 ], [ 66.511566602000073, 25.414211330000057 ], [ 66.497894727000073, 25.430487372000073 ], [ 66.457530144000032, 25.45376211100006 ], [ 66.492198113000086, 25.481024481000077 ], [ 66.47584069100003, 25.493312893000052 ], [ 66.456228061000047, 25.496039130000042 ], [ 66.437266472000033, 25.491278387000079 ], [ 66.42318769600007, 25.481024481000077 ], [ 66.411957227000073, 25.491115627000056 ], [ 66.397146030000044, 25.512884833000044 ], [ 66.388519727000073, 25.522040106000077 ], [ 66.376963738000086, 25.527044989000046 ], [ 66.363536004000082, 25.530340887000079 ], [ 66.352712436000047, 25.535549221000053 ], [ 66.348317905000044, 25.546210028000075 ], [ 66.336436394000032, 25.55337148600006 ], [ 66.309336785000085, 25.554022528000075 ], [ 66.279144727000073, 25.549994208000044 ], [ 66.258148634000065, 25.543117580000057 ], [ 66.256846550000034, 25.538478908000059 ], [ 66.258311394000032, 25.531398830000057 ], [ 66.258799675000034, 25.52484772300005 ], [ 66.25513756600003, 25.522040106000077 ], [ 66.24968509200005, 25.521633205000057 ], [ 66.245127800000034, 25.520412502000056 ], [ 66.24154707100007, 25.518459377000056 ], [ 66.238454623000052, 25.515814520000049 ], [ 66.223643425000034, 25.499497789000088 ], [ 66.213063998000052, 25.491359768000052 ], [ 66.20045006600003, 25.487860419000071 ], [ 66.121104363000086, 25.475165106000077 ], [ 66.094411655000044, 25.474839585000041 ], [ 66.099945509000065, 25.484361070000091 ], [ 66.109629754000082, 25.495428778000075 ], [ 66.120860222000033, 25.504584052000041 ], [ 66.131602410000085, 25.508368231000077 ], [ 66.137380405000044, 25.513820705000057 ], [ 66.155772332000083, 25.549302476000037 ], [ 66.167165561000047, 25.566066799000055 ], [ 66.183441602000073, 25.581610419000071 ], [ 66.203949415000068, 25.59320709800005 ], [ 66.239756707000083, 25.59992096600007 ], [ 66.248383009000065, 25.604681708000044 ], [ 66.254242384000065, 25.609605210000041 ], [ 66.258148634000065, 25.612005927000041 ], [ 66.270518425000034, 25.61163971600007 ], [ 66.291270379000082, 25.605943101000037 ], [ 66.303233269000032, 25.604559637000079 ], [ 66.338552280000044, 25.608099677000041 ], [ 66.35865319100003, 25.614488023000035 ], [ 66.375498894000032, 25.625677802000041 ], [ 66.372569207000083, 25.603908596000053 ], [ 66.387705925000034, 25.59243398600006 ], [ 66.412119988000086, 25.59056224200009 ], [ 66.437022332000083, 25.597723700000074 ], [ 66.444102410000085, 25.582505601000037 ], [ 66.47787519600007, 25.549302476000037 ], [ 66.482920769000032, 25.538234768000052 ], [ 66.486582879000082, 25.525620835000041 ], [ 66.492849155000044, 25.518052476000037 ], [ 66.505869988000086, 25.522040106000077 ], [ 66.507334832000083, 25.517564195000091 ], [ 66.510590040000068, 25.512925523000035 ], [ 66.512705925000034, 25.508368231000077 ], [ 66.531016472000033, 25.518133856000077 ], [ 66.541677280000044, 25.492173570000091 ], [ 66.550547722000033, 25.457098700000074 ], [ 66.564219597000033, 25.439439195000091 ], [ 66.587087436000047, 25.426214911000045 ], [ 66.59115644600007, 25.399603583000044 ], [ 66.579274936000047, 25.379380601000037 ], [ 66.553721550000034, 25.385443427000041 ], [ 66.547862175000034, 25.365627346000053 ], [ 66.560720248000052, 25.349676825000074 ], [ 66.595225457000083, 25.330226955000057 ], [ 66.648285352000073, 25.283189195000091 ], [ 66.65951582100007, 25.275580145000049 ], [ 66.674082879000082, 25.269029039000088 ], [ 66.71021569100003, 25.239243882000039 ], [ 66.717539910000085, 25.23118724200009 ], [ 66.721446160000085, 25.212591864000046 ], [ 66.737152540000068, 25.18109772300005 ], [ 66.73796634200005, 25.159491278000075 ], [ 66.732269727000073, 25.143255927000041 ], [ 66.713552280000044, 25.120754299000055 ], [ 66.70443769600007, 25.104315497000073 ], [ 66.699554884000065, 25.085272528000075 ], [ 66.697032097000033, 25.025458075000074 ], [ 66.68132571700005, 24.948879299000055 ], [ 66.68132571700005, 24.910549221000053 ], [ 66.70443769600007, 24.898871161000045 ], [ 66.70443769600007, 24.89203522300005 ], [ 66.67701256600003, 24.87954336100006 ], [ 66.656748894000032, 24.858710028000075 ], [ 66.654144727000073, 24.839178778000075 ], [ 66.679698113000086, 24.830552476000037 ], [ 66.691416863000086, 24.832586981000077 ], [ 66.716319207000083, 24.841538804000038 ], [ 66.769297722000033, 24.847235419000071 ], [ 66.779633009000065, 24.85101959800005 ], [ 66.802500847000033, 24.839544989000046 ], [ 66.827321811000047, 24.844142971000053 ], [ 66.853770379000082, 24.852240302000041 ], [ 66.88209069100003, 24.85101959800005 ], [ 66.903330925000034, 24.839178778000075 ], [ 66.921885613000086, 24.824286200000074 ], [ 66.941172722000033, 24.812567450000074 ], [ 66.965098504000082, 24.810044664000088 ], [ 66.96021569100003, 24.81781647300005 ], [ 66.957855665000068, 24.825425523000035 ], [ 66.957692905000044, 24.843573309000078 ], [ 66.965098504000082, 24.843573309000078 ], [ 66.972992384000065, 24.833156643000052 ], [ 66.987315300000034, 24.822211005000042 ], [ 67.005056186000047, 24.813544012000079 ], [ 67.022959832000083, 24.810044664000088 ], [ 67.06373131600003, 24.781683661000045 ], [ 67.082530144000032, 24.77415599200009 ], [ 67.073741082000083, 24.795803127000056 ], [ 67.081228061000047, 24.803290106000077 ], [ 67.099945509000065, 24.797064520000049 ], [ 67.111094597000033, 24.797756252000056 ], [ 67.121836785000085, 24.801214911000045 ], [ 67.139659050000034, 24.803290106000077 ], [ 67.148203972000033, 24.799790757000039 ], [ 67.156016472000033, 24.791571356000077 ], [ 67.161631707000083, 24.781398830000057 ], [ 67.16732832100007, 24.760158596000053 ], [ 67.176036004000082, 24.757717190000051 ], [ 67.212657097000033, 24.764715887000079 ], [ 67.223806186000047, 24.769720770000049 ], [ 67.232676629000082, 24.770738023000035 ], [ 67.245127800000034, 24.761664130000042 ], [ 67.25554446700005, 24.747992255000042 ], [ 67.252940300000034, 24.740383205000057 ], [ 67.224619988000086, 24.726955471000053 ], [ 67.199961785000085, 24.710638739000046 ], [ 67.175547722000033, 24.688706773000035 ], [ 67.156993035000085, 24.662909247000073 ], [ 67.149587436000047, 24.63507721600007 ], [ 67.152110222000033, 24.615708726000037 ], [ 67.159922722000033, 24.612250067000048 ], [ 67.172699415000068, 24.61587148600006 ], [ 67.190440300000034, 24.617661851000037 ], [ 67.208994988000086, 24.613755601000037 ], [ 67.22388756600003, 24.607163804000038 ], [ 67.252614780000044, 24.590318101000037 ], [ 67.236664259000065, 24.583970445000091 ], [ 67.21810957100007, 24.582424221000053 ], [ 67.199473504000082, 24.584784247000073 ], [ 67.183604363000086, 24.590318101000037 ], [ 67.18523196700005, 24.576117255000042 ], [ 67.188649936000047, 24.561346747000073 ], [ 67.19459069100003, 24.547267971000053 ], [ 67.204112175000034, 24.535101630000042 ], [ 67.226735873000052, 24.532375393000052 ], [ 67.230804884000065, 24.525091864000046 ], [ 67.210948113000086, 24.50844961100006 ], [ 67.230723504000082, 24.488836981000077 ], [ 67.246836785000085, 24.467962958000044 ], [ 67.256846550000034, 24.444973049000055 ], [ 67.258799675000034, 24.419094143000052 ], [ 67.273610873000052, 24.426947333000044 ], [ 67.28052819100003, 24.432318427000041 ], [ 67.286631707000083, 24.439520575000074 ], [ 67.273610873000052, 24.395086981000077 ], [ 67.271657748000052, 24.369086005000042 ], [ 67.282969597000033, 24.357611395000049 ], [ 67.325368686000047, 24.357611395000049 ], [ 67.342539910000085, 24.35382721600007 ], [ 67.362478061000047, 24.343939520000049 ], [ 67.336436394000032, 24.34642161700009 ], [ 67.30591881600003, 24.342840887000079 ], [ 67.285980665000068, 24.329575914000088 ], [ 67.292816602000073, 24.302964585000041 ], [ 67.289317254000082, 24.298651434000078 ], [ 67.283864780000044, 24.287909247000073 ], [ 67.279144727000073, 24.281236070000091 ], [ 67.28842207100007, 24.269964911000045 ], [ 67.29232832100007, 24.261867580000057 ], [ 67.293304884000065, 24.212225653000075 ], [ 67.295583530000044, 24.199204820000091 ], [ 67.300303582000083, 24.18626536700009 ], [ 67.326426629000082, 24.143784898000035 ], [ 67.337087436000047, 24.118963934000078 ], [ 67.341319207000083, 24.086371161000045 ], [ 67.354014519000032, 24.070868231000077 ], [ 67.383555535000085, 24.066799221000053 ], [ 67.44068444100003, 24.070257880000042 ], [ 67.467295769000032, 24.064154364000046 ], [ 67.489105665000068, 24.054103908000059 ], [ 67.509776238000086, 24.052069403000075 ], [ 67.533050977000073, 24.070257880000042 ], [ 67.529795769000032, 24.054917710000041 ], [ 67.519867384000065, 24.045070705000057 ], [ 67.492198113000086, 24.028021552000041 ], [ 67.47820071700005, 24.032416083000044 ], [ 67.46810957100007, 24.021958726000037 ], [ 67.451182488000086, 23.987697658000059 ], [ 67.463633660000085, 23.982001044000071 ], [ 67.506358269000032, 23.974025783000059 ], [ 67.499766472000033, 23.951646226000037 ], [ 67.496918165000068, 23.935614325000074 ], [ 67.498871290000068, 23.925604559000078 ], [ 67.50904381600003, 23.923244533000059 ], [ 67.519867384000065, 23.928290106000077 ], [ 67.53052819100003, 23.935492255000042 ], [ 67.540537957000083, 23.939276434000078 ], [ 67.532237175000034, 23.92914459800005 ], [ 67.520518425000034, 23.907049872000073 ], [ 67.512543165000068, 23.898260809000078 ], [ 67.502614780000044, 23.89288971600007 ], [ 67.495290561000047, 23.892279364000046 ], [ 67.488047722000033, 23.893052476000037 ], [ 67.478526238000086, 23.891506252000056 ], [ 67.491058790000068, 23.88312409100007 ], [ 67.546641472000033, 23.870998440000051 ], [ 67.535899285000085, 23.880031643000052 ], [ 67.530121290000068, 23.89126211100006 ], [ 67.53256269600007, 23.89915599200009 ], [ 67.546641472000033, 23.898260809000078 ], [ 67.558116082000083, 23.888657945000091 ], [ 67.56609134200005, 23.876450914000088 ], [ 67.574554884000065, 23.871771552000041 ], [ 67.588389519000032, 23.884670315000051 ], [ 67.589366082000083, 23.866522528000075 ], [ 67.599619988000086, 23.85423411700009 ], [ 67.61451256600003, 23.850083726000037 ], [ 67.629242384000065, 23.856675523000035 ], [ 67.637380405000044, 23.874253648000035 ], [ 67.63803144600007, 23.915920315000051 ], [ 67.650401238000086, 23.93305084800005 ], [ 67.651215040000068, 23.929754950000074 ], [ 67.651052280000044, 23.926906643000052 ], [ 67.65202884200005, 23.925279039000088 ], [ 67.656586134000065, 23.925604559000078 ], [ 67.656586134000065, 23.91937897300005 ], [ 67.651052280000044, 23.907049872000073 ], [ 67.642914259000065, 23.850490627000056 ], [ 67.638845248000052, 23.840643622000073 ], [ 67.634287957000083, 23.833075262000079 ], [ 67.630707227000073, 23.824774481000077 ], [ 67.629242384000065, 23.812648830000057 ], [ 67.631602410000085, 23.80345286700009 ], [ 67.637705925000034, 23.801743882000039 ], [ 67.646494988000086, 23.802883205000057 ], [ 67.656586134000065, 23.802069403000075 ], [ 67.693614129000082, 23.793443101000037 ], [ 67.715668165000068, 23.791693427000041 ], [ 67.732269727000073, 23.79523346600007 ], [ 67.743662957000083, 23.808783270000049 ], [ 67.741058790000068, 23.823065497000073 ], [ 67.730723504000082, 23.835598049000055 ], [ 67.718597852000073, 23.843695380000042 ], [ 67.773203972000033, 23.821112372000073 ], [ 67.802582227000073, 23.81281159100007 ], [ 67.83171634200005, 23.809515692000048 ], [ 67.839040561000047, 23.823391018000052 ], [ 67.849131707000083, 23.889471747000073 ], [ 67.855235222000033, 23.911932684000078 ], [ 67.863291863000086, 23.902818101000037 ], [ 67.86451256600003, 23.865790106000077 ], [ 67.868907097000033, 23.850490627000056 ], [ 67.883474155000044, 23.864813544000071 ], [ 67.89193769600007, 23.869574286000045 ], [ 67.899912957000083, 23.867580471000053 ], [ 67.90593509200005, 23.859279690000051 ], [ 67.904633009000065, 23.846258856000077 ], [ 67.909922722000033, 23.83624909100007 ], [ 67.916758660000085, 23.833644924000055 ], [ 67.926036004000082, 23.834051825000074 ], [ 67.934255405000044, 23.832993882000039 ], [ 67.937754754000082, 23.826320705000057 ], [ 67.941661004000082, 23.81586334800005 ], [ 67.95085696700005, 23.80890534100007 ], [ 67.961924675000034, 23.804673570000091 ], [ 67.97193444100003, 23.802069403000075 ], [ 67.973399285000085, 23.805243231000077 ], [ 67.983164910000085, 23.809637762000079 ], [ 67.994151238000086, 23.81118398600006 ], [ 67.99927819100003, 23.805812893000052 ], [ 68.000336134000065, 23.797308661000045 ], [ 68.003428582000083, 23.785305080000057 ], [ 68.007985873000052, 23.774237372000073 ], [ 68.013519727000073, 23.768540757000039 ], [ 68.024424675000034, 23.774603583000044 ], [ 68.035655144000032, 23.79242584800005 ], [ 68.053884311000047, 23.829413153000075 ], [ 68.041514519000032, 23.852240302000041 ], [ 68.013519727000073, 23.939276434000078 ], [ 68.024180535000085, 23.935248114000046 ], [ 68.047699415000068, 23.921210028000075 ], [ 68.06373131600003, 23.923163153000075 ], [ 68.061696811000047, 23.911281643000052 ], [ 68.053884311000047, 23.884670315000051 ], [ 68.059418165000068, 23.861883856000077 ], [ 68.072520379000082, 23.841864325000074 ], [ 68.088389519000032, 23.826076565000051 ], [ 68.102224155000044, 23.815741278000075 ], [ 68.102224155000044, 23.809515692000048 ], [ 68.088226759000065, 23.809515692000048 ], [ 68.08171634200005, 23.805650132000039 ], [ 68.074392123000052, 23.788397528000075 ], [ 68.073252800000034, 23.783433335000041 ], [ 68.074392123000052, 23.764837958000044 ], [ 68.071055535000085, 23.760646877000056 ], [ 68.056976759000065, 23.750962632000039 ], [ 68.053884311000047, 23.743719794000071 ], [ 68.062754754000082, 23.723130601000037 ], [ 68.08171634200005, 23.708685614000046 ], [ 68.09888756600003, 23.70929596600007 ], [ 68.102224155000044, 23.73383209800005 ], [ 68.130381707000083, 23.708197333000044 ], [ 68.149099155000044, 23.694525458000044 ], [ 68.15748131600003, 23.696234442000048 ], [ 68.154795769000032, 23.71430084800005 ], [ 68.14421634200005, 23.743150132000039 ], [ 68.143321160000085, 23.761135158000059 ], [ 68.148692254000082, 23.780910549000055 ], [ 68.166758660000085, 23.820013739000046 ], [ 68.170583530000044, 23.839911200000074 ], [ 68.168711785000085, 23.844794012000079 ], [ 68.160166863000086, 23.857855536000045 ], [ 68.15748131600003, 23.864162502000056 ], [ 68.156423373000052, 23.874009507000039 ], [ 68.15748131600003, 23.905096747000073 ], [ 68.183116082000083, 23.843451239000046 ], [ 68.183034701000054, 23.84210846600007 ], [ 68.182465040000068, 23.835760809000078 ], [ 68.179698113000086, 23.827460028000075 ], [ 68.175629102000073, 23.798244533000059 ], [ 68.166026238000086, 23.773179429000038 ], [ 68.16374759200005, 23.757717190000051 ], [ 68.168142123000052, 23.747463283000059 ], [ 68.178233269000032, 23.754299221000053 ], [ 68.197764519000032, 23.774807033000059 ], [ 68.197927280000044, 23.753404039000088 ], [ 68.195811394000032, 23.733465887000079 ], [ 68.197520379000082, 23.714544989000046 ], [ 68.208750847000033, 23.696234442000048 ], [ 68.224864129000082, 23.681870835000041 ], [ 68.240977410000085, 23.674017645000049 ], [ 68.258962436000047, 23.674709377000056 ], [ 68.280446811000047, 23.685980536000045 ], [ 68.275889519000032, 23.665838934000078 ], [ 68.261892123000052, 23.661444403000075 ], [ 68.245127800000034, 23.659125067000048 ], [ 68.232676629000082, 23.645005601000037 ], [ 68.22006269600007, 23.659247137000079 ], [ 68.209320509000065, 23.66274648600006 ], [ 68.198090040000068, 23.659084377000056 ], [ 68.184255405000044, 23.651922919000071 ], [ 68.181895379000082, 23.647853908000059 ], [ 68.178233269000032, 23.634344794000071 ], [ 68.174327019000032, 23.631415106000077 ], [ 68.154144727000073, 23.632310289000088 ], [ 68.15007571700005, 23.631415106000077 ], [ 68.143402540000068, 23.612697658000059 ], [ 68.157399936000047, 23.600816148000035 ], [ 68.181407097000033, 23.59406159100007 ], [ 68.230804884000065, 23.588080145000049 ], [ 68.294118686000047, 23.590399481000077 ], [ 68.308116082000083, 23.589056708000044 ], [ 68.31763756600003, 23.586127020000049 ], [ 68.327321811000047, 23.586900132000039 ], [ 68.341970248000052, 23.596625067000048 ], [ 68.34888756600003, 23.603420315000051 ], [ 68.353037957000083, 23.610663153000075 ], [ 68.351573113000086, 23.61782461100006 ], [ 68.341970248000052, 23.623968817000048 ], [ 68.410817905000044, 23.700506903000075 ], [ 68.427744988000086, 23.71430084800005 ], [ 68.449717644000032, 23.723334052000041 ], [ 68.472829623000052, 23.737494208000044 ], [ 68.510020379000082, 23.744086005000042 ], [ 68.52475019600007, 23.752020575000074 ], [ 68.53834069100003, 23.761297919000071 ], [ 68.554698113000086, 23.768540757000039 ], [ 68.587738477000073, 23.77570221600007 ], [ 68.59888756600003, 23.78188711100006 ], [ 68.609385613000086, 23.79523346600007 ], [ 68.623057488000086, 23.824408270000049 ], [ 68.633474155000044, 23.833075262000079 ], [ 68.654063347000033, 23.83624909100007 ], [ 68.691905144000032, 23.83665599200009 ], [ 68.717784050000034, 23.841009833000044 ], [ 68.740244988000086, 23.853461005000042 ], [ 68.76693769600007, 23.878404039000088 ], [ 68.780039910000085, 23.874090887000079 ], [ 68.805674675000034, 23.884426174000055 ], [ 68.82162519600007, 23.878404039000088 ], [ 68.76880944100003, 23.841131903000075 ], [ 68.756521030000044, 23.83624909100007 ], [ 68.745127800000034, 23.833075262000079 ], [ 68.725596550000034, 23.818915106000077 ], [ 68.715586785000085, 23.815741278000075 ], [ 68.680186394000032, 23.817775783000059 ], [ 68.670746290000068, 23.815741278000075 ], [ 68.654551629000082, 23.799058335000041 ], [ 68.637868686000047, 23.761542059000078 ], [ 68.601735873000052, 23.74868398600006 ], [ 68.583506707000083, 23.735296942000048 ], [ 68.554698113000086, 23.70648834800005 ], [ 68.538828972000033, 23.684027411000045 ], [ 68.533539259000065, 23.679185289000088 ], [ 68.523936394000032, 23.675930080000057 ], [ 68.504730665000068, 23.674221096000053 ], [ 68.488942905000044, 23.66478099200009 ], [ 68.469411655000044, 23.659247137000079 ], [ 68.465505405000044, 23.655259507000039 ], [ 68.468760613000086, 23.640814520000049 ], [ 68.476898634000065, 23.639349677000041 ], [ 68.486175977000073, 23.641424872000073 ], [ 68.492686394000032, 23.637600002000056 ], [ 68.49146569100003, 23.618841864000046 ], [ 68.471527540000068, 23.618638414000088 ], [ 68.427500847000033, 23.631415106000077 ], [ 68.408864780000044, 23.621323960000041 ], [ 68.404958530000044, 23.597601630000042 ], [ 68.410817905000044, 23.548814195000091 ], [ 68.406097852000073, 23.508734442000048 ], [ 68.411631707000083, 23.494696356000077 ], [ 68.431162957000083, 23.49359772300005 ], [ 68.44695071700005, 23.502997137000079 ], [ 68.447438998000052, 23.51634349200009 ], [ 68.441416863000086, 23.532049872000073 ], [ 68.437347852000073, 23.548814195000091 ], [ 68.444021030000044, 23.541205145000049 ], [ 68.454112175000034, 23.526271877000056 ], [ 68.45866946700005, 23.521470445000091 ], [ 68.46802819100003, 23.51984284100007 ], [ 68.475596550000034, 23.524115302000041 ], [ 68.481293165000068, 23.525132554000038 ], [ 68.485850457000083, 23.514105536000045 ], [ 68.465586785000085, 23.505275783000059 ], [ 68.447438998000052, 23.487453518000052 ], [ 68.43295332100007, 23.465887762000079 ], [ 68.423675977000073, 23.445786851000037 ], [ 68.43091881600003, 23.436590887000079 ], [ 68.440440300000034, 23.434271552000041 ], [ 68.451914910000085, 23.437730210000041 ], [ 68.465505405000044, 23.445786851000037 ], [ 68.461110873000052, 23.433172919000071 ], [ 68.458832227000073, 23.419826565000051 ], [ 68.46257571700005, 23.409125067000048 ], [ 68.475352410000085, 23.404852606000077 ], [ 68.490489129000082, 23.409328518000052 ], [ 68.496429884000065, 23.417873440000051 ], [ 68.501475457000083, 23.42328522300005 ], [ 68.513194207000083, 23.418524481000077 ], [ 68.522146030000044, 23.424750067000048 ], [ 68.530121290000068, 23.425685940000051 ], [ 68.53638756600003, 23.42133209800005 ], [ 68.541026238000086, 23.411688544000071 ], [ 68.529551629000082, 23.411932684000078 ], [ 68.52076256600003, 23.407538153000075 ], [ 68.515147332000083, 23.399318752000056 ], [ 68.513194207000083, 23.388088283000059 ], [ 68.515147332000083, 23.377020575000074 ], [ 68.520681186000047, 23.369208075000074 ], [ 68.529470248000052, 23.363104559000078 ], [ 68.541026238000086, 23.357001044000071 ], [ 68.543142123000052, 23.358587958000044 ], [ 68.54851321700005, 23.361517645000049 ], [ 68.555186394000032, 23.363959052000041 ], [ 68.561045769000032, 23.36391836100006 ], [ 68.56373131600003, 23.359930731000077 ], [ 68.566661004000082, 23.35297272300005 ], [ 68.571055535000085, 23.346380927000041 ], [ 68.578379754000082, 23.343410549000055 ], [ 68.592051629000082, 23.340073960000041 ], [ 68.603037957000083, 23.332831122000073 ], [ 68.606944207000083, 23.325588283000059 ], [ 68.599131707000083, 23.322251695000091 ], [ 68.568532748000052, 23.318426825000074 ], [ 68.561045769000032, 23.316107489000046 ], [ 68.541026238000086, 23.278225002000056 ], [ 68.552256707000083, 23.259711005000042 ], [ 68.57781009200005, 23.255275783000059 ], [ 68.605316602000073, 23.259588934000078 ], [ 68.623057488000086, 23.267645575000074 ], [ 68.623220248000052, 23.25617096600007 ], [ 68.620127800000034, 23.245428778000075 ], [ 68.609385613000086, 23.226711330000057 ], [ 68.598317905000044, 23.23696523600006 ], [ 68.595713738000086, 23.240383205000057 ], [ 68.599945509000065, 23.225043036000045 ], [ 68.609141472000033, 23.206773179000038 ], [ 68.622569207000083, 23.191555080000057 ], [ 68.64966881600003, 23.180853583000044 ], [ 68.651133660000085, 23.171454169000071 ], [ 68.650645379000082, 23.162054755000042 ], [ 68.654063347000033, 23.157782294000071 ], [ 68.660655144000032, 23.154242255000042 ], [ 68.691254102000073, 23.130519924000055 ], [ 68.866221550000034, 23.019964911000045 ], [ 69.039886915000068, 22.950506903000075 ], [ 69.135590040000068, 22.888373114000046 ], [ 69.201914910000085, 22.852240302000041 ], [ 69.238780144000032, 22.841945705000057 ], [ 69.338145379000082, 22.833075262000079 ], [ 69.372569207000083, 22.81899648600006 ], [ 69.40593509200005, 22.813666083000044 ], [ 69.424652540000068, 22.804266669000071 ], [ 69.472178582000083, 22.794663804000038 ], [ 69.477305535000085, 22.792059637000079 ], [ 69.482595248000052, 22.788478908000059 ], [ 69.489431186000047, 22.784735419000071 ], [ 69.500010613000086, 22.781683661000045 ], [ 69.510752800000034, 22.780503648000035 ], [ 69.544444207000083, 22.781683661000045 ], [ 69.556976759000065, 22.778509833000044 ], [ 69.575694207000083, 22.764349677000041 ], [ 69.585703972000033, 22.76117584800005 ], [ 69.653819207000083, 22.76048411700009 ], [ 69.694346550000034, 22.749701239000046 ], [ 69.715830925000034, 22.746893622000073 ], [ 69.728851759000065, 22.754828192000048 ], [ 69.760101759000065, 22.808335679000038 ], [ 69.780121290000068, 22.827460028000075 ], [ 69.806813998000052, 22.845282294000071 ], [ 69.833181186000047, 22.858465887000079 ], [ 69.85287519600007, 22.86359284100007 ], [ 69.884287957000083, 22.86782461100006 ], [ 69.94068444100003, 22.886135158000059 ], [ 69.996918165000068, 22.893784898000035 ], [ 70.06177819100003, 22.918198960000041 ], [ 70.120127800000034, 22.925034898000035 ], [ 70.135427280000044, 22.92999909100007 ], [ 70.132334832000083, 22.941066799000055 ], [ 70.12045332100007, 22.95258209800005 ], [ 70.109548373000052, 22.959173895000049 ], [ 70.130625847000033, 22.993963934000078 ], [ 70.12623131600003, 22.984808661000045 ], [ 70.125010613000086, 22.975978908000059 ], [ 70.129079623000052, 22.969305731000077 ], [ 70.140635613000086, 22.966620184000078 ], [ 70.147471550000034, 22.966050523000035 ], [ 70.14966881600003, 22.96430084800005 ], [ 70.150726759000065, 22.961004950000074 ], [ 70.154307488000086, 22.956040757000039 ], [ 70.163096550000034, 22.948960679000038 ], [ 70.167735222000033, 22.949123440000051 ], [ 70.171722852000073, 22.951971747000073 ], [ 70.178477410000085, 22.953029690000051 ], [ 70.204112175000034, 22.952215887000079 ], [ 70.22201582100007, 22.959173895000049 ], [ 70.231944207000083, 22.97492096600007 ], [ 70.233083530000044, 23.000148830000057 ], [ 70.24968509200005, 22.987453518000052 ], [ 70.258311394000032, 22.971869208000044 ], [ 70.269297722000033, 22.958563544000071 ], [ 70.291758660000085, 22.953029690000051 ], [ 70.293630405000044, 22.951402085000041 ], [ 70.30005944100003, 22.944281317000048 ], [ 70.303477410000085, 22.93813711100006 ], [ 70.308767123000052, 22.93976471600007 ], [ 70.314626498000052, 22.943508205000057 ], [ 70.319102410000085, 22.945502020000049 ], [ 70.325694207000083, 22.945013739000046 ], [ 70.330414259000065, 22.943304755000042 ], [ 70.334483269000032, 22.940130927000041 ], [ 70.33952884200005, 22.935288804000038 ], [ 70.346690300000034, 22.931301174000055 ], [ 70.352386915000068, 22.93305084800005 ], [ 70.357676629000082, 22.936712958000044 ], [ 70.363536004000082, 22.938706773000035 ], [ 70.384532097000033, 22.938869533000059 ], [ 70.392425977000073, 22.94086334800005 ], [ 70.398773634000065, 22.945502020000049 ], [ 70.40162194100003, 22.95384349200009 ], [ 70.403493686000047, 22.967840887000079 ], [ 70.403819207000083, 22.98187897300005 ], [ 70.40202884200005, 22.990220445000091 ], [ 70.401866082000083, 22.999253648000035 ], [ 70.410980665000068, 23.023179429000038 ], [ 70.404470248000052, 23.033351955000057 ], [ 70.401052280000044, 23.045396226000037 ], [ 70.398936394000032, 23.059068101000037 ], [ 70.398773634000065, 23.069037177000041 ], [ 70.410655144000032, 23.086004950000074 ], [ 70.450938347000033, 23.105658270000049 ], [ 70.459646030000044, 23.11399974200009 ], [ 70.467133009000065, 23.129706122000073 ], [ 70.484222852000073, 23.122137762000079 ], [ 70.502940300000034, 23.104396877000056 ], [ 70.51490319100003, 23.089544989000046 ], [ 70.523692254000082, 23.070379950000074 ], [ 70.528493686000047, 23.047064520000049 ], [ 70.527191602000073, 23.023586330000057 ], [ 70.517914259000065, 23.003892320000091 ], [ 70.512380405000044, 22.995347398000035 ], [ 70.504730665000068, 22.979559637000079 ], [ 70.497569207000083, 22.970038153000075 ], [ 70.486338738000086, 22.963690497000073 ], [ 70.47429446700005, 22.964056708000044 ], [ 70.462738477000073, 22.966538804000038 ], [ 70.453379754000082, 22.966620184000078 ], [ 70.43685957100007, 22.954901434000078 ], [ 70.404633009000065, 22.919501044000071 ], [ 70.387705925000034, 22.912014065000051 ], [ 70.375254754000082, 22.90265534100007 ], [ 70.342946811000047, 22.843166408000059 ], [ 70.32545006600003, 22.826320705000057 ], [ 70.322520379000082, 22.822658596000053 ], [ 70.32154381600003, 22.811712958000044 ], [ 70.323252800000034, 22.787665106000077 ], [ 70.319102410000085, 22.778265692000048 ], [ 70.26726321700005, 22.705959377000056 ], [ 70.234873894000032, 22.648871161000045 ], [ 70.207286004000082, 22.614976304000038 ], [ 70.189707879000082, 22.577785549000055 ], [ 70.178477410000085, 22.56195709800005 ], [ 70.144704623000052, 22.547796942000048 ], [ 70.059092644000032, 22.558417059000078 ], [ 70.02084394600007, 22.555121161000045 ], [ 70.002696160000085, 22.543158270000049 ], [ 69.996267123000052, 22.541449286000045 ], [ 69.97388756600003, 22.539984442000048 ], [ 69.972992384000065, 22.541449286000045 ], [ 69.962087436000047, 22.535345770000049 ], [ 69.905284050000034, 22.486395575000074 ], [ 69.884776238000086, 22.473578192000048 ], [ 69.863780144000032, 22.465765692000048 ], [ 69.851084832000083, 22.465236721000053 ], [ 69.841807488000086, 22.466376044000071 ], [ 69.83326256600003, 22.463812567000048 ], [ 69.822276238000086, 22.452093817000048 ], [ 69.816905144000032, 22.440985419000071 ], [ 69.812998894000032, 22.429510809000078 ], [ 69.806976759000065, 22.420965887000079 ], [ 69.794932488000086, 22.41860586100006 ], [ 69.78874759200005, 22.423163153000075 ], [ 69.742198113000086, 22.47296784100007 ], [ 69.733409050000034, 22.480047919000071 ], [ 69.725352410000085, 22.464544989000046 ], [ 69.708994988000086, 22.418890692000048 ], [ 69.699392123000052, 22.404282945000091 ], [ 69.694509311000047, 22.403957424000055 ], [ 69.680837436000047, 22.40961334800005 ], [ 69.674652540000068, 22.411078192000048 ], [ 69.669444207000083, 22.409247137000079 ], [ 69.665212436000047, 22.404974677000041 ], [ 69.661306186000047, 22.400213934000078 ], [ 69.657725457000083, 22.396877346000053 ], [ 69.652354363000086, 22.389878648000035 ], [ 69.647227410000085, 22.380438544000071 ], [ 69.640391472000033, 22.375962632000039 ], [ 69.629730665000068, 22.383775132000039 ], [ 69.619883660000085, 22.371039130000042 ], [ 69.617442254000082, 22.365057684000078 ], [ 69.616058790000068, 22.355902411000045 ], [ 69.601084832000083, 22.363836981000077 ], [ 69.569021030000044, 22.37055084800005 ], [ 69.554698113000086, 22.377630927000041 ], [ 69.561696811000047, 22.391587632000039 ], [ 69.55982506600003, 22.411525783000059 ], [ 69.547862175000034, 22.452093817000048 ], [ 69.541026238000086, 22.452093817000048 ], [ 69.530772332000083, 22.446112372000073 ], [ 69.521983269000032, 22.448919989000046 ], [ 69.515961134000065, 22.448146877000056 ], [ 69.513682488000086, 22.431586005000042 ], [ 69.51693769600007, 22.416083075000074 ], [ 69.52279707100007, 22.403876044000071 ], [ 69.525645379000082, 22.392075914000088 ], [ 69.519867384000065, 22.377630927000041 ], [ 69.515147332000083, 22.375189520000049 ], [ 69.508555535000085, 22.374253648000035 ], [ 69.502696160000085, 22.372259833000044 ], [ 69.500010613000086, 22.366766669000071 ], [ 69.485362175000034, 22.347560940000051 ], [ 69.479665561000047, 22.342230536000045 ], [ 69.468923373000052, 22.337836005000042 ], [ 69.435394727000073, 22.33038971600007 ], [ 69.359873894000032, 22.329169012000079 ], [ 69.346446160000085, 22.324896552000041 ], [ 69.335703972000033, 22.306138414000088 ], [ 69.28646894600007, 22.28461334800005 ], [ 69.212087436000047, 22.273911851000037 ], [ 69.212087436000047, 22.281398830000057 ], [ 69.190440300000034, 22.292303778000075 ], [ 69.173838738000086, 22.308294989000046 ], [ 69.169688347000033, 22.327948309000078 ], [ 69.185313347000033, 22.349676825000074 ], [ 69.182139519000032, 22.366441148000035 ], [ 69.205739780000044, 22.398667710000041 ], [ 69.202159050000034, 22.414862372000073 ], [ 69.188243035000085, 22.42641836100006 ], [ 69.178558790000068, 22.427639065000051 ], [ 69.168793165000068, 22.42064036700009 ], [ 69.154633009000065, 22.407700914000088 ], [ 69.146983269000032, 22.404852606000077 ], [ 69.139821811000047, 22.407131252000056 ], [ 69.132009311000047, 22.41046784100007 ], [ 69.12273196700005, 22.411078192000048 ], [ 69.113780144000032, 22.407863674000055 ], [ 69.097422722000033, 22.398871161000045 ], [ 69.088552280000044, 22.396877346000053 ], [ 69.071787957000083, 22.399481512000079 ], [ 69.062266472000033, 22.407700914000088 ], [ 69.04818769600007, 22.431586005000042 ], [ 69.05600019600007, 22.441839911000045 ], [ 69.074473504000082, 22.449448960000041 ], [ 69.082286004000082, 22.459540106000077 ], [ 69.08521569100003, 22.472886460000041 ], [ 69.08139082100007, 22.480536200000074 ], [ 69.07357832100007, 22.48187897300005 ], [ 69.047536655000044, 22.464016018000052 ], [ 69.00749759200005, 22.443182684000078 ], [ 68.992930535000085, 22.431586005000042 ], [ 68.983246290000068, 22.41937897300005 ], [ 68.974375847000033, 22.404730536000045 ], [ 68.967621290000068, 22.387193101000037 ], [ 68.965017123000052, 22.366766669000071 ], [ 68.96062259200005, 22.349514065000051 ], [ 68.951426629000082, 22.334865627000056 ], [ 68.944021030000044, 22.318264065000051 ], [ 68.94459069100003, 22.295070705000057 ], [ 68.953298373000052, 22.27602773600006 ], [ 68.980479363000086, 22.235541083000044 ], [ 68.994151238000086, 22.203924872000073 ], [ 69.012543165000068, 22.185614325000074 ], [ 69.04818769600007, 22.157904364000046 ], [ 69.092051629000082, 22.099595445000091 ], [ 69.103037957000083, 22.076361395000049 ], [ 69.119313998000052, 22.062079169000071 ], [ 69.150645379000082, 22.041205145000049 ], [ 69.198415561000047, 21.979722398000035 ], [ 69.21225019600007, 21.967474677000041 ], [ 69.243907097000033, 21.94594961100006 ], [ 69.336192254000082, 21.862453518000052 ], [ 69.355479363000086, 21.853176174000055 ], [ 69.367849155000044, 21.85610586100006 ], [ 69.390879754000082, 21.876695054000038 ], [ 69.395192905000044, 21.861314195000091 ], [ 69.391774936000047, 21.832180080000057 ], [ 69.39771569100003, 21.815252997000073 ], [ 69.42741946700005, 21.781236070000091 ], [ 69.446299675000034, 21.766302802000041 ], [ 69.478526238000086, 21.752630927000041 ], [ 69.49935957100007, 21.720200914000088 ], [ 69.519786004000082, 21.704779364000046 ], [ 69.552744988000086, 21.665187893000052 ], [ 69.568207227000073, 21.650132554000038 ], [ 69.629730665000068, 21.616034247000073 ], [ 69.756358269000032, 21.490423895000049 ], [ 69.771494988000086, 21.478420315000051 ], [ 69.78874759200005, 21.469305731000077 ], [ 69.808604363000086, 21.465806382000039 ], [ 69.814707879000082, 21.433661200000074 ], [ 69.84498131600003, 21.389593817000048 ], [ 69.911631707000083, 21.315008856000077 ], [ 69.95826256600003, 21.273342190000051 ], [ 69.96615644600007, 21.263413804000038 ], [ 69.968019438167545, 21.258054563611609 ], [ 70.054445219167548, 21.153155475611641 ], [ 70.152191602000073, 21.078517971000053 ], [ 70.263519727000073, 20.980414130000042 ], [ 70.299978061000047, 20.958563544000071 ], [ 70.336680535000085, 20.927069403000075 ], [ 70.398773634000065, 20.903509833000044 ], [ 70.417002800000034, 20.890448309000078 ], [ 70.451426629000082, 20.855902411000045 ], [ 70.463063998000052, 20.848863023000035 ], [ 70.484141472000033, 20.843939520000049 ], [ 70.541514519000032, 20.807847398000035 ], [ 70.562174155297853, 20.799766947861755 ], [ 70.69857832100007, 20.74640534100007 ], [ 70.730804884000065, 20.723211981000077 ], [ 70.740244988000086, 20.718491929000038 ], [ 70.75163821700005, 20.719631252000056 ], [ 70.763194207000083, 20.724554755000042 ], [ 70.774587436000047, 20.727362372000073 ], [ 70.785166863000086, 20.722154039000088 ], [ 70.801605665000068, 20.709051825000074 ], [ 70.81967207100007, 20.702948309000078 ], [ 70.840179884000065, 20.70189036700009 ], [ 70.902531142326112, 20.70551993138298 ], [ 70.972992384000065, 20.70962148600006 ], [ 70.982432488000086, 20.710150458000044 ], [ 71.000824415000068, 20.722154039000088 ], [ 71.005951368000069, 20.736558335000041 ], [ 71.007660352000073, 20.741603908000059 ], [ 71.024180535000085, 20.744533596000053 ], [ 71.044444207000083, 20.74054596600007 ], [ 71.062347852000073, 20.738959052000041 ], [ 71.072601759000065, 20.745672919000071 ], [ 71.08326256600003, 20.756537177000041 ], [ 71.095469597000033, 20.763739325000074 ], [ 71.110118035000085, 20.759466864000046 ], [ 71.116953972000033, 20.766913153000075 ], [ 71.140635613000086, 20.765692450000074 ], [ 71.318614129000082, 20.849310614000046 ], [ 71.378103061000047, 20.859442450000074 ], [ 71.46225019600007, 20.885321356000077 ], [ 71.480723504000082, 20.900376695000091 ], [ 71.484385613000086, 20.917141018000052 ], [ 71.49341881600003, 20.92914459800005 ], [ 71.53679446700005, 20.96430084800005 ], [ 71.551117384000065, 20.973578192000048 ], [ 71.569346550000034, 20.979193427000041 ], [ 71.562347852000073, 20.97296784100007 ], [ 71.557302280000044, 20.966009833000044 ], [ 71.549571160000085, 20.951239325000074 ], [ 71.583506707000083, 20.958238023000035 ], [ 71.63998457100007, 20.99681224200009 ], [ 71.683360222000033, 21.011460679000038 ], [ 71.699743378372389, 21.021306493560147 ], [ 71.717621290000068, 21.032049872000073 ], [ 71.730235222000033, 21.03070709800005 ], [ 71.743662957000083, 21.027573960000041 ], [ 71.76295006600003, 21.032294012000079 ], [ 71.788584832000083, 21.04751211100006 ], [ 71.806162957000083, 21.062079169000071 ], [ 71.926280144000032, 21.130031643000052 ], [ 71.972422722000033, 21.13226959800005 ], [ 71.990733269000032, 21.136379299000055 ], [ 72.055023634000065, 21.168361721000053 ], [ 72.062836134000065, 21.174709377000056 ], [ 72.066661004000082, 21.181341864000046 ], [ 72.07545006600003, 21.185695705000057 ], [ 72.084808790000068, 21.188706773000035 ], [ 72.090830925000034, 21.191473700000074 ], [ 72.10474694100003, 21.205064195000091 ], [ 72.104502800000034, 21.222154039000088 ], [ 72.093516472000033, 21.243557033000059 ], [ 72.090830925000034, 21.252915757000039 ], [ 72.093597852000073, 21.258205471000053 ], [ 72.099375847000033, 21.264960028000075 ], [ 72.102549675000034, 21.274400132000039 ], [ 72.09701582100007, 21.287665106000077 ], [ 72.107758009000065, 21.289984442000048 ], [ 72.111501498000052, 21.296087958000044 ], [ 72.110036655000044, 21.304836330000057 ], [ 72.104502800000034, 21.315008856000077 ], [ 72.116058790000068, 21.322739976000037 ], [ 72.15162194100003, 21.360174872000073 ], [ 72.159190300000034, 21.373277085000041 ], [ 72.166840040000068, 21.392075914000088 ], [ 72.219899936000047, 21.444728908000059 ], [ 72.242198113000029, 21.48078034100007 ], [ 72.275157097000033, 21.595526434000078 ], [ 72.279144727000073, 21.600531317000048 ], [ 72.292002800000034, 21.611761786000045 ], [ 72.295664910000085, 21.616034247000073 ], [ 72.298838738000029, 21.626288153000075 ], [ 72.29851321700005, 21.633978583000044 ], [ 72.296641472000033, 21.642157294000071 ], [ 72.295664910000085, 21.653876044000071 ], [ 72.292491082000083, 21.659491278000075 ], [ 72.285411004000082, 21.665025132000039 ], [ 72.278330925000034, 21.671942450000074 ], [ 72.271739129000082, 21.690904039000088 ], [ 72.26303144600007, 21.692328192000048 ], [ 72.251800977000073, 21.690904039000088 ], [ 72.240407748000052, 21.69171784100007 ], [ 72.230235222000033, 21.695990302000041 ], [ 72.223806186000047, 21.700588283000059 ], [ 72.219004754000082, 21.706000067000048 ], [ 72.214366082000083, 21.712836005000042 ], [ 72.20240319100003, 21.748114325000074 ], [ 72.200043165000068, 21.750067450000074 ], [ 72.195811394000032, 21.757798570000091 ], [ 72.17701256600003, 21.766669012000079 ], [ 72.172699415000068, 21.777736721000053 ], [ 72.171071811000047, 21.790961005000042 ], [ 72.166026238000029, 21.793931382000039 ], [ 72.117442254000082, 21.776597398000035 ], [ 72.10320071700005, 21.775213934000078 ], [ 72.087412957000083, 21.784491278000075 ], [ 72.07390384200005, 21.788723049000055 ], [ 72.054942254000082, 21.785589911000045 ], [ 72.021820509000065, 21.774318752000056 ], [ 72.022308790000068, 21.780910549000055 ], [ 72.021494988000029, 21.794419664000088 ], [ 72.021820509000065, 21.800970770000049 ], [ 72.009613477000073, 21.795599677000041 ], [ 72.005381707000083, 21.792954820000091 ], [ 72.001475457000083, 21.787909247000073 ], [ 71.996104363000029, 21.799505927000041 ], [ 71.994151238000029, 21.812201239000046 ], [ 71.994639519000032, 21.839504299000055 ], [ 71.99732506600003, 21.85492584800005 ], [ 72.004161004000082, 21.85773346600007 ], [ 72.062836134000065, 21.834377346000053 ], [ 72.086761915000068, 21.830267645000049 ], [ 72.104502800000034, 21.835760809000078 ], [ 72.086436394000032, 21.865627346000053 ], [ 72.080332879000082, 21.86985911700009 ], [ 72.071787957000083, 21.870794989000046 ], [ 72.061534050000034, 21.873114325000074 ], [ 72.052907748000052, 21.876532294000071 ], [ 72.049327019000032, 21.880438544000071 ], [ 72.05795332100007, 21.89874909100007 ], [ 72.077647332000083, 21.894435940000051 ], [ 72.098480665000068, 21.880519924000055 ], [ 72.111338738000029, 21.86985911700009 ], [ 72.123301629000082, 21.853745835000041 ], [ 72.130869988000029, 21.846258856000077 ], [ 72.161875847000033, 21.839178778000075 ], [ 72.169444207000083, 21.841376044000071 ], [ 72.162608269000032, 21.852850653000075 ], [ 72.160004102000073, 21.865912177000041 ], [ 72.16732832100007, 21.879136460000041 ], [ 72.169769727000073, 21.890448309000078 ], [ 72.152354363000029, 21.897853908000059 ], [ 72.159190300000034, 21.90460846600007 ], [ 72.145355665000068, 21.910834052000041 ], [ 72.145355665000068, 21.917669989000046 ], [ 72.156504754000082, 21.925848700000074 ], [ 72.142100457000083, 21.924994208000044 ], [ 72.104502800000034, 21.917669989000046 ], [ 72.08757571700005, 21.919663804000038 ], [ 72.02865644600007, 21.938788153000075 ], [ 72.03842207100007, 21.94757721600007 ], [ 72.055186394000032, 21.953517971000053 ], [ 72.073252800000034, 21.954494533000059 ], [ 72.087412957000083, 21.948431708000044 ], [ 72.096202019000032, 21.943019924000055 ], [ 72.102061394000032, 21.945054429000038 ], [ 72.10482832100007, 21.95148346600007 ], [ 72.104502800000034, 21.959214585000041 ], [ 72.082530144000032, 21.97337474200009 ], [ 72.076508009000065, 21.979722398000035 ], [ 72.11491946700005, 21.96938711100006 ], [ 72.124847852000073, 21.972316799000055 ], [ 72.128103061000047, 21.983547268000052 ], [ 72.119313998000052, 21.993638414000088 ], [ 72.09701582100007, 22.007025458000044 ], [ 72.113780144000032, 22.010565497000073 ], [ 72.134287957000083, 22.004584052000041 ], [ 72.15170332100007, 21.993882554000038 ], [ 72.159190300000034, 21.98314036700009 ], [ 72.16342207100007, 21.973211981000077 ], [ 72.17310631600003, 21.975653387000079 ], [ 72.182465040000068, 21.98273346600007 ], [ 72.186371290000068, 21.986558335000041 ], [ 72.191172722000033, 21.993638414000088 ], [ 72.195160352000073, 22.003648179000038 ], [ 72.199880405000044, 22.006984768000052 ], [ 72.20630944100003, 21.994045315000051 ], [ 72.214366082000083, 21.994045315000051 ], [ 72.21648196700005, 22.007798570000091 ], [ 72.220957879000082, 22.010972398000035 ], [ 72.237315300000034, 22.007025458000044 ], [ 72.24935957100007, 22.008286851000037 ], [ 72.257660352000073, 22.012152411000045 ], [ 72.275157097000033, 22.027533270000049 ], [ 72.276133660000085, 22.031642971000053 ], [ 72.283457879000082, 22.04360586100006 ], [ 72.291758660000085, 22.053412177000041 ], [ 72.295664910000085, 22.051174221000053 ], [ 72.298024936000047, 22.061672268000052 ], [ 72.307627800000034, 22.079006252000056 ], [ 72.317230665000068, 22.184881903000075 ], [ 72.306488477000073, 22.229559637000079 ], [ 72.268321160000085, 22.226752020000049 ], [ 72.239105665000068, 22.23891836100006 ], [ 72.234141472000033, 22.243557033000059 ], [ 72.237315300000034, 22.256293036000045 ], [ 72.243174675000034, 22.26593659100007 ], [ 72.246104363000029, 22.275580145000049 ], [ 72.240407748000052, 22.288234768000052 ], [ 72.209239129000082, 22.259426174000055 ], [ 72.19068444100003, 22.251288153000075 ], [ 72.166026238000029, 22.260321356000077 ], [ 72.148773634000065, 22.277899481000077 ], [ 72.16179446700005, 22.280951239000046 ], [ 72.20630944100003, 22.273911851000037 ], [ 72.200938347000033, 22.291449286000045 ], [ 72.208506707000083, 22.300441799000055 ], [ 72.223399285000085, 22.303168036000045 ], [ 72.240407748000052, 22.301906643000052 ], [ 72.264659050000034, 22.29523346600007 ], [ 72.265961134000065, 22.287339585000041 ], [ 72.263194207000083, 22.276353257000039 ], [ 72.275157097000033, 22.260321356000077 ], [ 72.28834069100003, 22.261297919000071 ], [ 72.309092644000032, 22.257228908000059 ], [ 72.328298373000052, 22.260728257000039 ], [ 72.336599155000044, 22.284816799000055 ], [ 72.340505405000044, 22.303208726000037 ], [ 72.349619988000029, 22.324367580000057 ], [ 72.36101321700005, 22.343451239000046 ], [ 72.371348504000082, 22.355902411000045 ], [ 72.397227410000085, 22.366766669000071 ], [ 72.408050977000073, 22.353461005000042 ], [ 72.404958530000044, 22.332953192000048 ], [ 72.388194207000083, 22.322333075000074 ], [ 72.380381707000083, 22.312404690000051 ], [ 72.381032748000052, 22.289943752000056 ], [ 72.386241082000083, 22.266506252000056 ], [ 72.39185631600003, 22.253485419000071 ], [ 72.41374759200005, 22.246323960000041 ], [ 72.432302280000044, 22.255845445000091 ], [ 72.448741082000083, 22.266831773000035 ], [ 72.463877800000034, 22.26398346600007 ], [ 72.466970248000052, 22.255845445000091 ], [ 72.454844597000033, 22.245306708000044 ], [ 72.457041863000029, 22.236721096000053 ], [ 72.46615644600007, 22.232570705000057 ], [ 72.479014519000032, 22.233384507000039 ], [ 72.501719597000033, 22.240423895000049 ], [ 72.52116946700005, 22.253119208000044 ], [ 72.553070509000065, 22.282456773000035 ], [ 72.573741082000083, 22.288234768000052 ], [ 72.596364780000044, 22.286932684000078 ], [ 72.606618686000047, 22.28384023600006 ], [ 72.625010613000029, 22.271389065000051 ], [ 72.635264519000032, 22.271633205000057 ], [ 72.646494988000029, 22.273911851000037 ], [ 72.65943444100003, 22.273911851000037 ], [ 72.726573113000029, 22.248928127000056 ], [ 72.756602410000085, 22.243719794000071 ], [ 72.785411004000082, 22.256903387000079 ], [ 72.798675977000073, 22.265570380000042 ], [ 72.818207227000073, 22.273423570000091 ], [ 72.838633660000085, 22.276556708000044 ], [ 72.854258660000085, 22.270819403000075 ], [ 72.869476759000065, 22.262396552000041 ], [ 72.88607832100007, 22.262396552000041 ], [ 72.89966881600003, 22.269191799000055 ], [ 72.905772332000083, 22.281398830000057 ], [ 72.917491082000083, 22.271429755000042 ], [ 72.922699415000068, 22.254584052000041 ], [ 72.922129754000082, 22.236517645000049 ], [ 72.916026238000029, 22.223089911000045 ], [ 72.897227410000085, 22.213039455000057 ], [ 72.881114129000082, 22.220404364000046 ], [ 72.865082227000073, 22.233465887000079 ], [ 72.847422722000033, 22.240423895000049 ], [ 72.812266472000033, 22.234116929000038 ], [ 72.790212436000047, 22.217230536000045 ], [ 72.748220248000052, 22.164048570000091 ], [ 72.729258660000085, 22.177435614000046 ], [ 72.719411655000044, 22.182196356000077 ], [ 72.707774285000085, 22.185777085000041 ], [ 72.699717644000032, 22.184963283000059 ], [ 72.691661004000082, 22.18195221600007 ], [ 72.681895379000082, 22.181586005000042 ], [ 72.66960696700005, 22.18891022300005 ], [ 72.652354363000029, 22.202337958000044 ], [ 72.63445071700005, 22.21039459800005 ], [ 72.614105665000068, 22.211737372000073 ], [ 72.590505405000044, 22.205023505000042 ], [ 72.57545006600003, 22.194525458000044 ], [ 72.557383660000085, 22.176662502000056 ], [ 72.542165561000047, 22.156724351000037 ], [ 72.535899285000085, 22.140529690000051 ], [ 72.533376498000052, 22.118557033000059 ], [ 72.530039910000085, 22.107489325000074 ], [ 72.519541863000029, 22.088446356000077 ], [ 72.519541863000029, 22.077541408000059 ], [ 72.521494988000029, 22.066148179000038 ], [ 72.522227410000085, 22.054266669000071 ], [ 72.517751498000052, 22.032131252000056 ], [ 72.504567905000044, 21.994208075000074 ], [ 72.501719597000033, 21.97601959800005 ], [ 72.50709069100003, 21.962307033000059 ], [ 72.533376498000052, 21.920314846000053 ], [ 72.542735222000033, 21.910834052000041 ], [ 72.558604363000029, 21.915269273000035 ], [ 72.581797722000033, 21.928168036000045 ], [ 72.602712436000047, 21.943589585000041 ], [ 72.611582879000082, 21.955511786000045 ], [ 72.623057488000029, 21.966620184000078 ], [ 72.693532748000052, 21.972316799000055 ], [ 72.695648634000065, 21.975897528000075 ], [ 72.697520379000082, 21.982123114000046 ], [ 72.700938347000033, 21.98891836100006 ], [ 72.707774285000085, 21.994045315000051 ], [ 72.713715040000068, 21.995794989000046 ], [ 72.719899936000047, 21.996323960000041 ], [ 72.726410352000073, 21.995754299000055 ], [ 72.734548373000052, 21.994045315000051 ], [ 72.734548373000052, 21.986558335000041 ], [ 72.714040561000047, 21.982977606000077 ], [ 72.706797722000033, 21.966131903000075 ], [ 72.702321811000047, 21.94757721600007 ], [ 72.690114780000044, 21.938788153000075 ], [ 72.652110222000033, 21.941066799000055 ], [ 72.63404381600003, 21.937486070000091 ], [ 72.61841881600003, 21.925116278000075 ], [ 72.598806186000047, 21.881008205000057 ], [ 72.585459832000083, 21.858872789000088 ], [ 72.566905144000032, 21.849351304000038 ], [ 72.562754754000082, 21.839422919000071 ], [ 72.55632571700005, 21.774318752000056 ], [ 72.55014082100007, 21.751939195000091 ], [ 72.532074415000068, 21.713853257000039 ], [ 72.528493686000047, 21.695135809000078 ], [ 72.534678582000083, 21.672919012000079 ], [ 72.550303582000083, 21.666693427000041 ], [ 72.570485873000052, 21.670477606000077 ], [ 72.616058790000068, 21.685451565000051 ], [ 72.634938998000052, 21.684637762000079 ], [ 72.653005405000044, 21.680568752000056 ], [ 72.676442905000044, 21.678127346000053 ], [ 72.733246290000068, 21.687486070000091 ], [ 72.755625847000033, 21.684963283000059 ], [ 72.79810631600003, 21.673529364000046 ], [ 72.819183790000068, 21.675034898000035 ], [ 72.840342644000032, 21.688381252000056 ], [ 72.858164910000085, 21.694973049000055 ], [ 72.882823113000029, 21.693019924000055 ], [ 72.926931186000047, 21.684963283000059 ], [ 72.950205925000034, 21.689154364000046 ], [ 72.99146569100003, 21.70844147300005 ], [ 73.012461785000085, 21.712836005000042 ], [ 73.022471550000034, 21.716009833000044 ], [ 73.041026238000029, 21.730169989000046 ], [ 73.046641472000033, 21.733343817000048 ], [ 73.083994988000029, 21.74640534100007 ], [ 73.11882571700005, 21.764715887000079 ], [ 73.126149936000047, 21.766831773000035 ], [ 73.132009311000047, 21.757798570000091 ], [ 73.126963738000029, 21.746771552000041 ], [ 73.116953972000033, 21.737250067000048 ], [ 73.108164910000085, 21.733343817000048 ], [ 73.084971550000034, 21.729681708000044 ], [ 73.022471550000034, 21.698553778000075 ], [ 72.965342644000032, 21.678778387000079 ], [ 72.935557488000029, 21.658351955000057 ], [ 72.889659050000034, 21.640529690000051 ], [ 72.871592644000032, 21.636542059000078 ], [ 72.85873457100007, 21.637600002000056 ], [ 72.833994988000029, 21.644476630000042 ], [ 72.823090040000068, 21.643947658000059 ], [ 72.810394727000073, 21.63507721600007 ], [ 72.789073113000029, 21.595526434000078 ], [ 72.773203972000033, 21.580511786000045 ], [ 72.751149936000047, 21.565130927000041 ], [ 72.726817254000082, 21.553168036000045 ], [ 72.703949415000068, 21.548407294000071 ], [ 72.690114780000044, 21.540676174000055 ], [ 72.651052280000044, 21.507025458000044 ], [ 72.635101759000065, 21.499335028000075 ], [ 72.619639519000032, 21.487372137000079 ], [ 72.589854363000029, 21.432766018000052 ], [ 72.58366946700005, 21.41742584800005 ], [ 72.612478061000047, 21.421861070000091 ], [ 72.665049675000034, 21.457220770000049 ], [ 72.68327884200005, 21.465806382000039 ], [ 72.738291863000029, 21.482855536000045 ], [ 72.748545769000032, 21.479641018000052 ], [ 72.752614780000044, 21.463568427000041 ], [ 72.747080925000034, 21.452866929000038 ], [ 72.728282097000033, 21.465806382000039 ], [ 72.676442905000044, 21.431626695000091 ], [ 72.672862175000034, 21.428127346000053 ], [ 72.635101759000065, 21.407456773000035 ], [ 72.573741082000083, 21.39008209800005 ], [ 72.564626498000052, 21.385809637000079 ], [ 72.56763756600003, 21.37641022300005 ], [ 72.578868035000085, 21.367010809000078 ], [ 72.594086134000065, 21.362779039000088 ], [ 72.623383009000065, 21.370266018000052 ], [ 72.638682488000029, 21.371242580000057 ], [ 72.64576256600003, 21.362779039000088 ], [ 72.638519727000073, 21.357163804000038 ], [ 72.60320071700005, 21.352728583000044 ], [ 72.590505405000044, 21.348537502000056 ], [ 72.586761915000068, 21.341213283000059 ], [ 72.588633660000085, 21.331976630000042 ], [ 72.597911004000082, 21.307562567000048 ], [ 72.602061394000032, 21.27765534100007 ], [ 72.606130405000044, 21.266587632000039 ], [ 72.61841881600003, 21.252915757000039 ], [ 72.625173373000052, 21.259344794000071 ], [ 72.64576256600003, 21.273382880000042 ], [ 72.646983269000032, 21.253607489000046 ], [ 72.659353061000047, 21.244696356000077 ], [ 72.67318769600007, 21.239081122000073 ], [ 72.679860873000052, 21.228989976000037 ], [ 72.687673373000052, 21.220445054000038 ], [ 72.723643425000034, 21.209133205000057 ], [ 72.734548373000052, 21.198919989000046 ], [ 72.721039259000065, 21.198797919000071 ], [ 72.711761915000068, 21.194037177000041 ], [ 72.693532748000052, 21.17845286700009 ], [ 72.630381707000083, 21.135972398000035 ], [ 72.615489129000082, 21.119818427000041 ], [ 72.615000847000033, 21.105861721000053 ], [ 72.629649285000085, 21.087958075000074 ], [ 72.637868686000047, 21.08539459800005 ], [ 72.658702019000032, 21.097601630000042 ], [ 72.666351759000065, 21.097398179000038 ], [ 72.67123457100007, 21.099798895000049 ], [ 72.673024936000047, 21.112616278000075 ], [ 72.671885613000029, 21.134426174000055 ], [ 72.672699415000068, 21.145738023000035 ], [ 72.676442905000044, 21.153631903000075 ], [ 72.686696811000047, 21.158148505000042 ], [ 72.706553582000083, 21.157700914000088 ], [ 72.714040561000047, 21.164129950000074 ], [ 72.728688998000052, 21.148098049000055 ], [ 72.720550977000073, 21.129706122000073 ], [ 72.705821160000085, 21.106350002000056 ], [ 72.700368686000047, 21.074774481000077 ], [ 72.73015384200005, 21.087836005000042 ], [ 72.734548373000052, 21.092474677000041 ], [ 72.73560631600003, 21.110744533000059 ], [ 72.73764082100007, 21.117377020000049 ], [ 72.741953972000033, 21.123236395000049 ], [ 72.746348504000082, 21.118353583000044 ], [ 72.752777540000068, 21.113714911000045 ], [ 72.755625847000033, 21.109564520000049 ], [ 72.799571160000085, 21.128810940000051 ], [ 72.809580925000034, 21.130031643000052 ], [ 72.815928582000083, 21.121486721000053 ], [ 72.849864129000082, 21.048000393000052 ], [ 72.84498131600003, 21.038316148000035 ], [ 72.823090040000068, 21.03384023600006 ], [ 72.783946160000085, 21.040432033000059 ], [ 72.76685631600003, 21.038560289000088 ], [ 72.771983269000032, 21.023871161000045 ], [ 72.781993035000085, 21.010158596000053 ], [ 72.787608269000032, 21.006903387000079 ], [ 72.799327019000032, 21.005845445000091 ], [ 72.808360222000033, 21.003973700000074 ], [ 72.81609134200005, 20.999009507000039 ], [ 72.821299675000034, 20.991603908000059 ], [ 72.823090040000068, 20.982611395000049 ], [ 72.832692905000044, 20.972357489000046 ], [ 72.853770379000082, 20.97492096600007 ], [ 72.875987175000034, 20.981350002000056 ], [ 72.888438347000033, 20.982611395000049 ], [ 72.886485222000033, 20.962103583000044 ], [ 72.856455925000034, 20.94798411700009 ], [ 72.836680535000085, 20.929917710000041 ], [ 72.86491946700005, 20.897284247000073 ], [ 72.854258660000085, 20.887152411000045 ], [ 72.845876498000052, 20.851792710000041 ], [ 72.836924675000034, 20.835842190000051 ], [ 72.875336134000065, 20.862494208000044 ], [ 72.881195509000065, 20.865668036000045 ], [ 72.89380944100003, 20.870062567000048 ], [ 72.900401238000029, 20.868109442000048 ], [ 72.888438347000033, 20.851955471000053 ], [ 72.88013756600003, 20.829901434000078 ], [ 72.885752800000034, 20.807114976000037 ], [ 72.900238477000073, 20.79913971600007 ], [ 72.919444207000083, 20.821519273000035 ], [ 72.924978061000047, 20.810614325000074 ], [ 72.922862175000034, 20.802679755000042 ], [ 72.919118686000047, 20.795599677000041 ], [ 72.919444207000083, 20.78742096600007 ], [ 72.926442905000044, 20.780991929000038 ], [ 72.936371290000068, 20.776271877000056 ], [ 72.94499759200005, 20.770005601000037 ], [ 72.946787957000083, 20.759466864000046 ], [ 72.940277540000068, 20.759426174000055 ], [ 72.898936394000032, 20.732163804000038 ], [ 72.907969597000033, 20.718329169000071 ], [ 72.90943444100003, 20.69867584800005 ], [ 72.905772332000083, 20.653306382000039 ], [ 72.902598504000082, 20.641913153000075 ], [ 72.888438347000033, 20.628485419000071 ], [ 72.885264519000032, 20.619208075000074 ], [ 72.886241082000083, 20.608465887000079 ], [ 72.890635613000029, 20.587062893000052 ], [ 72.891449415000068, 20.575140692000048 ], [ 72.890391472000033, 20.552679755000042 ], [ 72.886485222000033, 20.53156159100007 ], [ 72.879161004000082, 20.51243724200009 ], [ 72.840017123000052, 20.458726304000038 ], [ 72.82943769600007, 20.437933661000045 ], [ 72.823090040000068, 20.416815497000073 ], [ 72.820811394000032, 20.386135158000059 ], [ 72.817067905000044, 20.375921942000048 ], [ 72.810313347000033, 20.368841864000046 ], [ 72.79818769600007, 20.359320380000042 ], [ 72.78679446700005, 20.352240302000041 ], [ 72.781586134000065, 20.35228099200009 ], [ 72.777517123000052, 20.330064195000091 ], [ 72.767832879000082, 20.31195709800005 ], [ 72.756602410000085, 20.295965887000079 ], [ 72.748220248000052, 20.280340887000079 ], [ 72.743011915000068, 20.247748114000046 ], [ 72.741953972000033, 20.24555084800005 ], [ 72.741953972000033, 20.225043036000045 ], [ 72.744395379000082, 20.21938711100006 ], [ 72.749034050000034, 20.218329169000071 ], [ 72.75359134200005, 20.21820709800005 ], [ 72.755625847000033, 20.21515534100007 ], [ 72.752289259000065, 20.20376211100006 ], [ 72.73764082100007, 20.184271552000041 ], [ 72.734548373000052, 20.173529364000046 ], [ 72.728282097000033, 20.129461981000077 ], [ 72.71029707100007, 20.082912502000056 ], [ 72.707774285000085, 20.071112372000073 ], [ 72.707774285000085, 20.012762762000079 ], [ 72.703379754000082, 19.997626044000071 ], [ 72.694509311000047, 19.979315497000073 ], [ 72.684336785000085, 19.964016018000052 ], [ 72.676442905000044, 19.957505601000037 ], [ 72.665212436000047, 19.952948309000078 ], [ 72.662771030000044, 19.941799221000053 ], [ 72.666188998000052, 19.916571356000077 ], [ 72.664235873000052, 19.88157786700009 ], [ 72.659190300000034, 19.866441148000035 ], [ 72.649180535000085, 19.851996161000045 ], [ 72.65007571700005, 19.841986395000049 ], [ 72.672862175000034, 19.81281159100007 ], [ 72.679860873000052, 19.800482489000046 ], [ 72.675791863000029, 19.764146226000037 ], [ 72.677907748000052, 19.746568101000037 ], [ 72.690114780000044, 19.748968817000048 ], [ 72.728282097000033, 19.793646552000041 ], [ 72.732758009000065, 19.779730536000045 ], [ 72.73406009200005, 19.771918036000045 ], [ 72.734548373000052, 19.762640692000048 ], [ 72.731293165000068, 19.754584052000041 ], [ 72.724375847000033, 19.75267161700009 ], [ 72.717295769000032, 19.751532294000071 ], [ 72.714040561000047, 19.745835679000038 ], [ 72.718597852000073, 19.727932033000059 ], [ 72.726410352000073, 19.715236721000053 ], [ 72.726410352000073, 19.70579661700009 ], [ 72.707774285000085, 19.697455145000049 ], [ 72.704600457000083, 19.706529039000088 ], [ 72.699961785000085, 19.714178778000075 ], [ 72.694102410000085, 19.720200914000088 ], [ 72.686696811000047, 19.724798895000049 ], [ 72.709646030000044, 19.649969794000071 ], [ 72.71802819100003, 19.606675523000035 ], [ 72.710785352000073, 19.587591864000046 ], [ 72.722504102000073, 19.536281643000052 ], [ 72.74154707100007, 19.516017971000053 ], [ 72.749196811000047, 19.512600002000056 ], [ 72.755625847000033, 19.519354559000078 ], [ 72.754893425000034, 19.527044989000046 ], [ 72.74927819100003, 19.534247137000079 ], [ 72.734548373000052, 19.546616929000038 ], [ 72.739756707000083, 19.552679755000042 ], [ 72.740733269000032, 19.560736395000049 ], [ 72.738291863000029, 19.570257880000042 ], [ 72.734548373000052, 19.58079661700009 ], [ 72.741953972000033, 19.58079661700009 ], [ 72.760020379000082, 19.573065497000073 ], [ 72.770681186000047, 19.566148179000038 ], [ 72.775401238000029, 19.557196356000077 ], [ 72.77702884200005, 19.54555898600006 ], [ 72.781260613000029, 19.53656647300005 ], [ 72.787852410000085, 19.530259507000039 ], [ 72.795909050000034, 19.52680084800005 ], [ 72.815928582000083, 19.528509833000044 ], [ 72.835948113000029, 19.536688544000071 ], [ 72.85670006600003, 19.54132721600007 ], [ 72.879161004000082, 19.532375393000052 ], [ 72.76921634200005, 19.490464585000041 ], [ 72.754405144000032, 19.481756903000075 ], [ 72.746836785000085, 19.467962958000044 ], [ 72.748220248000052, 19.444240627000056 ], [ 72.759776238000029, 19.38898346600007 ], [ 72.763438347000033, 19.380194403000075 ], [ 72.787608269000032, 19.345200914000088 ], [ 72.80209394600007, 19.331935940000051 ], [ 72.818532748000052, 19.330267645000049 ], [ 72.836924675000034, 19.348049221000053 ], [ 72.855316602000073, 19.339504299000055 ], [ 72.883555535000085, 19.316392320000091 ], [ 72.898936394000032, 19.307033596000053 ], [ 72.916758660000085, 19.30337148600006 ], [ 72.970957879000082, 19.307033596000053 ], [ 72.987803582000083, 19.300685940000051 ], [ 73.001800977000073, 19.28656647300005 ], [ 73.012461785000085, 19.272447007000039 ], [ 73.019297722000033, 19.266058661000045 ], [ 73.029144727000073, 19.259344794000071 ], [ 73.028005405000044, 19.244086005000042 ], [ 73.030039910000085, 19.227728583000044 ], [ 73.049652540000068, 19.217718817000048 ], [ 73.02662194100003, 19.205511786000045 ], [ 73.010508660000085, 19.224310614000046 ], [ 72.988291863000029, 19.279120184000078 ], [ 72.972666863000029, 19.29368724200009 ], [ 72.959727410000085, 19.294826565000051 ], [ 72.94654381600003, 19.289862372000073 ], [ 72.930349155000044, 19.28656647300005 ], [ 72.900563998000052, 19.290757554000038 ], [ 72.885508660000085, 19.296047268000052 ], [ 72.867035352000073, 19.316799221000053 ], [ 72.839366082000083, 19.31907786700009 ], [ 72.785411004000082, 19.31391022300005 ], [ 72.775645379000082, 19.299017645000049 ], [ 72.772227410000085, 19.265122789000088 ], [ 72.775401238000029, 19.204657294000071 ], [ 72.789398634000065, 19.217352606000077 ], [ 72.80209394600007, 19.237860419000071 ], [ 72.815114780000044, 19.253648179000038 ], [ 72.830088738000029, 19.252427476000037 ], [ 72.819834832000083, 19.240627346000053 ], [ 72.802500847000033, 19.211615302000041 ], [ 72.783376498000052, 19.168646552000041 ], [ 72.781586134000065, 19.159654039000088 ], [ 72.784922722000033, 19.150376695000091 ], [ 72.792165561000047, 19.150458075000074 ], [ 72.799571160000085, 19.15688711100006 ], [ 72.805186394000032, 19.171820380000042 ], [ 72.811208530000044, 19.175523179000038 ], [ 72.81804446700005, 19.175360419000071 ], [ 72.823090040000068, 19.169256903000075 ], [ 72.822438998000052, 19.163763739000046 ], [ 72.81218509200005, 19.153713283000059 ], [ 72.809580925000034, 19.146307684000078 ], [ 72.81177819100003, 19.13735586100006 ], [ 72.821055535000085, 19.119208075000074 ], [ 72.823090040000068, 19.108465887000079 ], [ 72.82195071700005, 19.09711334800005 ], [ 72.809580925000034, 19.066839911000045 ], [ 72.821299675000034, 19.063177802000041 ], [ 72.824229363000029, 19.053534247000073 ], [ 72.821787957000083, 19.041978257000039 ], [ 72.817067905000044, 19.032700914000088 ], [ 72.812998894000032, 19.035549221000053 ], [ 72.802744988000029, 19.040187893000052 ], [ 72.804942254000082, 19.011053778000075 ], [ 72.80241946700005, 18.999660549000055 ], [ 72.795909050000034, 18.984930731000077 ], [ 72.776052280000044, 18.95970286700009 ], [ 72.770355665000068, 18.948187567000048 ], [ 72.775401238000029, 18.936509507000039 ], [ 72.788259311000047, 18.946519273000035 ], [ 72.79232832100007, 18.951239325000074 ], [ 72.795909050000034, 18.957586981000077 ], [ 72.802744988000029, 18.957586981000077 ], [ 72.807383660000085, 18.94281647300005 ], [ 72.805349155000044, 18.930975653000075 ], [ 72.80201256600003, 18.920477606000077 ], [ 72.802744988000029, 18.909816799000055 ], [ 72.812510613000029, 18.897447007000039 ], [ 72.821299675000034, 18.903306382000039 ], [ 72.827647332000083, 18.918361721000053 ], [ 72.836273634000065, 18.959133205000057 ], [ 72.851084832000083, 18.987127997000073 ], [ 72.869313998000052, 19.011419989000046 ], [ 72.885264519000032, 19.025864976000037 ], [ 72.891449415000068, 19.001369533000059 ], [ 72.891449415000068, 18.991766669000071 ], [ 72.934255405000044, 19.034084377000056 ], [ 72.943369988000029, 19.055121161000045 ], [ 72.926931186000047, 19.066839911000045 ], [ 72.933929884000065, 19.080308335000041 ], [ 72.935557488000029, 19.115057684000078 ], [ 72.950043165000068, 19.127915757000039 ], [ 72.967295769000032, 19.163072007000039 ], [ 72.974782748000052, 19.163072007000039 ], [ 72.967295769000032, 19.091009833000044 ], [ 72.973806186000047, 19.078558661000045 ], [ 72.98568769600007, 19.074286200000074 ], [ 72.99187259200005, 19.067206122000073 ], [ 72.980967644000032, 19.046372789000088 ], [ 72.987803582000083, 19.036932684000078 ], [ 72.983571811000047, 19.010443427000041 ], [ 72.988291863000029, 18.998602606000077 ], [ 73.011892123000052, 19.009426174000055 ], [ 73.039805535000085, 19.017523505000042 ], [ 73.056813998000052, 19.015326239000046 ], [ 73.046641472000033, 18.995184637000079 ], [ 73.042165561000047, 18.995754299000055 ], [ 72.992035352000073, 18.982489325000074 ], [ 72.968272332000083, 18.972601630000042 ], [ 72.953623894000032, 18.971258856000077 ], [ 72.953623894000032, 18.964422919000071 ], [ 72.988291863000029, 18.964422919000071 ], [ 72.977224155000044, 18.948431708000044 ], [ 72.963389519000032, 18.94798411700009 ], [ 72.949229363000029, 18.95148346600007 ], [ 72.93677819100003, 18.947414455000057 ], [ 72.934580925000034, 18.920803127000056 ], [ 72.928070509000065, 18.911363023000035 ], [ 72.912608269000032, 18.923488674000055 ], [ 72.896820509000065, 18.894476630000042 ], [ 72.916270379000082, 18.870510158000059 ], [ 72.946136915000068, 18.858303127000056 ], [ 72.961680535000085, 18.865139065000051 ], [ 72.963145379000082, 18.868963934000078 ], [ 72.966970248000052, 18.872137762000079 ], [ 72.972178582000083, 18.874253648000035 ], [ 72.97779381600003, 18.874986070000091 ], [ 72.98170006600003, 18.871486721000053 ], [ 72.97974694100003, 18.863348700000074 ], [ 72.976084832000083, 18.854396877000056 ], [ 72.974782748000052, 18.848334052000041 ], [ 72.981293165000068, 18.832709052000041 ], [ 72.98796634200005, 18.82493724200009 ], [ 73.016286655000044, 18.813625393000052 ], [ 73.002452019000032, 18.801459052000041 ], [ 72.991709832000083, 18.779364325000074 ], [ 72.988047722000033, 18.753851630000042 ], [ 72.995127800000034, 18.731024481000077 ], [ 72.980642123000052, 18.736761786000045 ], [ 72.969574415000068, 18.746975002000056 ], [ 72.966319207000083, 18.761419989000046 ], [ 72.974782748000052, 18.779486395000049 ], [ 72.938975457000083, 18.816961981000077 ], [ 72.926931186000047, 18.826646226000037 ], [ 72.912608269000032, 18.799994208000044 ], [ 72.90202884200005, 18.799505927000041 ], [ 72.887054884000065, 18.807033596000053 ], [ 72.879161004000082, 18.80735911700009 ], [ 72.865570509000065, 18.799383856000077 ], [ 72.856944207000083, 18.786200262000079 ], [ 72.852386915000068, 18.769924221000053 ], [ 72.851735873000052, 18.719671942000048 ], [ 72.855316602000073, 18.681138414000088 ], [ 72.86451256600003, 18.648911851000037 ], [ 72.88217207100007, 18.63548411700009 ], [ 72.905772332000083, 18.577134507000039 ], [ 72.910166863000029, 18.558986721000053 ], [ 72.92115319100003, 18.554877020000049 ], [ 72.950205925000034, 18.560370184000078 ], [ 72.96029707100007, 18.554673570000091 ], [ 72.97038821700005, 18.541001695000091 ], [ 72.97787519600007, 18.524115302000041 ], [ 72.980967644000032, 18.508856512000079 ], [ 72.988780144000032, 18.489935614000046 ], [ 73.004405144000032, 18.480047919000071 ], [ 73.01498457100007, 18.469956773000092 ], [ 73.008799675000034, 18.450506903000075 ], [ 72.990244988000029, 18.469956773000092 ], [ 72.961110873000052, 18.517726955000057 ], [ 72.946787957000083, 18.532416083000044 ], [ 72.924652540000068, 18.535630601000037 ], [ 72.907237175000034, 18.523586330000057 ], [ 72.89576256600003, 18.502997137000079 ], [ 72.891449415000068, 18.480902411000045 ], [ 72.889659050000034, 18.441310940000051 ], [ 72.891449415000068, 18.429388739000046 ], [ 72.897227410000085, 18.417303778000075 ], [ 72.904307488000029, 18.40851471600007 ], [ 72.910166863000029, 18.399237372000073 ], [ 72.912608269000032, 18.385646877000056 ], [ 72.911631707000083, 18.377346096000053 ], [ 72.910166863000029, 18.37250397300005 ], [ 72.90984134200005, 18.368068752000056 ], [ 72.912608269000032, 18.361151434000078 ], [ 72.91732832100007, 18.356390692000048 ], [ 72.922536655000044, 18.356634833000044 ], [ 72.927907748000052, 18.357570705000057 ], [ 72.933604363000029, 18.35492584800005 ], [ 72.95085696700005, 18.332953192000048 ], [ 72.958750847000033, 18.328111070000091 ], [ 72.974782748000052, 18.32758209800005 ], [ 72.96802819100003, 18.310614325000074 ], [ 72.977386915000068, 18.295070705000057 ], [ 72.994883660000085, 18.283596096000053 ], [ 73.012461785000085, 18.279201565000051 ], [ 73.042979363000029, 18.282375393000052 ], [ 73.056976759000065, 18.280951239000046 ], [ 73.07154381600003, 18.273016669000071 ], [ 73.065277540000068, 18.257554429000038 ], [ 73.073985222000033, 18.224188544000071 ], [ 73.07154381600003, 18.204087632000039 ], [ 73.057465040000068, 18.185614325000074 ], [ 73.047618035000085, 18.188788153000075 ], [ 73.047618035000085, 18.201157945000091 ], [ 73.063487175000034, 18.210353908000059 ], [ 73.050954623000052, 18.227484442000048 ], [ 73.032399936000047, 18.237860419000071 ], [ 73.012461785000085, 18.243150132000039 ], [ 72.995127800000034, 18.245062567000048 ], [ 72.982269727000073, 18.244208075000074 ], [ 72.976735873000052, 18.242580471000053 ], [ 72.972666863000029, 18.244696356000077 ], [ 72.96452884200005, 18.254950262000079 ], [ 72.959239129000082, 18.265855210000041 ], [ 72.957530144000032, 18.274603583000044 ], [ 72.953135613000029, 18.281317450000074 ], [ 72.939952019000032, 18.286037502000056 ], [ 72.935069207000083, 18.276312567000048 ], [ 72.93327884200005, 18.266587632000039 ], [ 72.93482506600003, 18.257879950000074 ], [ 72.939952019000032, 18.251288153000075 ], [ 72.93523196700005, 18.24477773600006 ], [ 72.926931186000047, 18.223944403000075 ], [ 72.954844597000033, 18.21751536700009 ], [ 72.967295769000032, 18.195990302000041 ], [ 72.976084832000083, 18.118638414000088 ], [ 72.978363477000073, 18.111883856000077 ], [ 72.984629754000082, 18.104193427000041 ], [ 72.988129102000073, 18.09601471600007 ], [ 72.986664259000065, 18.087713934000078 ], [ 72.983164910000085, 18.081732489000046 ], [ 72.980967644000032, 18.080552476000037 ], [ 72.987315300000034, 18.066555080000057 ], [ 73.001149936000047, 18.052069403000075 ], [ 73.008799675000034, 18.039007880000042 ], [ 73.015147332000083, 18.04913971600007 ], [ 73.02271569100003, 18.057684637000079 ], [ 73.031993035000085, 18.06391022300005 ], [ 73.043467644000032, 18.066961981000077 ], [ 73.04224694100003, 18.048976955000057 ], [ 73.03248131600003, 18.041083075000074 ], [ 73.019541863000029, 18.03587474200009 ], [ 73.008799675000034, 18.025946356000077 ], [ 73.00521894600007, 18.01235586100006 ], [ 73.008636915000068, 18.000230210000041 ], [ 73.01889082100007, 17.99249909100007 ], [ 73.035411004000082, 17.991848049000055 ], [ 73.017100457000083, 17.97211334800005 ], [ 73.018565300000034, 17.951727606000077 ], [ 73.065196160000085, 17.87836334800005 ], [ 73.073741082000083, 17.857123114000046 ], [ 73.07943769600007, 17.824611721000053 ], [ 73.085459832000083, 17.813666083000044 ], [ 73.101328972000033, 17.79633209800005 ], [ 73.106618686000047, 17.785549221000053 ], [ 73.109873894000032, 17.758286851000037 ], [ 73.115000847000033, 17.748195705000057 ], [ 73.123301629000082, 17.73578522300005 ], [ 73.123220248000052, 17.723334052000041 ], [ 73.117360873000052, 17.71124909100007 ], [ 73.108164910000085, 17.699774481000077 ], [ 73.105479363000029, 17.68891022300005 ], [ 73.110524936000047, 17.675726630000042 ], [ 73.118907097000033, 17.663478908000059 ], [ 73.126149936000047, 17.655422268000052 ], [ 73.120290561000047, 17.64203522300005 ], [ 73.121348504000082, 17.62641022300005 ], [ 73.12818444100003, 17.611558335000041 ], [ 73.139170769000032, 17.600775458000044 ], [ 73.154063347000033, 17.595607815000051 ], [ 73.185883009000065, 17.59251536700009 ], [ 73.200694207000083, 17.586493231000077 ], [ 73.16342207100007, 17.569484768000052 ], [ 73.149424675000034, 17.567287502000056 ], [ 73.13640384200005, 17.567206122000073 ], [ 73.127940300000034, 17.564683335000041 ], [ 73.125987175000034, 17.556545315000051 ], [ 73.131683790000068, 17.53937409100007 ], [ 73.165537957000083, 17.503404039000088 ], [ 73.180674675000034, 17.477687893000052 ], [ 73.173350457000083, 17.457424221000053 ], [ 73.185394727000073, 17.441880601000037 ], [ 73.17709394600007, 17.426662502000056 ], [ 73.16529381600003, 17.413031317000048 ], [ 73.166514519000032, 17.402167059000078 ], [ 73.170583530000044, 17.389715887000079 ], [ 73.195974155000044, 17.369370835000041 ], [ 73.207367384000065, 17.353745835000041 ], [ 73.234711134000065, 17.302313544000071 ], [ 73.249034050000034, 17.284857489000046 ], [ 73.231211785000085, 17.279282945000091 ], [ 73.217133009000065, 17.286851304000038 ], [ 73.203461134000065, 17.298732815000051 ], [ 73.187022332000083, 17.305975653000075 ], [ 73.193125847000033, 17.294012762000079 ], [ 73.211192254000082, 17.275091864000046 ], [ 73.214854363000029, 17.268744208000044 ], [ 73.21802819100003, 17.253241278000075 ], [ 73.23601321700005, 17.220607815000051 ], [ 73.236175977000073, 17.199204820000091 ], [ 73.25513756600003, 17.165187893000052 ], [ 73.260590040000068, 17.150539455000057 ], [ 73.261973504000082, 17.134955145000049 ], [ 73.25513756600003, 17.120998440000051 ], [ 73.267425977000073, 17.101385809000078 ], [ 73.275726759000065, 17.078599351000037 ], [ 73.277354363000029, 17.054673570000091 ], [ 73.269379102000073, 17.031642971000053 ], [ 73.258962436000047, 17.044094143000052 ], [ 73.251475457000083, 17.04242584800005 ], [ 73.25123131600003, 17.032171942000048 ], [ 73.262705925000034, 17.018540757000039 ], [ 73.254567905000044, 17.006740627000056 ], [ 73.262380405000044, 16.996975002000056 ], [ 73.289398634000065, 16.98383209800005 ], [ 73.274912957000083, 16.958644924000055 ], [ 73.270518425000034, 16.945013739000046 ], [ 73.269379102000073, 16.929185289000088 ], [ 73.279063347000033, 16.891913153000075 ], [ 73.279551629000082, 16.887640692000048 ], [ 73.269379102000073, 16.87563711100006 ], [ 73.27466881600003, 16.848822333000044 ], [ 73.286631707000083, 16.820868231000077 ], [ 73.296885613000029, 16.805650132000039 ], [ 73.303721550000034, 16.81313711100006 ], [ 73.304453972000033, 16.793524481000077 ], [ 73.295258009000065, 16.768052476000037 ], [ 73.289561394000032, 16.740220445000091 ], [ 73.300303582000083, 16.71320221600007 ], [ 73.316579623000052, 16.699896552000041 ], [ 73.32162519600007, 16.692450262000079 ], [ 73.32349694100003, 16.679103908000059 ], [ 73.321462436000047, 16.670843817000048 ], [ 73.312510613000029, 16.658392645000049 ], [ 73.310557488000029, 16.651434637000079 ], [ 73.31218509200005, 16.644720770000049 ], [ 73.32349694100003, 16.620672919000071 ], [ 73.338877800000034, 16.631659247000073 ], [ 73.354258660000085, 16.634670315000051 ], [ 73.36646569100003, 16.628078518000052 ], [ 73.371267123000052, 16.610174872000073 ], [ 73.368662957000083, 16.599025783000059 ], [ 73.363047722000033, 16.596828518000052 ], [ 73.358409050000034, 16.603949286000045 ], [ 73.358246290000068, 16.620672919000071 ], [ 73.326996290000068, 16.607123114000046 ], [ 73.32349694100003, 16.606431382000039 ], [ 73.31609134200005, 16.600043036000045 ], [ 73.314626498000052, 16.599432684000078 ], [ 73.31609134200005, 16.59829336100006 ], [ 73.317230665000068, 16.590277411000045 ], [ 73.322764519000032, 16.576157945000091 ], [ 73.336436394000032, 16.565619208000044 ], [ 73.354014519000032, 16.559637762000079 ], [ 73.371267123000052, 16.559271552000041 ], [ 73.365000847000033, 16.554388739000046 ], [ 73.354340040000068, 16.543158270000049 ], [ 73.35084069100003, 16.538153387000079 ], [ 73.356211785000085, 16.530747789000088 ], [ 73.362315300000034, 16.525458075000074 ], [ 73.369476759000065, 16.521470445000091 ], [ 73.378672722000033, 16.51829661700009 ], [ 73.355723504000082, 16.519435940000051 ], [ 73.344004754000082, 16.523586330000057 ], [ 73.32349694100003, 16.544989325000074 ], [ 73.32195071700005, 16.548488674000055 ], [ 73.314952019000032, 16.557603257000039 ], [ 73.307302280000044, 16.563177802000041 ], [ 73.303721550000034, 16.555568752000056 ], [ 73.302989129000082, 16.533026434000078 ], [ 73.305837436000047, 16.522650458000044 ], [ 73.31381269600007, 16.51829661700009 ], [ 73.319183790000068, 16.509751695000091 ], [ 73.333994988000029, 16.468166408000059 ], [ 73.341319207000083, 16.432074286000045 ], [ 73.352061394000032, 16.418117580000057 ], [ 73.367442254000082, 16.408636786000045 ], [ 73.384938998000052, 16.401597398000092 ], [ 73.373057488000029, 16.395656643000052 ], [ 73.364431186000047, 16.38930898600006 ], [ 73.359385613000029, 16.380601304000038 ], [ 73.358246290000068, 16.36749909100007 ], [ 73.375661655000044, 16.360256252000056 ], [ 73.378672722000033, 16.356919664000088 ], [ 73.377777540000068, 16.337958075000074 ], [ 73.378672722000033, 16.332709052000041 ], [ 73.406097852000073, 16.250799872000073 ], [ 73.410411004000082, 16.230454820000091 ], [ 73.413584832000083, 16.223944403000075 ], [ 73.419688347000033, 16.216701565000051 ], [ 73.425954623000052, 16.21515534100007 ], [ 73.430837436000047, 16.218736070000091 ], [ 73.43523196700005, 16.217840887000079 ], [ 73.440196160000085, 16.202337958000044 ], [ 73.440196160000085, 16.162014065000051 ], [ 73.447032097000033, 16.11359284100007 ], [ 73.448008660000085, 16.14329661700009 ], [ 73.45281009200005, 16.166571356000077 ], [ 73.465017123000052, 16.18227773600006 ], [ 73.48796634200005, 16.189357815000051 ], [ 73.479258660000085, 16.177232164000088 ], [ 73.470225457000083, 16.168890692000048 ], [ 73.463389519000032, 16.159572658000059 ], [ 73.460703972000033, 16.144680080000057 ], [ 73.460703972000033, 16.086330471000053 ], [ 73.457530144000032, 16.07953522300005 ], [ 73.452972852000073, 16.074164130000042 ], [ 73.447032097000033, 16.068915106000077 ], [ 73.450368686000047, 16.05890534100007 ], [ 73.457530144000032, 16.054185289000088 ], [ 73.464854363000029, 16.051662502000056 ], [ 73.46810957100007, 16.048488674000055 ], [ 73.472504102000073, 16.036363023000092 ], [ 73.483897332000083, 16.028225002000056 ], [ 73.49927819100003, 16.024318752000056 ], [ 73.515961134000065, 16.02484772300005 ], [ 73.515961134000065, 16.017401434000078 ], [ 73.487315300000034, 16.014227606000077 ], [ 73.490977410000085, 15.993475653000075 ], [ 73.510101759000065, 15.967596747000073 ], [ 73.52898196700005, 15.949164130000042 ], [ 73.58757571700005, 15.902899481000077 ], [ 73.604665561000047, 15.880845445000091 ], [ 73.638845248000052, 15.817206122000073 ], [ 73.646250847000033, 15.792141018000052 ], [ 73.643565300000034, 15.749090887000079 ], [ 73.646250847000033, 15.736883856000077 ], [ 73.656016472000033, 15.730292059000078 ], [ 73.672373894000032, 15.726507880000042 ], [ 73.689870639000048, 15.72447337400007 ], [ 73.70085696700005, 15.723211981000077 ], [ 73.68677819100003, 15.713120835000041 ], [ 73.685883009000065, 15.704291083000044 ], [ 73.69076582100007, 15.693793036000045 ], [ 73.697927280000044, 15.66282786700009 ], [ 73.707041863000029, 15.643703518000052 ], [ 73.718272332000083, 15.627142645000049 ], [ 73.728282097000033, 15.619574286000045 ], [ 73.733246290000068, 15.625067450000074 ], [ 73.768239780000044, 15.646918036000045 ], [ 73.77662194100003, 15.650864976000037 ], [ 73.783864780000044, 15.659125067000048 ], [ 73.801036004000082, 15.661851304000038 ], [ 73.838145379000082, 15.661118882000039 ], [ 73.838145379000082, 15.654282945000091 ], [ 73.787364129000082, 15.641791083000044 ], [ 73.760427280000044, 15.632025458000044 ], [ 73.748708530000044, 15.616766669000071 ], [ 73.746592644000032, 15.608384507000039 ], [ 73.741709832000083, 15.604193427000041 ], [ 73.737071160000085, 15.598537502000056 ], [ 73.735118035000085, 15.586004950000074 ], [ 73.736827019000032, 15.57172272300005 ], [ 73.741221550000034, 15.559963283000059 ], [ 73.756114129000082, 15.537583726000037 ], [ 73.75123131600003, 15.51312897300005 ], [ 73.766286655000044, 15.497259833000044 ], [ 73.78638756600003, 15.492173570000091 ], [ 73.796397332000083, 15.500392971000053 ], [ 73.865977410000085, 15.537583726000037 ], [ 73.865977410000085, 15.531398830000057 ], [ 73.860524936000047, 15.525864976000037 ], [ 73.859548373000052, 15.521144924000055 ], [ 73.863129102000073, 15.51634349200009 ], [ 73.872243686000047, 15.510931708000044 ], [ 73.828135613000029, 15.50141022300005 ], [ 73.817556186000047, 15.496649481000077 ], [ 73.808848504000082, 15.488023179000038 ], [ 73.80046634200005, 15.475002346000053 ], [ 73.795176629000082, 15.460760809000078 ], [ 73.796397332000083, 15.448879299000055 ], [ 73.806162957000083, 15.452215887000079 ], [ 73.841563347000033, 15.448879299000055 ], [ 73.846853061000047, 15.447088934000078 ], [ 73.854177280000044, 15.438299872000073 ], [ 73.858571811000047, 15.435207424000055 ], [ 73.865082227000073, 15.43431224200009 ], [ 73.879161004000082, 15.435777085000041 ], [ 73.885915561000047, 15.435207424000055 ], [ 73.927582227000073, 15.417385158000059 ], [ 73.937022332000083, 15.411322333000044 ], [ 73.959971550000034, 15.380682684000078 ], [ 73.967784050000034, 15.37376536700009 ], [ 73.96420332100007, 15.370184637000079 ], [ 73.961680535000085, 15.368231512000079 ], [ 73.958506707000083, 15.367173570000091 ], [ 73.954112175000034, 15.366278387000079 ], [ 73.945323113000029, 15.385687567000048 ], [ 73.933360222000033, 15.395412502000056 ], [ 73.899587436000047, 15.407904364000046 ], [ 73.884938998000052, 15.398016669000071 ], [ 73.871918165000068, 15.401841539000088 ], [ 73.860118035000085, 15.407863674000055 ], [ 73.848399285000085, 15.404486395000049 ], [ 73.839366082000083, 15.404038804000038 ], [ 73.78288821700005, 15.407904364000046 ], [ 73.810394727000073, 15.37759023600006 ], [ 73.82740319100003, 15.365179755000042 ], [ 73.848399285000085, 15.36009349200009 ], [ 73.869476759000065, 15.359564520000049 ], [ 73.882578972000033, 15.355292059000078 ], [ 73.891286655000044, 15.34320709800005 ], [ 73.947276238000029, 15.160834052000041 ], [ 73.954112175000034, 15.16828034100007 ], [ 73.96216881600003, 15.152044989000046 ], [ 73.95826256600003, 15.143133856000077 ], [ 73.937022332000083, 15.130438544000071 ], [ 73.92896569100003, 15.120591539000088 ], [ 73.922536655000044, 15.107855536000045 ], [ 73.913096550000034, 15.078924872000073 ], [ 73.964366082000083, 15.064642645000049 ], [ 73.972992384000065, 15.056870835000041 ], [ 73.99577884200005, 15.010687567000048 ], [ 74.006846550000034, 15.004868882000039 ], [ 74.020192905000044, 15.001776434000078 ], [ 74.031260613000029, 14.995306708000044 ], [ 74.035980665000068, 14.979641018000052 ], [ 74.031016472000033, 14.949774481000077 ], [ 74.030284050000034, 14.935207424000055 ], [ 74.035980665000068, 14.921291408000059 ], [ 74.077159050000034, 14.898382880000042 ], [ 74.081065300000034, 14.89398834800005 ], [ 74.09115644600007, 14.887600002000056 ], [ 74.103037957000083, 14.856919664000088 ], [ 74.111827019000032, 14.846177476000037 ], [ 74.125010613000029, 14.845851955000057 ], [ 74.140879754000082, 14.852687893000052 ], [ 74.154063347000033, 14.862127997000073 ], [ 74.15951582100007, 14.86977773600006 ], [ 74.166188998000052, 14.876532294000071 ], [ 74.197520379000082, 14.890855210000041 ], [ 74.208018425000034, 14.900824286000045 ], [ 74.211192254000082, 14.88735586100006 ], [ 74.220876498000052, 14.882066148000092 ], [ 74.230723504000082, 14.880113023000092 ], [ 74.235199415000068, 14.876532294000071 ], [ 74.233083530000044, 14.864569403000075 ], [ 74.226898634000065, 14.86273834800005 ], [ 74.21810957100007, 14.865383205000057 ], [ 74.208018425000034, 14.86664459800005 ], [ 74.19068444100003, 14.863104559000078 ], [ 74.17896569100003, 14.856268622000073 ], [ 74.169688347000033, 14.84446849200009 ], [ 74.15951582100007, 14.825669664000088 ], [ 74.151540561000047, 14.835109768000052 ], [ 74.140472852000073, 14.838771877000056 ], [ 74.128754102000073, 14.837469794000071 ], [ 74.118662957000083, 14.831854559000078 ], [ 74.114268425000034, 14.82094961100006 ], [ 74.114024285000085, 14.808417059000078 ], [ 74.109141472000033, 14.802639065000051 ], [ 74.091319207000083, 14.811428127000056 ], [ 74.096446160000085, 14.793361721000053 ], [ 74.111338738000029, 14.780340887000079 ], [ 74.14584394600007, 14.763617255000042 ], [ 74.146494988000029, 14.761867580000057 ], [ 74.153330925000034, 14.749945380000042 ], [ 74.157725457000083, 14.748968817000048 ], [ 74.169444207000083, 14.750881252000056 ], [ 74.173838738000029, 14.749945380000042 ], [ 74.180674675000034, 14.742173570000091 ], [ 74.194346550000034, 14.715806382000039 ], [ 74.208750847000033, 14.731838283000059 ], [ 74.220469597000033, 14.738104559000078 ], [ 74.23406009200005, 14.734076239000046 ], [ 74.252940300000034, 14.718939520000049 ], [ 74.263194207000083, 14.701605536000045 ], [ 74.26921634200005, 14.65892161700009 ], [ 74.276215040000068, 14.64008209800005 ], [ 74.26685631600003, 14.631293036000045 ], [ 74.268077019000032, 14.619940497000073 ], [ 74.275889519000032, 14.610174872000073 ], [ 74.287119988000029, 14.605943101000037 ], [ 74.301117384000065, 14.609320380000042 ], [ 74.312266472000033, 14.615464585000041 ], [ 74.32390384200005, 14.61859772300005 ], [ 74.339040561000047, 14.612779039000088 ], [ 74.339040561000047, 14.605943101000037 ], [ 74.307383660000085, 14.60187409100007 ], [ 74.295176629000082, 14.587307033000059 ], [ 74.295909050000034, 14.565008856000077 ], [ 74.303558790000068, 14.537665106000077 ], [ 74.300547722000033, 14.527411200000074 ], [ 74.30982506600003, 14.519435940000051 ], [ 74.324880405000044, 14.517238674000055 ], [ 74.339040561000047, 14.523993231000077 ], [ 74.342946811000047, 14.536851304000038 ], [ 74.340993686000047, 14.551174221000053 ], [ 74.342946811000047, 14.563666083000044 ], [ 74.35873457100007, 14.571234442000048 ], [ 74.355804884000065, 14.562404690000051 ], [ 74.355479363000029, 14.557074286000045 ], [ 74.35873457100007, 14.544582424000055 ], [ 74.364105665000068, 14.54913971600007 ], [ 74.368337436000047, 14.549709377000056 ], [ 74.379242384000065, 14.544582424000055 ], [ 74.377126498000052, 14.541001695000091 ], [ 74.37468509200005, 14.533758856000077 ], [ 74.37240644600007, 14.530218817000048 ], [ 74.385427280000044, 14.524115302000041 ], [ 74.427744988000029, 14.476263739000046 ], [ 74.401133660000085, 14.479722398000092 ], [ 74.397634311000047, 14.475409247000073 ], [ 74.407237175000034, 14.461981512000079 ], [ 74.388845248000052, 14.462713934000078 ], [ 74.377452019000032, 14.484605210000041 ], [ 74.367035352000073, 14.51235586100006 ], [ 74.351898634000065, 14.530218817000048 ], [ 74.353851759000065, 14.505072333000044 ], [ 74.37427819100003, 14.467271226000037 ], [ 74.381602410000085, 14.431219794000071 ], [ 74.386729363000029, 14.424221096000053 ], [ 74.39185631600003, 14.419012762000079 ], [ 74.39421634200005, 14.41079336100006 ], [ 74.394379102000073, 14.384914455000057 ], [ 74.396983269000032, 14.372748114000046 ], [ 74.40357506600003, 14.362982489000046 ], [ 74.412608269000032, 14.344794012000079 ], [ 74.41537519600007, 14.30109284100007 ], [ 74.427744988000029, 14.28384023600006 ], [ 74.436371290000068, 14.279689846000053 ], [ 74.500010613000029, 14.257961330000057 ], [ 74.508962436000047, 14.25031159100007 ], [ 74.494965040000068, 14.247463283000059 ], [ 74.471039259000065, 14.24868398600006 ], [ 74.447032097000033, 14.253973700000074 ], [ 74.433360222000033, 14.263373114000046 ], [ 74.42904707100007, 14.240423895000049 ], [ 74.43873131600003, 14.220119533000059 ], [ 74.467458530000044, 14.181382554000038 ], [ 74.473155144000032, 14.161688544000071 ], [ 74.474864129000082, 14.105698960000041 ], [ 74.479177280000044, 14.095648505000042 ], [ 74.491384311000047, 14.080633856000077 ], [ 74.49537194100003, 14.071519273000092 ], [ 74.496267123000052, 14.061509507000039 ], [ 74.494802280000044, 14.040716864000046 ], [ 74.49537194100003, 14.030585028000075 ], [ 74.504730665000068, 14.010239976000037 ], [ 74.53638756600003, 13.969875393000052 ], [ 74.550791863000029, 13.945502020000049 ], [ 74.583994988000029, 13.903876044000071 ], [ 74.595957879000082, 13.871486721000053 ], [ 74.61459394600007, 13.835516669000071 ], [ 74.623057488000029, 13.77415599200009 ], [ 74.646983269000032, 13.692084052000041 ], [ 74.660492384000065, 13.660060940000051 ], [ 74.676036004000082, 13.701076565000051 ], [ 74.687754754000082, 13.711818752000056 ], [ 74.701426629000082, 13.69476959800005 ], [ 74.688975457000083, 13.69086334800005 ], [ 74.688324415000068, 13.685939846000053 ], [ 74.701426629000082, 13.673732815000051 ], [ 74.712901238000029, 13.656195380000042 ], [ 74.720550977000073, 13.652289130000042 ], [ 74.73560631600003, 13.653794664000088 ], [ 74.723806186000047, 13.645575262000079 ], [ 74.709971550000034, 13.640570380000042 ], [ 74.696787957000083, 13.640448309000078 ], [ 74.68718509200005, 13.646958726000037 ], [ 74.68091881600003, 13.646958726000037 ], [ 74.679698113000029, 13.636460679000038 ], [ 74.67709394600007, 13.63031647300005 ], [ 74.672862175000034, 13.628892320000091 ], [ 74.666677280000044, 13.632757880000042 ], [ 74.667165561000047, 13.628607489000046 ], [ 74.667979363000029, 13.625148830000057 ], [ 74.669932488000029, 13.622015692000048 ], [ 74.67351321700005, 13.619086005000042 ], [ 74.671397332000083, 13.603949286000045 ], [ 74.677989129000082, 13.54913971600007 ], [ 74.67709394600007, 13.526760158000059 ], [ 74.701426629000082, 13.461371161000045 ], [ 74.70240319100003, 13.442613023000092 ], [ 74.701914910000085, 13.420355536000045 ], [ 74.70826256600003, 13.413031317000048 ], [ 74.693695509000065, 13.415269273000092 ], [ 74.69076582100007, 13.439113674000055 ], [ 74.68091881600003, 13.468247789000088 ], [ 74.683360222000033, 13.44281647300005 ], [ 74.687510613000029, 13.410345770000049 ], [ 74.69459069100003, 13.393133856000077 ], [ 74.689463738000029, 13.38157786700009 ], [ 74.696136915000068, 13.36595286700009 ], [ 74.707204623000052, 13.34837474200009 ], [ 74.715098504000082, 13.331040757000039 ], [ 74.733409050000034, 13.262762762000079 ], [ 74.737803582000083, 13.221380927000041 ], [ 74.748789910000085, 13.170843817000048 ], [ 74.752940300000034, 13.160386460000041 ], [ 74.759776238000029, 13.155218817000048 ], [ 74.761892123000052, 13.143133856000077 ], [ 74.76295006600003, 13.118801174000055 ], [ 74.76921634200005, 13.099554755000042 ], [ 74.774099155000044, 13.093410549000055 ], [ 74.783376498000052, 13.084662177000041 ], [ 74.770274285000085, 13.052435614000046 ], [ 74.817556186000047, 12.861761786000045 ], [ 74.850596550000034, 12.857163804000038 ], [ 74.894786004000082, 12.871161200000074 ], [ 74.940928582000083, 12.878607489000046 ], [ 74.93287194100003, 12.866441148000092 ], [ 74.917491082000083, 12.85814036700009 ], [ 74.901133660000085, 12.853420315000051 ], [ 74.889821811000047, 12.85187409100007 ], [ 74.881114129000082, 12.848049221000053 ], [ 74.866953972000033, 12.830023505000042 ], [ 74.859141472000033, 12.824611721000053 ], [ 74.851410352000073, 12.825506903000075 ], [ 74.824961785000085, 12.83820221600007 ], [ 74.827647332000083, 12.824652411000045 ], [ 74.834971550000034, 12.815822658000059 ], [ 74.844004754000082, 12.808010158000059 ], [ 74.852305535000085, 12.797308661000045 ], [ 74.85474694100003, 12.787014065000051 ], [ 74.854258660000085, 12.765285549000055 ], [ 74.855723504000082, 12.759426174000055 ], [ 74.870127800000034, 12.742865302000041 ], [ 74.879649285000085, 12.725490627000056 ], [ 74.955251498000052, 12.537258205000057 ], [ 74.976735873000052, 12.507025458000044 ], [ 74.985362175000034, 12.491359768000052 ], [ 74.988780144000032, 12.471380927000041 ], [ 74.992035352000073, 12.461737372000073 ], [ 74.99935957100007, 12.454901434000078 ], [ 75.006602410000085, 12.449448960000041 ], [ 75.009938998000052, 12.443793036000045 ], [ 75.01099694100003, 12.435777085000041 ], [ 75.018402540000068, 12.414740302000041 ], [ 75.082855665000068, 12.305894273000092 ], [ 75.098643425000034, 12.269029039000088 ], [ 75.10474694100003, 12.246079820000091 ], [ 75.106130405000044, 12.233710028000075 ], [ 75.105479363000029, 12.221258856000077 ], [ 75.113942905000044, 12.230169989000046 ], [ 75.119639519000032, 12.23899974200009 ], [ 75.126719597000033, 12.245835679000038 ], [ 75.139659050000034, 12.248602606000077 ], [ 75.139659050000034, 12.241766669000071 ], [ 75.130869988000029, 12.207831122000073 ], [ 75.14380944100003, 12.161322333000044 ], [ 75.180511915000068, 12.077297268000052 ], [ 75.186289910000085, 12.041571356000077 ], [ 75.193695509000065, 12.022284247000073 ], [ 75.208506707000083, 12.008368231000077 ], [ 75.207041863000029, 12.01203034100007 ], [ 75.21062259200005, 12.016994533000059 ], [ 75.21648196700005, 12.021063544000071 ], [ 75.222178582000083, 12.022040106000077 ], [ 75.224457227000073, 12.019354559000078 ], [ 75.22820071700005, 12.01508209800005 ], [ 75.233246290000068, 12.01048411700009 ], [ 75.239268425000034, 12.008368231000077 ], [ 75.245616082000083, 12.002915757000039 ], [ 75.27670332100007, 11.96743398600006 ], [ 75.260508660000085, 11.997788804000038 ], [ 75.264333530000044, 12.013332424000055 ], [ 75.304209832000083, 12.043158270000049 ], [ 75.305593295000051, 12.041774807000081 ], [ 75.324961785000085, 12.022650458000044 ], [ 75.32976321700005, 12.012640692000048 ], [ 75.314707879000082, 12.008368231000077 ], [ 75.281097852000073, 12.010646877000056 ], [ 75.278819207000083, 12.003241278000075 ], [ 75.29037519600007, 11.98110586100006 ], [ 75.302256707000083, 11.966050523000092 ], [ 75.31609134200005, 11.955633856000077 ], [ 75.33171634200005, 11.94953034100007 ], [ 75.349131707000083, 11.94757721600007 ], [ 75.361338738000029, 11.951239325000074 ], [ 75.38021894600007, 11.968695380000042 ], [ 75.393402540000068, 11.974839585000041 ], [ 75.38599694100003, 11.958319403000075 ], [ 75.382823113000029, 11.945502020000049 ], [ 75.386566602000073, 11.935126044000071 ], [ 75.400238477000073, 11.926459052000041 ], [ 75.400238477000073, 11.92023346600007 ], [ 75.326508009000065, 11.93585846600007 ], [ 75.307627800000034, 11.932196356000077 ], [ 75.324554884000065, 11.899115302000041 ], [ 75.349375847000033, 11.871975002000056 ], [ 75.352549675000034, 11.861558335000041 ], [ 75.355804884000065, 11.857652085000041 ], [ 75.372569207000083, 11.864732164000088 ], [ 75.379730665000068, 11.864976304000038 ], [ 75.506114129000082, 11.727240302000041 ], [ 75.530772332000083, 11.69367096600007 ], [ 75.58529707100007, 11.563381252000056 ], [ 75.581879102000073, 11.549790757000039 ], [ 75.60084069100003, 11.523382880000042 ], [ 75.606293165000068, 11.50531647300005 ], [ 75.608897332000083, 11.484930731000077 ], [ 75.61654707100007, 11.473618882000039 ], [ 75.63013756600003, 11.468736070000091 ], [ 75.650157097000033, 11.467759507000039 ], [ 75.664805535000085, 11.462632554000038 ], [ 75.67709394600007, 11.450100002000056 ], [ 75.695160352000073, 11.419989325000074 ], [ 75.711192254000082, 11.381781317000048 ], [ 75.722178582000083, 11.36749909100007 ], [ 75.735524936000047, 11.371527411000045 ], [ 75.742442254000082, 11.358710028000075 ], [ 75.73951256600003, 11.350734768000052 ], [ 75.729258660000085, 11.343654690000051 ], [ 75.730804884000065, 11.331732489000046 ], [ 75.73365319100003, 11.325181382000039 ], [ 75.737803582000083, 11.319484768000052 ], [ 75.742930535000085, 11.310126044000071 ], [ 75.832774285000085, 11.097845770000049 ], [ 75.88013756600003, 10.932684637000079 ], [ 75.894541863000029, 10.849758205000057 ], [ 75.911143425000034, 10.80923086100006 ], [ 75.941579623000052, 10.796210028000075 ], [ 75.936534050000034, 10.790716864000046 ], [ 75.924082879000082, 10.78070709800005 ], [ 75.921071811000047, 10.77570221600007 ], [ 75.922048373000052, 10.765570380000042 ], [ 75.926931186000047, 10.757717190000051 ], [ 75.932139519000032, 10.750962632000039 ], [ 75.934743686000047, 10.744330145000049 ], [ 75.93913821700005, 10.726060289000088 ], [ 75.99968509200005, 10.605536200000074 ], [ 76.008067254000082, 10.567084052000041 ], [ 76.018728061000047, 10.553412177000041 ], [ 76.04460696700005, 10.529282945000091 ], [ 76.05241946700005, 10.51398346600007 ], [ 76.063324415000068, 10.47016022300005 ], [ 76.065114780000044, 10.44985586100006 ], [ 76.070078972000033, 10.432806708000044 ], [ 76.106130405000044, 10.384670315000051 ], [ 76.120616082000083, 10.343573309000078 ], [ 76.138194207000083, 10.261053778000075 ], [ 76.153168165000068, 10.22016022300005 ], [ 76.160492384000065, 10.206244208000044 ], [ 76.170583530000044, 10.193752346000053 ], [ 76.184092644000032, 10.189357815000051 ], [ 76.201670769000032, 10.199693101000037 ], [ 76.209483269000032, 10.216009833000044 ], [ 76.207855665000068, 10.234564520000049 ], [ 76.194834832000083, 10.268622137000079 ], [ 76.20630944100003, 10.262884833000044 ], [ 76.213389519000032, 10.253241278000075 ], [ 76.222829623000052, 10.234442450000074 ], [ 76.22779381600003, 10.234279690000051 ], [ 76.234385613000029, 10.237941799000055 ], [ 76.240244988000029, 10.238959052000041 ], [ 76.242686394000032, 10.231024481000077 ], [ 76.241709832000083, 10.223944403000075 ], [ 76.237315300000034, 10.216986395000049 ], [ 76.236338738000029, 10.210272528000075 ], [ 76.224131707000083, 10.196926174000055 ], [ 76.177500847000033, 10.17064036700009 ], [ 76.177744988000029, 10.155340887000079 ], [ 76.184580925000034, 10.144924221000053 ], [ 76.18490644600007, 10.135809637000079 ], [ 76.181162957000083, 10.121161200000074 ], [ 76.182383660000085, 10.105658270000049 ], [ 76.214610222000033, 10.024481512000079 ], [ 76.22820071700005, 9.999945380000042 ], [ 76.242686394000032, 9.987453518000052 ], [ 76.235036655000044, 10.005072333000044 ], [ 76.230967644000032, 10.025824286000045 ], [ 76.229014519000032, 10.065904039000088 ], [ 76.223480665000068, 10.082098700000074 ], [ 76.213552280000044, 10.098822333000044 ], [ 76.207530144000032, 10.117132880000042 ], [ 76.215342644000032, 10.138251044000071 ], [ 76.222911004000082, 10.117621161000045 ], [ 76.227712436000047, 10.109564520000049 ], [ 76.236338738000029, 10.103461005000042 ], [ 76.245127800000034, 10.10219961100006 ], [ 76.255056186000047, 10.047674872000073 ], [ 76.273936394000032, 10.035834052000041 ], [ 76.269297722000033, 10.01626211100006 ], [ 76.278168165000068, 9.977932033000059 ], [ 76.29428144600007, 9.951320705000057 ], [ 76.311534050000034, 9.966945705000057 ], [ 76.320811394000032, 9.953314520000049 ], [ 76.359222852000073, 9.915432033000059 ], [ 76.363780144000032, 9.899237372000073 ], [ 76.385590040000068, 9.861517645000049 ], [ 76.394053582000083, 9.842840887000079 ], [ 76.396494988000029, 9.822658596000053 ], [ 76.391286655000044, 9.812201239000046 ], [ 76.38404381600003, 9.802639065000051 ], [ 76.380381707000083, 9.785101630000042 ], [ 76.38209069100003, 9.774725653000075 ], [ 76.390798373000052, 9.756984768000052 ], [ 76.394053582000083, 9.747219143000052 ], [ 76.394786004000082, 9.735174872000073 ], [ 76.392100457000083, 9.716945705000057 ], [ 76.394053582000083, 9.706244208000044 ], [ 76.402598504000082, 9.710598049000055 ], [ 76.410004102000073, 9.700262762000079 ], [ 76.414561394000032, 9.682684637000079 ], [ 76.415049675000034, 9.63617584800005 ], [ 76.41960696700005, 9.614488023000092 ], [ 76.419688347000033, 9.594183661000045 ], [ 76.406993035000085, 9.56907786700009 ], [ 76.41724694100003, 9.561428127000056 ], [ 76.428233269000032, 9.55540599200009 ], [ 76.44849694100003, 9.563421942000048 ], [ 76.466563347000033, 9.556382554000038 ], [ 76.484385613000029, 9.543768622000073 ], [ 76.50326582100007, 9.534979559000078 ], [ 76.477061394000032, 9.503729559000078 ], [ 76.458994988000029, 9.497300523000092 ], [ 76.435069207000083, 9.507635809000078 ], [ 76.425791863000029, 9.505275783000059 ], [ 76.376719597000033, 9.514471747000073 ], [ 76.357432488000029, 9.520697333000044 ], [ 76.353282097000033, 9.535345770000049 ], [ 76.372894727000073, 9.624335028000075 ], [ 76.379161004000082, 9.637762762000079 ], [ 76.386566602000073, 9.64984772300005 ], [ 76.392425977000073, 9.66282786700009 ], [ 76.394053582000083, 9.678941148000092 ], [ 76.377126498000052, 9.695502020000049 ], [ 76.368011915000068, 9.71556224200009 ], [ 76.359222852000073, 9.76829661700009 ], [ 76.35865319100003, 9.781805731000077 ], [ 76.361094597000033, 9.803859768000052 ], [ 76.359222852000073, 9.816107489000046 ], [ 76.353037957000083, 9.829820054000038 ], [ 76.337412957000083, 9.85618724200009 ], [ 76.332692905000044, 9.870754299000055 ], [ 76.320078972000033, 9.86163971600007 ], [ 76.323985222000033, 9.846177476000037 ], [ 76.346202019000032, 9.816107489000046 ], [ 76.33757571700005, 9.789252020000049 ], [ 76.34734134200005, 9.72687409100007 ], [ 76.346202019000032, 9.699408270000049 ], [ 76.338877800000034, 9.699408270000049 ], [ 76.31381269600007, 9.861314195000091 ], [ 76.308604363000029, 9.87962474200009 ], [ 76.297129754000082, 9.870754299000055 ], [ 76.304698113000029, 9.856268622000073 ], [ 76.299978061000047, 9.847805080000057 ], [ 76.289805535000085, 9.843817450000074 ], [ 76.280772332000083, 9.842840887000079 ], [ 76.28443444100003, 9.848211981000077 ], [ 76.288259311000047, 9.861232815000051 ], [ 76.289073113000029, 9.877142645000049 ], [ 76.284190300000034, 9.891180731000077 ], [ 76.27857506600003, 9.876898505000042 ], [ 76.277354363000029, 9.870754299000055 ], [ 76.26685631600003, 9.876044012000079 ], [ 76.260590040000068, 9.884711005000042 ], [ 76.257660352000073, 9.895819403000075 ], [ 76.256846550000034, 9.908596096000053 ], [ 76.262217644000032, 9.91156647300005 ], [ 76.285655144000032, 9.904364325000074 ], [ 76.291026238000029, 9.908596096000053 ], [ 76.284678582000083, 9.928534247000073 ], [ 76.269541863000029, 9.950995184000078 ], [ 76.251475457000083, 9.963120835000041 ], [ 76.236338738000029, 9.952704169000071 ], [ 76.240244988000029, 9.939398505000042 ], [ 76.246755405000044, 9.893744208000044 ], [ 76.25318444100003, 9.883734442000048 ], [ 76.277354363000029, 9.809271552000041 ], [ 76.297129754000082, 9.658433335000041 ], [ 76.291026238000029, 9.633205471000053 ], [ 76.31177819100003, 9.492987372000073 ], [ 76.36296634200005, 9.325181382000039 ], [ 76.442556186000047, 9.14516836100006 ], [ 76.448741082000083, 9.14516836100006 ], [ 76.446787957000083, 9.15961334800005 ], [ 76.416026238000029, 9.236314195000091 ], [ 76.414561394000032, 9.246975002000056 ], [ 76.428233269000032, 9.245347398000092 ], [ 76.443369988000029, 9.212144273000092 ], [ 76.462412957000083, 9.151353257000039 ], [ 76.469086134000065, 9.151353257000039 ], [ 76.470957879000082, 9.160142320000091 ], [ 76.473317905000044, 9.164252020000049 ], [ 76.482758009000065, 9.171820380000042 ], [ 76.47624759200005, 9.131252346000053 ], [ 76.476573113000029, 9.116603908000059 ], [ 76.469086134000065, 9.116603908000059 ], [ 76.468272332000083, 9.124579169000071 ], [ 76.466644727000073, 9.128973700000074 ], [ 76.46452884200005, 9.132513739000046 ], [ 76.462412957000083, 9.138332424000055 ], [ 76.460459832000083, 9.114935614000046 ], [ 76.489268425000034, 9.055568752000056 ], [ 76.500173373000052, 9.022284247000073 ], [ 76.513845248000052, 9.002142645000049 ], [ 76.51685631600003, 8.990627346000053 ], [ 76.517914259000065, 8.977443752000056 ], [ 76.521494988000029, 8.961330471000053 ], [ 76.528086785000085, 8.946966864000046 ], [ 76.538096550000034, 8.939113674000055 ], [ 76.53443444100003, 8.957831122000073 ], [ 76.538828972000033, 8.972601630000042 ], [ 76.549652540000068, 8.984442450000074 ], [ 76.565440300000034, 8.994330145000049 ], [ 76.561534050000034, 8.978989976000037 ], [ 76.558116082000083, 8.973049221000053 ], [ 76.551117384000065, 8.966376044000071 ], [ 76.558604363000029, 8.952093817000048 ], [ 76.565928582000083, 8.963283596000053 ], [ 76.576833530000044, 8.994126695000091 ], [ 76.582774285000085, 9.000555731000077 ], [ 76.606455925000034, 8.989406643000052 ], [ 76.620616082000083, 8.987127997000073 ], [ 76.626719597000033, 8.997463283000059 ], [ 76.63209069100003, 9.002346096000053 ], [ 76.644053582000083, 9.007879950000074 ], [ 76.65788821700005, 9.010687567000048 ], [ 76.668467644000032, 9.007391669000071 ], [ 76.668467644000032, 8.999823309000078 ], [ 76.656504754000082, 8.995062567000048 ], [ 76.64193769600007, 8.991359768000052 ], [ 76.634287957000083, 8.986883856000077 ], [ 76.640391472000033, 8.984442450000074 ], [ 76.652110222000033, 8.97728099200009 ], [ 76.660817905000044, 8.969875393000052 ], [ 76.65756269600007, 8.966376044000071 ], [ 76.603282097000033, 8.973211981000077 ], [ 76.593272332000083, 8.96820709800005 ], [ 76.582286004000082, 8.956366278000075 ], [ 76.573985222000033, 8.942572333000044 ], [ 76.572276238000029, 8.931626695000091 ], [ 76.581553582000083, 8.919907945000091 ], [ 76.593760613000029, 8.921047268000052 ], [ 76.607269727000073, 8.925767320000091 ], [ 76.620616082000083, 8.925441799000055 ], [ 76.609873894000032, 8.917954820000091 ], [ 76.59115644600007, 8.908148505000042 ], [ 76.573252800000034, 8.904445705000057 ], [ 76.559092644000032, 8.92523834800005 ], [ 76.54810631600003, 8.924221096000053 ], [ 76.543955925000034, 8.912502346000053 ], [ 76.558604363000029, 8.890692450000074 ], [ 76.644541863000029, 8.81899648600006 ], [ 76.660329623000052, 8.799750067000048 ], [ 76.695648634000065, 8.739813544000071 ], [ 76.731293165000068, 8.707953192000048 ], [ 76.741709832000083, 8.684515692000048 ], [ 76.81373131600003, 8.601263739000046 ], [ 76.826508009000065, 8.569810289000088 ], [ 76.88013756600003, 8.520697333000044 ], [ 76.96257571700005, 8.404689846000053 ], [ 76.995860222000033, 8.368109442000048 ], [ 77.110362175000034, 8.285183010000083 ], [ 77.128754102000073, 8.27179596600007 ], [ 77.225271030000044, 8.184393622000073 ], [ 77.238942905000044, 8.175116278000075 ], [ 77.26295006600003, 8.168402411000045 ], [ 77.28679446700005, 8.153509833000044 ], [ 77.294688347000033, 8.147040106000077 ], [ 77.308604363000029, 8.130926825000074 ], [ 77.315603061000047, 8.127752997000073 ], [ 77.449717644000032, 8.087469794000071 ], [ 77.510915561000047, 8.075995184000078 ], [ 77.565277540000068, 8.082505601000037 ], [ 77.561045769000032, 8.114569403000075 ], [ 77.595225457000083, 8.13898346600007 ], [ 77.64380944100003, 8.15570709800005 ], [ 77.752452019000032, 8.173814195000091 ], [ 77.768321160000085, 8.181545315000051 ], [ 77.793467644000032, 8.215318101000037 ], [ 77.806162957000083, 8.228664455000057 ], [ 77.999766472000033, 8.344916083000044 ], [ 78.038828972000033, 8.360907294000071 ], [ 78.05591881600003, 8.363714911000045 ], [ 78.062754754000082, 8.373195705000057 ], [ 78.079844597000033, 8.43195221600007 ], [ 78.08716881600003, 8.440497137000079 ], [ 78.11459394600007, 8.466131903000075 ], [ 78.123301629000082, 8.477525132000039 ], [ 78.12826582100007, 8.488023179000038 ], [ 78.142344597000033, 8.593085028000075 ], [ 78.135508660000085, 8.625799872000073 ], [ 78.11459394600007, 8.657904364000046 ], [ 78.142588738000029, 8.657904364000046 ], [ 78.136729363000029, 8.669867255000042 ], [ 78.140472852000073, 8.680609442000048 ], [ 78.154958530000044, 8.698879299000055 ], [ 78.164805535000085, 8.726507880000042 ], [ 78.16920006600003, 8.733628648000092 ], [ 78.186534050000034, 8.744940497000073 ], [ 78.204600457000083, 8.753322658000059 ], [ 78.215179884000065, 8.765448309000078 ], [ 78.21021569100003, 8.788275458000044 ], [ 78.20045006600003, 8.769680080000057 ], [ 78.18873131600003, 8.765448309000078 ], [ 78.175791863000029, 8.763902085000041 ], [ 78.162364129000082, 8.753485419000071 ], [ 78.170420769000032, 8.771877346000053 ], [ 78.174489780000044, 8.794419664000088 ], [ 78.177907748000052, 8.861070054000038 ], [ 78.182790561000047, 8.877101955000057 ], [ 78.217621290000068, 8.938950914000088 ], [ 78.239756707000083, 8.96556224200009 ], [ 78.377452019000032, 9.077460028000075 ], [ 78.412119988000029, 9.099839585000041 ], [ 78.449880405000044, 9.116603908000059 ], [ 78.485850457000083, 9.124823309000078 ], [ 78.61882571700005, 9.140529690000051 ], [ 78.634776238000029, 9.144598700000074 ], [ 78.648936394000032, 9.151434637000079 ], [ 78.655121290000068, 9.16156647300005 ], [ 78.661306186000047, 9.17719147300005 ], [ 78.676280144000032, 9.184149481000077 ], [ 78.72779381600003, 9.187445380000042 ], [ 78.740733269000032, 9.19281647300005 ], [ 78.751963738000029, 9.200588283000059 ], [ 78.761566602000073, 9.20970286700009 ], [ 78.777110222000033, 9.21938711100006 ], [ 78.815196160000085, 9.228420315000051 ], [ 78.843760613000029, 9.243963934000078 ], [ 78.86101321700005, 9.248968817000048 ], [ 78.895518425000034, 9.253810940000051 ], [ 78.904470248000052, 9.253566799000055 ], [ 78.911306186000047, 9.252142645000049 ], [ 78.918467644000032, 9.251613674000055 ], [ 78.92896569100003, 9.253810940000051 ], [ 78.948985222000033, 9.270493882000039 ], [ 78.956797722000033, 9.27484772300005 ], [ 78.988942905000044, 9.278265692000048 ], [ 79.025726759000065, 9.27374909100007 ], [ 79.060801629000082, 9.264593817000048 ], [ 79.08716881600003, 9.253810940000051 ], [ 79.098643425000034, 9.257228908000059 ], [ 79.129405144000032, 9.256333726000037 ], [ 79.16537519600007, 9.274237372000073 ], [ 79.184092644000032, 9.27179596600007 ], [ 79.201019727000073, 9.266506252000056 ], [ 79.216970248000052, 9.267401434000078 ], [ 79.232432488000029, 9.257879950000074 ], [ 79.292735222000033, 9.25031159100007 ], [ 79.36101321700005, 9.213446356000077 ], [ 79.424001498000052, 9.159084377000056 ], [ 79.440277540000068, 9.151353257000039 ], [ 79.453623894000032, 9.159002997000073 ], [ 79.438243035000085, 9.176336981000077 ], [ 79.367930535000085, 9.227606512000079 ], [ 79.353526238000029, 9.240912177000041 ], [ 79.34734134200005, 9.25031159100007 ], [ 79.345225457000083, 9.255926825000074 ], [ 79.340586785000085, 9.260931708000044 ], [ 79.335703972000033, 9.267645575000074 ], [ 79.33366946700005, 9.278265692000048 ], [ 79.336680535000085, 9.29047272300005 ], [ 79.342539910000085, 9.299017645000049 ], [ 79.345713738000029, 9.306545315000051 ], [ 79.34107506600003, 9.31586334800005 ], [ 79.320078972000033, 9.323309637000079 ], [ 79.297129754000082, 9.312648830000057 ], [ 79.273773634000065, 9.296698309000078 ], [ 79.251719597000033, 9.28851959800005 ], [ 79.115570509000065, 9.291245835000041 ], [ 79.074717644000032, 9.299872137000079 ], [ 79.039886915000068, 9.314683335000041 ], [ 78.959727410000085, 9.384955145000049 ], [ 78.933441602000073, 9.416449286000045 ], [ 78.91529381600003, 9.453029690000051 ], [ 78.913259311000047, 9.474269924000055 ], [ 78.925303582000083, 9.513617255000042 ], [ 78.931488477000073, 9.561672268000052 ], [ 78.938324415000068, 9.583685614000046 ], [ 78.947520379000082, 9.602850653000075 ], [ 78.956797722000033, 9.61749909100007 ], [ 78.962087436000047, 9.622707424000055 ], [ 78.972829623000052, 9.631293036000045 ], [ 78.977305535000085, 9.637925523000092 ], [ 78.980235222000033, 9.649115302000041 ], [ 78.97982832100007, 9.658636786000045 ], [ 78.980804884000065, 9.667181708000044 ], [ 79.038828972000033, 9.747219143000052 ], [ 79.07781009200005, 9.782171942000048 ], [ 79.094086134000065, 9.802313544000071 ], [ 79.10084069100003, 9.826076565000051 ], [ 79.103526238000029, 9.830145575000074 ], [ 79.121348504000082, 9.85024648600006 ], [ 79.14185631600003, 9.891180731000077 ], [ 79.200368686000047, 9.970282294000071 ], [ 79.240733269000032, 10.010565497000073 ], [ 79.279063347000033, 10.035834052000041 ], [ 79.254161004000082, 10.054266669000071 ], [ 79.244313998000052, 10.084947007000039 ], [ 79.237478061000047, 10.151922919000071 ], [ 79.236338738000029, 10.166571356000077 ], [ 79.240000847000033, 10.179754950000074 ], [ 79.248301629000082, 10.189195054000038 ], [ 79.261973504000082, 10.192857164000088 ], [ 79.26921634200005, 10.197821356000077 ], [ 79.270681186000047, 10.209540106000077 ], [ 79.270274285000085, 10.223334052000041 ], [ 79.272227410000085, 10.234442450000074 ], [ 79.286143425000034, 10.252834377000056 ], [ 79.304942254000082, 10.268133856000077 ], [ 79.363780144000032, 10.301906643000052 ], [ 79.385508660000085, 10.320135809000078 ], [ 79.39812259200005, 10.324652411000045 ], [ 79.411957227000073, 10.320990302000041 ], [ 79.437266472000033, 10.309556382000039 ], [ 79.459727410000085, 10.308294989000046 ], [ 79.511485222000033, 10.316595770000049 ], [ 79.532237175000034, 10.323187567000048 ], [ 79.532237175000034, 10.330023505000042 ], [ 79.52857506600003, 10.338324286000045 ], [ 79.56771894600007, 10.335882880000042 ], [ 79.586924675000034, 10.343695380000042 ], [ 79.60710696700005, 10.336004950000074 ], [ 79.604014519000032, 10.329087632000039 ], [ 79.57390384200005, 10.316961981000077 ], [ 79.565196160000085, 10.315741278000075 ], [ 79.556895379000082, 10.316066799000055 ], [ 79.551768425000034, 10.313299872000073 ], [ 79.552744988000029, 10.302720445000091 ], [ 79.556651238000029, 10.298651434000078 ], [ 79.563487175000034, 10.297105210000041 ], [ 79.580088738000029, 10.295884507000039 ], [ 79.759776238000029, 10.258246161000045 ], [ 79.772471550000034, 10.261704820000091 ], [ 79.773692254000082, 10.273667710000041 ], [ 79.758962436000047, 10.282212632000039 ], [ 79.730804884000065, 10.289048570000091 ], [ 79.703623894000032, 10.289048570000091 ], [ 79.69467207100007, 10.29165273600006 ], [ 79.684580925000034, 10.298732815000051 ], [ 79.676280144000032, 10.302720445000091 ], [ 79.66179446700005, 10.307074286000045 ], [ 79.646494988000029, 10.309637762000079 ], [ 79.630381707000083, 10.310492255000042 ], [ 79.614105665000068, 10.309556382000039 ], [ 79.621267123000052, 10.324164130000042 ], [ 79.633148634000065, 10.328599351000037 ], [ 79.75709069100003, 10.309068101000037 ], [ 79.780039910000085, 10.296616929000038 ], [ 79.77857506600003, 10.275376695000091 ], [ 79.795095248000052, 10.269232489000046 ], [ 79.814626498000052, 10.272406317000048 ], [ 79.834320509000065, 10.27875397300005 ], [ 79.851328972000033, 10.282212632000039 ], [ 79.85670006600003, 10.29328034100007 ], [ 79.863780144000032, 10.378729559000078 ], [ 79.859629754000082, 10.551459052000041 ], [ 79.850271030000044, 10.59210846600007 ], [ 79.849864129000082, 10.755194403000075 ], [ 79.84734134200005, 10.809637762000079 ], [ 79.840668165000068, 10.950140692000048 ], [ 79.846690300000034, 10.979844468000067 ], [ 79.852224155000044, 11.006984768000052 ], [ 79.855316602000073, 11.159857489000046 ], [ 79.834971550000034, 11.263861395000049 ], [ 79.833018425000034, 11.341986395000049 ], [ 79.829925977000073, 11.346096096000053 ], [ 79.823741082000083, 11.346665757000039 ], [ 79.796885613000029, 11.359035549000055 ], [ 79.776377800000034, 11.362982489000046 ], [ 79.759287957000083, 11.358343817000048 ], [ 79.751963738000029, 11.340521552000041 ], [ 79.742035352000073, 11.335598049000055 ], [ 79.696299675000034, 11.303412177000041 ], [ 79.683116082000083, 11.296454169000071 ], [ 79.676280144000032, 11.296454169000071 ], [ 79.684336785000085, 11.312201239000046 ], [ 79.740407748000052, 11.366441148000092 ], [ 79.749847852000073, 11.37368398600006 ], [ 79.758799675000034, 11.37836334800005 ], [ 79.769297722000033, 11.380926825000074 ], [ 79.776052280000044, 11.380357164000088 ], [ 79.782725457000083, 11.378892320000091 ], [ 79.810313347000033, 11.378892320000091 ], [ 79.819346550000034, 11.38149648600006 ], [ 79.82195071700005, 11.391058661000045 ], [ 79.816661004000082, 11.443060614000046 ], [ 79.809336785000085, 11.451361395000049 ], [ 79.792979363000029, 11.453517971000053 ], [ 79.797618035000085, 11.448309637000079 ], [ 79.799164259000065, 11.442206122000073 ], [ 79.797373894000032, 11.434881903000075 ], [ 79.792979363000029, 11.426174221000053 ], [ 79.785980665000068, 11.426174221000053 ], [ 79.780772332000083, 11.465073960000041 ], [ 79.757334832000083, 11.536078192000048 ], [ 79.751963738000029, 11.576971747000073 ], [ 79.754161004000082, 11.596991278000075 ], [ 79.763438347000033, 11.634263414000088 ], [ 79.767100457000083, 11.673651434000078 ], [ 79.785899285000085, 11.769191799000055 ], [ 79.792735222000033, 11.788072007000039 ], [ 79.803233269000032, 11.796087958000044 ], [ 79.820323113000029, 11.878648179000038 ], [ 79.84498131600003, 11.933254299000055 ], [ 79.849538608000046, 11.955064195000091 ], [ 79.850352410000085, 11.959133205000057 ], [ 79.859629754000082, 11.972723700000074 ], [ 79.861827019000032, 11.97797272300005 ], [ 79.860524936000047, 12.011542059000078 ], [ 79.861827019000032, 12.022040106000077 ], [ 79.870127800000034, 12.03742096600007 ], [ 79.896983269000032, 12.068752346000053 ], [ 79.927500847000033, 12.129868882000039 ], [ 79.933604363000029, 12.138739325000074 ], [ 79.947601759000065, 12.153631903000075 ], [ 80.00513756600003, 12.241766669000071 ], [ 79.973806186000047, 12.222398179000038 ], [ 79.953135613000029, 12.213568427000041 ], [ 79.943858269000032, 12.217840887000079 ], [ 79.952159050000034, 12.22992584800005 ], [ 80.00513756600003, 12.256048895000049 ], [ 80.025726759000065, 12.276516018000052 ], [ 80.057465040000068, 12.331244208000044 ], [ 80.05982506600003, 12.334214585000041 ], [ 80.06373131600003, 12.337469794000071 ], [ 80.08716881600003, 12.35101959800005 ], [ 80.095957879000082, 12.362250067000048 ], [ 80.117035352000073, 12.400946356000077 ], [ 80.121267123000052, 12.416815497000073 ], [ 80.156016472000033, 12.474514065000051 ], [ 80.179698113000029, 12.532619533000059 ], [ 80.183360222000033, 12.546820380000042 ], [ 80.185069207000083, 12.56712474200009 ], [ 80.196462436000047, 12.613714911000045 ], [ 80.203868035000085, 12.632147528000075 ], [ 80.222178582000083, 12.659979559000078 ], [ 80.228688998000052, 12.674994208000044 ], [ 80.23365319100003, 12.711004950000074 ], [ 80.251719597000033, 12.762518622000073 ], [ 80.263194207000083, 12.835353908000059 ], [ 80.269053582000083, 12.957261460000041 ], [ 80.282725457000083, 13.029364325000074 ], [ 80.285817905000044, 13.067572333000044 ], [ 80.289724155000044, 13.076727606000077 ], [ 80.30795332100007, 13.09601471600007 ], [ 80.31373131600003, 13.10578034100007 ], [ 80.307139519000032, 13.135646877000056 ], [ 80.306895379000082, 13.146063544000071 ], [ 80.31381269600007, 13.164292710000041 ], [ 80.324229363000029, 13.180365302000041 ], [ 80.332774285000085, 13.198146877000056 ], [ 80.334157748000052, 13.221177476000037 ], [ 80.318207227000073, 13.216986395000049 ], [ 80.31373131600003, 13.215033270000049 ], [ 80.31804446700005, 13.230902411000045 ], [ 80.319834832000083, 13.249172268000052 ], [ 80.323741082000083, 13.246893622000073 ], [ 80.334157748000052, 13.24290599200009 ], [ 80.336273634000065, 13.27094147300005 ], [ 80.345550977000073, 13.321234442000048 ], [ 80.347829623000052, 13.34906647300005 ], [ 80.344004754000082, 13.375433661000045 ], [ 80.333994988000029, 13.413031317000048 ], [ 80.326996290000068, 13.430365302000041 ], [ 80.31373131600003, 13.427232164000088 ], [ 80.312266472000033, 13.423163153000075 ], [ 80.306895379000082, 13.413031317000048 ], [ 80.293142123000052, 13.42914459800005 ], [ 80.27475019600007, 13.440008856000077 ], [ 80.262380405000044, 13.451239325000074 ], [ 80.265879754000082, 13.468247789000088 ], [ 80.260183139000048, 13.468451239000046 ], [ 80.253428582000083, 13.468654690000051 ], [ 80.24341881600003, 13.472154039000088 ], [ 80.235118035000085, 13.478094794000071 ], [ 80.227712436000047, 13.485581773000092 ], [ 80.219737175000034, 13.487779039000088 ], [ 80.175954623000052, 13.489325262000079 ], [ 80.153086785000085, 13.494208075000074 ], [ 80.131846550000034, 13.496161200000074 ], [ 80.119395379000082, 13.500677802000041 ], [ 80.112071160000085, 13.511542059000078 ], [ 80.101328972000033, 13.537095445000091 ], [ 80.069509311000047, 13.574408270000049 ], [ 80.056488477000073, 13.59516022300005 ], [ 80.052989129000082, 13.619086005000042 ], [ 80.07553144600007, 13.648382880000042 ], [ 80.091319207000083, 13.659125067000048 ], [ 80.093597852000073, 13.67133209800005 ], [ 80.094004754000082, 13.69476959800005 ], [ 80.10084069100003, 13.68626536700009 ], [ 80.109873894000032, 13.680731512000079 ], [ 80.117849155000044, 13.674505927000041 ], [ 80.121267123000052, 13.663763739000046 ], [ 80.117686394000032, 13.638861395000049 ], [ 80.121267123000052, 13.62726471600007 ], [ 80.135590040000068, 13.619086005000042 ], [ 80.141774936000047, 13.649115302000041 ], [ 80.14185631600003, 13.728949286000045 ], [ 80.152517123000052, 13.718939520000049 ], [ 80.183604363000029, 13.679185289000088 ], [ 80.197276238000029, 13.643622137000079 ], [ 80.24545332100007, 13.591742255000042 ], [ 80.277761264000048, 13.512518622000073 ], [ 80.306895379000082, 13.440904039000088 ], [ 80.31373131600003, 13.440904039000088 ], [ 80.309580925000034, 13.479315497000073 ], [ 80.288096550000034, 13.527085679000038 ], [ 80.25904381600003, 13.591742255000042 ], [ 80.238047722000033, 13.660223700000074 ], [ 80.227712436000047, 13.677069403000075 ], [ 80.220957879000082, 13.696966864000046 ], [ 80.227386915000068, 13.720526434000078 ], [ 80.24545332100007, 13.755601304000038 ], [ 80.24927819100003, 13.800279039000088 ], [ 80.237152540000068, 13.839667059000078 ], [ 80.163910352000073, 13.987982489000046 ], [ 80.14966881600003, 14.027736721000053 ], [ 80.125824415000068, 14.148504950000074 ], [ 80.123383009000065, 14.193508205000057 ], [ 80.135590040000068, 14.229193427000041 ], [ 80.121104363000029, 14.242010809000078 ], [ 80.106618686000047, 14.234035549000055 ], [ 80.090993686000047, 14.216742255000042 ], [ 80.07349694100003, 14.201849677000041 ], [ 80.050629102000073, 14.196112372000073 ], [ 80.046641472000033, 14.206610419000071 ], [ 80.055023634000065, 14.221584377000056 ], [ 80.070078972000033, 14.229193427000041 ], [ 80.071787957000083, 14.232245184000078 ], [ 80.08716881600003, 14.25031159100007 ], [ 80.097911004000082, 14.254299221000053 ], [ 80.12818444100003, 14.256537177000041 ], [ 80.137054884000065, 14.269924221000053 ], [ 80.15943444100003, 14.324774481000077 ], [ 80.174978061000047, 14.344549872000073 ], [ 80.178721550000034, 14.38939036700009 ], [ 80.175954623000052, 14.468736070000091 ], [ 80.188243035000085, 14.52570221600007 ], [ 80.190196160000085, 14.54759349200009 ], [ 80.192393425000034, 14.553208726000037 ], [ 80.196055535000085, 14.559027411000045 ], [ 80.19695071700005, 14.565008856000077 ], [ 80.190196160000085, 14.571234442000048 ], [ 80.18327884200005, 14.571112372000073 ], [ 80.159353061000047, 14.565741278000075 ], [ 80.149180535000085, 14.565008856000077 ], [ 80.14185631600003, 14.571234442000048 ], [ 80.160899285000085, 14.579820054000038 ], [ 80.169688347000033, 14.585842190000051 ], [ 80.175954623000052, 14.592962958000044 ], [ 80.178477410000085, 14.60578034100007 ], [ 80.173594597000033, 14.616522528000075 ], [ 80.166351759000065, 14.628159898000092 ], [ 80.15984134200005, 14.662665106000077 ], [ 80.151866082000083, 14.672796942000048 ], [ 80.12818444100003, 14.688462632000039 ], [ 80.116953972000033, 14.698146877000056 ], [ 80.11068769600007, 14.704779364000046 ], [ 80.108164910000085, 14.714341539000088 ], [ 80.10515384200005, 14.763861395000049 ], [ 80.073008660000085, 14.92055898600006 ], [ 80.073415561000047, 14.94204336100006 ], [ 80.061534050000034, 14.974676825000074 ], [ 80.054535352000073, 15.014146226000037 ], [ 80.052989129000082, 15.092596747000073 ], [ 80.082367384000065, 15.204087632000039 ], [ 80.092539910000085, 15.296576239000046 ], [ 80.090586785000085, 15.304877020000049 ], [ 80.121267123000052, 15.370021877000056 ], [ 80.126800977000073, 15.38812897300005 ], [ 80.14031009200005, 15.406398830000057 ], [ 80.172862175000034, 15.438299872000073 ], [ 80.183848504000082, 15.452297268000052 ], [ 80.20045006600003, 15.482163804000038 ], [ 80.211192254000082, 15.496649481000077 ], [ 80.197601759000065, 15.503078518000052 ], [ 80.201345248000052, 15.51829661700009 ], [ 80.217458530000044, 15.548163153000075 ], [ 80.219493035000085, 15.567450262000079 ], [ 80.263194207000083, 15.67454661700009 ], [ 80.279633009000065, 15.700669664000088 ], [ 80.359629754000082, 15.775824286000045 ], [ 80.393321160000085, 15.797023830000057 ], [ 80.436289910000085, 15.808294989000046 ], [ 80.445485873000052, 15.814398505000042 ], [ 80.461436394000032, 15.829657294000071 ], [ 80.469086134000065, 15.834662177000041 ], [ 80.475596550000034, 15.835923570000091 ], [ 80.482676629000082, 15.836411851000037 ], [ 80.49187259200005, 15.839260158000059 ], [ 80.525889519000032, 15.856919664000088 ], [ 80.541677280000044, 15.868068752000056 ], [ 80.553884311000047, 15.880845445000091 ], [ 80.560720248000052, 15.880845445000091 ], [ 80.571136915000068, 15.868719794000071 ], [ 80.584320509000065, 15.872544664000088 ], [ 80.600108269000032, 15.882228908000059 ], [ 80.61841881600003, 15.887681382000039 ], [ 80.662852410000085, 15.889349677000041 ], [ 80.660411004000082, 15.893947658000059 ], [ 80.663096550000034, 15.90070221600007 ], [ 80.670176629000082, 15.907700914000088 ], [ 80.676280144000032, 15.907171942000048 ], [ 80.682465040000068, 15.903265692000048 ], [ 80.690440300000034, 15.90070221600007 ], [ 80.736338738000029, 15.897609768000052 ], [ 80.760101759000065, 15.892971096000053 ], [ 80.776133660000085, 15.884263414000088 ], [ 80.802744988000029, 15.84243398600006 ], [ 80.808360222000033, 15.803941148000092 ], [ 80.807139519000032, 15.716376044000071 ], [ 80.820078972000033, 15.72687409100007 ], [ 80.830251498000052, 15.747626044000071 ], [ 80.855723504000082, 15.822699286000045 ], [ 80.890147332000083, 15.89524974200009 ], [ 80.89576256600003, 15.936021226000037 ], [ 80.891286655000044, 15.978257554000038 ], [ 80.875336134000065, 16.017401434000078 ], [ 80.882823113000029, 16.011460679000038 ], [ 80.885752800000034, 16.008693752000056 ], [ 80.889008009000065, 16.003729559000078 ], [ 80.896494988000029, 16.010565497000073 ], [ 80.89226321700005, 16.02094147300005 ], [ 80.896494988000029, 16.031073309000078 ], [ 80.906016472000033, 15.999823309000078 ], [ 80.908946160000085, 15.983465887000079 ], [ 80.910166863000029, 15.965887762000079 ], [ 80.902679884000065, 15.890814520000049 ], [ 80.904307488000029, 15.871283270000049 ], [ 80.910004102000073, 15.852687893000052 ], [ 80.921641472000033, 15.83860911700009 ], [ 80.94068444100003, 15.832993882000039 ], [ 80.949473504000082, 15.827866929000038 ], [ 80.979014519000032, 15.803412177000041 ], [ 80.988291863000029, 15.791205145000049 ], [ 80.995860222000033, 15.784328518000052 ], [ 81.004730665000068, 15.778509833000044 ], [ 81.012543165000068, 15.777818101000037 ], [ 81.019053582000083, 15.784165757000039 ], [ 81.01921634200005, 15.792385158000059 ], [ 81.012543165000068, 15.81195709800005 ], [ 81.008799675000034, 15.81781647300005 ], [ 81.002940300000034, 15.825262762000079 ], [ 80.998383009000065, 15.83470286700009 ], [ 80.998871290000068, 15.846747137000079 ], [ 81.026866082000083, 15.880845445000091 ], [ 81.043304884000065, 15.894110419000071 ], [ 81.088226759000065, 15.921210028000075 ], [ 81.135101759000065, 15.966498114000046 ], [ 81.14975019600007, 15.969631252000056 ], [ 81.155446811000047, 15.985500393000052 ], [ 81.156016472000033, 16.03851959800005 ], [ 81.161957227000073, 16.057074286000045 ], [ 81.180023634000065, 16.086737372000073 ], [ 81.190277540000068, 16.138861395000049 ], [ 81.218516472000033, 16.199448960000041 ], [ 81.230316602000073, 16.24359772300005 ], [ 81.254161004000082, 16.271307684000078 ], [ 81.259613477000073, 16.288641669000071 ], [ 81.256032748000052, 16.301825262000079 ], [ 81.249847852000073, 16.311021226000037 ], [ 81.248545769000032, 16.320135809000078 ], [ 81.259613477000073, 16.332709052000041 ], [ 81.317393425000034, 16.36749909100007 ], [ 81.331553582000083, 16.36977773600006 ], [ 81.345225457000083, 16.373602606000077 ], [ 81.359629754000082, 16.374335028000075 ], [ 81.375743035000085, 16.36749909100007 ], [ 81.386973504000082, 16.376776434000078 ], [ 81.398936394000032, 16.382635809000078 ], [ 81.41138756600003, 16.382513739000046 ], [ 81.424082879000082, 16.37368398600006 ], [ 81.428233269000032, 16.365668036000045 ], [ 81.426117384000065, 16.358710028000075 ], [ 81.42115319100003, 16.350978908000059 ], [ 81.416677280000044, 16.34015534100007 ], [ 81.475352410000085, 16.358628648000092 ], [ 81.495860222000033, 16.360663153000075 ], [ 81.535980665000068, 16.350043036000045 ], [ 81.549082879000082, 16.352362372000073 ], [ 81.540212436000047, 16.37368398600006 ], [ 81.556976759000065, 16.373032945000091 ], [ 81.569183790000068, 16.367580471000053 ], [ 81.57390384200005, 16.358343817000048 ], [ 81.568125847000033, 16.346380927000041 ], [ 81.584971550000034, 16.34210846600007 ], [ 81.620941602000073, 16.339504299000055 ], [ 81.63640384200005, 16.332709052000041 ], [ 81.656260613000029, 16.33734772300005 ], [ 81.676931186000047, 16.327378648000092 ], [ 81.696055535000085, 16.314927476000037 ], [ 81.711599155000044, 16.312201239000046 ], [ 81.717621290000068, 16.312201239000046 ], [ 81.76295006600003, 16.32257721600007 ], [ 81.783213738000029, 16.338568427000041 ], [ 81.861664259000065, 16.375392971000053 ], [ 81.88054446700005, 16.381659247000073 ], [ 81.899912957000083, 16.385809637000079 ], [ 81.94076582100007, 16.388373114000046 ], [ 81.948090040000068, 16.391546942000048 ], [ 81.956228061000047, 16.407171942000048 ], [ 81.967946811000047, 16.40892161700009 ], [ 81.98170006600003, 16.407863674000055 ], [ 81.992686394000032, 16.408433335000041 ], [ 82.007823113000029, 16.419582424000055 ], [ 82.02271569100003, 16.435736395000049 ], [ 82.037364129000082, 16.447658596000053 ], [ 82.068614129000082, 16.444281317000048 ], [ 82.090668165000068, 16.454779364000046 ], [ 82.122894727000073, 16.477362372000073 ], [ 82.173024936000047, 16.500921942000048 ], [ 82.188243035000085, 16.504055080000057 ], [ 82.203461134000065, 16.512681382000039 ], [ 82.25904381600003, 16.565497137000079 ], [ 82.307383660000085, 16.579779364000046 ], [ 82.296071811000047, 16.591009833000044 ], [ 82.285492384000065, 16.606512762000079 ], [ 82.28093509200005, 16.620835679000038 ], [ 82.286875847000033, 16.628159898000092 ], [ 82.293793165000068, 16.62563711100006 ], [ 82.299327019000032, 16.61009349200009 ], [ 82.30396569100003, 16.606431382000039 ], [ 82.312836134000065, 16.60814036700009 ], [ 82.31381269600007, 16.612982489000046 ], [ 82.312347852000073, 16.61985911700009 ], [ 82.314219597000033, 16.628159898000092 ], [ 82.338145379000082, 16.678412177000041 ], [ 82.345957879000082, 16.706122137000079 ], [ 82.352061394000032, 16.761297919000071 ], [ 82.365570509000065, 16.811590887000079 ], [ 82.367442254000082, 16.860296942000048 ], [ 82.36654707100007, 16.908636786000045 ], [ 82.361175977000073, 16.936021226000037 ], [ 82.34888756600003, 16.95648834800005 ], [ 82.357432488000029, 16.924872137000079 ], [ 82.361175977000073, 16.89134349200009 ], [ 82.362478061000047, 16.859076239000046 ], [ 82.352061394000032, 16.845404364000046 ], [ 82.334646030000044, 16.854071356000077 ], [ 82.33334394600007, 16.852118231000077 ], [ 82.327159050000034, 16.849432684000078 ], [ 82.31959069100003, 16.847235419000071 ], [ 82.314219597000033, 16.846625067000048 ], [ 82.308116082000083, 16.849554755000042 ], [ 82.303558790000068, 16.854193427000041 ], [ 82.298350457000083, 16.858465887000079 ], [ 82.267914259000065, 16.86749909100007 ], [ 82.25513756600003, 16.885321356000077 ], [ 82.250743035000085, 16.907863674000055 ], [ 82.252696160000085, 16.929185289000088 ], [ 82.291677280000044, 16.998439846000053 ], [ 82.299327019000032, 17.030340887000079 ], [ 82.311696811000047, 17.046616929000038 ], [ 82.342051629000082, 17.073187567000048 ], [ 82.37037194100003, 17.11009349200009 ], [ 82.387705925000034, 17.126939195000091 ], [ 82.422862175000034, 17.139960028000075 ], [ 82.435069207000083, 17.153794664000088 ], [ 82.451914910000085, 17.182440497000073 ], [ 82.474864129000082, 17.205959377000056 ], [ 82.718516472000033, 17.348618882000039 ], [ 82.758148634000065, 17.359198309000078 ], [ 82.796397332000083, 17.383042710000041 ], [ 82.837657097000033, 17.392767645000049 ], [ 82.854258660000085, 17.402818101000037 ], [ 82.869151238000029, 17.414007880000042 ], [ 82.883311394000032, 17.422064520000049 ], [ 82.888682488000029, 17.410142320000091 ], [ 82.896820509000065, 17.409328518000052 ], [ 82.945485873000052, 17.443101304000038 ], [ 82.95281009200005, 17.44594961100006 ], [ 82.969574415000068, 17.450100002000056 ], [ 82.97584069100003, 17.453680731000077 ], [ 82.996429884000065, 17.473456122000073 ], [ 83.019867384000065, 17.490912177000041 ], [ 83.053233269000032, 17.50649648600006 ], [ 83.088226759000065, 17.53070709800005 ], [ 83.171397332000083, 17.559800523000092 ], [ 83.196136915000068, 17.57680898600006 ], [ 83.209239129000082, 17.583685614000046 ], [ 83.222911004000082, 17.586493231000077 ], [ 83.238942905000044, 17.592962958000044 ], [ 83.233897332000083, 17.60773346600007 ], [ 83.212901238000029, 17.634914455000057 ], [ 83.246918165000068, 17.63422272300005 ], [ 83.25513756600003, 17.63812897300005 ], [ 83.268239780000044, 17.648586330000057 ], [ 83.289235873000052, 17.657619533000059 ], [ 83.299082879000082, 17.664292710000041 ], [ 83.298594597000033, 17.672796942000048 ], [ 83.292491082000083, 17.677476304000038 ], [ 83.271983269000032, 17.68813711100006 ], [ 83.24927819100003, 17.695379950000074 ], [ 83.242035352000073, 17.706529039000088 ], [ 83.246918165000068, 17.71625397300005 ], [ 83.268239780000044, 17.717474677000041 ], [ 83.276377800000034, 17.713080145000049 ], [ 83.280284050000034, 17.705959377000056 ], [ 83.282237175000034, 17.699286200000074 ], [ 83.284678582000083, 17.696356512000079 ], [ 83.287445509000065, 17.695379950000074 ], [ 83.289561394000032, 17.693264065000051 ], [ 83.292735222000033, 17.691148179000038 ], [ 83.298594597000033, 17.690130927000041 ], [ 83.30437259200005, 17.692206122000073 ], [ 83.313243035000028, 17.701157945000091 ], [ 83.319102410000028, 17.703192450000074 ], [ 83.341319207000083, 17.71743398600006 ], [ 83.402354363000029, 17.784491278000075 ], [ 83.417735222000033, 17.806219794000071 ], [ 83.425303582000083, 17.83860911700009 ], [ 83.431162957000083, 17.85423411700009 ], [ 83.452972852000073, 17.868475653000075 ], [ 83.45240319100003, 17.886216539000088 ], [ 83.448985222000033, 17.90688711100006 ], [ 83.451914910000028, 17.922919012000079 ], [ 83.462901238000029, 17.90851471600007 ], [ 83.465586785000028, 17.902492580000057 ], [ 83.472911004000082, 17.902492580000057 ], [ 83.486582879000082, 17.916896877000056 ], [ 83.526133660000028, 17.942531643000052 ], [ 83.53443444100003, 17.953314520000049 ], [ 83.538910352000073, 17.956284898000092 ], [ 83.556651238000029, 17.973456122000073 ], [ 83.558360222000033, 17.977525132000039 ], [ 83.562836134000065, 17.983099677000041 ], [ 83.576182488000029, 18.009751695000091 ], [ 83.582286004000082, 18.019110419000071 ], [ 83.613942905000044, 18.045152085000041 ], [ 83.775157097000033, 18.139593817000048 ], [ 84.07740319100003, 18.271551825000074 ], [ 84.113129102000073, 18.29828522300005 ], [ 84.124034050000034, 18.333807684000078 ], [ 84.132823113000029, 18.343410549000055 ], [ 84.136485222000033, 18.353583075000074 ], [ 84.138926629000082, 18.364162502000056 ], [ 84.14389082100007, 18.374823309000078 ], [ 84.152842644000032, 18.383612372000073 ], [ 84.174489780000044, 18.39984772300005 ], [ 84.188324415000068, 18.418036200000074 ], [ 84.230479363000029, 18.446234442000048 ], [ 84.240082227000073, 18.460760809000078 ], [ 84.287933790000068, 18.505764065000051 ], [ 84.331228061000047, 18.538641669000071 ], [ 84.349945509000065, 18.552923895000049 ], [ 84.326182488000029, 18.53742096600007 ], [ 84.297699415000068, 18.516302802000041 ], [ 84.271006707000083, 18.500189520000049 ], [ 84.24935957100007, 18.501654364000046 ], [ 84.23764082100007, 18.510931708000044 ], [ 84.246918165000068, 18.525580145000049 ], [ 84.250010613000029, 18.524237372000073 ], [ 84.27271569100003, 18.524318752000056 ], [ 84.281748894000032, 18.525580145000049 ], [ 84.288584832000083, 18.529771226000037 ], [ 84.30632571700005, 18.54368724200009 ], [ 84.312266472000033, 18.546698309000078 ], [ 84.332855665000068, 18.553697007000039 ], [ 84.349457227000073, 18.569810289000088 ], [ 84.37045332100007, 18.601304429000038 ], [ 84.423675977000073, 18.636460679000038 ], [ 84.432627800000034, 18.645697333000044 ], [ 84.43718509200005, 18.662787177000041 ], [ 84.448252800000034, 18.680650132000039 ], [ 84.541840040000068, 18.775783596000053 ], [ 84.547862175000034, 18.796087958000044 ], [ 84.630869988000029, 18.915716864000046 ], [ 84.665049675000034, 18.930121161000045 ], [ 84.679535352000073, 18.945705471000053 ], [ 84.699473504000082, 18.977484442000048 ], [ 84.741058790000068, 19.028143622000073 ], [ 84.751149936000047, 19.053900458000044 ], [ 84.778330925000034, 19.091009833000044 ], [ 84.780039910000028, 19.097072658000059 ], [ 84.775238477000073, 19.100490627000056 ], [ 84.767832879000082, 19.101792710000041 ], [ 84.76099694100003, 19.101629950000074 ], [ 84.756846550000034, 19.097642320000091 ], [ 84.740489129000082, 19.07367584800005 ], [ 84.735362175000034, 19.083197333000044 ], [ 84.722829623000052, 19.09601471600007 ], [ 84.71998131600003, 19.101629950000074 ], [ 84.720957879000082, 19.114243882000039 ], [ 84.731211785000028, 19.128810940000051 ], [ 84.73365319100003, 19.139146226000037 ], [ 84.738780144000032, 19.147650458000044 ], [ 84.750661655000044, 19.138373114000046 ], [ 84.764414910000028, 19.123439846000053 ], [ 84.775157097000033, 19.115301825000074 ], [ 84.777761264000048, 19.116197007000039 ], [ 84.791026238000029, 19.120591539000088 ], [ 84.872080925000034, 19.219875393000052 ], [ 84.995860222000033, 19.323309637000079 ], [ 85.069509311000047, 19.372137762000079 ], [ 85.180430535000028, 19.475002346000053 ], [ 85.240570509000065, 19.518052476000037 ], [ 85.285411004000082, 19.536281643000052 ], [ 85.336680535000028, 19.575181382000039 ], [ 85.38021894600007, 19.593817450000074 ], [ 85.463389519000032, 19.631048895000049 ], [ 85.54029381600003, 19.669582424000055 ], [ 85.576508009000065, 19.690619208000044 ], [ 85.330577019000032, 19.576402085000041 ], [ 85.302907748000052, 19.573919989000046 ], [ 85.305837436000047, 19.580145575000074 ], [ 85.302500847000033, 19.58665599200009 ], [ 85.28842207100007, 19.601263739000046 ], [ 85.293793165000068, 19.599554755000042 ], [ 85.303477410000028, 19.597479559000078 ], [ 85.309092644000032, 19.595038153000075 ], [ 85.311045769000032, 19.610500393000052 ], [ 85.318369988000029, 19.619533596000053 ], [ 85.326426629000082, 19.618801174000055 ], [ 85.330088738000029, 19.604966539000088 ], [ 85.336761915000068, 19.596096096000053 ], [ 85.352305535000028, 19.599432684000078 ], [ 85.36841881600003, 19.608099677000041 ], [ 85.377940300000034, 19.614935614000046 ], [ 85.380381707000083, 19.619614976000037 ], [ 85.38217207100007, 19.631089585000041 ], [ 85.384613477000073, 19.635972398000035 ], [ 85.388682488000029, 19.638251044000071 ], [ 85.402191602000073, 19.64398834800005 ], [ 85.405284050000034, 19.64594147300005 ], [ 85.404958530000044, 19.661932684000078 ], [ 85.403168165000068, 19.671291408000059 ], [ 85.399180535000028, 19.67914459800005 ], [ 85.391449415000068, 19.690619208000044 ], [ 85.383067254000082, 19.67609284100007 ], [ 85.37435957100007, 19.674709377000056 ], [ 85.363780144000032, 19.67804596600007 ], [ 85.350596550000034, 19.677639065000051 ], [ 85.309092644000032, 19.642238674000055 ], [ 85.260752800000034, 19.656073309000078 ], [ 85.247569207000083, 19.656480210000041 ], [ 85.247813347000033, 19.653143622000073 ], [ 85.236338738000029, 19.635321356000077 ], [ 85.233246290000068, 19.632554429000038 ], [ 85.234385613000029, 19.625677802000041 ], [ 85.237315300000034, 19.62055084800005 ], [ 85.24187259200005, 19.617010809000078 ], [ 85.247569207000083, 19.614935614000046 ], [ 85.247569207000083, 19.608710028000075 ], [ 85.232595248000052, 19.601548570000091 ], [ 85.223643425000034, 19.590236721000053 ], [ 85.212901238000029, 19.581122137000079 ], [ 85.19304446700005, 19.58079661700009 ], [ 85.19304446700005, 19.573919989000046 ], [ 85.203786655000044, 19.570502020000049 ], [ 85.233246290000068, 19.554103908000059 ], [ 85.223643425000034, 19.549953518000052 ], [ 85.21452884200005, 19.547267971000053 ], [ 85.20630944100003, 19.548000393000052 ], [ 85.199229363000029, 19.554103908000059 ], [ 85.196299675000034, 19.538478908000059 ], [ 85.201914910000028, 19.527085679000038 ], [ 85.202891472000033, 19.517157294000071 ], [ 85.185557488000029, 19.505682684000078 ], [ 85.178558790000068, 19.504299221000053 ], [ 85.17115319100003, 19.504461981000077 ], [ 85.162445509000065, 19.503485419000071 ], [ 85.151377800000034, 19.498846747000073 ], [ 85.14576256600003, 19.493475653000075 ], [ 85.141774936000047, 19.487127997000073 ], [ 85.135752800000034, 19.481594143000052 ], [ 85.124034050000034, 19.478338934000078 ], [ 85.128672722000033, 19.487982489000046 ], [ 85.13021894600007, 19.498724677000041 ], [ 85.128754102000073, 19.509507554000038 ], [ 85.124034050000034, 19.519354559000078 ], [ 85.115489129000082, 19.507473049000055 ], [ 85.10873457100007, 19.506781317000048 ], [ 85.104502800000034, 19.514878648000035 ], [ 85.10287519600007, 19.52960846600007 ], [ 85.108897332000083, 19.538967190000051 ], [ 85.122894727000073, 19.549017645000049 ], [ 85.139170769000032, 19.557074286000045 ], [ 85.151377800000034, 19.560288804000038 ], [ 85.151377800000034, 19.567775783000059 ], [ 85.139333530000044, 19.579779364000046 ], [ 85.140147332000083, 19.596584377000056 ], [ 85.150157097000033, 19.613470770000049 ], [ 85.165537957000083, 19.625799872000073 ], [ 85.17514082100007, 19.636908270000049 ], [ 85.189952019000032, 19.670965887000079 ], [ 85.206553582000083, 19.683783270000049 ], [ 85.203379754000082, 19.707261460000041 ], [ 85.220957879000082, 19.736029364000046 ], [ 85.246836785000028, 19.762640692000048 ], [ 85.268077019000032, 19.78001536700009 ], [ 85.278086785000028, 19.785589911000045 ], [ 85.29029381600003, 19.789943752000056 ], [ 85.304209832000083, 19.792669989000046 ], [ 85.31959069100003, 19.793646552000041 ], [ 85.374522332000083, 19.837795315000051 ], [ 85.416270379000082, 19.879787502000056 ], [ 85.440114780000044, 19.896226304000038 ], [ 85.463552280000044, 19.902899481000077 ], [ 85.476817254000082, 19.90102773600006 ], [ 85.51498457100007, 19.88930898600006 ], [ 85.557139519000032, 19.881781317000048 ], [ 85.570323113000029, 19.87563711100006 ], [ 85.567149285000028, 19.79165273600006 ], [ 85.570323113000029, 19.773179429000038 ], [ 85.56413821700005, 19.76439036700009 ], [ 85.563243035000028, 19.756903387000079 ], [ 85.56763756600003, 19.750799872000073 ], [ 85.576508009000065, 19.745835679000038 ], [ 85.558848504000082, 19.738104559000078 ], [ 85.51498457100007, 19.711127020000049 ], [ 85.51889082100007, 19.721584377000056 ], [ 85.523448113000029, 19.728705145000049 ], [ 85.525563998000052, 19.734035549000055 ], [ 85.521983269000032, 19.739081122000073 ], [ 85.477549675000034, 19.723863023000035 ], [ 85.45085696700005, 19.716294664000088 ], [ 85.439300977000073, 19.707993882000039 ], [ 85.43685957100007, 19.704657294000071 ], [ 85.431651238000029, 19.704901434000078 ], [ 85.42701256600003, 19.704087632000039 ], [ 85.426280144000032, 19.697455145000049 ], [ 85.430430535000028, 19.69171784100007 ], [ 85.43685957100007, 19.691351630000042 ], [ 85.443125847000033, 19.692450262000079 ], [ 85.446787957000083, 19.690619208000044 ], [ 85.447520379000082, 19.674627997000073 ], [ 85.449880405000044, 19.666693427000041 ], [ 85.456797722000033, 19.663316148000035 ], [ 85.480479363000029, 19.66632721600007 ], [ 85.549164259000065, 19.690619208000044 ], [ 85.614268425000034, 19.727932033000059 ], [ 85.63795006600003, 19.731634833000044 ], [ 85.63599694100003, 19.726629950000074 ], [ 85.625987175000034, 19.722886460000041 ], [ 85.62427819100003, 19.718573309000078 ], [ 85.684580925000034, 19.747748114000046 ], [ 85.714854363000029, 19.75421784100007 ], [ 85.734385613000029, 19.763617255000042 ], [ 85.744395379000082, 19.765692450000074 ], [ 85.778086785000028, 19.764634507000039 ], [ 85.788828972000033, 19.765692450000074 ], [ 85.808604363000029, 19.773382880000042 ], [ 85.846364780000044, 19.795843817000048 ], [ 85.888845248000052, 19.802964585000041 ], [ 86.013519727000073, 19.839056708000044 ], [ 86.032074415000068, 19.841498114000046 ], [ 86.037933790000068, 19.845282294000071 ], [ 86.04656009200005, 19.852525132000039 ], [ 86.056651238000029, 19.85687897300005 ], [ 86.066742384000065, 19.851996161000045 ], [ 86.078379754000082, 19.843573309000078 ], [ 86.089040561000047, 19.844224351000037 ], [ 86.111582879000082, 19.855698960000041 ], [ 86.268565300000034, 19.910345770000049 ], [ 86.37240644600007, 19.964992580000057 ], [ 86.356455925000034, 19.970404364000046 ], [ 86.341563347000033, 19.979885158000059 ], [ 86.326670769000032, 19.984849351000037 ], [ 86.314952019000032, 19.986883856000077 ], [ 86.308116082000083, 19.992092190000051 ], [ 86.302907748000052, 19.999090887000079 ], [ 86.295909050000034, 20.00657786700009 ], [ 86.29420006600003, 20.01040273600006 ], [ 86.294118686000047, 20.015692450000074 ], [ 86.293223504000082, 20.021429755000042 ], [ 86.289073113000029, 20.026434637000079 ], [ 86.284678582000083, 20.027492580000057 ], [ 86.273448113000029, 20.026190497000073 ], [ 86.268565300000034, 20.026434637000079 ], [ 86.230235222000033, 20.035305080000057 ], [ 86.213715040000068, 20.04242584800005 ], [ 86.187754754000082, 20.063666083000044 ], [ 86.167735222000033, 20.072943427000041 ], [ 86.158702019000032, 20.081040757000039 ], [ 86.154307488000029, 20.089992580000057 ], [ 86.145030144000032, 20.122015692000048 ], [ 86.152517123000052, 20.143133856000077 ], [ 86.158702019000032, 20.143133856000077 ], [ 86.163096550000034, 20.134833075000074 ], [ 86.168467644000032, 20.113185940000051 ], [ 86.173024936000047, 20.10219961100006 ], [ 86.195974155000044, 20.080308335000041 ], [ 86.199717644000032, 20.077948309000078 ], [ 86.209157748000052, 20.066636460000041 ], [ 86.231293165000068, 20.064886786000045 ], [ 86.275401238000029, 20.067368882000039 ], [ 86.348399285000028, 20.008856512000079 ], [ 86.397227410000028, 19.982855536000045 ], [ 86.426280144000032, 19.999172268000052 ], [ 86.414073113000029, 19.998846747000073 ], [ 86.404144727000073, 20.002630927000041 ], [ 86.396739129000082, 20.009955145000049 ], [ 86.391449415000068, 20.020209052000041 ], [ 86.415049675000034, 20.036322333000044 ], [ 86.467133009000065, 20.094671942000048 ], [ 86.468516472000033, 20.109279690000051 ], [ 86.478851759000065, 20.129339911000045 ], [ 86.490407748000052, 20.174058335000041 ], [ 86.495127800000034, 20.184068101000037 ], [ 86.511485222000033, 20.197455145000049 ], [ 86.534190300000034, 20.206122137000079 ], [ 86.583832227000073, 20.21820709800005 ], [ 86.62818444100003, 20.235256252000056 ], [ 86.717458530000044, 20.286932684000078 ], [ 86.754649285000028, 20.314439195000091 ], [ 86.719737175000034, 20.29173411700009 ], [ 86.701670769000032, 20.284654039000088 ], [ 86.693695509000065, 20.293931382000039 ], [ 86.701670769000032, 20.303778387000079 ], [ 86.719737175000034, 20.31509023600006 ], [ 86.739268425000034, 20.324204820000091 ], [ 86.751475457000083, 20.328070380000042 ], [ 86.768321160000028, 20.343451239000046 ], [ 86.79420006600003, 20.378159898000035 ], [ 86.80982506600003, 20.415106512000079 ], [ 86.79615319100003, 20.437323309000078 ], [ 86.789805535000028, 20.41469961100006 ], [ 86.788259311000047, 20.402818101000037 ], [ 86.78874759200005, 20.390122789000088 ], [ 86.769786004000082, 20.40070221600007 ], [ 86.756358269000032, 20.393744208000044 ], [ 86.741953972000033, 20.37954336100006 ], [ 86.720469597000033, 20.368475653000075 ], [ 86.724619988000029, 20.43195221600007 ], [ 86.733897332000083, 20.462225653000075 ], [ 86.751475457000083, 20.489162502000056 ], [ 86.774180535000028, 20.511948960000041 ], [ 86.92318769600007, 20.62173086100006 ], [ 86.97624759200005, 20.637884833000044 ], [ 87.00359134200005, 20.657049872000073 ], [ 87.027517123000052, 20.679673570000091 ], [ 87.043223504000082, 20.69798411700009 ], [ 87.033376498000052, 20.69017161700009 ], [ 87.019379102000073, 20.680365302000041 ], [ 86.994883660000028, 20.670721747000073 ], [ 86.990244988000029, 20.67999909100007 ], [ 86.986501498000052, 20.684393622000073 ], [ 86.98170006600003, 20.685370184000078 ], [ 86.97429446700005, 20.684393622000073 ], [ 86.968516472000033, 20.691148179000038 ], [ 86.961192254000082, 20.695054429000038 ], [ 86.951914910000028, 20.697007554000038 ], [ 86.940196160000028, 20.69798411700009 ], [ 86.948252800000034, 20.709051825000074 ], [ 86.961192254000082, 20.712836005000042 ], [ 86.975759311000047, 20.710679429000038 ], [ 86.988617384000065, 20.704250393000052 ], [ 86.998708530000044, 20.711127020000049 ], [ 87.001800977000073, 20.718980210000041 ], [ 87.000010613000029, 20.728216864000046 ], [ 86.994883660000028, 20.738959052000041 ], [ 86.986582879000082, 20.751857815000051 ], [ 86.979991082000083, 20.755560614000046 ], [ 86.957204623000052, 20.753241278000075 ], [ 86.910655144000032, 20.756415106000077 ], [ 86.889333530000044, 20.764471747000073 ], [ 86.878754102000073, 20.780585028000075 ], [ 86.916514519000032, 20.788072007000039 ], [ 86.936289910000028, 20.787502346000053 ], [ 86.953868035000028, 20.780585028000075 ], [ 86.965668165000068, 20.805975653000075 ], [ 86.952159050000034, 20.849107164000088 ], [ 86.844004754000082, 21.082220770000049 ], [ 86.83725019600007, 21.174709377000056 ], [ 86.866953972000033, 21.256048895000049 ], [ 86.91765384200005, 21.327378648000035 ], [ 87.06373131600003, 21.475002346000053 ], [ 87.113047722000033, 21.507961330000057 ], [ 87.200938347000033, 21.551988023000035 ], [ 87.211436394000032, 21.554592190000051 ], [ 87.235199415000068, 21.554510809000078 ], [ 87.245941602000073, 21.556586005000042 ], [ 87.256114129000082, 21.561997789000088 ], [ 87.293467644000032, 21.553656317000048 ], [ 87.341807488000029, 21.562404690000051 ], [ 87.404958530000044, 21.58665599200009 ] ] } },
{ "type": "Feature", "properties": { }, "geometry": { "type": "LineString", "coordinates": [ [ 97.871836785000028, 9.379584052000041 ], [ 97.840017123000052, 9.404282945000091 ], [ 97.83529707100007, 9.412054755000042 ], [ 97.837738477000073, 9.419338283000059 ], [ 97.843597852000073, 9.424953518000052 ], [ 97.85084069100003, 9.42837148600006 ], [ 97.857269727000073, 9.428697007000039 ], [ 97.86841881600003, 9.420396226000037 ], [ 97.87468509200005, 9.40570709800005 ], [ 97.876149936000047, 9.390204169000071 ], [ 97.871836785000028, 9.379584052000041 ] ] } },
{ "type": "Feature", "properties": { }, "geometry": { "type": "LineString", "coordinates": [ [ 73.646332227000073, 10.08470286700009 ], [ 73.644053582000083, 10.076971747000073 ], [ 73.640961134000065, 10.069322007000039 ], [ 73.637054884000065, 10.062567450000074 ], [ 73.632578972000033, 10.05727773600006 ], [ 73.631683790000068, 10.067775783000059 ], [ 73.631683790000068, 10.06781647300005 ], [ 73.633311394000032, 10.077866929000038 ], [ 73.637461785000085, 10.087062893000052 ], [ 73.64389082100007, 10.094549872000073 ], [ 73.643972201000054, 10.09446849200009 ], [ 73.645192905000044, 10.092189846000053 ], [ 73.646332227000073, 10.08470286700009 ] ] } },
{ "type": "Feature", "properties": { }, "geometry": { "type": "LineString", "coordinates": [ [ 73.662282748000052, 10.144598700000074 ], [ 73.662201368000069, 10.144517320000091 ], [ 73.660329623000052, 10.142523505000042 ], [ 73.659353061000047, 10.139960028000075 ], [ 73.65788821700005, 10.139064846000053 ], [ 73.65788821700005, 10.139064846000053 ], [ 73.654633009000065, 10.141506252000056 ], [ 73.65560957100007, 10.144761460000041 ], [ 73.65748131600003, 10.145086981000077 ], [ 73.659678582000083, 10.144354559000078 ], [ 73.662282748000052, 10.144598700000074 ] ] } },
{ "type": "Feature", "properties": { }, "geometry": { "type": "LineString", "coordinates": [ [ 72.64975019600007, 10.566839911000045 ], [ 72.64975019600007, 10.566839911000045 ], [ 72.638519727000073, 10.559393622000073 ], [ 72.633067254000082, 10.556545315000051 ], [ 72.627533399000072, 10.554795640000066 ], [ 72.627452019000032, 10.554754950000074 ], [ 72.63209069100003, 10.56000397300005 ], [ 72.648610873000052, 10.573960679000038 ], [ 72.648692254000082, 10.573919989000046 ], [ 72.650563998000052, 10.57257721600007 ], [ 72.650401238000029, 10.571193752000056 ], [ 72.649587436000047, 10.569322007000039 ], [ 72.64975019600007, 10.566880601000037 ], [ 72.64975019600007, 10.566839911000045 ] ] } },
{ "type": "Feature", "properties": { }, "geometry": { "type": "LineString", "coordinates": [ [ 72.548838738000029, 10.779445705000057 ], [ 72.548757358000046, 10.779323635000083 ], [ 72.541188998000052, 10.77289459800005 ], [ 72.540863477000073, 10.776516018000052 ], [ 72.542491082000083, 10.777899481000077 ], [ 72.545420769000032, 10.778306382000039 ], [ 72.548838738000029, 10.779445705000057 ] ] } },
{ "type": "Feature", "properties": { }, "geometry": { "type": "LineString", "coordinates": [ [ 73.671397332000083, 10.829738674000055 ], [ 73.681244337000066, 10.828070380000042 ], [ 73.684418165000068, 10.827541408000059 ], [ 73.676280144000032, 10.824367580000057 ], [ 73.672862175000034, 10.824693101000037 ], [ 73.671885613000029, 10.827093817000048 ], [ 73.671397332000083, 10.829657294000071 ], [ 73.671397332000083, 10.829738674000055 ] ] } },
{ "type": "Feature", "properties": { }, "geometry": { "type": "LineString", "coordinates": [ [ 72.750010613000029, 11.119086005000042 ], [ 72.747569207000083, 11.115423895000049 ], [ 72.746755405000044, 11.11196523600006 ], [ 72.744965040000068, 11.109523830000057 ], [ 72.73951256600003, 11.10883209800005 ], [ 72.73951256600003, 11.113959052000041 ], [ 72.742035352000073, 11.11595286700009 ], [ 72.74577884200005, 11.116888739000046 ], [ 72.750010613000029, 11.119086005000042 ] ] } },
{ "type": "Feature", "properties": { }, "geometry": { "type": "LineString", "coordinates": [ [ 73.013194207000083, 11.502183335000041 ], [ 73.010915561000047, 11.490139065000051 ], [ 73.008799675000034, 11.48468659100007 ], [ 73.005625847000033, 11.479641018000052 ], [ 73.004405144000032, 11.488836981000077 ], [ 73.004405144000032, 11.496486721000053 ], [ 73.00709069100003, 11.501288153000075 ], [ 73.013194207000083, 11.502183335000041 ] ] } },
{ "type": "Feature", "properties": { }, "geometry": { "type": "LineString", "coordinates": [ [ 72.71615644600007, 11.694159247000073 ], [ 72.71607506600003, 11.69407786700009 ], [ 72.70866946700005, 11.689154364000046 ], [ 72.705251498000052, 11.687323309000078 ], [ 72.701101108000046, 11.686428127000056 ], [ 72.700938347000033, 11.686428127000056 ], [ 72.705088738000029, 11.692328192000048 ], [ 72.709239129000082, 11.694159247000073 ], [ 72.71615644600007, 11.694159247000073 ] ] } },
{ "type": "Feature", "properties": { }, "geometry": { "type": "LineString", "coordinates": [ [ 97.46452884200005, 11.782456773000092 ], [ 97.459239129000082, 11.786200262000079 ], [ 97.444346550000034, 11.80023834800005 ], [ 97.462901238000029, 11.799790757000039 ], [ 97.476898634000065, 11.788234768000052 ], [ 97.479665561000047, 11.77798086100006 ], [ 97.46452884200005, 11.782456773000092 ] ] } },
{ "type": "Feature", "properties": { }, "geometry": { "type": "LineString", "coordinates": [ [ 93.872813347000033, 12.268866278000075 ], [ 93.853770379000082, 12.260565497000073 ], [ 93.851898634000065, 12.271551825000074 ], [ 93.86060631600003, 12.281195380000042 ], [ 93.872813347000033, 12.268866278000075 ] ] } },
{ "type": "Feature", "properties": { }, "geometry": { "type": "LineString", "coordinates": [ [ 97.836924675000034, 12.772447007000039 ], [ 97.83529707100007, 12.792792059000078 ], [ 97.841807488000029, 12.805812893000052 ], [ 97.85279381600003, 12.806545315000051 ], [ 97.86459394600007, 12.790228583000044 ], [ 97.868011915000068, 12.774807033000059 ], [ 97.863536004000082, 12.766831773000092 ], [ 97.852549675000034, 12.76626211100006 ], [ 97.836924675000034, 12.772447007000039 ] ] } },
{ "type": "Feature", "properties": { }, "geometry": { "type": "LineString", "coordinates": [ [ 94.28093509200005, 13.443548895000049 ], [ 94.290782097000033, 13.422919012000079 ], [ 94.274912957000026, 13.420314846000053 ], [ 94.261892123000052, 13.429266669000071 ], [ 94.28093509200005, 13.443548895000049 ] ] } },
{ "type": "Feature", "properties": { }, "geometry": { "type": "LineString", "coordinates": [ [ 97.151133660000028, 2.058091539000088 ], [ 97.148448113000029, 2.074164130000042 ], [ 97.142914259000065, 2.092271226000094 ], [ 97.133799675000034, 2.107163804000038 ], [ 97.120127800000034, 2.113348700000074 ], [ 97.100352410000028, 2.111273505000042 ], [ 97.092539910000028, 2.105536200000074 ], [ 97.08725019600007, 2.096869208000044 ], [ 97.07545006600003, 2.086004950000074 ], [ 97.069021030000044, 2.087144273000092 ], [ 97.102305535000028, 2.016058661000045 ], [ 97.115000847000033, 2.014715887000079 ], [ 97.12427819100003, 2.021673895000049 ], [ 97.120127800000034, 2.034857489000046 ], [ 97.123057488000029, 2.039292710000041 ], [ 97.144786004000082, 2.051947333000044 ], [ 97.151133660000028, 2.058091539000088 ] ] } },
{ "type": "Feature", "properties": { }, "geometry": { "type": "LineString", "coordinates": [ [ 96.644053582000026, 2.127020575000074 ], [ 96.627696160000028, 2.129461981000077 ], [ 96.618337436000047, 2.126857815000051 ], [ 96.613291863000029, 2.119126695000091 ], [ 96.609873894000032, 2.106512762000079 ], [ 96.609629754000082, 2.080145575000074 ], [ 96.622894727000073, 2.07062409100007 ], [ 96.643565300000034, 2.074448960000041 ], [ 96.66537519600007, 2.087876695000091 ], [ 96.671722852000073, 2.101996161000045 ], [ 96.668223504000082, 2.113430080000057 ], [ 96.657969597000033, 2.12181224200009 ], [ 96.644053582000026, 2.127020575000074 ] ] } },
{ "type": "Feature", "properties": { }, "geometry": { "type": "LineString", "coordinates": [ [ 97.328623894000032, 2.147528387000079 ], [ 97.323741082000026, 2.169582424000055 ], [ 97.319834832000026, 2.178656317000048 ], [ 97.305837436000047, 2.185370184000078 ], [ 97.281504754000082, 2.208929755000042 ], [ 97.289235873000052, 2.221177476000094 ], [ 97.281260613000029, 2.229071356000077 ], [ 97.264659050000034, 2.232245184000078 ], [ 97.246755405000044, 2.230658270000049 ], [ 97.232920769000032, 2.223822333000044 ], [ 97.220713738000029, 2.21430084800005 ], [ 97.208018425000034, 2.207586981000077 ], [ 97.191579623000052, 2.208929755000042 ], [ 97.182790561000047, 2.226060289000088 ], [ 97.178477410000028, 2.230658270000049 ], [ 97.171722852000073, 2.233099677000041 ], [ 97.167002800000034, 2.233099677000041 ], [ 97.125173373000052, 2.225490627000056 ], [ 97.109385613000029, 2.22016022300005 ], [ 97.10279381600003, 2.212713934000078 ], [ 97.207367384000065, 2.175523179000038 ], [ 97.226817254000082, 2.158026434000078 ], [ 97.233897332000026, 2.147162177000041 ], [ 97.278086785000028, 2.103094794000071 ], [ 97.287852410000028, 2.087469794000071 ], [ 97.29615319100003, 2.069525458000044 ], [ 97.306162957000026, 2.057196356000077 ], [ 97.321787957000026, 2.058091539000088 ], [ 97.320323113000029, 2.049994208000044 ], [ 97.321787957000026, 2.031439520000049 ], [ 97.32935631600003, 2.036322333000044 ], [ 97.33521569100003, 2.042181708000044 ], [ 97.33952884200005, 2.04946523600006 ], [ 97.342295769000032, 2.058091539000088 ], [ 97.34302819100003, 2.083319403000075 ], [ 97.34107506600003, 2.105698960000041 ], [ 97.336273634000065, 2.126654364000046 ], [ 97.328623894000032, 2.147528387000079 ] ] } },
{ "type": "Feature", "properties": { }, "geometry": { "type": "LineString", "coordinates": [ [ 96.479502800000034, 2.414984442000048 ], [ 96.465017123000052, 2.43781159100007 ], [ 96.444102410000028, 2.490383205000057 ], [ 96.424327019000032, 2.510565497000073 ], [ 96.41724694100003, 2.506333726000094 ], [ 96.410655144000032, 2.508937893000052 ], [ 96.396494988000029, 2.52484772300005 ], [ 96.396983269000032, 2.493109442000048 ], [ 96.395274285000028, 2.477362372000073 ], [ 96.390147332000026, 2.469671942000048 ], [ 96.375254754000082, 2.473863023000092 ], [ 96.367849155000044, 2.48969147300005 ], [ 96.363942905000044, 2.508490302000041 ], [ 96.359141472000033, 2.521429755000042 ], [ 96.335948113000029, 2.552150783000059 ], [ 96.321299675000034, 2.566148179000038 ], [ 96.304209832000026, 2.572088934000078 ], [ 96.29070071700005, 2.575181382000039 ], [ 96.257823113000029, 2.591864325000074 ], [ 96.246104363000029, 2.600002346000053 ], [ 96.157969597000033, 2.68040599200009 ], [ 96.143728061000047, 2.678778387000079 ], [ 96.146983269000032, 2.670721747000073 ], [ 96.160899285000028, 2.661200262000079 ], [ 96.164235873000052, 2.65460846600007 ], [ 96.161875847000033, 2.647772528000075 ], [ 96.156260613000029, 2.648423570000091 ], [ 96.147146030000044, 2.65460846600007 ], [ 96.138438347000033, 2.658392645000049 ], [ 96.129730665000068, 2.66478099200009 ], [ 96.118662957000026, 2.666001695000091 ], [ 96.10279381600003, 2.65460846600007 ], [ 96.101817254000082, 2.675441799000055 ], [ 96.130869988000029, 2.715277411000045 ], [ 96.12631269600007, 2.733710028000075 ], [ 96.10678144600007, 2.749660549000055 ], [ 96.090505405000044, 2.757798570000091 ], [ 96.028330925000034, 2.768459377000056 ], [ 96.00326582100007, 2.777004299000055 ], [ 95.98170006600003, 2.790350653000075 ], [ 95.96452884200005, 2.827948309000078 ], [ 95.927744988000029, 2.844549872000073 ], [ 95.91724694100003, 2.860663153000075 ], [ 95.883067254000082, 2.846380927000041 ], [ 95.882985873000052, 2.883937893000052 ], [ 95.890798373000052, 2.889105536000045 ], [ 95.910411004000082, 2.87368398600006 ], [ 95.911875847000033, 2.906236070000091 ], [ 95.88404381600003, 2.919012762000079 ], [ 95.81413821700005, 2.922105210000041 ], [ 95.811045769000032, 2.927435614000046 ], [ 95.801524285000028, 2.937567450000074 ], [ 95.791514519000032, 2.942531643000052 ], [ 95.786875847000033, 2.932684637000079 ], [ 95.784678582000026, 2.924953518000052 ], [ 95.773203972000033, 2.90501536700009 ], [ 95.771820509000065, 2.895453192000048 ], [ 95.766774936000047, 2.878119208000044 ], [ 95.766368035000028, 2.86749909100007 ], [ 95.769867384000065, 2.864894924000055 ], [ 95.77662194100003, 2.860988674000055 ], [ 95.781504754000082, 2.855047919000071 ], [ 95.780039910000028, 2.846380927000041 ], [ 95.768728061000047, 2.840806382000039 ], [ 95.714854363000029, 2.84015534100007 ], [ 95.699554884000065, 2.831773179000038 ], [ 95.69263756600003, 2.81281159100007 ], [ 95.69263756600003, 2.792059637000079 ], [ 95.698008660000028, 2.77875397300005 ], [ 95.71021569100003, 2.777492580000057 ], [ 95.72787519600007, 2.779242255000042 ], [ 95.740082227000073, 2.77806224200009 ], [ 95.73568769600007, 2.76788971600007 ], [ 95.735199415000068, 2.757879950000074 ], [ 95.748789910000028, 2.749904690000051 ], [ 95.761566602000073, 2.739935614000046 ], [ 95.758962436000047, 2.724107164000088 ], [ 95.788910352000073, 2.704006252000056 ], [ 95.79428144600007, 2.696234442000048 ], [ 95.787445509000065, 2.674058335000041 ], [ 95.785329623000052, 2.660589911000045 ], [ 95.790537957000026, 2.65460846600007 ], [ 95.86255944100003, 2.65460846600007 ], [ 95.874766472000033, 2.645819403000075 ], [ 95.877777540000068, 2.637111721000053 ], [ 95.87818444100003, 2.628566799000055 ], [ 95.883067254000082, 2.620428778000075 ], [ 95.892100457000026, 2.615627346000053 ], [ 95.91146894600007, 2.610296942000048 ], [ 95.931407097000033, 2.595607815000051 ], [ 95.939952019000032, 2.59516022300005 ], [ 95.947520379000082, 2.598049221000053 ], [ 95.955088738000029, 2.600002346000053 ], [ 95.958018425000034, 2.602240302000041 ], [ 95.961273634000065, 2.607123114000046 ], [ 95.965098504000082, 2.614243882000039 ], [ 95.97193444100003, 2.612209377000056 ], [ 95.980642123000052, 2.602687893000052 ], [ 95.986094597000033, 2.600002346000053 ], [ 96.01099694100003, 2.600897528000075 ], [ 96.020274285000028, 2.600002346000053 ], [ 96.04265384200005, 2.592027085000041 ], [ 96.06568444100003, 2.579413153000075 ], [ 96.23991946700005, 2.44867584800005 ], [ 96.285166863000029, 2.436428127000056 ], [ 96.306162957000026, 2.405096747000073 ], [ 96.328135613000029, 2.394517320000091 ], [ 96.322601759000065, 2.389797268000052 ], [ 96.312836134000065, 2.378648179000038 ], [ 96.307627800000034, 2.374090887000079 ], [ 96.320811394000032, 2.363470770000049 ], [ 96.334971550000034, 2.355454820000091 ], [ 96.351084832000026, 2.355047919000071 ], [ 96.369639519000032, 2.367254950000074 ], [ 96.41138756600003, 2.343817450000074 ], [ 96.420909050000034, 2.343003648000092 ], [ 96.430674675000034, 2.348781643000052 ], [ 96.465830925000034, 2.359808661000045 ], [ 96.458506707000026, 2.359808661000045 ], [ 96.481211785000028, 2.36399974200009 ], [ 96.481211785000028, 2.378851630000042 ], [ 96.475108269000032, 2.397853908000059 ], [ 96.479502800000034, 2.414984442000048 ] ] } },
{ "type": "Feature", "properties": { }, "geometry": { "type": "LineString", "coordinates": [ [ 95.17741946700005, 5.62836334800005 ], [ 95.155039910000028, 5.656683661000045 ], [ 95.141774936000047, 5.664129950000074 ], [ 95.135752800000034, 5.646307684000078 ], [ 95.129893425000034, 5.640041408000059 ], [ 95.118174675000034, 5.631659247000073 ], [ 95.109141472000033, 5.622015692000048 ], [ 95.111582879000082, 5.611883856000077 ], [ 95.12232506600003, 5.606756903000075 ], [ 95.133799675000034, 5.60618724200009 ], [ 95.145274285000028, 5.60423411700009 ], [ 95.156260613000029, 5.594794012000079 ], [ 95.163259311000047, 5.602443752000056 ], [ 95.171397332000026, 5.607245184000078 ], [ 95.180511915000068, 5.609198309000078 ], [ 95.19109134200005, 5.608465887000079 ], [ 95.17741946700005, 5.62836334800005 ] ] } },
{ "type": "Feature", "properties": { }, "geometry": { "type": "LineString", "coordinates": [ [ 95.115244988000029, 5.711493231000077 ], [ 95.122080925000034, 5.704657294000071 ], [ 95.102305535000028, 5.720200914000088 ], [ 95.080902540000068, 5.74095286700009 ], [ 95.05827884200005, 5.757310289000088 ], [ 95.033946160000028, 5.759914455000057 ], [ 95.023692254000082, 5.754055080000057 ], [ 95.014659050000034, 5.744614976000094 ], [ 95.012705925000034, 5.735825914000088 ], [ 95.02312259200005, 5.732001044000071 ], [ 95.032725457000026, 5.733547268000052 ], [ 95.04037519600007, 5.736029364000046 ], [ 95.048838738000029, 5.736476955000057 ], [ 95.060720248000052, 5.732001044000071 ], [ 95.060720248000052, 5.724554755000042 ], [ 95.048675977000073, 5.718451239000046 ], [ 95.051036004000082, 5.712958075000074 ], [ 95.057139519000032, 5.70734284100007 ], [ 95.057302280000044, 5.700913804000038 ], [ 95.051036004000082, 5.694403387000079 ], [ 95.047862175000034, 5.689642645000049 ], [ 95.050303582000026, 5.686224677000041 ], [ 95.060720248000052, 5.683579820000091 ], [ 95.057139519000032, 5.674750067000048 ], [ 95.056895379000082, 5.669094143000052 ], [ 95.060720248000052, 5.656236070000091 ], [ 95.094737175000034, 5.683579820000091 ], [ 95.122080925000034, 5.669256903000075 ], [ 95.132334832000026, 5.680121161000045 ], [ 95.133311394000032, 5.691310940000051 ], [ 95.126963738000029, 5.702053127000056 ], [ 95.115244988000029, 5.711493231000077 ] ] } },
{ "type": "Feature", "properties": { }, "geometry": { "type": "LineString", "coordinates": [ [ 95.341807488000029, 5.896429755000042 ], [ 95.324961785000028, 5.898016669000071 ], [ 95.314952019000032, 5.887762762000079 ], [ 95.307302280000044, 5.872381903000075 ], [ 95.297129754000082, 5.858587958000044 ], [ 95.283864780000044, 5.857407945000091 ], [ 95.272471550000034, 5.870306708000044 ], [ 95.259287957000026, 5.896429755000042 ], [ 95.247813347000033, 5.905218817000048 ], [ 95.236175977000073, 5.909125067000048 ], [ 95.214610222000033, 5.910101630000042 ], [ 95.213552280000044, 5.902533270000049 ], [ 95.220550977000073, 5.885931708000044 ], [ 95.231455925000034, 5.869289455000057 ], [ 95.252696160000028, 5.854966539000088 ], [ 95.259776238000029, 5.839260158000059 ], [ 95.265879754000082, 5.821112372000073 ], [ 95.272959832000026, 5.807074286000045 ], [ 95.286631707000026, 5.794419664000088 ], [ 95.302744988000029, 5.785711981000077 ], [ 95.320323113000029, 5.780747789000088 ], [ 95.338389519000032, 5.779201565000051 ], [ 95.350433790000068, 5.783636786000045 ], [ 95.355316602000073, 5.795152085000041 ], [ 95.355479363000029, 5.82758209800005 ], [ 95.368662957000026, 5.818304755000042 ], [ 95.372569207000026, 5.813625393000052 ], [ 95.375987175000034, 5.807074286000045 ], [ 95.382823113000029, 5.807074286000045 ], [ 95.382823113000029, 5.841864325000074 ], [ 95.351328972000033, 5.88703034100007 ], [ 95.341807488000029, 5.896429755000042 ] ] } },
{ "type": "Feature", "properties": { }, "geometry": { "type": "LineString", "coordinates": [ [ 93.920258009000065, 7.024318752000056 ], [ 93.912933790000068, 7.035101630000042 ], [ 93.903086785000028, 7.06085846600007 ], [ 93.887054884000065, 7.08930084800005 ], [ 93.883148634000065, 7.104722398000092 ], [ 93.880625847000033, 7.144273179000038 ], [ 93.876719597000033, 7.163560289000088 ], [ 93.87037194100003, 7.180568752000056 ], [ 93.865000847000033, 7.200669664000088 ], [ 93.855316602000073, 7.214178778000075 ], [ 93.830821160000028, 7.235907294000071 ], [ 93.813975457000083, 7.241848049000055 ], [ 93.797618035000028, 7.234605210000041 ], [ 93.772146030000044, 7.211737372000073 ], [ 93.76531009200005, 7.219142971000053 ], [ 93.73991946700005, 7.207098700000074 ], [ 93.734629754000082, 7.205511786000045 ], [ 93.73015384200005, 7.202215887000079 ], [ 93.724619988000029, 7.194973049000055 ], [ 93.717295769000032, 7.187689520000049 ], [ 93.707530144000032, 7.184393622000073 ], [ 93.685394727000073, 7.184515692000048 ], [ 93.676442905000044, 7.181870835000041 ], [ 93.65357506600003, 7.13149648600006 ], [ 93.64966881600003, 7.119614976000094 ], [ 93.649180535000028, 7.013088283000059 ], [ 93.664561394000032, 7.026516018000052 ], [ 93.684336785000028, 7.020900783000059 ], [ 93.703623894000032, 7.006293036000045 ], [ 93.717539910000028, 6.992621161000045 ], [ 93.728770379000082, 6.970526434000078 ], [ 93.737478061000047, 6.943264065000051 ], [ 93.748057488000029, 6.923570054000038 ], [ 93.76531009200005, 6.924302476000094 ], [ 93.764496290000068, 6.911525783000059 ], [ 93.766123894000032, 6.90110911700009 ], [ 93.77076256600003, 6.893866278000075 ], [ 93.779551629000082, 6.890204169000071 ], [ 93.77312259200005, 6.877997137000079 ], [ 93.775726759000065, 6.867377020000049 ], [ 93.783702019000032, 6.857977606000077 ], [ 93.793223504000082, 6.849188544000071 ], [ 93.78443444100003, 6.836411851000094 ], [ 93.792165561000047, 6.825873114000046 ], [ 93.805430535000028, 6.81671784100007 ], [ 93.81373131600003, 6.808294989000046 ], [ 93.813243035000028, 6.788031317000048 ], [ 93.809336785000028, 6.769029039000088 ], [ 93.812673373000052, 6.753973700000074 ], [ 93.834239129000082, 6.74555084800005 ], [ 93.847911004000082, 6.785305080000057 ], [ 93.859385613000029, 6.804266669000071 ], [ 93.871755405000044, 6.804510809000078 ], [ 93.880056186000047, 6.800441799000055 ], [ 93.88990319100003, 6.800970770000049 ], [ 93.898448113000029, 6.804185289000088 ], [ 93.903086785000028, 6.808294989000046 ], [ 93.904144727000073, 6.819240627000056 ], [ 93.899261915000068, 6.827134507000039 ], [ 93.892832879000082, 6.834051825000074 ], [ 93.889414910000028, 6.841782945000091 ], [ 93.893565300000034, 6.876776434000078 ], [ 93.921071811000047, 6.933823960000041 ], [ 93.929860873000052, 6.959051825000074 ], [ 93.928721550000034, 7.01235586100006 ], [ 93.920258009000065, 7.024318752000056 ] ] } },
{ "type": "Feature", "properties": { }, "geometry": { "type": "LineString", "coordinates": [ [ 93.731211785000028, 7.369370835000041 ], [ 93.721690300000034, 7.38117096600007 ], [ 93.709483269000032, 7.388739325000074 ], [ 93.699473504000082, 7.39874909100007 ], [ 93.69695071700005, 7.417792059000078 ], [ 93.69695071700005, 7.445054429000038 ], [ 93.683767123000052, 7.421698309000078 ], [ 93.677989129000082, 7.399400132000039 ], [ 93.66724694100003, 7.382757880000042 ], [ 93.638682488000029, 7.376166083000044 ], [ 93.616709832000083, 7.367254950000074 ], [ 93.610362175000034, 7.347316799000055 ], [ 93.606944207000083, 7.326402085000041 ], [ 93.594004754000082, 7.31476471600007 ], [ 93.610850457000083, 7.294501044000071 ], [ 93.615082227000073, 7.28742096600007 ], [ 93.617442254000082, 7.276068427000041 ], [ 93.616384311000047, 7.267279364000046 ], [ 93.617930535000028, 7.259955145000049 ], [ 93.62818444100003, 7.253322658000059 ], [ 93.64421634200005, 7.257513739000046 ], [ 93.679209832000083, 7.298325914000088 ], [ 93.69695071700005, 7.31476471600007 ], [ 93.715505405000044, 7.325832424000055 ], [ 93.728526238000029, 7.337103583000044 ], [ 93.734385613000029, 7.350816148000092 ], [ 93.731211785000028, 7.369370835000041 ] ] } },
{ "type": "Feature", "properties": { }, "geometry": { "type": "LineString", "coordinates": [ [ 81.738780144000032, 7.66046784100007 ], [ 81.772227410000085, 7.61163971600007 ], [ 81.776377800000034, 7.602728583000044 ], [ 81.787364129000082, 7.593451239000046 ], [ 81.79029381600003, 7.57172272300005 ], [ 81.786143425000034, 7.508775132000039 ], [ 81.785980665000068, 7.506740627000056 ], [ 81.785980665000068, 7.506699937000064 ], [ 81.786713087000066, 7.501776434000078 ], [ 81.787364129000082, 7.49681224200009 ], [ 81.789398634000065, 7.494737046000068 ], [ 81.793711785000085, 7.490220445000091 ], [ 81.807790561000047, 7.479193427000041 ], [ 81.822601759000065, 7.491359768000052 ], [ 81.823252800000034, 7.511297919000071 ], [ 81.823252800000034, 7.511379299000055 ], [ 81.80632571700005, 7.598578192000048 ], [ 81.795095248000052, 7.616278387000079 ], [ 81.77076256600003, 7.654689846000053 ], [ 81.761485222000033, 7.679510809000078 ], [ 81.759287957000083, 7.685288804000038 ], [ 81.750254754000082, 7.698635158000059 ], [ 81.73796634200005, 7.727484442000048 ], [ 81.725108269000032, 7.739935614000046 ], [ 81.725108269000032, 7.739813544000071 ], [ 81.729991082000083, 7.728216864000046 ], [ 81.729991082000083, 7.728176174000055 ], [ 81.728688998000052, 7.718491929000038 ], [ 81.725596550000034, 7.70929596600007 ], [ 81.725108269000032, 7.698919989000046 ], [ 81.728363477000073, 7.689113674000055 ], [ 81.733164910000085, 7.679103908000059 ], [ 81.737071160000085, 7.670965887000079 ], [ 81.738780144000032, 7.66046784100007 ] ] } },
{ "type": "Feature", "properties": { }, "geometry": { "type": "LineString", "coordinates": [ [ 93.429453972000033, 7.955267645000049 ], [ 93.424164259000065, 7.959865627000056 ], [ 93.401215040000068, 7.967962958000044 ], [ 93.396006707000083, 7.976385809000078 ], [ 93.39616946700005, 7.997219143000052 ], [ 93.394786004000082, 8.006740627000056 ], [ 93.391368035000028, 8.015570380000042 ], [ 93.370290561000047, 8.017320054000038 ], [ 93.344411655000044, 8.012111721000053 ], [ 93.322601759000065, 8.002101955000057 ], [ 93.313324415000068, 7.989732164000088 ], [ 93.305023634000065, 7.94993724200009 ], [ 93.306651238000029, 7.938544012000079 ], [ 93.313649936000047, 7.929185289000088 ], [ 93.323008660000028, 7.924383856000077 ], [ 93.332692905000044, 7.924953518000052 ], [ 93.340668165000068, 7.931708075000074 ], [ 93.348155144000032, 7.924872137000079 ], [ 93.34107506600003, 7.912583726000037 ], [ 93.340342644000032, 7.901271877000056 ], [ 93.34498131600003, 7.89134349200009 ], [ 93.354258660000028, 7.883286851000037 ], [ 93.367849155000044, 7.878607489000046 ], [ 93.378428582000083, 7.880764065000051 ], [ 93.389170769000032, 7.885809637000079 ], [ 93.402110222000033, 7.89008209800005 ], [ 93.415049675000034, 7.892238674000055 ], [ 93.42123457100007, 7.891791083000044 ], [ 93.43685957100007, 7.883286851000037 ], [ 93.447927280000044, 7.87140534100007 ], [ 93.45443769600007, 7.869289455000057 ], [ 93.457367384000065, 7.880194403000075 ], [ 93.460459832000083, 7.89984772300005 ], [ 93.459808790000068, 7.91079336100006 ], [ 93.433116082000083, 7.954291083000044 ], [ 93.429453972000033, 7.955267645000049 ] ] } },
{ "type": "Feature", "properties": { }, "geometry": { "type": "LineString", "coordinates": [ [ 93.565928582000083, 7.999335028000075 ], [ 93.558604363000029, 8.013617255000042 ], [ 93.548350457000083, 8.020086981000077 ], [ 93.54029381600003, 8.016180731000077 ], [ 93.539317254000082, 7.999335028000075 ], [ 93.52076256600003, 8.004380601000037 ], [ 93.511485222000033, 7.995510158000059 ], [ 93.510752800000034, 7.980169989000046 ], [ 93.518321160000028, 7.965806382000039 ], [ 93.573985222000033, 7.924872137000079 ], [ 93.574229363000029, 7.968817450000074 ], [ 93.570323113000029, 7.98899974200009 ], [ 93.565928582000083, 7.999335028000075 ] ] } },
{ "type": "Feature", "properties": { }, "geometry": { "type": "LineString", "coordinates": [ [ 93.531911655000044, 8.034735419000071 ], [ 93.537364129000082, 8.047796942000048 ], [ 93.537608269000032, 8.057318427000041 ], [ 93.525157097000033, 8.095038153000075 ], [ 93.508555535000028, 8.128810940000051 ], [ 93.50521894600007, 8.147040106000077 ], [ 93.510508660000028, 8.166571356000077 ], [ 93.521494988000029, 8.179103908000059 ], [ 93.531016472000033, 8.193752346000053 ], [ 93.531667514000048, 8.21320221600007 ], [ 93.523448113000029, 8.225816148000092 ], [ 93.504649285000028, 8.226996161000045 ], [ 93.485850457000083, 8.220119533000059 ], [ 93.477305535000028, 8.209133205000057 ], [ 93.473643425000034, 8.198187567000048 ], [ 93.465098504000082, 8.183294989000046 ], [ 93.454844597000033, 8.170111395000049 ], [ 93.44654381600003, 8.164496161000045 ], [ 93.44662519600007, 8.154364325000074 ], [ 93.457367384000065, 8.089992580000057 ], [ 93.466319207000083, 8.074408270000049 ], [ 93.47974694100003, 8.06321849200009 ], [ 93.492198113000029, 8.063625393000052 ], [ 93.497813347000033, 8.082505601000037 ], [ 93.511485222000033, 8.07485586100006 ], [ 93.51693769600007, 8.063299872000073 ], [ 93.514821811000047, 8.056219794000071 ], [ 93.50521894600007, 8.061997789000088 ], [ 93.497813347000033, 8.061997789000088 ], [ 93.495616082000083, 8.049383856000077 ], [ 93.488536004000082, 8.04437897300005 ], [ 93.480804884000065, 8.040513414000088 ], [ 93.477305535000028, 8.030991929000038 ], [ 93.479258660000028, 8.002915757000039 ], [ 93.484385613000029, 7.991888739000046 ], [ 93.494965040000068, 7.996283270000049 ], [ 93.509776238000029, 8.018540757000039 ], [ 93.511973504000082, 8.02415599200009 ], [ 93.51490319100003, 8.02765534100007 ], [ 93.528005405000044, 8.032416083000044 ], [ 93.531911655000044, 8.034735419000071 ] ] } },
{ "type": "Feature", "properties": { }, "geometry": { "type": "LineString", "coordinates": [ [ 73.077159050000034, 8.315252997000073 ], [ 73.073008660000085, 8.295396226000037 ], [ 73.063161655000044, 8.279486395000049 ], [ 73.048350457000083, 8.267564195000091 ], [ 73.029307488000029, 8.259995835000041 ], [ 73.02898196700005, 8.263413804000038 ], [ 73.029307488000029, 8.274115302000041 ], [ 73.029307488000029, 8.274318752000056 ], [ 73.029307488000029, 8.274359442000048 ], [ 73.022471550000034, 8.274359442000048 ], [ 73.024099155000044, 8.255438544000071 ], [ 73.032725457000083, 8.249497789000088 ], [ 73.044688347000033, 8.252427476000037 ], [ 73.056651238000029, 8.259995835000041 ], [ 73.06609134200005, 8.270453192000048 ], [ 73.083994988000029, 8.30845774900007 ], [ 73.083994988000029, 8.308498440000051 ], [ 73.083018425000034, 8.311672268000052 ], [ 73.083018425000034, 8.314357815000051 ], [ 73.081797722000033, 8.315822658000059 ], [ 73.077159050000034, 8.315252997000073 ] ] } },
{ "type": "Feature", "properties": { }, "geometry": { "type": "LineString", "coordinates": [ [ 93.134532097000033, 8.240179755000042 ], [ 93.114105665000068, 8.256415106000077 ], [ 93.104014519000032, 8.275580145000049 ], [ 93.100759311000047, 8.299261786000045 ], [ 93.101410352000073, 8.345770575000074 ], [ 93.09506269600007, 8.355169989000046 ], [ 93.083750847000033, 8.355902411000045 ], [ 93.069834832000083, 8.346625067000048 ], [ 93.064300977000073, 8.336127020000049 ], [ 93.061289910000028, 8.320746161000045 ], [ 93.059580925000034, 8.291408596000053 ], [ 93.06576582100007, 8.268133856000077 ], [ 93.081553582000083, 8.242377020000049 ], [ 93.102549675000034, 8.221502997000073 ], [ 93.12468509200005, 8.212876695000091 ], [ 93.153493686000047, 8.205511786000045 ], [ 93.16732832100007, 8.20453522300005 ], [ 93.176280144000032, 8.212876695000091 ], [ 93.173024936000047, 8.221258856000077 ], [ 93.160817905000044, 8.228745835000041 ], [ 93.134532097000033, 8.240179755000042 ] ] } },
{ "type": "Feature", "properties": { }, "geometry": { "type": "LineString", "coordinates": [ [ 93.607676629000082, 8.548041083000044 ], [ 93.607676629000082, 8.569159247000073 ], [ 93.59498131600003, 8.558010158000059 ], [ 93.595550977000073, 8.54173411700009 ], [ 93.607676629000082, 8.507066148000092 ], [ 93.60710696700005, 8.490790106000077 ], [ 93.600352410000028, 8.450344143000052 ], [ 93.601410352000073, 8.438177802000041 ], [ 93.609711134000065, 8.438421942000048 ], [ 93.618337436000047, 8.453924872000073 ], [ 93.625173373000052, 8.473618882000039 ], [ 93.62818444100003, 8.486558335000041 ], [ 93.626800977000073, 8.505845445000091 ], [ 93.621755405000044, 8.520086981000077 ], [ 93.607676629000082, 8.548041083000044 ] ] } },
{ "type": "Feature", "properties": { }, "geometry": { "type": "LineString", "coordinates": [ [ 79.71412194100003, 9.07562897300005 ], [ 79.73601321700005, 9.073228257000039 ], [ 79.743988477000073, 9.071071682000081 ], [ 79.758962436000047, 9.06704336100006 ], [ 79.779388868000069, 9.058010158000059 ], [ 79.799815300000034, 9.048976955000057 ], [ 79.840993686000047, 9.012600002000056 ], [ 79.851328972000033, 9.007391669000071 ], [ 79.859385613000029, 9.001206773000092 ], [ 79.870127800000034, 8.988185940000051 ], [ 79.885752800000034, 8.976223049000055 ], [ 79.909678582000083, 8.973211981000077 ], [ 79.900726759000065, 8.989081122000073 ], [ 79.880300326000054, 9.012193101000037 ], [ 79.854340040000068, 9.041489976000037 ], [ 79.871267123000052, 9.038560289000088 ], [ 79.90007571700005, 9.024400132000039 ], [ 79.916433139000048, 9.02102285400008 ], [ 79.916514519000032, 9.020982164000088 ], [ 79.882334832000083, 9.053778387000079 ], [ 79.841644727000073, 9.077215887000079 ], [ 79.799001498000052, 9.093329169000071 ], [ 79.77857506600003, 9.098537502000056 ], [ 79.758799675000034, 9.103583075000074 ], [ 79.71412194100003, 9.103583075000074 ], [ 79.701182488000029, 9.099188544000071 ], [ 79.698008660000085, 9.089585679000038 ], [ 79.698008660000085, 9.089585679000038 ], [ 79.702972852000073, 9.079982815000051 ], [ 79.71412194100003, 9.07562897300005 ] ] } },
{ "type": "Feature", "properties": { }, "geometry": { "type": "LineString", "coordinates": [ [ 92.811373272000083, 9.231169962000081 ], [ 92.795271686000035, 9.24081809200004 ], [ 92.77271569100003, 9.25922272300005 ], [ 92.76303144600007, 9.264146226000037 ], [ 92.750987175000034, 9.261216539000088 ], [ 92.754405144000032, 9.24445221600007 ], [ 92.745127800000034, 9.229071356000077 ], [ 92.729258660000028, 9.217840887000079 ], [ 92.713877800000034, 9.213446356000077 ], [ 92.708506707000083, 9.201605536000045 ], [ 92.711680535000028, 9.175116278000075 ], [ 92.720225457000083, 9.14712148600006 ], [ 92.731211785000028, 9.130845445000091 ], [ 92.79956466200008, 9.110154001000069 ], [ 92.831981323000036, 9.145025417000056 ], [ 92.833849294000061, 9.202359329000046 ], [ 92.811373272000083, 9.231169962000081 ] ] } },
{ "type": "Feature", "properties": { }, "geometry": { "type": "LineString", "coordinates": [ [ 79.730804884000065, 9.500189520000049 ], [ 79.719248894000032, 9.524359442000048 ], [ 79.71412194100003, 9.52806224200009 ], [ 79.693532748000052, 9.52960846600007 ], [ 79.676280144000032, 9.534979559000078 ], [ 79.672129754000082, 9.545599677000041 ], [ 79.66529381600003, 9.554022528000075 ], [ 79.658702019000032, 9.555365302000041 ], [ 79.655772332000083, 9.544867255000042 ], [ 79.655772332000083, 9.503892320000091 ], [ 79.666026238000029, 9.491278387000079 ], [ 79.689463738000029, 9.483587958000044 ], [ 79.714691602000073, 9.485052802000041 ], [ 79.722829623000052, 9.492621161000045 ], [ 79.730804884000065, 9.500148830000057 ], [ 79.730804884000065, 9.500189520000049 ] ] } },
{ "type": "Feature", "properties": { }, "geometry": { "type": "LineString", "coordinates": [ [ 79.89584394600007, 9.61749909100007 ], [ 79.895925326000054, 9.61749909100007 ], [ 79.908539259000065, 9.618963934000078 ], [ 79.926524285000085, 9.629461981000077 ], [ 79.933604363000029, 9.627752997000073 ], [ 79.943614129000082, 9.621527411000045 ], [ 79.957774285000085, 9.617173570000091 ], [ 79.970957879000082, 9.617254950000074 ], [ 79.97787519600007, 9.624335028000075 ], [ 79.974457227000073, 9.63149648600006 ], [ 79.973399285000085, 9.633775132000039 ], [ 79.960459832000083, 9.641058661000045 ], [ 79.94499759200005, 9.647609768000052 ], [ 79.933604363000029, 9.654730536000045 ], [ 79.931162957000083, 9.660956122000073 ], [ 79.929698113000029, 9.675970770000049 ], [ 79.926442905000044, 9.678941148000092 ], [ 79.907074415000068, 9.677883205000057 ], [ 79.902842644000032, 9.678941148000092 ], [ 79.899261915000068, 9.683010158000059 ], [ 79.894704623000052, 9.688177802000041 ], [ 79.891286655000044, 9.696112372000073 ], [ 79.890391472000033, 9.698309637000079 ], [ 79.89031009200005, 9.698960679000038 ], [ 79.888845248000052, 9.709906317000048 ], [ 79.888438347000033, 9.723618882000039 ], [ 79.891123894000032, 9.737209377000056 ], [ 79.895030144000032, 9.748968817000048 ], [ 79.894053582000083, 9.757391669000071 ], [ 79.89389082100007, 9.757432359000063 ], [ 79.882334832000083, 9.760891018000052 ], [ 79.860524936000047, 9.756252346000053 ], [ 79.854258660000085, 9.738470770000049 ], [ 79.851735873000052, 9.716538804000038 ], [ 79.840668165000068, 9.699408270000049 ], [ 79.86491946700005, 9.651516018000052 ], [ 79.880381707000083, 9.628607489000046 ], [ 79.89584394600007, 9.61749909100007 ] ] } },
{ "type": "Feature", "properties": { }, "geometry": { "type": "LineString", "coordinates": [ [ 97.91146894600007, 10.494533596000053 ], [ 97.896250847000033, 10.487534898000092 ], [ 97.893402540000068, 10.470770575000074 ], [ 97.89779707100007, 10.452093817000048 ], [ 97.904063347000033, 10.439276434000078 ], [ 97.889414910000028, 10.419989325000074 ], [ 97.89380944100003, 10.405991929000038 ], [ 97.910166863000029, 10.401922919000071 ], [ 97.931895379000082, 10.412014065000051 ], [ 97.926931186000047, 10.417181708000044 ], [ 97.917735222000033, 10.43305084800005 ], [ 97.926768425000034, 10.432033596000053 ], [ 97.933360222000033, 10.433742580000057 ], [ 97.938487175000034, 10.43781159100007 ], [ 97.943532748000052, 10.443793036000045 ], [ 97.935313347000033, 10.461167710000041 ], [ 97.930674675000034, 10.468166408000059 ], [ 97.92505944100003, 10.47406647300005 ], [ 97.919444207000026, 10.473089911000045 ], [ 97.908702019000032, 10.473456122000073 ], [ 97.902598504000082, 10.479315497000073 ], [ 97.91146894600007, 10.494533596000053 ] ] } },
{ "type": "Feature", "properties": { }, "geometry": { "type": "LineString", "coordinates": [ [ 92.585091711000075, 10.771268527000075 ], [ 92.582116255000074, 10.790261387000044 ], [ 92.56798145700003, 10.815300556000068 ], [ 92.565059531000031, 10.849308437000047 ], [ 92.548879771000031, 10.874373390000073 ], [ 92.527591740000048, 10.89546557400007 ], [ 92.482796306000068, 10.885621584000091 ], [ 92.42896569100003, 10.850816148000092 ], [ 92.422597928000073, 10.822836242000051 ], [ 92.41541966300008, 10.79886279100009 ], [ 92.40726464100004, 10.789890639000077 ], [ 92.385878262000062, 10.781981174000066 ], [ 92.376721443000065, 10.784019970000088 ], [ 92.375680467000052, 10.775030574000084 ], [ 92.378670643000078, 10.750037311000085 ], [ 92.378585862000079, 10.718070586000067 ], [ 92.379486138000061, 10.672121597000057 ], [ 92.390674252000053, 10.663085336000051 ], [ 92.408916971000053, 10.647054595000043 ], [ 92.417003414000078, 10.629058572000076 ], [ 92.413855186000035, 10.606117140000038 ], [ 92.402556538000056, 10.575206237000089 ], [ 92.378057106000028, 10.541328843000088 ], [ 92.384110723000049, 10.529328010000086 ], [ 92.406466135000073, 10.529265955000085 ], [ 92.421787934000065, 10.546203260000084 ], [ 92.444139153000037, 10.545142522000049 ], [ 92.463371930000051, 10.531103139000038 ], [ 92.479557701000033, 10.516073275000053 ], [ 92.513027076000071, 10.507968928000082 ], [ 92.53542331400007, 10.524860951000051 ], [ 92.546675349000054, 10.547781204000046 ], [ 92.574213073000067, 10.580623724000077 ], [ 92.555964032000077, 10.588675204000083 ], [ 92.54175975000004, 10.591720078000037 ], [ 92.539835118000042, 10.620669338000084 ], [ 92.551055524000049, 10.634602821000044 ], [ 92.561240165000072, 10.642554828000073 ], [ 92.574491581000075, 10.655484179000041 ], [ 92.595907641000053, 10.678363602000047 ], [ 92.59805874400007, 10.709302238000078 ], [ 92.586986317000083, 10.736294028000088 ], [ 92.585091711000075, 10.771268527000075 ] ] } },
{ "type": "Feature", "properties": { }, "geometry": { "type": "LineString", "coordinates": [ [ 97.890391472000033, 10.884955145000049 ], [ 97.894541863000029, 10.873968817000048 ], [ 97.894541863000029, 10.864243882000039 ], [ 97.890635613000029, 10.854722398000092 ], [ 97.883555535000028, 10.844549872000073 ], [ 97.909190300000034, 10.857245184000078 ], [ 97.927744988000029, 10.871975002000056 ], [ 97.941254102000073, 10.891546942000048 ], [ 97.951833530000044, 10.919094143000052 ], [ 97.931976759000065, 10.924058335000041 ], [ 97.911957227000073, 10.924261786000045 ], [ 97.896332227000073, 10.913275458000044 ], [ 97.890391472000033, 10.884955145000049 ] ] } },
{ "type": "Feature", "properties": { }, "geometry": { "type": "LineString", "coordinates": [ [ 92.676524285000028, 11.412543036000045 ], [ 92.679698113000029, 11.429388739000046 ], [ 92.689707879000082, 11.442531643000052 ], [ 92.696299675000034, 11.454413153000075 ], [ 92.689707879000082, 11.467759507000039 ], [ 92.67505944100003, 11.490423895000049 ], [ 92.654144727000073, 11.50812409100007 ], [ 92.635590040000068, 11.508042710000041 ], [ 92.627614780000044, 11.477362372000073 ], [ 92.635264519000032, 11.447007554000038 ], [ 92.637217644000032, 11.430161851000037 ], [ 92.631195509000065, 11.416245835000041 ], [ 92.623871290000068, 11.412502346000053 ], [ 92.608164910000028, 11.411322333000044 ], [ 92.60084069100003, 11.406317450000074 ], [ 92.59896894600007, 11.401312567000048 ], [ 92.593516472000033, 11.37836334800005 ], [ 92.603770379000082, 11.37250397300005 ], [ 92.610850457000083, 11.366156317000048 ], [ 92.619639519000032, 11.360744533000059 ], [ 92.635020379000082, 11.357896226000037 ], [ 92.646006707000083, 11.359076239000046 ], [ 92.67318769600007, 11.367336330000057 ], [ 92.682790561000047, 11.371527411000045 ], [ 92.699880405000044, 11.384426174000055 ], [ 92.696787957000083, 11.391791083000044 ], [ 92.685069207000083, 11.399359442000048 ], [ 92.676524285000028, 11.412543036000045 ] ] } },
{ "type": "Feature", "properties": { }, "geometry": { "type": "LineString", "coordinates": [ [ 92.266774936000047, 11.589544989000046 ], [ 92.254893425000034, 11.593817450000074 ], [ 92.228688998000052, 11.597723700000074 ], [ 92.217295769000032, 11.598089911000045 ], [ 92.217295769000032, 11.59125397300005 ], [ 92.230235222000033, 11.577337958000044 ], [ 92.234548373000052, 11.540350653000075 ], [ 92.252126498000052, 11.529242255000042 ], [ 92.273203972000033, 11.531073309000078 ], [ 92.285004102000073, 11.544012762000079 ], [ 92.286875847000033, 11.563177802000041 ], [ 92.278086785000028, 11.583807684000078 ], [ 92.266774936000047, 11.589544989000046 ] ] } },
{ "type": "Feature", "properties": { }, "geometry": { "type": "LineString", "coordinates": [ [ 98.055430535000028, 11.701117255000042 ], [ 98.06568444100003, 11.706366278000075 ], [ 98.074717644000032, 11.713364976000037 ], [ 98.080739780000044, 11.722642320000091 ], [ 98.082286004000082, 11.73468659100007 ], [ 98.05795332100007, 11.729071356000077 ], [ 98.05241946700005, 11.749416408000059 ], [ 98.052256707000026, 11.77602773600006 ], [ 98.044932488000029, 11.789252020000049 ], [ 98.019297722000033, 11.810492255000042 ], [ 98.013926629000082, 11.816595770000049 ], [ 98.011973504000082, 11.827378648000092 ], [ 98.013926629000082, 11.864976304000038 ], [ 97.999766472000033, 11.841782945000091 ], [ 98.011892123000052, 11.787258205000057 ], [ 98.00709069100003, 11.761948960000041 ], [ 98.022471550000034, 11.755804755000042 ], [ 98.02857506600003, 11.737005927000041 ], [ 98.028330925000034, 11.717189846000053 ], [ 98.024424675000034, 11.707953192000048 ], [ 98.011729363000029, 11.704738674000055 ], [ 98.016612175000034, 11.697495835000041 ], [ 98.034353061000047, 11.686835028000075 ], [ 98.049327019000032, 11.66469961100006 ], [ 98.055430535000028, 11.659572658000059 ], [ 98.057383660000028, 11.653143622000073 ], [ 98.065114780000044, 11.646389065000051 ], [ 98.089610222000033, 11.63226959800005 ], [ 98.08529707100007, 11.644924221000053 ], [ 98.079112175000034, 11.653794664000088 ], [ 98.061696811000047, 11.673244533000059 ], [ 98.067556186000047, 11.682928778000075 ], [ 98.06771894600007, 11.691066799000055 ], [ 98.063487175000034, 11.697251695000091 ], [ 98.055430535000028, 11.701117255000042 ] ] } },
{ "type": "Feature", "properties": { }, "geometry": { "type": "LineString", "coordinates": [ [ 97.664398634000065, 11.905951239000046 ], [ 97.643565300000034, 11.880357164000088 ], [ 97.642832879000082, 11.867661851000037 ], [ 97.650889519000032, 11.844549872000073 ], [ 97.667735222000033, 11.838283596000053 ], [ 97.671885613000029, 11.837713934000078 ], [ 97.666677280000044, 11.863430080000057 ], [ 97.668223504000082, 11.868109442000048 ], [ 97.676280144000032, 11.877834377000056 ], [ 97.678477410000028, 11.887884833000044 ], [ 97.674489780000044, 11.897447007000039 ], [ 97.664398634000065, 11.905951239000046 ] ] } },
{ "type": "Feature", "properties": { }, "geometry": { "type": "LineString", "coordinates": [ [ 93.042491082000083, 11.961167710000041 ], [ 93.04037519600007, 11.96906159100007 ], [ 93.018565300000034, 12.015814520000049 ], [ 93.025401238000029, 12.03156159100007 ], [ 93.014659050000034, 12.037176825000074 ], [ 92.980723504000082, 12.036322333000044 ], [ 92.972178582000083, 12.027736721000053 ], [ 92.957204623000052, 12.008693752000056 ], [ 92.947032097000033, 11.98969147300005 ], [ 92.953135613000029, 11.98110586100006 ], [ 92.967539910000028, 11.978583075000074 ], [ 92.974457227000073, 11.972235419000071 ], [ 92.980235222000033, 11.963690497000073 ], [ 92.990570509000065, 11.954413153000075 ], [ 93.00131269600007, 11.949204820000091 ], [ 93.015391472000033, 11.945990302000041 ], [ 93.024912957000083, 11.940130927000041 ], [ 93.026540561000047, 11.931626695000091 ], [ 93.035411004000082, 11.911932684000078 ], [ 93.049327019000032, 11.896144924000055 ], [ 93.066416863000029, 11.899115302000041 ], [ 93.048675977000073, 11.952785549000055 ], [ 93.042491082000083, 11.961167710000041 ] ] } },
{ "type": "Feature", "properties": { }, "geometry": { "type": "LineString", "coordinates": [ [ 93.103282097000033, 12.190497137000079 ], [ 93.098480665000068, 12.199408270000049 ], [ 93.09107506600003, 12.204250393000052 ], [ 93.082041863000029, 12.204779364000046 ], [ 93.073252800000034, 12.200832424000055 ], [ 93.066254102000073, 12.189846096000053 ], [ 93.061534050000034, 12.172308661000045 ], [ 93.059336785000028, 12.153550523000092 ], [ 93.059580925000034, 12.138739325000074 ], [ 93.064300977000073, 12.127142645000049 ], [ 93.074229363000029, 12.110337632000039 ], [ 93.085459832000083, 12.095851955000057 ], [ 93.094248894000032, 12.090969143000052 ], [ 93.103282097000033, 12.102036851000037 ], [ 93.102305535000028, 12.119533596000053 ], [ 93.09498131600003, 12.151760158000059 ], [ 93.096202019000032, 12.158758856000077 ], [ 93.103282097000033, 12.180080471000053 ], [ 93.103851759000065, 12.185288804000038 ], [ 93.103770379000082, 12.187933661000045 ], [ 93.103282097000033, 12.190497137000079 ] ] } },
{ "type": "Feature", "properties": { }, "geometry": { "type": "LineString", "coordinates": [ [ 98.065277540000068, 12.365301825000074 ], [ 98.074717644000032, 12.363511460000041 ], [ 98.081553582000026, 12.360581773000092 ], [ 98.087738477000073, 12.360052802000041 ], [ 98.096446160000028, 12.365301825000074 ], [ 98.104502800000034, 12.383042710000041 ], [ 98.10124759200005, 12.404771226000037 ], [ 98.090586785000028, 12.422308661000045 ], [ 98.075938347000033, 12.427394924000055 ], [ 98.072520379000082, 12.421210028000075 ], [ 98.069346550000034, 12.409369208000044 ], [ 98.063649936000047, 12.397772528000075 ], [ 98.045583530000044, 12.389064846000053 ], [ 98.04224694100003, 12.380275783000059 ], [ 98.041351759000065, 12.369126695000091 ], [ 98.041758660000028, 12.358465887000079 ], [ 98.03248131600003, 12.360541083000044 ], [ 98.027110222000033, 12.361029364000046 ], [ 98.013926629000082, 12.358465887000079 ], [ 98.005381707000026, 12.367336330000057 ], [ 98.00359134200005, 12.373724677000041 ], [ 98.007823113000029, 12.380113023000092 ], [ 98.017588738000029, 12.389146226000037 ], [ 98.023448113000029, 12.39874909100007 ], [ 98.017832879000082, 12.40265534100007 ], [ 98.007009311000047, 12.401597398000092 ], [ 97.975759311000047, 12.383856512000079 ], [ 97.954600457000026, 12.377752997000073 ], [ 97.939952019000032, 12.366278387000079 ], [ 97.938161655000044, 12.337958075000074 ], [ 97.945567254000082, 12.337958075000074 ], [ 97.948985222000033, 12.344305731000077 ], [ 97.952972852000073, 12.348944403000075 ], [ 97.96607506600003, 12.358465887000079 ], [ 97.971039259000065, 12.344875393000052 ], [ 97.960948113000029, 12.334377346000053 ], [ 97.948415561000047, 12.323797919000071 ], [ 97.945567254000082, 12.310044664000088 ], [ 97.955088738000029, 12.305487372000073 ], [ 97.969493035000028, 12.30805084800005 ], [ 97.982432488000029, 12.306382554000038 ], [ 97.986582879000082, 12.289536851000037 ], [ 97.990977410000028, 12.286525783000059 ], [ 98.000254754000082, 12.269029039000088 ], [ 98.008311394000032, 12.304388739000046 ], [ 98.010508660000028, 12.310044664000088 ], [ 98.01889082100007, 12.311672268000052 ], [ 98.029470248000052, 12.315985419000071 ], [ 98.039561394000032, 12.322495835000041 ], [ 98.048024936000047, 12.330511786000045 ], [ 98.064463738000029, 12.359808661000045 ], [ 98.065277540000068, 12.365301825000074 ] ] } },
{ "type": "Feature", "properties": { }, "geometry": { "type": "LineString", "coordinates": [ [ 97.822764519000032, 12.587469794000071 ], [ 97.825694207000026, 12.578599351000037 ], [ 97.831065300000034, 12.574204820000091 ], [ 97.833994988000029, 12.570746161000045 ], [ 97.82943769600007, 12.564520575000074 ], [ 97.82943769600007, 12.557074286000045 ], [ 97.835459832000026, 12.55805084800005 ], [ 97.839040561000047, 12.558010158000059 ], [ 97.840830925000034, 12.556870835000041 ], [ 97.842539910000028, 12.55023834800005 ], [ 97.845225457000026, 12.546779690000051 ], [ 97.847829623000052, 12.544419664000088 ], [ 97.849619988000029, 12.541815497000073 ], [ 97.849945509000065, 12.537258205000057 ], [ 97.861827019000032, 12.559800523000092 ], [ 97.860524936000047, 12.570013739000046 ], [ 97.854014519000032, 12.578192450000074 ], [ 97.849945509000065, 12.594631252000056 ], [ 97.845713738000029, 12.59796784100007 ], [ 97.836273634000065, 12.595404364000046 ], [ 97.826996290000068, 12.590725002000056 ], [ 97.822764519000032, 12.587469794000071 ] ] } },
{ "type": "Feature", "properties": { }, "geometry": { "type": "LineString", "coordinates": [ [ 92.733083530000044, 12.972479559000078 ], [ 92.730723504000082, 12.977484442000048 ], [ 92.727061394000032, 12.982001044000071 ], [ 92.722504102000073, 12.98578522300005 ], [ 92.716970248000052, 12.988470770000049 ], [ 92.70834394600007, 12.988674221000053 ], [ 92.70240319100003, 12.98305898600006 ], [ 92.695078972000033, 12.973456122000073 ], [ 92.682790561000047, 12.961737372000073 ], [ 92.68490644600007, 12.945054429000038 ], [ 92.677744988000029, 12.890366929000038 ], [ 92.672862175000034, 12.878607489000046 ], [ 92.670258009000065, 12.867661851000037 ], [ 92.682790561000047, 12.797308661000045 ], [ 92.69467207100007, 12.803778387000079 ], [ 92.69654381600003, 12.813299872000073 ], [ 92.695078972000033, 12.825100002000056 ], [ 92.697113477000073, 12.83820221600007 ], [ 92.701508009000065, 12.844427802000041 ], [ 92.717621290000068, 12.862209377000056 ], [ 92.724375847000033, 12.872381903000075 ], [ 92.729991082000083, 12.895209052000041 ], [ 92.732188347000033, 12.945705471000053 ], [ 92.737478061000047, 12.961737372000073 ], [ 92.733083530000044, 12.972479559000078 ] ] } },
{ "type": "Feature", "properties": { }, "geometry": { "type": "LineString", "coordinates": [ [ 93.052744988000029, 13.283880927000041 ], [ 93.035655144000032, 13.30695221600007 ], [ 93.025563998000052, 13.316148179000038 ], [ 93.004567905000044, 13.311835028000075 ], [ 92.990489129000082, 13.31781647300005 ], [ 92.979340040000068, 13.329779364000046 ], [ 92.977061394000032, 13.345363674000055 ], [ 92.984385613000029, 13.356431382000039 ], [ 92.995127800000034, 13.357367255000042 ], [ 93.003672722000033, 13.348618882000039 ], [ 93.004242384000065, 13.331040757000039 ], [ 93.017344597000033, 13.34048086100006 ], [ 93.033457879000082, 13.348578192000048 ], [ 93.046885613000029, 13.357407945000091 ], [ 93.052744988000029, 13.368882554000038 ], [ 93.05787194100003, 13.382879950000074 ], [ 93.078379754000082, 13.39712148600006 ], [ 93.080088738000029, 13.413031317000048 ], [ 93.07545006600003, 13.411118882000039 ], [ 93.06413821700005, 13.408636786000045 ], [ 93.059580925000034, 13.406805731000077 ], [ 93.053721550000034, 13.47142161700009 ], [ 93.055023634000065, 13.503078518000052 ], [ 93.066416863000029, 13.537095445000091 ], [ 93.049978061000047, 13.566392320000091 ], [ 93.042491082000083, 13.571234442000048 ], [ 93.031586134000065, 13.56907786700009 ], [ 93.02279707100007, 13.566107489000046 ], [ 93.016286655000044, 13.567368882000039 ], [ 93.011729363000029, 13.578111070000091 ], [ 93.006521030000044, 13.568793036000045 ], [ 93.004567905000044, 13.562201239000046 ], [ 93.006114129000082, 13.556626695000091 ], [ 93.011729363000029, 13.550767320000091 ], [ 93.00318444100003, 13.547064520000049 ], [ 92.99732506600003, 13.546698309000078 ], [ 92.991709832000083, 13.550034898000092 ], [ 92.984385613000029, 13.557603257000039 ], [ 92.977224155000044, 13.553778387000079 ], [ 92.958506707000083, 13.55023834800005 ], [ 92.949717644000032, 13.544623114000046 ], [ 92.945485873000052, 13.536932684000078 ], [ 92.945485873000052, 13.519720770000049 ], [ 92.942881707000083, 13.50922272300005 ], [ 92.937998894000032, 13.501369533000059 ], [ 92.915537957000083, 13.475734768000052 ], [ 92.903330925000034, 13.467759507000039 ], [ 92.901866082000083, 13.468247789000088 ], [ 92.895030144000032, 13.454575914000088 ], [ 92.894541863000029, 13.447251695000091 ], [ 92.895681186000047, 13.422837632000039 ], [ 92.895030144000032, 13.413031317000048 ], [ 92.891368035000028, 13.400946356000077 ], [ 92.886892123000052, 13.393459377000056 ], [ 92.847422722000033, 13.344916083000044 ], [ 92.84115644600007, 13.324896552000041 ], [ 92.854177280000044, 13.310614325000074 ], [ 92.854177280000044, 13.304388739000046 ], [ 92.849864129000082, 13.289007880000042 ], [ 92.863942905000044, 13.244696356000077 ], [ 92.864024285000028, 13.235500393000052 ], [ 92.842784050000034, 13.226996161000045 ], [ 92.842051629000082, 13.20774974200009 ], [ 92.844737175000034, 13.186997789000088 ], [ 92.83366946700005, 13.174017645000049 ], [ 92.837657097000033, 13.167059637000079 ], [ 92.851084832000083, 13.152044989000046 ], [ 92.854177280000044, 13.146063544000071 ], [ 92.853037957000083, 13.142726955000057 ], [ 92.848399285000028, 13.136704820000091 ], [ 92.829600457000083, 13.103461005000042 ], [ 92.809255405000044, 13.044745184000078 ], [ 92.80795332100007, 13.020086981000077 ], [ 92.830251498000052, 13.009507554000038 ], [ 92.834727410000028, 13.002020575000074 ], [ 92.828135613000029, 12.985174872000073 ], [ 92.813243035000028, 12.958075262000079 ], [ 92.813243035000028, 12.906480210000041 ], [ 92.809336785000028, 12.884507554000038 ], [ 92.800303582000083, 12.857814846000053 ], [ 92.785655144000032, 12.840033270000049 ], [ 92.765391472000033, 12.845119533000059 ], [ 92.758148634000065, 12.835679429000038 ], [ 92.748871290000068, 12.828111070000091 ], [ 92.740896030000044, 12.819647528000075 ], [ 92.737478061000047, 12.807196356000077 ], [ 92.744883660000028, 12.762518622000073 ], [ 92.74773196700005, 12.692694403000075 ], [ 92.754730665000068, 12.67719147300005 ], [ 92.766286655000044, 12.671535549000055 ], [ 92.777354363000029, 12.669338283000059 ], [ 92.783213738000029, 12.664984442000048 ], [ 92.77898196700005, 12.65265534100007 ], [ 92.775238477000073, 12.651760158000059 ], [ 92.760020379000082, 12.65110911700009 ], [ 92.754730665000068, 12.649562893000052 ], [ 92.750173373000052, 12.644273179000038 ], [ 92.744802280000044, 12.633490302000041 ], [ 92.726817254000082, 12.612982489000046 ], [ 92.721690300000034, 12.599432684000078 ], [ 92.717784050000034, 12.362494208000044 ], [ 92.72234134200005, 12.337795315000051 ], [ 92.73365319100003, 12.318060614000046 ], [ 92.754730665000068, 12.310044664000088 ], [ 92.778493686000047, 12.310126044000071 ], [ 92.786957227000073, 12.306301174000055 ], [ 92.79265384200005, 12.296372789000088 ], [ 92.79420006600003, 12.283189195000091 ], [ 92.789398634000065, 12.279486395000049 ], [ 92.781016472000033, 12.279242255000042 ], [ 92.764496290000068, 12.274318752000056 ], [ 92.760427280000044, 12.276841539000088 ], [ 92.758799675000034, 12.276556708000044 ], [ 92.758555535000028, 12.26593659100007 ], [ 92.761241082000083, 12.26117584800005 ], [ 92.767751498000052, 12.255438544000071 ], [ 92.775563998000052, 12.25063711100006 ], [ 92.782399936000047, 12.248602606000077 ], [ 92.79265384200005, 12.20766836100006 ], [ 92.788828972000033, 12.195542710000041 ], [ 92.784027540000068, 12.189357815000051 ], [ 92.765391472000033, 12.18032461100006 ], [ 92.76099694100003, 12.179877020000049 ], [ 92.741058790000068, 12.18032461100006 ], [ 92.737803582000083, 12.17914459800005 ], [ 92.736338738000029, 12.176581122000073 ], [ 92.73373457100007, 12.174017645000049 ], [ 92.72779381600003, 12.172837632000039 ], [ 92.719493035000028, 12.176255601000037 ], [ 92.719086134000065, 12.184515692000048 ], [ 92.724375847000033, 12.204250393000052 ], [ 92.720957879000082, 12.226548570000091 ], [ 92.713063998000052, 12.232570705000057 ], [ 92.703868035000028, 12.225165106000077 ], [ 92.697113477000073, 12.20766836100006 ], [ 92.689707879000082, 12.20766836100006 ], [ 92.681813998000052, 12.219631252000056 ], [ 92.668223504000082, 12.200995184000078 ], [ 92.645274285000028, 12.156073309000078 ], [ 92.640147332000083, 12.136135158000059 ], [ 92.64185631600003, 12.036322333000044 ], [ 92.637380405000044, 12.025295315000051 ], [ 92.625010613000029, 12.003119208000044 ], [ 92.621348504000082, 11.987941799000055 ], [ 92.623057488000029, 11.974269924000055 ], [ 92.627289259000065, 11.958929755000042 ], [ 92.629405144000032, 11.943752346000053 ], [ 92.624522332000083, 11.930161851000037 ], [ 92.621348504000082, 11.874945380000042 ], [ 92.617686394000032, 11.866400458000044 ], [ 92.610850457000083, 11.870510158000059 ], [ 92.607676629000082, 11.882798570000091 ], [ 92.61451256600003, 11.899115302000041 ], [ 92.600271030000044, 11.895493882000039 ], [ 92.594737175000034, 11.89874909100007 ], [ 92.592133009000065, 11.905747789000088 ], [ 92.577159050000034, 11.927394924000055 ], [ 92.570567254000082, 11.932603257000039 ], [ 92.562998894000032, 11.930161851000037 ], [ 92.539724155000044, 11.894435940000051 ], [ 92.531993035000028, 11.864976304000038 ], [ 92.53052819100003, 11.864650783000059 ], [ 92.527354363000029, 11.862005927000041 ], [ 92.524912957000083, 11.857489325000074 ], [ 92.525157097000033, 11.851304429000038 ], [ 92.528086785000028, 11.845892645000049 ], [ 92.53093509200005, 11.845892645000049 ], [ 92.534353061000047, 11.846869208000044 ], [ 92.545664910000028, 11.840806382000039 ], [ 92.554942254000082, 11.837836005000042 ], [ 92.563243035000028, 11.833929755000042 ], [ 92.566661004000082, 11.827134507000039 ], [ 92.566661004000082, 11.786200262000079 ], [ 92.560313347000033, 11.741359768000052 ], [ 92.563243035000028, 11.725572007000039 ], [ 92.579844597000033, 11.714178778000075 ], [ 92.586761915000068, 11.716009833000044 ], [ 92.595957879000082, 11.72016022300005 ], [ 92.603770379000082, 11.718898830000057 ], [ 92.60710696700005, 11.70453522300005 ], [ 92.608164910000028, 11.693264065000051 ], [ 92.613454623000052, 11.674221096000053 ], [ 92.61451256600003, 11.662990627000056 ], [ 92.619639519000032, 11.651312567000048 ], [ 92.631114129000082, 11.647447007000039 ], [ 92.642832879000082, 11.64524974200009 ], [ 92.648692254000082, 11.638495184000078 ], [ 92.645681186000047, 11.629828192000048 ], [ 92.637380405000044, 11.627142645000049 ], [ 92.627940300000034, 11.625148830000057 ], [ 92.621348504000082, 11.61859772300005 ], [ 92.621592644000032, 11.609361070000091 ], [ 92.625661655000044, 11.595404364000046 ], [ 92.633555535000028, 11.582586981000077 ], [ 92.645274285000028, 11.576971747000073 ], [ 92.654633009000065, 11.573797919000071 ], [ 92.65560957100007, 11.565985419000071 ], [ 92.654795769000032, 11.555894273000092 ], [ 92.658946160000028, 11.546291408000059 ], [ 92.689707879000082, 11.515570380000042 ], [ 92.698985222000033, 11.511786200000074 ], [ 92.707041863000029, 11.511053778000075 ], [ 92.713145379000082, 11.507310289000088 ], [ 92.716970248000052, 11.49445221600007 ], [ 92.726735873000052, 11.50617096600007 ], [ 92.735118035000028, 11.523871161000045 ], [ 92.744883660000028, 11.557114976000037 ], [ 92.744883660000028, 11.587591864000046 ], [ 92.747569207000083, 11.597845770000049 ], [ 92.760508660000028, 11.610337632000039 ], [ 92.765391472000033, 11.61859772300005 ], [ 92.765635613000029, 11.629584052000041 ], [ 92.761485222000033, 11.663641669000071 ], [ 92.758555535000028, 11.673244533000059 ], [ 92.746104363000029, 11.683742580000057 ], [ 92.73601321700005, 11.682440497000073 ], [ 92.730235222000033, 11.671454169000071 ], [ 92.731211785000028, 11.652736721000053 ], [ 92.726735873000052, 11.654689846000053 ], [ 92.715342644000032, 11.657619533000059 ], [ 92.710703972000033, 11.659572658000059 ], [ 92.710703972000033, 11.62173086100006 ], [ 92.70639082100007, 11.614488023000092 ], [ 92.696787957000083, 11.611232815000051 ], [ 92.687022332000083, 11.611558335000041 ], [ 92.682790561000047, 11.615179755000042 ], [ 92.682627800000034, 11.636948960000041 ], [ 92.683929884000065, 11.649888414000088 ], [ 92.689952019000032, 11.660060940000051 ], [ 92.722911004000082, 11.693793036000045 ], [ 92.734548373000052, 11.699286200000074 ], [ 92.754730665000068, 11.701117255000042 ], [ 92.760020379000082, 11.708685614000046 ], [ 92.796885613000029, 11.865139065000051 ], [ 92.799489780000044, 11.899115302000041 ], [ 92.795909050000034, 11.92218659100007 ], [ 92.787933790000068, 11.934515692000048 ], [ 92.776377800000034, 11.939276434000078 ], [ 92.761973504000082, 11.940130927000041 ], [ 92.753754102000073, 11.931586005000042 ], [ 92.749034050000034, 11.912258205000057 ], [ 92.744883660000028, 11.878648179000038 ], [ 92.737478061000047, 11.878648179000038 ], [ 92.737478061000047, 11.961167710000041 ], [ 92.740570509000065, 11.983628648000092 ], [ 92.745616082000083, 11.996649481000077 ], [ 92.765391472000033, 12.022040106000077 ], [ 92.758555535000028, 12.022040106000077 ], [ 92.763682488000029, 12.030951239000046 ], [ 92.771250847000033, 12.036078192000048 ], [ 92.781016472000033, 12.037787177000041 ], [ 92.79265384200005, 12.036322333000044 ], [ 92.76726321700005, 12.061224677000041 ], [ 92.75749759200005, 12.077460028000075 ], [ 92.76880944100003, 12.08470286700009 ], [ 92.783946160000028, 12.085882880000042 ], [ 92.799327019000032, 12.089544989000046 ], [ 92.808929884000065, 12.095770575000074 ], [ 92.806407097000033, 12.104559637000079 ], [ 92.825938347000033, 12.115668036000045 ], [ 92.83366946700005, 12.118231512000079 ], [ 92.83366946700005, 12.125677802000041 ], [ 92.82740319100003, 12.140122789000088 ], [ 92.842946811000047, 12.156195380000042 ], [ 92.864024285000028, 12.171535549000055 ], [ 92.874522332000083, 12.183742580000057 ], [ 92.872569207000083, 12.20148346600007 ], [ 92.891612175000034, 12.200832424000055 ], [ 92.89421634200005, 12.205023505000042 ], [ 92.892588738000029, 12.214544989000046 ], [ 92.888682488000029, 12.225002346000053 ], [ 92.884532097000033, 12.231838283000059 ], [ 92.879893425000034, 12.24359772300005 ], [ 92.88640384200005, 12.25336334800005 ], [ 92.896250847000033, 12.261704820000091 ], [ 92.901866082000083, 12.269029039000088 ], [ 92.900157097000033, 12.283189195000091 ], [ 92.893402540000068, 12.290350653000075 ], [ 92.885752800000034, 12.29555898600006 ], [ 92.880707227000073, 12.303859768000052 ], [ 92.879242384000065, 12.312974351000037 ], [ 92.881114129000082, 12.314601955000057 ], [ 92.88640384200005, 12.315741278000075 ], [ 92.895030144000032, 12.32367584800005 ], [ 92.903168165000068, 12.329087632000039 ], [ 92.912771030000044, 12.333644924000055 ], [ 92.915049675000034, 12.338364976000037 ], [ 92.901866082000083, 12.344794012000079 ], [ 92.902517123000052, 12.357123114000046 ], [ 92.894053582000083, 12.368109442000048 ], [ 92.881846550000034, 12.375921942000048 ], [ 92.871104363000029, 12.378892320000091 ], [ 92.863617384000065, 12.38548411700009 ], [ 92.853526238000029, 12.416815497000073 ], [ 92.846690300000034, 12.427394924000055 ], [ 92.846690300000034, 12.433539130000042 ], [ 92.873301629000082, 12.431382554000038 ], [ 92.901866082000083, 12.433539130000042 ], [ 92.897146030000044, 12.44993724200009 ], [ 92.895030144000032, 12.454657294000071 ], [ 92.906016472000033, 12.448960679000038 ], [ 92.915863477000073, 12.44086334800005 ], [ 92.923838738000029, 12.430975653000075 ], [ 92.929209832000083, 12.419907945000091 ], [ 92.936045769000032, 12.419907945000091 ], [ 92.938649936000047, 12.43813711100006 ], [ 92.949717644000032, 12.446966864000046 ], [ 92.962412957000083, 12.454413153000075 ], [ 92.970225457000083, 12.468329169000071 ], [ 92.955902540000068, 12.477443752000056 ], [ 92.964854363000029, 12.491034247000073 ], [ 92.98170006600003, 12.506048895000049 ], [ 92.990570509000065, 12.519232489000046 ], [ 92.99154707100007, 12.567084052000041 ], [ 92.989024285000028, 12.59210846600007 ], [ 92.972911004000082, 12.628119208000044 ], [ 92.976817254000082, 12.65493398600006 ], [ 92.990570509000065, 12.701117255000042 ], [ 92.990489129000082, 12.724310614000046 ], [ 92.984385613000029, 12.745103257000039 ], [ 92.973155144000032, 12.764349677000041 ], [ 92.956553582000083, 12.783026434000078 ], [ 92.96802819100003, 12.803168036000045 ], [ 92.965830925000034, 12.82562897300005 ], [ 92.960703972000033, 12.847154039000088 ], [ 92.964040561000047, 12.864935614000046 ], [ 92.94068444100003, 12.88930898600006 ], [ 92.932627800000034, 12.89288971600007 ], [ 92.929860873000052, 12.896673895000049 ], [ 92.928233269000032, 12.905340887000079 ], [ 92.924489780000044, 12.91437409100007 ], [ 92.915537957000083, 12.919582424000055 ], [ 92.90552819100003, 12.906073309000078 ], [ 92.896332227000073, 12.899725653000075 ], [ 92.884532097000033, 12.903469143000052 ], [ 92.876800977000073, 12.911525783000059 ], [ 92.87631269600007, 12.91665273600006 ], [ 92.879079623000052, 12.921942450000074 ], [ 92.880707227000073, 12.93040599200009 ], [ 92.902598504000082, 12.974025783000059 ], [ 92.905284050000034, 12.982245184000078 ], [ 92.916514519000032, 12.982652085000041 ], [ 92.92741946700005, 12.981024481000077 ], [ 92.934743686000047, 12.973049221000053 ], [ 92.936045769000032, 12.954291083000044 ], [ 92.942881707000083, 12.954291083000044 ], [ 92.952647332000083, 12.970770575000074 ], [ 92.956228061000047, 12.981675523000092 ], [ 92.950694207000083, 12.993638414000088 ], [ 92.932627800000034, 13.013006903000075 ], [ 92.928396030000044, 13.027492580000057 ], [ 92.928884311000047, 13.050197658000059 ], [ 92.937022332000083, 13.067084052000041 ], [ 92.956553582000083, 13.064154364000046 ], [ 92.956553582000083, 13.084662177000041 ], [ 92.964040561000047, 13.084662177000041 ], [ 92.966563347000033, 13.072170315000051 ], [ 92.961436394000032, 13.048163153000075 ], [ 92.964040561000047, 13.036851304000038 ], [ 92.970876498000052, 13.030747789000088 ], [ 92.979340040000068, 13.029527085000041 ], [ 92.986827019000032, 13.033677476000037 ], [ 92.990570509000065, 13.04368724200009 ], [ 92.998057488000029, 13.04368724200009 ], [ 93.019541863000029, 13.033636786000045 ], [ 93.03679446700005, 13.062160549000055 ], [ 93.04810631600003, 13.103705145000049 ], [ 93.052744988000029, 13.133042710000041 ], [ 93.052582227000073, 13.196966864000046 ], [ 93.056895379000082, 13.224798895000049 ], [ 93.07943769600007, 13.259833075000074 ], [ 93.075694207000083, 13.269110419000071 ], [ 93.052744988000029, 13.283880927000041 ] ] } },
{ "type": "Feature", "properties": { }, "geometry": { "type": "LineString", "coordinates": [ [ 93.039073113000029, 13.667466539000088 ], [ 93.033213738000029, 13.680243231000077 ], [ 93.019541863000029, 13.680121161000045 ], [ 92.990570509000065, 13.667466539000088 ], [ 93.000498894000032, 13.657700914000088 ], [ 93.019541863000029, 13.649400132000039 ], [ 93.052744988000029, 13.640204169000071 ], [ 93.042816602000073, 13.662054755000042 ], [ 93.039073113000029, 13.667466539000088 ] ] } },
{ "type": "Feature", "properties": { }, "geometry": { "type": "LineString", "coordinates": [ [ 97.931895379000082, 13.859279690000051 ], [ 97.918711785000028, 13.853257554000038 ], [ 97.914317254000082, 13.82843659100007 ], [ 97.915049675000034, 13.800116278000075 ], [ 97.917735222000033, 13.783596096000053 ], [ 97.92505944100003, 13.783596096000053 ], [ 97.928477410000028, 13.821112372000073 ], [ 97.932383660000028, 13.840399481000077 ], [ 97.938161655000044, 13.851792710000041 ], [ 97.931895379000082, 13.859279690000051 ] ] } },
{ "type": "Feature", "properties": { }, "geometry": { "type": "LineString", "coordinates": [ [ 93.396006707000083, 14.140448309000078 ], [ 93.39031009200005, 14.15375397300005 ], [ 93.38599694100003, 14.150864976000037 ], [ 93.383311394000032, 14.138373114000046 ], [ 93.374847852000073, 14.064683335000041 ], [ 93.394786004000082, 14.076361395000049 ], [ 93.400157097000033, 14.095648505000042 ], [ 93.396006707000083, 14.140448309000078 ] ] } },
{ "type": "Feature", "properties": { }, "geometry": { "type": "LineString", "coordinates": [ [ 93.675791863000029, 14.859198309000078 ], [ 93.690440300000034, 14.858099677000041 ], [ 93.70443769600007, 14.870998440000051 ], [ 93.71615644600007, 14.89008209800005 ], [ 93.724375847000033, 14.907619533000059 ], [ 93.724375847000033, 14.913804429000038 ], [ 93.703868035000028, 14.904445705000057 ], [ 93.693614129000082, 14.888861395000049 ], [ 93.686696811000047, 14.872056382000039 ], [ 93.675791863000029, 14.859198309000078 ] ] } },
{ "type": "Feature", "properties": { }, "geometry": { "type": "LineString", "coordinates": [ [ 97.664398634000065, 15.565578518000052 ], [ 97.662852410000028, 15.57367584800005 ], [ 97.660166863000029, 15.58038971600007 ], [ 97.656260613000029, 15.586330471000053 ], [ 97.650889519000032, 15.592230536000045 ], [ 97.65748131600003, 15.523871161000045 ], [ 97.664398634000065, 15.504095770000049 ], [ 97.669118686000047, 15.517401434000078 ], [ 97.672373894000032, 15.533351955000057 ], [ 97.671641472000033, 15.549994208000044 ], [ 97.664398634000065, 15.565578518000052 ] ] } },
{ "type": "Feature", "properties": { }, "geometry": { "type": "LineString", "coordinates": [ [ 94.827972852000073, 15.932033596000053 ], [ 94.827972852000073, 15.932155666000085 ], [ 94.823252800000034, 15.945786851000037 ], [ 94.806813998000052, 15.93109772300005 ], [ 94.780039910000028, 15.893947658000059 ], [ 94.759287957000026, 15.852240302000041 ], [ 94.744802280000044, 15.832709052000041 ], [ 94.724864129000082, 15.818793036000045 ], [ 94.724864129000082, 15.81195709800005 ], [ 94.747894727000073, 15.79946523600006 ], [ 94.777842644000032, 15.791571356000077 ], [ 94.803721550000034, 15.796576239000046 ], [ 94.819102410000028, 15.83470286700009 ], [ 94.837412957000026, 15.864406643000052 ], [ 94.841563347000033, 15.877427476000037 ], [ 94.839366082000026, 15.89008209800005 ], [ 94.829844597000033, 15.916449286000045 ], [ 94.827972852000073, 15.932033596000053 ] ] } },
{ "type": "Feature", "properties": { }, "geometry": { "type": "LineString", "coordinates": [ [ 94.662119988000029, 16.221869208000044 ], [ 94.642832879000082, 16.245510158000059 ], [ 94.611582879000082, 16.221747137000079 ], [ 94.549327019000032, 16.148993231000077 ], [ 94.51880944100003, 16.120428778000075 ], [ 94.51099694100003, 16.107652085000041 ], [ 94.495941602000073, 16.075588283000059 ], [ 94.485362175000034, 16.058986721000053 ], [ 94.452972852000073, 16.033880927000041 ], [ 94.41724694100003, 16.018459377000056 ], [ 94.389659050000034, 16.000921942000048 ], [ 94.382334832000026, 15.969631252000056 ], [ 94.409190300000034, 15.907456773000092 ], [ 94.41724694100003, 15.871771552000041 ], [ 94.402679884000065, 15.846747137000079 ], [ 94.402679884000065, 15.839260158000059 ], [ 94.410166863000029, 15.839260158000059 ], [ 94.433116082000026, 15.869614976000037 ], [ 94.440928582000026, 15.88540273600006 ], [ 94.43677819100003, 15.90070221600007 ], [ 94.446462436000047, 15.912909247000073 ], [ 94.468272332000026, 15.930161851000037 ], [ 94.478363477000073, 15.942328192000048 ], [ 94.479258660000028, 15.949042059000078 ], [ 94.478037957000026, 15.958156643000052 ], [ 94.478037957000026, 15.966131903000075 ], [ 94.484141472000033, 15.971258856000077 ], [ 94.499034050000034, 15.980169989000046 ], [ 94.553477410000028, 15.99750397300005 ], [ 94.56959069100003, 16.005194403000075 ], [ 94.579600457000026, 16.013251044000071 ], [ 94.629649285000028, 16.075181382000039 ], [ 94.654633009000065, 16.121975002000056 ], [ 94.667491082000026, 16.171942450000074 ], [ 94.662119988000029, 16.221869208000044 ] ] } },
{ "type": "Feature", "properties": { }, "geometry": { "type": "LineString", "coordinates": [ [ 97.589366082000026, 16.415269273000092 ], [ 97.61060631600003, 16.446234442000048 ], [ 97.609786299000064, 16.464152839000064 ], [ 97.606293165000068, 16.483547268000052 ], [ 97.58521569100003, 16.486029364000046 ], [ 97.56185957100007, 16.492377020000049 ], [ 97.520518425000034, 16.510891018000052 ], [ 97.504079623000052, 16.508002020000049 ], [ 97.48601321700005, 16.500962632000039 ], [ 97.46998131600003, 16.490464585000041 ], [ 97.459646030000044, 16.477362372000073 ], [ 97.46615644600007, 16.467027085000041 ], [ 97.462657097000033, 16.461004950000074 ], [ 97.455821160000028, 16.456203518000052 ], [ 97.452159050000034, 16.449408270000049 ], [ 97.45476321700005, 16.436916408000059 ], [ 97.460459832000026, 16.425970770000049 ], [ 97.472666863000029, 16.408433335000041 ], [ 97.48015384200005, 16.389105536000045 ], [ 97.484873894000032, 16.36391836100006 ], [ 97.482758009000065, 16.342027085000041 ], [ 97.469248894000032, 16.332709052000041 ], [ 97.459269406000033, 16.301362208000057 ], [ 97.49927819100003, 16.269517320000091 ], [ 97.510508660000028, 16.25421784100007 ], [ 97.516856697000037, 16.209823449000055 ], [ 97.547461019000082, 16.199927595000077 ], [ 97.571364181000035, 16.222693119000041 ], [ 97.566354415000035, 16.253719653000076 ], [ 97.570160352000073, 16.290025132000039 ], [ 97.568858269000032, 16.298570054000038 ], [ 97.571787957000026, 16.312079169000071 ], [ 97.57740319100003, 16.32094961100006 ], [ 97.583832227000073, 16.329046942000048 ], [ 97.589366082000026, 16.34015534100007 ], [ 97.591319207000026, 16.361151434000078 ], [ 97.588552280000044, 16.39984772300005 ], [ 97.589366082000026, 16.415269273000092 ] ] } },
{ "type": "Feature", "properties": { }, "geometry": { "type": "LineString", "coordinates": [ [ 93.74537194100003, 18.799994208000044 ], [ 93.745860222000033, 18.810980536000045 ], [ 93.75163821700005, 18.840887762000079 ], [ 93.749522332000083, 18.865179755000042 ], [ 93.742442254000082, 18.872300523000035 ], [ 93.707530144000032, 18.868231512000079 ], [ 93.683604363000029, 18.868963934000078 ], [ 93.673024936000047, 18.870510158000059 ], [ 93.66334069100003, 18.873195705000057 ], [ 93.641774936000047, 18.889349677000041 ], [ 93.621755405000044, 18.910345770000049 ], [ 93.611094597000033, 18.905259507000039 ], [ 93.599864129000082, 18.890448309000078 ], [ 93.577159050000034, 18.881903387000079 ], [ 93.484141472000033, 18.874986070000091 ], [ 93.493174675000034, 18.849310614000046 ], [ 93.497813347000033, 18.840887762000079 ], [ 93.594004754000082, 18.731024481000077 ], [ 93.61850019600007, 18.711493231000077 ], [ 93.630381707000083, 18.699204820000091 ], [ 93.635508660000028, 18.686672268000052 ], [ 93.645274285000028, 18.679348049000055 ], [ 93.667735222000033, 18.674872137000079 ], [ 93.693125847000033, 18.673773505000042 ], [ 93.711273634000065, 18.676459052000041 ], [ 93.731944207000083, 18.689683335000041 ], [ 93.746836785000028, 18.708807684000078 ], [ 93.756032748000052, 18.731512762000079 ], [ 93.75904381600003, 18.755560614000046 ], [ 93.75709069100003, 18.765204169000071 ], [ 93.748057488000029, 18.787909247000073 ], [ 93.74537194100003, 18.799994208000044 ] ] } },
{ "type": "Feature", "properties": { }, "geometry": { "type": "LineString", "coordinates": [ [ 93.970713738000029, 19.416937567000048 ], [ 93.956228061000047, 19.432521877000056 ], [ 93.917735222000033, 19.454006252000056 ], [ 93.899261915000068, 19.467759507000039 ], [ 93.88021894600007, 19.479193427000041 ], [ 93.858083530000044, 19.482489325000074 ], [ 93.836599155000044, 19.479396877000056 ], [ 93.81999759200005, 19.471502997000073 ], [ 93.803070509000065, 19.487372137000079 ], [ 93.755381707000083, 19.523016669000071 ], [ 93.74927819100003, 19.531317450000074 ], [ 93.74537194100003, 19.539211330000057 ], [ 93.740489129000082, 19.546698309000078 ], [ 93.731211785000028, 19.554103908000059 ], [ 93.723643425000034, 19.556382554000038 ], [ 93.704925977000073, 19.558294989000046 ], [ 93.69695071700005, 19.560288804000038 ], [ 93.688161655000044, 19.559475002000056 ], [ 93.649180535000028, 19.51312897300005 ], [ 93.65552819100003, 19.504095770000049 ], [ 93.656586134000065, 19.497381903000075 ], [ 93.652191602000073, 19.493312893000052 ], [ 93.641774936000047, 19.492010809000078 ], [ 93.658946160000028, 19.457505601000037 ], [ 93.669118686000047, 19.446478583000044 ], [ 93.683360222000033, 19.437445380000042 ], [ 93.716319207000083, 19.427394924000055 ], [ 93.730479363000029, 19.419256903000075 ], [ 93.738047722000033, 19.403265692000048 ], [ 93.736664259000065, 19.396958726000037 ], [ 93.731944207000083, 19.396429755000042 ], [ 93.726735873000052, 19.396673895000049 ], [ 93.724375847000033, 19.392726955000057 ], [ 93.725352410000028, 19.386867580000057 ], [ 93.72779381600003, 19.383734442000048 ], [ 93.729991082000083, 19.381740627000056 ], [ 93.731211785000028, 19.379055080000057 ], [ 93.733409050000034, 19.367865302000041 ], [ 93.743174675000034, 19.355454820000091 ], [ 93.74537194100003, 19.344916083000044 ], [ 93.749847852000073, 19.333319403000075 ], [ 93.773773634000065, 19.298773505000042 ], [ 93.785655144000032, 19.28656647300005 ], [ 93.796885613000029, 19.278509833000044 ], [ 93.802744988000029, 19.276678778000075 ], [ 93.82357832100007, 19.279120184000078 ], [ 93.845550977000073, 19.278021552000041 ], [ 93.856944207000083, 19.278876044000071 ], [ 93.86491946700005, 19.282863674000055 ], [ 93.866384311000047, 19.291083075000074 ], [ 93.862803582000083, 19.299750067000048 ], [ 93.862803582000083, 19.307766018000052 ], [ 93.875173373000052, 19.31391022300005 ], [ 93.879161004000082, 19.312201239000046 ], [ 93.881032748000052, 19.306870835000041 ], [ 93.883555535000028, 19.30149974200009 ], [ 93.889414910000028, 19.299627997000073 ], [ 93.895518425000034, 19.301174221000053 ], [ 93.898936394000032, 19.303290106000077 ], [ 93.900889519000032, 19.30540599200009 ], [ 93.917165561000047, 19.318304755000042 ], [ 93.940196160000028, 19.348618882000039 ], [ 93.953949415000068, 19.354885158000059 ], [ 93.965830925000034, 19.363023179000038 ], [ 93.97234134200005, 19.381822007000039 ], [ 93.973643425000034, 19.402736721000053 ], [ 93.970713738000029, 19.416937567000048 ] ] } },
{ "type": "Feature", "properties": { }, "geometry": { "type": "LineString", "coordinates": [ [ 93.50521894600007, 19.807318427000041 ], [ 93.501149936000047, 19.825384833000044 ], [ 93.50521894600007, 19.872219143000052 ], [ 93.498789910000028, 19.88703034100007 ], [ 93.484711134000065, 19.897162177000041 ], [ 93.470550977000073, 19.905218817000048 ], [ 93.46412194100003, 19.913478908000059 ], [ 93.461192254000082, 19.919501044000071 ], [ 93.453379754000082, 19.92845286700009 ], [ 93.44263756600003, 19.93813711100006 ], [ 93.422048373000052, 19.951361395000049 ], [ 93.402842644000032, 19.953070380000042 ], [ 93.406748894000032, 19.920477606000077 ], [ 93.44068444100003, 19.810939846000053 ], [ 93.456797722000033, 19.788763739000046 ], [ 93.511973504000082, 19.745835679000038 ], [ 93.518321160000028, 19.761948960000041 ], [ 93.51685631600003, 19.777167059000078 ], [ 93.50521894600007, 19.807318427000041 ] ] } },
{ "type": "Feature", "properties": { }, "geometry": { "type": "LineString", "coordinates": [ [ 92.964040561000047, 20.036688544000071 ], [ 92.96257571700005, 20.046087958000044 ], [ 92.958506707000083, 20.054877020000049 ], [ 92.952891472000033, 20.063055731000077 ], [ 92.946462436000047, 20.070502020000049 ], [ 92.929209832000083, 20.081040757000039 ], [ 92.922699415000068, 20.087632554000038 ], [ 92.916840040000068, 20.088934637000079 ], [ 92.911957227000073, 20.08470286700009 ], [ 92.908702019000032, 20.07485586100006 ], [ 92.90943444100003, 20.06509023600006 ], [ 92.914317254000082, 20.059637762000079 ], [ 92.919769727000073, 20.055731512000079 ], [ 92.922373894000032, 20.050604559000078 ], [ 92.925791863000029, 20.033758856000077 ], [ 92.987478061000047, 19.925197658000059 ], [ 93.00123131600003, 19.906642971000053 ], [ 93.008555535000028, 19.889878648000035 ], [ 93.013194207000083, 19.846502997000073 ], [ 93.018565300000034, 19.827826239000046 ], [ 93.024912957000083, 19.827826239000046 ], [ 93.021983269000032, 19.870184637000079 ], [ 93.014659050000034, 19.905585028000075 ], [ 92.967539910000028, 20.02220286700009 ], [ 92.964040561000047, 20.036688544000071 ] ] } },
{ "type": "Feature", "properties": { }, "geometry": { "type": "LineString", "coordinates": [ [ 88.872894727000073, 21.595526434000078 ], [ 88.841319207000083, 21.61399974200009 ], [ 88.830821160000028, 21.577378648000035 ], [ 88.838715040000068, 21.531927802000041 ], [ 88.862478061000047, 21.523586330000057 ], [ 88.879730665000068, 21.529974677000041 ], [ 88.89576256600003, 21.528469143000052 ], [ 88.907969597000033, 21.53070709800005 ], [ 88.913910352000073, 21.548407294000071 ], [ 88.911306186000047, 21.566880601000037 ], [ 88.90202884200005, 21.580267645000049 ], [ 88.888519727000073, 21.589544989000046 ], [ 88.872894727000073, 21.595526434000078 ] ] } },
{ "type": "Feature", "properties": { }, "geometry": { "type": "LineString", "coordinates": [ [ 91.935557488000029, 21.759995835000041 ], [ 91.935883009000065, 21.765122789000088 ], [ 91.935557488000029, 21.781154690000051 ], [ 91.919118686000047, 21.776841539000088 ], [ 91.901215040000068, 21.774318752000056 ], [ 91.908376498000052, 21.752183335000041 ], [ 91.90951582100007, 21.726792710000041 ], [ 91.903330925000034, 21.702866929000038 ], [ 91.887705925000034, 21.684963283000059 ], [ 91.890879754000082, 21.698960679000038 ], [ 91.898203972000033, 21.714829820000091 ], [ 91.902842644000032, 21.730292059000078 ], [ 91.897959832000083, 21.743312893000052 ], [ 91.883311394000032, 21.753892320000091 ], [ 91.87232506600003, 21.754828192000048 ], [ 91.86296634200005, 21.745591539000088 ], [ 91.853526238000029, 21.725816148000035 ], [ 91.847911004000082, 21.688788153000075 ], [ 91.868907097000033, 21.622219143000052 ], [ 91.874034050000034, 21.581854559000078 ], [ 91.873708530000044, 21.558010158000059 ], [ 91.871104363000029, 21.547674872000073 ], [ 91.855479363000029, 21.526678778000075 ], [ 91.855235222000033, 21.519476630000042 ], [ 91.858246290000068, 21.512640692000048 ], [ 91.86255944100003, 21.494940497000073 ], [ 91.86841881600003, 21.486761786000045 ], [ 91.877126498000052, 21.481024481000077 ], [ 91.887705925000034, 21.480129299000055 ], [ 91.89966881600003, 21.486029364000046 ], [ 91.899180535000028, 21.493841864000046 ], [ 91.894541863000029, 21.50141022300005 ], [ 91.894541863000029, 21.506781317000048 ], [ 91.914073113000029, 21.509466864000046 ], [ 91.939219597000033, 21.505357164000088 ], [ 91.961110873000052, 21.50617096600007 ], [ 91.970225457000083, 21.523586330000057 ], [ 91.972422722000033, 21.546087958000044 ], [ 91.98170006600003, 21.588080145000049 ], [ 91.983897332000083, 21.609198309000078 ], [ 91.974864129000082, 21.64874909100007 ], [ 91.93873131600003, 21.714829820000091 ], [ 91.935557488000029, 21.759995835000041 ] ] } },
{ "type": "Feature", "properties": { }, "geometry": { "type": "LineString", "coordinates": [ [ 88.050547722000033, 21.70538971600007 ], [ 88.043955925000034, 21.680853583000044 ], [ 88.04224694100003, 21.668158270000049 ], [ 88.043142123000052, 21.657619533000059 ], [ 88.051768425000034, 21.641587632000039 ], [ 88.063487175000034, 21.636664130000042 ], [ 88.091563347000033, 21.636542059000078 ], [ 88.11850019600007, 21.62767161700009 ], [ 88.130056186000047, 21.625921942000048 ], [ 88.139414910000028, 21.63031647300005 ], [ 88.146006707000083, 21.643744208000044 ], [ 88.144379102000073, 21.657782294000071 ], [ 88.132578972000033, 21.684963283000059 ], [ 88.16342207100007, 21.705471096000053 ], [ 88.167002800000034, 21.765448309000078 ], [ 88.146739129000082, 21.86985911700009 ], [ 88.119313998000052, 21.859523830000057 ], [ 88.090017123000052, 21.808661200000074 ], [ 88.050547722000033, 21.70538971600007 ] ] } },
{ "type": "Feature", "properties": { }, "geometry": { "type": "LineString", "coordinates": [ [ 89.115733269000032, 21.781154690000051 ], [ 89.092784050000034, 21.793402411000045 ], [ 89.08130944100003, 21.822943427000041 ], [ 89.07154381600003, 21.890326239000046 ], [ 89.06763756600003, 21.904364325000074 ], [ 89.064952019000032, 21.910223700000074 ], [ 89.061534050000034, 21.914943752000056 ], [ 89.057383660000028, 21.917669989000046 ], [ 89.045664910000028, 21.917059637000079 ], [ 89.044688347000033, 21.907782294000071 ], [ 89.051117384000065, 21.890326239000046 ], [ 89.053721550000034, 21.874741929000038 ], [ 89.06381269600007, 21.841457424000055 ], [ 89.064219597000033, 21.822088934000078 ], [ 89.057790561000047, 21.803290106000077 ], [ 89.051442905000044, 21.797105210000041 ], [ 89.051524285000028, 21.793198960000041 ], [ 89.102305535000028, 21.736761786000045 ], [ 89.13249759200005, 21.721625067000048 ], [ 89.144704623000052, 21.739325262000079 ], [ 89.139008009000065, 21.766831773000035 ], [ 89.115733269000032, 21.781154690000051 ] ] } },
{ "type": "Feature", "properties": { }, "geometry": { "type": "LineString", "coordinates": [ [ 88.636241082000083, 21.921372789000088 ], [ 88.61646569100003, 21.897935289000088 ], [ 88.598643425000034, 21.86985911700009 ], [ 88.586273634000065, 21.843003648000035 ], [ 88.584320509000065, 21.835760809000078 ], [ 88.584971550000034, 21.826605536000045 ], [ 88.590505405000044, 21.812892971000053 ], [ 88.591807488000029, 21.804388739000046 ], [ 88.599619988000029, 21.803656317000048 ], [ 88.636241082000083, 21.792669989000046 ], [ 88.646332227000073, 21.787909247000073 ], [ 88.649180535000028, 21.842352606000077 ], [ 88.655284050000034, 21.866603908000059 ], [ 88.667002800000034, 21.890326239000046 ], [ 88.670583530000044, 21.907416083000044 ], [ 88.663259311000047, 21.921291408000059 ], [ 88.650157097000033, 21.927435614000046 ], [ 88.636241082000083, 21.921372789000088 ] ] } },
{ "type": "Feature", "properties": { }, "geometry": { "type": "LineString", "coordinates": [ [ 91.887705925000034, 21.866156317000048 ], [ 91.88607832100007, 21.880275783000059 ], [ 91.874034050000034, 21.917669989000046 ], [ 91.87273196700005, 21.925604559000078 ], [ 91.871104363000029, 21.928859768000052 ], [ 91.867198113000029, 21.93195221600007 ], [ 91.84343509200005, 21.90696849200009 ], [ 91.836192254000082, 21.894110419000071 ], [ 91.832530144000032, 21.876695054000038 ], [ 91.839854363000029, 21.825506903000075 ], [ 91.823985222000033, 21.742621161000045 ], [ 91.832530144000032, 21.725816148000035 ], [ 91.84107506600003, 21.735419012000079 ], [ 91.862803582000083, 21.789984442000048 ], [ 91.87037194100003, 21.824611721000053 ], [ 91.88445071700005, 21.850287177000041 ], [ 91.887705925000034, 21.866156317000048 ] ] } },
{ "type": "Feature", "properties": { }, "geometry": { "type": "LineString", "coordinates": [ [ 88.080902540000068, 21.849351304000038 ], [ 88.104991082000083, 21.861151434000078 ], [ 88.125010613000029, 21.888657945000091 ], [ 88.132578972000033, 21.920477606000077 ], [ 88.118907097000033, 21.945013739000046 ], [ 88.105723504000082, 21.94757721600007 ], [ 88.094248894000032, 21.937892971000053 ], [ 88.084727410000028, 21.921576239000046 ], [ 88.077321811000047, 21.90460846600007 ], [ 88.07390384200005, 21.892157294000071 ], [ 88.071055535000028, 21.873602606000077 ], [ 88.072276238000029, 21.856756903000075 ], [ 88.080902540000068, 21.849351304000038 ] ] } },
{ "type": "Feature", "properties": { }, "geometry": { "type": "LineString", "coordinates": [ [ 90.593516472000033, 21.986558335000041 ], [ 90.526377800000034, 21.943589585000041 ], [ 90.521983269000032, 21.938788153000075 ], [ 90.517832879000082, 21.93195221600007 ], [ 90.515391472000033, 21.921291408000059 ], [ 90.51685631600003, 21.912176825000074 ], [ 90.51693769600007, 21.904486395000049 ], [ 90.510427280000044, 21.897853908000059 ], [ 90.517914259000065, 21.893255927000041 ], [ 90.522959832000083, 21.888088283000059 ], [ 90.531504754000082, 21.876695054000038 ], [ 90.523448113000029, 21.875677802000041 ], [ 90.510752800000034, 21.87140534100007 ], [ 90.50359134200005, 21.86985911700009 ], [ 90.50359134200005, 21.862453518000052 ], [ 90.521250847000033, 21.861476955000057 ], [ 90.540782097000033, 21.875921942000048 ], [ 90.557139519000032, 21.897528387000079 ], [ 90.565603061000047, 21.917669989000046 ], [ 90.572520379000082, 21.917669989000046 ], [ 90.580821160000028, 21.912502346000053 ], [ 90.590830925000034, 21.935126044000071 ], [ 90.606618686000047, 21.938788153000075 ], [ 90.60084069100003, 21.954575914000088 ], [ 90.59734134200005, 21.961330471000053 ], [ 90.593516472000033, 21.966131903000075 ], [ 90.593516472000033, 21.986558335000041 ] ] } },
{ "type": "Feature", "properties": { }, "geometry": { "type": "LineString", "coordinates": [ [ 90.332204623000052, 21.938788153000075 ], [ 90.322520379000082, 21.916693427000041 ], [ 90.318614129000082, 21.892808335000041 ], [ 90.318614129000082, 21.846258856000077 ], [ 90.322927280000044, 21.843898830000057 ], [ 90.332204623000052, 21.849514065000051 ], [ 90.341563347000033, 21.860296942000048 ], [ 90.365489129000082, 21.938706773000035 ], [ 90.390635613000029, 21.978257554000038 ], [ 90.394297722000033, 22.000230210000041 ], [ 90.371429884000065, 21.99477773600006 ], [ 90.354014519000032, 21.976752020000049 ], [ 90.332204623000052, 21.938788153000075 ] ] } },
{ "type": "Feature", "properties": { }, "geometry": { "type": "LineString", "coordinates": [ [ 90.387461785000028, 22.048041083000044 ], [ 90.373871290000068, 22.04555898600006 ], [ 90.35865319100003, 22.022691148000035 ], [ 90.345876498000052, 21.99359772300005 ], [ 90.339610222000033, 21.972316799000055 ], [ 90.345957879000082, 21.972316799000055 ], [ 90.35279381600003, 21.992987372000073 ], [ 90.381114129000082, 22.023098049000055 ], [ 90.387461785000028, 22.048041083000044 ] ] } },
{ "type": "Feature", "properties": { }, "geometry": { "type": "LineString", "coordinates": [ [ 90.43523196700005, 22.041205145000049 ], [ 90.428477410000028, 22.048041083000044 ], [ 90.415537957000083, 22.038316148000035 ], [ 90.411875847000033, 22.028713283000059 ], [ 90.414235873000052, 21.997137762000079 ], [ 90.411875847000033, 21.97601959800005 ], [ 90.406423373000052, 21.963364976000037 ], [ 90.39975019600007, 21.952948309000078 ], [ 90.394297722000033, 21.938788153000075 ], [ 90.394541863000029, 21.921454169000071 ], [ 90.402354363000029, 21.90688711100006 ], [ 90.415537957000083, 21.900539455000057 ], [ 90.431895379000082, 21.907782294000071 ], [ 90.454844597000033, 21.93305084800005 ], [ 90.476328972000033, 21.945013739000046 ], [ 90.486175977000073, 21.976792710000041 ], [ 90.473317905000044, 22.003648179000038 ], [ 90.43523196700005, 22.041205145000049 ] ] } },
{ "type": "Feature", "properties": { }, "geometry": { "type": "LineString", "coordinates": [ [ 90.544444207000083, 22.061672268000052 ], [ 90.508962436000047, 22.033148505000042 ], [ 90.50359134200005, 22.024115302000041 ], [ 90.504649285000028, 22.01048411700009 ], [ 90.50904381600003, 21.999416408000059 ], [ 90.519541863000029, 21.994696356000077 ], [ 90.53834069100003, 22.000230210000041 ], [ 90.559743686000047, 22.02374909100007 ], [ 90.568695509000065, 22.058091539000088 ], [ 90.574554884000065, 22.096136786000045 ], [ 90.586192254000082, 22.130560614000046 ], [ 90.591807488000029, 22.119086005000042 ], [ 90.59343509200005, 22.112534898000035 ], [ 90.593516472000033, 22.102606512000079 ], [ 90.613454623000052, 22.164048570000091 ], [ 90.604502800000034, 22.165594794000071 ], [ 90.592784050000034, 22.159409898000035 ], [ 90.581065300000034, 22.148871161000045 ], [ 90.572520379000082, 22.137396552000041 ], [ 90.560069207000083, 22.137681382000039 ], [ 90.533457879000082, 22.110052802000041 ], [ 90.52084394600007, 22.102606512000079 ], [ 90.503103061000047, 22.09634023600006 ], [ 90.491709832000083, 22.080145575000074 ], [ 90.48560631600003, 22.058335679000038 ], [ 90.48365319100003, 22.034979559000078 ], [ 90.48991946700005, 22.034979559000078 ], [ 90.49537194100003, 22.044989325000074 ], [ 90.53834069100003, 22.068508205000057 ], [ 90.544444207000083, 22.061672268000052 ] ] } },
{ "type": "Feature", "properties": { }, "geometry": { "type": "LineString", "coordinates": [ [ 90.941742384000065, 22.205023505000042 ], [ 90.935557488000029, 22.212469794000071 ], [ 90.927500847000033, 22.190252997000073 ], [ 90.920258009000065, 22.160060940000051 ], [ 90.91920006600003, 22.132147528000075 ], [ 90.92937259200005, 22.116888739000046 ], [ 90.948985222000033, 22.121649481000077 ], [ 90.95671634200005, 22.14484284100007 ], [ 90.95671634200005, 22.198879299000055 ], [ 90.954112175000034, 22.208075262000079 ], [ 90.951182488000029, 22.212469794000071 ], [ 90.947113477000073, 22.211615302000041 ], [ 90.941742384000065, 22.205023505000042 ] ] } },
{ "type": "Feature", "properties": { }, "geometry": { "type": "LineString", "coordinates": [ [ 90.976410352000073, 22.185777085000041 ], [ 90.987803582000083, 22.195379950000074 ], [ 90.994802280000044, 22.213812567000048 ], [ 90.997813347000033, 22.23509349200009 ], [ 90.996918165000068, 22.253485419000071 ], [ 90.982920769000032, 22.259182033000059 ], [ 90.977061394000032, 22.239203192000048 ], [ 90.976410352000073, 22.185777085000041 ] ] } },
{ "type": "Feature", "properties": { }, "geometry": { "type": "LineString", "coordinates": [ [ 90.952891472000033, 22.226752020000049 ], [ 90.990082227000073, 22.281398830000057 ], [ 90.994395379000082, 22.302069403000075 ], [ 90.99350019600007, 22.322333075000074 ], [ 90.98951256600003, 22.340765692000048 ], [ 90.983897332000083, 22.355902411000045 ], [ 90.976410352000073, 22.363348700000074 ], [ 90.96615644600007, 22.347398179000038 ], [ 90.96021569100003, 22.32298411700009 ], [ 90.95671634200005, 22.27765534100007 ], [ 90.95053144600007, 22.263617255000042 ], [ 90.940196160000028, 22.24681224200009 ], [ 90.93718509200005, 22.23273346600007 ], [ 90.952891472000033, 22.226752020000049 ] ] } },
{ "type": "Feature", "properties": { }, "geometry": { "type": "LineString", "coordinates": [ [ 91.148847154000066, 22.357056968000052 ], [ 91.126898793000066, 22.374864818000049 ], [ 91.092256984000073, 22.391338292000057 ], [ 91.074800663000076, 22.388589827000089 ], [ 91.069119534000038, 22.311029637000047 ], [ 91.068273939000051, 22.240732781000077 ], [ 91.059092644000032, 22.19204336100006 ], [ 91.052256707000083, 22.175441799000055 ], [ 91.03395508300008, 22.148779882000042 ], [ 91.005111115000034, 22.116821943000048 ], [ 91.011257169000032, 22.102090665000048 ], [ 91.022471550000034, 22.094875393000052 ], [ 91.038584832000083, 22.091131903000075 ], [ 91.063293649000059, 22.089847552000037 ], [ 91.082407719000059, 22.101382523000041 ], [ 91.093689318000031, 22.11885882200005 ], [ 91.106373953000059, 22.121657900000059 ], [ 91.120711971000048, 22.130301388000078 ], [ 91.141467650000038, 22.146201361000067 ], [ 91.154307488000029, 22.169663804000038 ], [ 91.160899285000028, 22.182074286000045 ], [ 91.170576339000036, 22.197170808000067 ], [ 91.186784662000036, 22.227757465000082 ], [ 91.181895379000082, 22.260321356000077 ], [ 91.181407097000033, 22.283596096000053 ], [ 91.171397332000083, 22.319647528000075 ], [ 91.156450276000044, 22.332078852000052 ], [ 91.148847154000066, 22.357056968000052 ] ] } },
{ "type": "Feature", "properties": { }, "geometry": { "type": "LineString", "coordinates": [ [ 90.619639519000032, 22.424750067000048 ], [ 90.626149936000047, 22.40696849200009 ], [ 90.633799675000034, 22.367621161000045 ], [ 90.640147332000083, 22.349676825000074 ], [ 90.633311394000032, 22.349676825000074 ], [ 90.634287957000083, 22.339544989000046 ], [ 90.63404381600003, 22.328355210000041 ], [ 90.635020379000082, 22.317613023000035 ], [ 90.640147332000083, 22.308742580000057 ], [ 90.646739129000082, 22.326076565000051 ], [ 90.640391472000033, 22.366034247000073 ], [ 90.647471550000034, 22.383775132000039 ], [ 90.650157097000033, 22.376166083000044 ], [ 90.661143425000034, 22.355902411000045 ], [ 90.658702019000032, 22.37954336100006 ], [ 90.64771569100003, 22.407212632000039 ], [ 90.633148634000065, 22.431626695000091 ], [ 90.619639519000032, 22.445257880000042 ], [ 90.614431186000047, 22.449042059000078 ], [ 90.607595248000052, 22.450344143000052 ], [ 90.601573113000029, 22.448309637000079 ], [ 90.599131707000083, 22.44212474200009 ], [ 90.601410352000073, 22.429185289000088 ], [ 90.606944207000083, 22.427435614000046 ], [ 90.613617384000065, 22.428615627000056 ], [ 90.619639519000032, 22.424750067000048 ] ] } },
{ "type": "Feature", "properties": { }, "geometry": { "type": "LineString", "coordinates": [ [ 90.647471550000034, 22.424750067000048 ], [ 90.65365644600007, 22.431057033000059 ], [ 90.657074415000068, 22.433661200000074 ], [ 90.66732832100007, 22.439032294000071 ], [ 90.667002800000034, 22.45844147300005 ], [ 90.66529381600003, 22.469142971000053 ], [ 90.661143425000034, 22.480047919000071 ], [ 90.656016472000033, 22.480698960000041 ], [ 90.653493686000047, 22.483465887000079 ], [ 90.647471550000034, 22.424750067000048 ] ] } },
{ "type": "Feature", "properties": { }, "geometry": { "type": "LineString", "coordinates": [ [ 91.158618605000072, 22.503423074000068 ], [ 91.123562150000055, 22.489145564000069 ], [ 91.11370966000004, 22.46141485000004 ], [ 91.134163288000082, 22.449480400000084 ], [ 91.159533241000076, 22.450674247000052 ], [ 91.180244454000047, 22.459238753000079 ], [ 91.201017198000045, 22.472195996000039 ], [ 91.210830486000077, 22.495521457000052 ], [ 91.199987966000037, 22.514694415000065 ], [ 91.158618605000072, 22.503423074000068 ] ] } },
{ "type": "Feature", "properties": { }, "geometry": { "type": "LineString", "coordinates": [ [ 91.467556614000046, 22.586309651000079 ], [ 91.446764587000075, 22.576303983000059 ], [ 91.423786399000051, 22.525301950000085 ], [ 91.429658286000063, 22.493002901000068 ], [ 91.446517271000062, 22.453242453000087 ], [ 91.476052165000056, 22.413317257000074 ], [ 91.507519217000038, 22.396796588000086 ], [ 91.555179078000037, 22.402031244000057 ], [ 91.56363308400006, 22.435621052000045 ], [ 91.556360625000082, 22.478210170000068 ], [ 91.467556614000046, 22.586309651000079 ] ] } },
{ "type": "Feature", "properties": { }, "geometry": { "type": "LineString", "coordinates": [ [ 90.790552519000073, 22.495333023000057 ], [ 90.76694021600008, 22.517531391000091 ], [ 90.754507385000068, 22.548434354000051 ], [ 90.74697855800008, 22.596906803000081 ], [ 90.731271613000047, 22.620527278000054 ], [ 90.715507023000043, 22.638283560000048 ], [ 90.701369487000079, 22.661898417000089 ], [ 90.684095252000077, 22.694372801000043 ], [ 90.67154649400004, 22.722410315000047 ], [ 90.66061944900008, 22.757804896000039 ], [ 90.650563998000052, 22.78742096600007 ], [ 90.631032748000052, 22.785630601000037 ], [ 90.613454623000052, 22.781683661000045 ], [ 90.596202019000032, 22.775376695000091 ], [ 90.585459832000083, 22.768052476000037 ], [ 90.578623894000032, 22.757025458000044 ], [ 90.55632571700005, 22.674709377000056 ], [ 90.55396569100003, 22.639797268000052 ], [ 90.558767123000052, 22.602932033000059 ], [ 90.574961785000028, 22.598863023000035 ], [ 90.631358269000032, 22.561590887000079 ], [ 90.647471550000034, 22.54828522300005 ], [ 90.658946160000028, 22.524400132000039 ], [ 90.670583530000044, 22.463853257000039 ], [ 90.681813998000052, 22.445257880000042 ], [ 90.681813998000052, 22.439032294000071 ], [ 90.677744988000029, 22.426703192000048 ], [ 90.679942254000082, 22.407171942000048 ], [ 90.687998894000032, 22.377630927000041 ], [ 90.681895379000082, 22.360419012000079 ], [ 90.681813998000052, 22.301906643000052 ], [ 90.678477410000028, 22.282782294000071 ], [ 90.67351321700005, 22.266424872000073 ], [ 90.631846550000034, 22.182114976000037 ], [ 90.622243686000047, 22.145086981000077 ], [ 90.633311394000032, 22.123114325000074 ], [ 90.618988477000073, 22.101304429000038 ], [ 90.607758009000065, 22.072333075000074 ], [ 90.603526238000029, 22.044012762000079 ], [ 90.610036655000044, 22.024115302000041 ], [ 90.625987175000034, 22.027167059000078 ], [ 90.681813998000052, 22.102606512000079 ], [ 90.669932488000029, 22.07493724200009 ], [ 90.651215040000068, 22.044623114000046 ], [ 90.639414910000028, 22.016099351000037 ], [ 90.647471550000034, 21.994045315000051 ], [ 90.657725457000083, 21.992865302000041 ], [ 90.670420769000032, 21.997707424000055 ], [ 90.68287194100003, 22.003973700000074 ], [ 90.691661004000082, 22.007025458000044 ], [ 90.717784050000034, 22.048407294000071 ], [ 90.727061394000032, 22.053697007000039 ], [ 90.750010613000029, 22.075995184000078 ], [ 90.755869988000029, 22.065985419000071 ], [ 90.757334832000083, 22.061672268000052 ], [ 90.77475019600007, 22.075913804000038 ], [ 90.827891472000033, 22.152411200000074 ], [ 90.836192254000082, 22.178168036000045 ], [ 90.835022009000056, 22.339615964000075 ], [ 90.855024091000075, 22.43466514000005 ], [ 90.834636880000062, 22.45829561000005 ], [ 90.790552519000073, 22.495333023000057 ] ] } },
{ "type": "Feature", "properties": { }, "geometry": { "type": "LineString", "coordinates": [ [ 90.645253503000049, 22.84928934900006 ], [ 90.626760276000027, 22.857215927000084 ], [ 90.606618686000047, 22.87726471600007 ], [ 90.592295769000032, 22.881903387000079 ], [ 90.552744988000029, 22.881740627000056 ], [ 90.544444207000083, 22.880682684000078 ], [ 90.537608269000032, 22.866766669000071 ], [ 90.52116946700005, 22.864650783000059 ], [ 90.486827019000032, 22.870428778000075 ], [ 90.473399285000028, 22.865139065000051 ], [ 90.46607506600003, 22.851752020000049 ], [ 90.463145379000082, 22.834051825000074 ], [ 90.462657097000033, 22.815822658000059 ], [ 90.465668165000068, 22.788072007000039 ], [ 90.46420332100007, 22.778876044000071 ], [ 90.455739780000044, 22.767401434000078 ], [ 90.482920769000032, 22.759751695000091 ], [ 90.492849155000044, 22.753241278000075 ], [ 90.496755405000044, 22.743150132000039 ], [ 90.498220248000052, 22.73383209800005 ], [ 90.510961293000037, 22.722723883000072 ], [ 90.520992829000079, 22.711765344000071 ], [ 90.534612117000052, 22.72877529100009 ], [ 90.529677236000055, 22.744363068000041 ], [ 90.53155868500005, 22.769236749000072 ], [ 90.54656009200005, 22.783677476000037 ], [ 90.56177819100003, 22.788804429000038 ], [ 90.590955634000068, 22.813918922000084 ], [ 90.628052252000032, 22.812082197000052 ], [ 90.662364129000082, 22.805487372000073 ], [ 90.678233269000032, 22.808335679000038 ], [ 90.663629592000063, 22.828918033000036 ], [ 90.645253503000049, 22.84928934900006 ] ] } },
{ "type": "Feature", "properties": { }, "geometry": { "type": "LineString", "coordinates": [ [ 90.66732832100007, 22.953029690000051 ], [ 90.66732832100007, 22.959173895000049 ], [ 90.645355665000068, 22.974839585000041 ], [ 90.607269727000073, 23.018133856000077 ], [ 90.586192254000082, 23.034898179000038 ], [ 90.561289910000028, 23.032619533000059 ], [ 90.528005405000044, 23.007635809000078 ], [ 90.508067254000082, 22.975775458000044 ], [ 90.524099155000044, 22.953029690000051 ], [ 90.53451582100007, 22.951239325000074 ], [ 90.561696811000047, 22.951564846000053 ], [ 90.572520379000082, 22.953029690000051 ], [ 90.581228061000047, 22.956529039000088 ], [ 90.584727410000028, 22.96039459800005 ], [ 90.588715040000068, 22.962062893000052 ], [ 90.599131707000083, 22.959173895000049 ], [ 90.607676629000082, 22.95258209800005 ], [ 90.619639519000032, 22.932521877000056 ], [ 90.627126498000052, 22.925034898000035 ], [ 90.636241082000083, 22.92133209800005 ], [ 90.66732832100007, 22.918198960000041 ], [ 90.662364129000082, 22.927801825000074 ], [ 90.654633009000065, 22.937323309000078 ], [ 90.644704623000052, 22.945990302000041 ], [ 90.633311394000032, 22.953029690000051 ], [ 90.641612175000034, 22.952297268000052 ], [ 90.66732832100007, 22.953029690000051 ] ] } },
{ "type": "Feature", "properties": { }, "geometry": { "type": "LineString", "coordinates": [ [ 90.510427280000044, 23.069037177000041 ], [ 90.502452019000032, 23.064886786000045 ], [ 90.494395379000082, 23.062933661000045 ], [ 90.455739780000044, 23.06281159100007 ], [ 90.460948113000029, 23.048488674000055 ], [ 90.469493035000028, 23.007635809000078 ], [ 90.47779381600003, 23.012396552000041 ], [ 90.500173373000052, 23.038031317000048 ], [ 90.515635613000029, 23.051947333000044 ], [ 90.517100457000083, 23.05931224200009 ], [ 90.510427280000044, 23.069037177000041 ] ] } },
{ "type": "Feature", "properties": { }, "geometry": { "type": "LineString", "coordinates": [ [ 90.524099155000044, 23.322251695000091 ], [ 90.529551629000082, 23.333563544000071 ], [ 90.549571160000028, 23.326239325000074 ], [ 90.586192254000082, 23.301743882000039 ], [ 90.577647332000083, 23.323635158000059 ], [ 90.539398634000065, 23.350002346000053 ], [ 90.49187259200005, 23.373032945000091 ], [ 90.455739780000044, 23.384955145000049 ], [ 90.429698113000029, 23.385158596000053 ], [ 90.426605665000068, 23.375962632000039 ], [ 90.437266472000033, 23.361802476000037 ], [ 90.468760613000029, 23.331610419000071 ], [ 90.487071160000028, 23.319037177000041 ], [ 90.506114129000082, 23.314195054000038 ], [ 90.524099155000044, 23.322251695000091 ] ] } },
{ "type": "Feature", "properties": { }, "geometry": { "type": "LineString", "coordinates": [ [ 73.095469597000033, 0.228013414000088 ], [ 73.09888756600003, 0.22492096600007 ], [ 73.102549675000034, 0.222805080000057 ], [ 73.104340040000068, 0.219671942000048 ], [ 73.104340040000068, 0.219631252000056 ], [ 73.102956576000054, 0.21352773600006 ], [ 73.10287519600007, 0.213446356000077 ], [ 73.09888756600003, 0.216376044000071 ], [ 73.097829623000052, 0.218776760000083 ], [ 73.097422722000033, 0.219712632000039 ], [ 73.09734134200005, 0.22024160400008 ], [ 73.096690300000034, 0.223700262000079 ], [ 73.095469597000033, 0.228013414000088 ] ] } },
{ "type": "Feature", "properties": { }, "geometry": { "type": "LineString", "coordinates": [ [ 73.208994988000029, 0.239976304000038 ], [ 73.217458530000044, 0.23773834800005 ], [ 73.217377149000072, 0.237697658000059 ], [ 73.212657097000033, 0.232082424000055 ], [ 73.210948113000029, 0.232163804000038 ], [ 73.21029707100007, 0.235663153000075 ], [ 73.208994988000029, 0.239976304000038 ] ] } },
{ "type": "Feature", "properties": { }, "geometry": { "type": "LineString", "coordinates": [ [ 73.03679446700005, 0.269924221000053 ], [ 73.03679446700005, 0.269680080000057 ], [ 73.04037519600007, 0.259466864000046 ], [ 73.04037519600007, 0.259344794000071 ], [ 73.036143425000034, 0.260931708000044 ], [ 73.035817905000044, 0.262071031000062 ], [ 73.035411004000082, 0.263169664000088 ], [ 73.035411004000082, 0.263169664000088 ], [ 73.035817905000044, 0.264675197000088 ], [ 73.036306186000047, 0.266180731000077 ], [ 73.036306186000047, 0.266506252000056 ], [ 73.03679446700005, 0.269924221000053 ] ] } },
{ "type": "Feature", "properties": { }, "geometry": { "type": "LineString", "coordinates": [ [ 73.379161004000082, 0.285223700000074 ], [ 73.379079623000052, 0.285183010000083 ], [ 73.369639519000032, 0.28001536700009 ], [ 73.371104363000029, 0.285956122000073 ], [ 73.373708530000044, 0.286932684000078 ], [ 73.376394076000054, 0.286078192000048 ], [ 73.379161004000082, 0.285223700000074 ] ] } },
{ "type": "Feature", "properties": { }, "geometry": { "type": "LineString", "coordinates": [ [ 72.98365319100003, 0.305243231000077 ], [ 72.984873894000032, 0.303412177000041 ], [ 72.987071160000085, 0.302801825000074 ], [ 72.987722201000054, 0.302232164000088 ], [ 72.988129102000073, 0.301906643000052 ], [ 72.98601321700005, 0.299627997000073 ], [ 72.98601321700005, 0.29954661700009 ], [ 72.981211785000085, 0.302069403000075 ], [ 72.980967644000032, 0.303615627000056 ], [ 72.98365319100003, 0.305243231000077 ] ] } },
{ "type": "Feature", "properties": { }, "geometry": { "type": "LineString", "coordinates": [ [ 73.513438347000033, 0.387762762000079 ], [ 73.51335696700005, 0.387681382000039 ], [ 73.508636915000068, 0.380682684000078 ], [ 73.508555535000085, 0.380560614000046 ], [ 73.506439649000072, 0.385036526000079 ], [ 73.505869988000029, 0.386135158000059 ], [ 73.505869988000029, 0.38617584800005 ], [ 73.506602410000085, 0.387762762000079 ], [ 73.509776238000029, 0.38743724200009 ], [ 73.513438347000033, 0.387762762000079 ] ] } },
{ "type": "Feature", "properties": { }, "geometry": { "type": "LineString", "coordinates": [ [ 72.95834394600007, 0.403306382000039 ], [ 72.958425326000054, 0.403143622000073 ], [ 72.961110873000052, 0.394273179000038 ], [ 72.961192254000082, 0.394029039000088 ], [ 72.957774285000085, 0.39679596600007 ], [ 72.957204623000052, 0.39915599200009 ], [ 72.958018425000034, 0.401353257000039 ], [ 72.95834394600007, 0.403306382000039 ] ] } },
{ "type": "Feature", "properties": { }, "geometry": { "type": "LineString", "coordinates": [ [ 72.940928582000083, 0.496323960000041 ], [ 72.940928582000083, 0.496283270000049 ], [ 72.940603061000047, 0.487290757000039 ], [ 72.937022332000083, 0.491441148000092 ], [ 72.937022332000083, 0.491441148000092 ], [ 72.937022332000083, 0.493638414000088 ], [ 72.940928582000083, 0.496323960000041 ] ] } },
{ "type": "Feature", "properties": { }, "geometry": { "type": "LineString", "coordinates": [ [ 73.491953972000033, 0.508002020000049 ], [ 73.492035352000073, 0.507798570000091 ], [ 73.494639519000032, 0.498968817000048 ], [ 73.490407748000052, 0.500677802000041 ], [ 73.489756707000083, 0.50259023600006 ], [ 73.490977410000085, 0.504950262000079 ], [ 73.491953972000033, 0.508002020000049 ] ] } },
{ "type": "Feature", "properties": { }, "geometry": { "type": "LineString", "coordinates": [ [ 73.387868686000047, 0.641750393000052 ], [ 73.387217644000032, 0.639105536000045 ], [ 73.387217644000032, 0.636786200000074 ], [ 73.386729363000029, 0.63540273600006 ], [ 73.386729363000029, 0.63540273600006 ], [ 73.386566602000073, 0.63540273600006 ], [ 73.384776238000029, 0.635565497000073 ], [ 73.383555535000085, 0.638902085000041 ], [ 73.384287957000083, 0.640326239000046 ], [ 73.38640384200005, 0.640814520000049 ], [ 73.387868686000047, 0.641750393000052 ] ] } },
{ "type": "Feature", "properties": { }, "geometry": { "type": "LineString", "coordinates": [ [ 73.373057488000029, 0.763088283000059 ], [ 73.37240644600007, 0.760443427000041 ], [ 73.37240644600007, 0.75812409100007 ], [ 73.371836785000085, 0.75657786700009 ], [ 73.370941602000073, 0.756822007000039 ], [ 73.369965040000068, 0.757025458000044 ], [ 73.36882571700005, 0.760443427000041 ], [ 73.369802280000044, 0.761664130000042 ], [ 73.369883660000085, 0.761704820000091 ], [ 73.37077884200005, 0.761948960000041 ], [ 73.371592644000032, 0.762152411000045 ], [ 73.373057488000029, 0.763088283000059 ] ] } },
{ "type": "Feature", "properties": { }, "geometry": { "type": "LineString", "coordinates": [ [ 73.353851759000065, 0.847723700000074 ], [ 73.353851759000065, 0.847560940000051 ], [ 73.353282097000033, 0.845607815000051 ], [ 73.35320071700005, 0.845282294000071 ], [ 73.35320071700005, 0.84320709800005 ], [ 73.353037957000083, 0.842393296000068 ], [ 73.35287519600007, 0.841538804000038 ], [ 73.352061394000032, 0.841131903000075 ], [ 73.351166212000066, 0.840684312000064 ], [ 73.351084832000083, 0.840643622000073 ], [ 73.349782748000052, 0.84406159100007 ], [ 73.350433790000068, 0.845689195000091 ], [ 73.352305535000085, 0.846625067000048 ], [ 73.353851759000065, 0.847723700000074 ] ] } },
{ "type": "Feature", "properties": { }, "geometry": { "type": "LineString", "coordinates": [ [ 97.928477410000028, 0.996079820000091 ], [ 97.922211134000065, 1.004339911000045 ], [ 97.904470248000052, 1.044012762000079 ], [ 97.890391472000033, 1.058172919000071 ], [ 97.872813347000033, 1.062486070000091 ], [ 97.85279381600003, 1.065008856000077 ], [ 97.836273634000065, 1.069973049000055 ], [ 97.82943769600007, 1.082098700000074 ], [ 97.826426629000082, 1.096258856000077 ], [ 97.819021030000044, 1.109930731000077 ], [ 97.802256707000026, 1.133286851000094 ], [ 97.79224694100003, 1.14398834800005 ], [ 97.776540561000047, 1.155096747000073 ], [ 97.757334832000026, 1.163885809000078 ], [ 97.712657097000033, 1.172674872000073 ], [ 97.693614129000082, 1.186021226000094 ], [ 97.61654707100007, 1.280910549000055 ], [ 97.60474694100003, 1.322333075000074 ], [ 97.592133009000065, 1.339911200000074 ], [ 97.539886915000068, 1.390570380000042 ], [ 97.533539259000065, 1.39984772300005 ], [ 97.528086785000028, 1.422919012000079 ], [ 97.524180535000028, 1.428127346000053 ], [ 97.51685631600003, 1.431789455000057 ], [ 97.493174675000034, 1.456040757000039 ], [ 97.49146569100003, 1.459784247000073 ], [ 97.487803582000026, 1.473089911000045 ], [ 97.486338738000029, 1.476548570000091 ], [ 97.48170006600003, 1.477443752000056 ], [ 97.47038821700005, 1.475653387000079 ], [ 97.459971550000034, 1.47797272300005 ], [ 97.447276238000029, 1.47687409100007 ], [ 97.441661004000082, 1.479681708000044 ], [ 97.438975457000026, 1.484605210000041 ], [ 97.437998894000032, 1.495266018000052 ], [ 97.424327019000032, 1.514878648000092 ], [ 97.416758660000028, 1.519232489000046 ], [ 97.40748131600003, 1.514064846000053 ], [ 97.391612175000034, 1.508937893000052 ], [ 97.374522332000026, 1.518540757000039 ], [ 97.349782748000052, 1.545396226000094 ], [ 97.335459832000026, 1.537665106000077 ], [ 97.331797722000033, 1.527818101000094 ], [ 97.334808790000068, 1.500148830000057 ], [ 97.330739780000044, 1.486558335000041 ], [ 97.321055535000028, 1.47406647300005 ], [ 97.277354363000029, 1.436224677000041 ], [ 97.257823113000029, 1.423651434000078 ], [ 97.235850457000026, 1.416693427000041 ], [ 97.205821160000028, 1.413804429000038 ], [ 97.181407097000033, 1.416449286000045 ], [ 97.169688347000033, 1.415961005000042 ], [ 97.164805535000028, 1.410711981000077 ], [ 97.160655144000032, 1.41828034100007 ], [ 97.150726759000065, 1.425930080000057 ], [ 97.139496290000068, 1.432196356000077 ], [ 97.130625847000033, 1.435532945000091 ], [ 97.106944207000026, 1.436021226000094 ], [ 97.080414259000065, 1.42914459800005 ], [ 97.063649936000047, 1.415228583000044 ], [ 97.068614129000082, 1.394598700000074 ], [ 97.082286004000082, 1.405340887000079 ], [ 97.082286004000082, 1.407619533000059 ], [ 97.107269727000073, 1.397772528000075 ], [ 97.128428582000026, 1.382635809000078 ], [ 97.168223504000082, 1.342840887000079 ], [ 97.175954623000052, 1.331854559000078 ], [ 97.185801629000082, 1.307766018000052 ], [ 97.191579623000052, 1.297756252000056 ], [ 97.202159050000034, 1.288316148000092 ], [ 97.212657097000033, 1.284328518000052 ], [ 97.222911004000082, 1.28188711100006 ], [ 97.233083530000044, 1.277289130000042 ], [ 97.240570509000065, 1.272406317000048 ], [ 97.247243686000047, 1.26703522300005 ], [ 97.251719597000033, 1.25922272300005 ], [ 97.25359134200005, 1.246893622000073 ], [ 97.256846550000034, 1.23501211100006 ], [ 97.271332227000073, 1.222235419000071 ], [ 97.27857506600003, 1.199693101000094 ], [ 97.287852410000028, 1.190822658000059 ], [ 97.298838738000029, 1.183254299000055 ], [ 97.30827884200005, 1.174872137000079 ], [ 97.312266472000033, 1.166937567000048 ], [ 97.321787957000026, 1.140773830000057 ], [ 97.371592644000032, 1.059759833000044 ], [ 97.387705925000034, 1.018784898000092 ], [ 97.38998457100007, 0.976263739000046 ], [ 97.388845248000052, 0.952093817000048 ], [ 97.395355665000068, 0.944891669000071 ], [ 97.435069207000026, 0.948919989000046 ], [ 97.457367384000065, 0.94798411700009 ], [ 97.479340040000068, 0.943426825000074 ], [ 97.49187259200005, 0.933010158000059 ], [ 97.486338738000029, 0.914211330000057 ], [ 97.574392123000052, 0.860907294000071 ], [ 97.613780144000032, 0.823553778000075 ], [ 97.630381707000026, 0.780747789000088 ], [ 97.633067254000082, 0.769476630000042 ], [ 97.64771569100003, 0.736314195000091 ], [ 97.654551629000082, 0.726060289000088 ], [ 97.659190300000034, 0.715399481000077 ], [ 97.65748131600003, 0.687241929000038 ], [ 97.658213738000029, 0.674627997000073 ], [ 97.668955925000034, 0.658758856000077 ], [ 97.683848504000082, 0.643052476000094 ], [ 97.690928582000026, 0.624212958000044 ], [ 97.678721550000034, 0.598863023000092 ], [ 97.683848504000082, 0.596136786000045 ], [ 97.690440300000034, 0.591620184000078 ], [ 97.696136915000068, 0.586371161000045 ], [ 97.704112175000034, 0.572739976000094 ], [ 97.715342644000032, 0.574448960000041 ], [ 97.725271030000044, 0.580755927000041 ], [ 97.726410352000073, 0.585191148000092 ], [ 97.752289259000065, 0.568345445000091 ], [ 97.764170769000032, 0.567572333000044 ], [ 97.774261915000068, 0.585191148000092 ], [ 97.800303582000026, 0.565497137000079 ], [ 97.809255405000044, 0.560288804000038 ], [ 97.819346550000034, 0.558539130000042 ], [ 97.827159050000034, 0.562689520000049 ], [ 97.87427819100003, 0.622015692000048 ], [ 97.882985873000052, 0.642971096000053 ], [ 97.884532097000033, 0.71820709800005 ], [ 97.892588738000029, 0.777044989000046 ], [ 97.901866082000026, 0.800726630000042 ], [ 97.904063347000033, 0.814886786000045 ], [ 97.898285352000073, 0.87531159100007 ], [ 97.901377800000034, 0.905951239000046 ], [ 97.917735222000033, 0.934637762000079 ], [ 97.917735222000033, 0.927883205000057 ], [ 97.934418165000068, 0.96360911700009 ], [ 97.939219597000033, 0.986070054000038 ], [ 97.928477410000028, 0.996079820000091 ] ] } },
{ "type": "Feature", "properties": { }, "geometry": { "type": "LineString", "coordinates": [ [ 72.83139082100007, 3.510565497000073 ], [ 72.831553582000083, 3.51040273600006 ], [ 72.832692905000044, 3.508246161000045 ], [ 72.834727410000085, 3.506781317000048 ], [ 72.835134311000047, 3.505438544000071 ], [ 72.835052931000064, 3.505438544000071 ], [ 72.831065300000034, 3.503566799000055 ], [ 72.828054233000046, 3.505438544000071 ], [ 72.827972852000073, 3.505438544000071 ], [ 72.828623894000032, 3.506781317000048 ], [ 72.830414259000065, 3.508246161000045 ], [ 72.83139082100007, 3.510565497000073 ] ] } },
{ "type": "Feature", "properties": { }, "geometry": { "type": "LineString", "coordinates": [ [ 72.793711785000085, 3.516913153000075 ], [ 72.793793165000068, 3.516750393000052 ], [ 72.794769727000073, 3.515326239000046 ], [ 72.795176629000082, 3.514634507000039 ], [ 72.797618035000085, 3.51312897300005 ], [ 72.798838738000029, 3.511948960000041 ], [ 72.796397332000083, 3.510891018000052 ], [ 72.791188998000052, 3.510891018000052 ], [ 72.790782097000033, 3.51203034100007 ], [ 72.790782097000033, 3.512111721000053 ], [ 72.792735222000033, 3.514227606000077 ], [ 72.793711785000085, 3.516913153000075 ] ] } },
{ "type": "Feature", "properties": { }, "geometry": { "type": "LineString", "coordinates": [ [ 72.928396030000044, 3.551906643000052 ], [ 72.91179446700005, 3.54173411700009 ], [ 72.911631707000083, 3.54165273600006 ], [ 72.91570071700005, 3.548976955000057 ], [ 72.919932488000029, 3.552150783000059 ], [ 72.924327019000032, 3.552476304000038 ], [ 72.928396030000044, 3.551906643000052 ] ] } },
{ "type": "Feature", "properties": { }, "geometry": { "type": "LineString", "coordinates": [ [ 72.941905144000032, 3.618841864000046 ], [ 72.943125847000033, 3.61664459800005 ], [ 72.944427931000064, 3.615708726000094 ], [ 72.945160352000073, 3.615139065000051 ], [ 72.945567254000082, 3.613714911000045 ], [ 72.941579623000052, 3.611883856000077 ], [ 72.938487175000034, 3.613714911000045 ], [ 72.938975457000083, 3.615139065000051 ], [ 72.94068444100003, 3.61664459800005 ], [ 72.941905144000032, 3.618841864000046 ] ] } },
{ "type": "Feature", "properties": { }, "geometry": { "type": "LineString", "coordinates": [ [ 72.692556186000047, 3.726955471000053 ], [ 72.692556186000047, 3.726752020000049 ], [ 72.694021030000044, 3.723334052000041 ], [ 72.696462436000047, 3.72101471600007 ], [ 72.697438998000052, 3.718817450000074 ], [ 72.697357618000069, 3.718817450000074 ], [ 72.69459069100003, 3.714992580000057 ], [ 72.692474806000064, 3.716294664000088 ], [ 72.689707879000082, 3.717962958000044 ], [ 72.689707879000082, 3.720851955000057 ], [ 72.691579623000052, 3.723578192000048 ], [ 72.692556186000047, 3.726955471000053 ] ] } },
{ "type": "Feature", "properties": { }, "geometry": { "type": "LineString", "coordinates": [ [ 73.477305535000085, 3.94212474200009 ], [ 73.477142774000072, 3.942002671000068 ], [ 73.46998131600003, 3.935126044000071 ], [ 73.467539910000085, 3.933661200000074 ], [ 73.469248894000032, 3.93695709800005 ], [ 73.471527540000068, 3.938706773000092 ], [ 73.477305535000085, 3.94212474200009 ] ] } },
{ "type": "Feature", "properties": { }, "geometry": { "type": "LineString", "coordinates": [ [ 72.703135613000029, 4.003322658000059 ], [ 72.703623894000032, 4.000921942000048 ], [ 72.70476321700005, 3.999904690000051 ], [ 72.705577019000032, 3.999212958000044 ], [ 72.706228061000047, 3.998439846000053 ], [ 72.70671634200005, 3.997951565000051 ], [ 72.706634962000066, 3.99791087400007 ], [ 72.704600457000083, 3.99640534100007 ], [ 72.699473504000082, 3.998114325000074 ], [ 72.699392123000052, 3.998195705000057 ], [ 72.699147983000046, 3.999335028000075 ], [ 72.699066602000073, 3.99945709800005 ], [ 72.699066602000073, 3.999497789000088 ], [ 72.701182488000029, 4.000921942000048 ], [ 72.703135613000029, 4.003322658000059 ] ] } },
{ "type": "Feature", "properties": { }, "geometry": { "type": "LineString", "coordinates": [ [ 73.508148634000065, 4.103583075000074 ], [ 73.508311394000032, 4.093410549000055 ], [ 73.508311394000032, 4.093329169000071 ], [ 73.504567905000044, 4.096584377000056 ], [ 73.502452019000032, 4.098537502000056 ], [ 73.502289259000065, 4.100775458000044 ], [ 73.50521894600007, 4.101996161000045 ], [ 73.508148634000065, 4.103583075000074 ] ] } },
{ "type": "Feature", "properties": { }, "geometry": { "type": "LineString", "coordinates": [ [ 72.970469597000033, 4.26593659100007 ], [ 72.970632358000046, 4.265814520000049 ], [ 72.972504102000073, 4.264146226000094 ], [ 72.974375847000033, 4.263251044000071 ], [ 72.975596550000034, 4.26235586100006 ], [ 72.975759311000047, 4.26040273600006 ], [ 72.972504102000073, 4.26040273600006 ], [ 72.971527540000068, 4.261623440000051 ], [ 72.971446160000085, 4.263576565000051 ], [ 72.970469597000033, 4.26593659100007 ] ] } },
{ "type": "Feature", "properties": { }, "geometry": { "type": "LineString", "coordinates": [ [ 73.70281009200005, 4.434719143000052 ], [ 73.70085696700005, 4.43227773600006 ], [ 73.697601759000065, 4.431463934000078 ], [ 73.697438998000052, 4.431382554000038 ], [ 73.70281009200005, 4.434719143000052 ] ] } },
{ "type": "Feature", "properties": { }, "geometry": { "type": "LineString", "coordinates": [ [ 73.70281009200005, 4.453029690000051 ], [ 73.699961785000085, 4.451646226000094 ], [ 73.699880405000044, 4.449164130000042 ], [ 73.702647332000083, 4.452907619000086 ], [ 73.70281009200005, 4.453029690000051 ] ] } },
{ "type": "Feature", "properties": { }, "geometry": { "type": "LineString", "coordinates": [ [ 73.376719597000033, 4.474432684000078 ], [ 73.377289259000065, 4.465277411000045 ], [ 73.373871290000068, 4.466986395000049 ], [ 73.373871290000068, 4.468817450000074 ], [ 73.373871290000068, 4.468898830000057 ], [ 73.375254754000082, 4.471177476000094 ], [ 73.376719597000033, 4.474432684000078 ] ] } },
{ "type": "Feature", "properties": { }, "geometry": { "type": "LineString", "coordinates": [ [ 73.404958530000044, 4.634995835000041 ], [ 73.404958530000044, 4.634751695000091 ], [ 73.404958530000044, 4.632228908000059 ], [ 73.40552819100003, 4.629950262000079 ], [ 73.405284050000034, 4.628404039000088 ], [ 73.403005405000044, 4.627427476000094 ], [ 73.401215040000068, 4.629828192000048 ], [ 73.401866082000083, 4.631333726000094 ], [ 73.40357506600003, 4.632757880000042 ], [ 73.404958530000044, 4.634995835000041 ] ] } },
{ "type": "Feature", "properties": { }, "geometry": { "type": "LineString", "coordinates": [ [ 73.490489129000082, 4.72337474200009 ], [ 73.490489129000082, 4.723334052000041 ], [ 73.490407748000052, 4.720607815000051 ], [ 73.490407748000052, 4.72056712400007 ], [ 73.490977410000085, 4.718329169000071 ], [ 73.490977410000085, 4.71828847900008 ], [ 73.490733269000032, 4.716742255000042 ], [ 73.488454623000052, 4.715969143000052 ], [ 73.48796634200005, 4.716538804000038 ], [ 73.486664259000065, 4.71820709800005 ], [ 73.487315300000034, 4.719794012000079 ], [ 73.489024285000085, 4.721177476000094 ], [ 73.490489129000082, 4.72337474200009 ] ] } },
{ "type": "Feature", "properties": { }, "geometry": { "type": "LineString", "coordinates": [ [ 72.979340040000068, 4.895453192000048 ], [ 72.979340040000068, 4.895371812000064 ], [ 72.969655795000051, 4.88072337400007 ], [ 72.969493035000085, 4.880519924000055 ], [ 72.97006269600007, 4.890366929000038 ], [ 72.972666863000029, 4.894354559000078 ], [ 72.976084832000083, 4.89516836100006 ], [ 72.979340040000068, 4.895453192000048 ] ] } },
{ "type": "Feature", "properties": { }, "geometry": { "type": "LineString", "coordinates": [ [ 72.917491082000083, 4.898586330000057 ], [ 72.91765384200005, 4.898504950000074 ], [ 72.920909050000034, 4.897853908000059 ], [ 72.922699415000068, 4.898993231000077 ], [ 72.922862175000034, 4.89907461100006 ], [ 72.917491082000083, 4.898586330000057 ] ] } },
{ "type": "Feature", "properties": { }, "geometry": { "type": "LineString", "coordinates": [ [ 73.447276238000029, 4.97134023600006 ], [ 73.436534050000034, 4.969875393000052 ], [ 73.436534050000034, 4.969875393000052 ], [ 73.438975457000083, 4.974554755000042 ], [ 73.441172722000033, 4.97492096600007 ], [ 73.441172722000033, 4.97492096600007 ], [ 73.443858269000032, 4.973049221000053 ], [ 73.447276238000029, 4.97134023600006 ] ] } },
{ "type": "Feature", "properties": { }, "geometry": { "type": "LineString", "coordinates": [ [ 72.912852410000085, 5.034084377000056 ], [ 72.910166863000029, 5.032700914000088 ], [ 72.909190300000034, 5.030585028000075 ], [ 72.90943444100003, 5.03078847900008 ], [ 72.912852410000085, 5.034084377000056 ] ] } },
{ "type": "Feature", "properties": { }, "geometry": { "type": "LineString", "coordinates": [ [ 72.927744988000029, 5.036525783000059 ], [ 72.927663608000046, 5.036281643000052 ], [ 72.927175326000054, 5.034247137000079 ], [ 72.92709394600007, 5.03392161700009 ], [ 72.925710483000046, 5.033474026000079 ], [ 72.924408399000072, 5.03306712400007 ], [ 72.924327019000032, 5.033026434000078 ], [ 72.927744988000029, 5.036525783000059 ] ] } },
{ "type": "Feature", "properties": { }, "geometry": { "type": "LineString", "coordinates": [ [ 73.044769727000073, 5.12181224200009 ], [ 73.044769727000073, 5.121649481000077 ], [ 73.043467644000032, 5.118841864000046 ], [ 73.041270379000082, 5.118394273000092 ], [ 73.044769727000073, 5.12181224200009 ] ] } },
{ "type": "Feature", "properties": { }, "geometry": { "type": "LineString", "coordinates": [ [ 73.049082879000082, 5.133286851000094 ], [ 73.049164259000065, 5.133164781000062 ], [ 73.049978061000047, 5.130357164000088 ], [ 73.051442905000044, 5.128078518000052 ], [ 73.051442905000044, 5.126654364000046 ], [ 73.047618035000085, 5.126369533000059 ], [ 73.045258009000065, 5.128892320000091 ], [ 73.046071811000047, 5.130275783000059 ], [ 73.047862175000034, 5.131293036000045 ], [ 73.049082879000082, 5.133286851000094 ] ] } },
{ "type": "Feature", "properties": { }, "geometry": { "type": "LineString", "coordinates": [ [ 73.091319207000083, 5.161363023000092 ], [ 73.090993686000047, 5.15851471600007 ], [ 73.087901238000029, 5.157985744000086 ], [ 73.087738477000073, 5.157945054000038 ], [ 73.091319207000083, 5.161363023000092 ] ] } },
{ "type": "Feature", "properties": { }, "geometry": { "type": "LineString", "coordinates": [ [ 73.103851759000065, 5.173041083000044 ], [ 73.10710696700005, 5.170965887000079 ], [ 73.10710696700005, 5.170965887000079 ], [ 73.110199415000068, 5.170355536000045 ], [ 73.110524936000047, 5.170314846000053 ], [ 73.106944207000083, 5.171779690000051 ], [ 73.104177280000044, 5.172919012000079 ], [ 73.103851759000065, 5.173041083000044 ] ] } },
{ "type": "Feature", "properties": { }, "geometry": { "type": "LineString", "coordinates": [ [ 72.860118035000085, 5.237941799000055 ], [ 72.860036655000044, 5.23781972900008 ], [ 72.859222852000073, 5.235500393000052 ], [ 72.856862826000054, 5.234564520000049 ], [ 72.856618686000047, 5.234442450000074 ], [ 72.860118035000085, 5.237941799000055 ] ] } },
{ "type": "Feature", "properties": { }, "geometry": { "type": "LineString", "coordinates": [ [ 73.131846550000034, 5.244574286000045 ], [ 73.131846550000034, 5.24249909100007 ], [ 73.131846550000034, 5.24249909100007 ], [ 73.128428582000083, 5.241156317000048 ], [ 73.131846550000034, 5.244574286000045 ] ] } },
{ "type": "Feature", "properties": { }, "geometry": { "type": "LineString", "coordinates": [ [ 73.499766472000033, 5.246893622000073 ], [ 73.49968509200005, 5.24681224200009 ], [ 73.49732506600003, 5.245062567000048 ], [ 73.497243686000047, 5.245021877000056 ], [ 73.49382571700005, 5.245998440000051 ], [ 73.499766472000033, 5.246893622000073 ] ] } },
{ "type": "Feature", "properties": { }, "geometry": { "type": "LineString", "coordinates": [ [ 73.593597852000073, 5.282700914000088 ], [ 73.582855665000068, 5.275580145000049 ], [ 73.577647332000083, 5.274562893000052 ], [ 73.570160352000073, 5.276678778000075 ], [ 73.56999759200005, 5.276760158000059 ], [ 73.575938347000033, 5.27993398600006 ], [ 73.582041863000029, 5.281805731000077 ], [ 73.587901238000029, 5.282619533000059 ], [ 73.593597852000073, 5.282700914000088 ] ] } },
{ "type": "Feature", "properties": { }, "geometry": { "type": "LineString", "coordinates": [ [ 73.112803582000083, 5.298570054000038 ], [ 73.109222852000073, 5.296698309000078 ], [ 73.109222852000073, 5.295152085000041 ], [ 73.11264082100007, 5.298447984000063 ], [ 73.112803582000083, 5.298570054000038 ] ] } },
{ "type": "Feature", "properties": { }, "geometry": { "type": "LineString", "coordinates": [ [ 73.470225457000083, 5.307766018000052 ], [ 73.46843509200005, 5.308091539000088 ], [ 73.467133009000065, 5.308335679000038 ], [ 73.467051629000082, 5.308335679000038 ], [ 73.46420332100007, 5.306830145000049 ], [ 73.464366082000083, 5.306870835000041 ], [ 73.470144076000054, 5.30772532800006 ], [ 73.470225457000083, 5.307766018000052 ] ] } },
{ "type": "Feature", "properties": { }, "geometry": { "type": "LineString", "coordinates": [ [ 73.629567905000044, 5.332831122000073 ], [ 73.629405144000032, 5.33274974200009 ], [ 73.627207879000082, 5.331122137000079 ], [ 73.623301629000082, 5.331854559000078 ], [ 73.629567905000044, 5.332831122000073 ] ] } },
{ "type": "Feature", "properties": { }, "geometry": { "type": "LineString", "coordinates": [ [ 73.646657748000052, 5.343247789000088 ], [ 73.643402540000068, 5.343939520000049 ], [ 73.63990319100003, 5.342189846000053 ], [ 73.640065951000054, 5.342189846000053 ], [ 73.646494988000029, 5.343247789000088 ], [ 73.646657748000052, 5.343247789000088 ] ] } },
{ "type": "Feature", "properties": { }, "geometry": { "type": "LineString", "coordinates": [ [ 72.953135613000029, 5.352769273000092 ], [ 72.95240319100003, 5.350083726000094 ], [ 72.949554884000065, 5.349310614000046 ], [ 72.953135613000029, 5.352769273000092 ] ] } },
{ "type": "Feature", "properties": { }, "geometry": { "type": "LineString", "coordinates": [ [ 73.397471550000034, 5.362209377000056 ], [ 73.397552931000064, 5.362005927000041 ], [ 73.398692254000082, 5.359605210000041 ], [ 73.400645379000082, 5.357652085000041 ], [ 73.401215040000068, 5.356146552000041 ], [ 73.399424675000034, 5.355454820000091 ], [ 73.39616946700005, 5.357123114000046 ], [ 73.396006707000083, 5.358465887000079 ], [ 73.397146030000044, 5.360174872000073 ], [ 73.397471550000034, 5.362209377000056 ] ] } },
{ "type": "Feature", "properties": { }, "geometry": { "type": "LineString", "coordinates": [ [ 73.323252800000034, 5.368231512000079 ], [ 73.324880405000044, 5.366766669000071 ], [ 73.324961785000085, 5.366766669000071 ], [ 73.327891472000033, 5.367010809000078 ], [ 73.327972852000073, 5.367010809000078 ], [ 73.328216993000069, 5.367010809000078 ], [ 73.330088738000029, 5.366888739000046 ], [ 73.330088738000029, 5.366848049000055 ], [ 73.328868035000085, 5.364243882000039 ], [ 73.319346550000034, 5.362941799000055 ], [ 73.319183790000068, 5.362941799000055 ], [ 73.31771894600007, 5.365790106000077 ], [ 73.319183790000068, 5.36664459800005 ], [ 73.322032097000033, 5.366888739000046 ], [ 73.323252800000034, 5.368231512000079 ] ] } },
{ "type": "Feature", "properties": { }, "geometry": { "type": "LineString", "coordinates": [ [ 73.350759311000047, 5.427679755000042 ], [ 73.347504102000073, 5.428778387000079 ], [ 73.344574415000068, 5.426743882000039 ], [ 73.344899936000047, 5.426825262000079 ], [ 73.350759311000047, 5.427679755000042 ] ] } },
{ "type": "Feature", "properties": { }, "geometry": { "type": "LineString", "coordinates": [ [ 73.537445509000065, 5.451402085000041 ], [ 73.537445509000065, 5.451402085000041 ], [ 73.534922722000033, 5.44985586100006 ], [ 73.534922722000033, 5.44985586100006 ], [ 73.531260613000029, 5.450425523000092 ], [ 73.537445509000065, 5.451402085000041 ] ] } },
{ "type": "Feature", "properties": { }, "geometry": { "type": "LineString", "coordinates": [ [ 73.36296634200005, 5.463080145000049 ], [ 73.36296634200005, 5.462795315000051 ], [ 73.363129102000073, 5.459377346000053 ], [ 73.360931837000066, 5.457953192000048 ], [ 73.36068769600007, 5.457831122000073 ], [ 73.36296634200005, 5.463080145000049 ] ] } },
{ "type": "Feature", "properties": { }, "geometry": { "type": "LineString", "coordinates": [ [ 72.943125847000033, 5.467596747000073 ], [ 72.94304446700005, 5.467474677000041 ], [ 72.941579623000052, 5.46556224200009 ], [ 72.94109134200005, 5.463568427000041 ], [ 72.940277540000068, 5.462144273000092 ], [ 72.938243035000085, 5.461493231000077 ], [ 72.937022332000083, 5.465521552000041 ], [ 72.937022332000083, 5.46556224200009 ], [ 72.938161655000044, 5.466701565000051 ], [ 72.940603061000047, 5.466782945000091 ], [ 72.943125847000033, 5.467596747000073 ] ] } },
{ "type": "Feature", "properties": { }, "geometry": { "type": "LineString", "coordinates": [ [ 73.015879754000082, 5.492865302000041 ], [ 73.014333530000044, 5.490912177000041 ], [ 73.013845248000052, 5.48891836100006 ], [ 73.01303144600007, 5.487453518000052 ], [ 73.01107832100007, 5.486843166000085 ], [ 73.01099694100003, 5.486802476000094 ], [ 73.009938998000052, 5.490220445000091 ], [ 73.009776238000029, 5.49087148600006 ], [ 73.009776238000029, 5.490912177000041 ], [ 73.010915561000047, 5.492132880000042 ], [ 73.013194207000083, 5.492132880000042 ], [ 73.015879754000082, 5.492865302000041 ] ] } },
{ "type": "Feature", "properties": { }, "geometry": { "type": "LineString", "coordinates": [ [ 73.462412957000083, 5.54360586100006 ], [ 73.459320509000065, 5.54173411700009 ], [ 73.456472201000054, 5.542629299000055 ], [ 73.45630944100003, 5.542669989000046 ], [ 73.462412957000083, 5.54360586100006 ] ] } },
{ "type": "Feature", "properties": { }, "geometry": { "type": "LineString", "coordinates": [ [ 73.005625847000033, 5.713324286000045 ], [ 73.003754102000073, 5.711127020000049 ], [ 73.00318444100003, 5.708726304000038 ], [ 73.002289259000065, 5.707098700000074 ], [ 72.999766472000033, 5.706976630000042 ], [ 72.998789910000085, 5.711940822000088 ], [ 72.998789910000085, 5.711981512000079 ], [ 73.000173373000052, 5.71320221600007 ], [ 73.000254754000082, 5.71320221600007 ], [ 73.000824415000068, 5.713120835000041 ], [ 73.002777540000068, 5.712836005000042 ], [ 73.005625847000033, 5.713324286000045 ] ] } },
{ "type": "Feature", "properties": { }, "geometry": { "type": "LineString", "coordinates": [ [ 72.949392123000052, 6.349798895000049 ], [ 72.949392123000052, 6.349676825000074 ], [ 72.950938347000033, 6.347723700000074 ], [ 72.951182488000029, 6.347601630000042 ], [ 72.952972852000073, 6.346625067000048 ], [ 72.953379754000082, 6.346258856000077 ], [ 72.953949415000068, 6.345607815000051 ], [ 72.953135613000029, 6.343491929000038 ], [ 72.94849694100003, 6.344427802000041 ], [ 72.947764519000032, 6.345933335000041 ], [ 72.948985222000033, 6.348049221000053 ], [ 72.949392123000052, 6.349798895000049 ] ] } },
{ "type": "Feature", "properties": { }, "geometry": { "type": "LineString", "coordinates": [ [ 72.892588738000029, 6.452093817000048 ], [ 72.89421634200005, 6.44993724200009 ], [ 72.89616946700005, 6.448879299000055 ], [ 72.896901889000048, 6.448187567000048 ], [ 72.897227410000085, 6.44790273600006 ], [ 72.897227410000085, 6.447821356000077 ], [ 72.896332227000073, 6.445786851000094 ], [ 72.891774936000047, 6.44672272300005 ], [ 72.891612175000034, 6.447007554000038 ], [ 72.890879754000082, 6.448228257000039 ], [ 72.892100457000083, 6.450262762000079 ], [ 72.892588738000029, 6.452093817000048 ] ] } },
{ "type": "Feature", "properties": { }, "geometry": { "type": "LineString", "coordinates": [ [ 72.172699415000068, 10.80923086100006 ], [ 72.188161655000044, 10.836127020000049 ], [ 72.200043165000068, 10.864447333000044 ], [ 72.200043165000068, 10.878078518000052 ], [ 72.200043165000068, 10.878119208000044 ], [ 72.195648634000065, 10.872707424000055 ], [ 72.189300977000073, 10.864935614000046 ], [ 72.185150587000066, 10.858303127000056 ], [ 72.17904707100007, 10.848700262000079 ], [ 72.172618035000085, 10.829982815000051 ], [ 72.172699415000068, 10.80923086100006 ] ] } },
{ "type": "Feature", "properties": { }, "geometry": { "type": "LineString", "coordinates": [ [ 72.789073113000029, 11.261664130000042 ], [ 72.774180535000085, 11.222886460000041 ], [ 72.770355665000068, 11.203680731000077 ], [ 72.770355665000068, 11.203640041000085 ], [ 72.77116946700005, 11.201117255000042 ], [ 72.775401238000029, 11.186590887000079 ], [ 72.775482618000069, 11.186753648000092 ], [ 72.784922722000033, 11.216376044000071 ], [ 72.787933790000068, 11.232245184000078 ], [ 72.789073113000029, 11.248032945000091 ], [ 72.791514519000032, 11.251654364000046 ], [ 72.793955925000034, 11.254299221000053 ], [ 72.795583530000044, 11.257228908000059 ], [ 72.795909050000034, 11.261664130000042 ], [ 72.789235873000052, 11.261664130000042 ], [ 72.789073113000029, 11.261664130000042 ] ] } },
{ "type": "Feature", "properties": { }, "geometry": { "type": "LineString", "coordinates": [ [ 67.375498894000032, 24.062730210000041 ], [ 67.381521030000044, 24.046210028000075 ], [ 67.385427280000044, 24.040187893000052 ], [ 67.393402540000068, 24.02806224200009 ], [ 67.40943444100003, 24.013495184000078 ], [ 67.426931186000047, 24.007513739000046 ], [ 67.453949415000068, 24.013413804000038 ], [ 67.460785352000073, 24.026678778000075 ], [ 67.465179884000065, 24.040594794000071 ], [ 67.485280795000051, 24.048488674000055 ], [ 67.485362175000034, 24.048529364000046 ], [ 67.47779381600003, 24.051214911000045 ], [ 67.458018425000034, 24.062730210000041 ], [ 67.413259311000047, 24.048773505000042 ], [ 67.390391472000033, 24.049261786000045 ], [ 67.375498894000032, 24.062730210000041 ] ] } },
{ "type": "Feature", "properties": { }, "geometry": { "type": "LineString", "coordinates": [ [ 73.365000847000033, 1.791083075000074 ], [ 73.365163608000046, 1.791042385000083 ], [ 73.375824415000068, 1.788560289000088 ], [ 73.37045332100007, 1.782538153000075 ], [ 73.368256056000064, 1.782945054000038 ], [ 73.368174675000034, 1.782945054000038 ], [ 73.366953972000033, 1.786688544000071 ], [ 73.365000847000033, 1.791083075000074 ] ] } },
{ "type": "Feature", "properties": { }, "geometry": { "type": "LineString", "coordinates": [ [ 73.400238477000073, 1.806341864000046 ], [ 73.400319858000046, 1.806138414000088 ], [ 73.401215040000068, 1.801703192000048 ], [ 73.403086785000085, 1.798000393000052 ], [ 73.402110222000033, 1.795599677000041 ], [ 73.400563998000052, 1.795436916000085 ], [ 73.394379102000073, 1.794745184000078 ], [ 73.394786004000082, 1.798651434000078 ], [ 73.394786004000082, 1.798773505000042 ], [ 73.395192905000044, 1.799343166000085 ], [ 73.396657748000052, 1.80141836100006 ], [ 73.398936394000032, 1.803534247000073 ], [ 73.400238477000073, 1.806341864000046 ] ] } },
{ "type": "Feature", "properties": { }, "geometry": { "type": "LineString", "coordinates": [ [ 73.452647332000083, 1.82680898600006 ], [ 73.463633660000085, 1.826320705000057 ], [ 73.45671634200005, 1.820379950000074 ], [ 73.45671634200005, 1.820379950000074 ], [ 73.454112175000034, 1.820542710000041 ], [ 73.453379754000082, 1.823716539000088 ], [ 73.452647332000083, 1.82680898600006 ] ] } },
{ "type": "Feature", "properties": { }, "geometry": { "type": "LineString", "coordinates": [ [ 73.518077019000032, 1.842718817000048 ], [ 73.510834181000064, 1.836940822000088 ], [ 73.499196811000047, 1.827785549000055 ], [ 73.499196811000047, 1.827704169000071 ], [ 73.498789910000085, 1.828111070000091 ], [ 73.498545769000032, 1.82843659100007 ], [ 73.498057488000029, 1.828802802000041 ], [ 73.497813347000033, 1.829250393000052 ], [ 73.497813347000033, 1.829250393000052 ], [ 73.500091993000069, 1.832058010000083 ], [ 73.502289259000065, 1.834906317000048 ], [ 73.507334832000083, 1.838364976000094 ], [ 73.517914259000065, 1.842678127000056 ], [ 73.518077019000032, 1.842718817000048 ] ] } },
{ "type": "Feature", "properties": { }, "geometry": { "type": "LineString", "coordinates": [ [ 73.53646894600007, 1.870103257000039 ], [ 73.536306186000047, 1.869737046000068 ], [ 73.532969597000033, 1.86163971600007 ], [ 73.532399936000047, 1.86009349200009 ], [ 73.531504754000082, 1.863470770000049 ], [ 73.531504754000082, 1.863511460000041 ], [ 73.532399936000047, 1.865668036000045 ], [ 73.533050977000073, 1.866359768000052 ], [ 73.534353061000047, 1.867580471000053 ], [ 73.53646894600007, 1.870103257000039 ] ] } },
{ "type": "Feature", "properties": { }, "geometry": { "type": "LineString", "coordinates": [ [ 73.251719597000033, 1.892401434000078 ], [ 73.243662957000083, 1.888739325000074 ], [ 73.243662957000083, 1.888739325000074 ], [ 73.243988477000073, 1.894110419000071 ], [ 73.245616082000083, 1.89484284100007 ], [ 73.24740644600007, 1.89398834800005 ], [ 73.248301629000082, 1.893540757000039 ], [ 73.251719597000033, 1.892401434000078 ] ] } },
{ "type": "Feature", "properties": { }, "geometry": { "type": "LineString", "coordinates": [ [ 73.553070509000065, 1.932440497000073 ], [ 73.548838738000029, 1.911363023000092 ], [ 73.545664910000085, 1.901556708000044 ], [ 73.541188998000052, 1.89288971600007 ], [ 73.540863477000073, 1.892401434000078 ], [ 73.549815300000034, 1.924994208000044 ], [ 73.553070509000065, 1.932440497000073 ] ] } },
{ "type": "Feature", "properties": { }, "geometry": { "type": "LineString", "coordinates": [ [ 73.55005944100003, 1.976385809000078 ], [ 73.549815300000034, 1.965684312000064 ], [ 73.549815300000034, 1.965521552000041 ], [ 73.547699415000068, 1.968329169000071 ], [ 73.547862175000034, 1.970607815000051 ], [ 73.55005944100003, 1.976385809000078 ] ] } },
{ "type": "Feature", "properties": { }, "geometry": { "type": "LineString", "coordinates": [ [ 73.317230665000068, 1.991400458000044 ], [ 73.319834832000083, 1.989203192000048 ], [ 73.322601759000065, 1.987982489000046 ], [ 73.323252800000034, 1.986476955000057 ], [ 73.318369988000029, 1.983099677000041 ], [ 73.318369988000029, 1.983099677000041 ], [ 73.315440300000034, 1.985052802000041 ], [ 73.31576582100007, 1.986802476000094 ], [ 73.317149285000085, 1.988836981000077 ], [ 73.317230665000068, 1.991400458000044 ] ] } },
{ "type": "Feature", "properties": { }, "geometry": { "type": "LineString", "coordinates": [ [ 73.54420006600003, 2.026597398000092 ], [ 73.542979363000029, 2.022162177000041 ], [ 73.54037519600007, 2.022528387000079 ], [ 73.54029381600003, 2.022528387000079 ], [ 73.54224694100003, 2.024562893000052 ], [ 73.54420006600003, 2.026597398000092 ] ] } },
{ "type": "Feature", "properties": { }, "geometry": { "type": "LineString", "coordinates": [ [ 73.386973504000082, 2.033026434000078 ], [ 73.386241082000083, 2.030340887000079 ], [ 73.386973504000082, 2.028631903000075 ], [ 73.386973504000082, 2.033026434000078 ] ] } },
{ "type": "Feature", "properties": { }, "geometry": { "type": "LineString", "coordinates": [ [ 73.555674675000034, 2.082505601000094 ], [ 73.551442905000044, 2.07257721600007 ], [ 73.551442905000044, 2.072414455000057 ], [ 73.55046634200005, 2.075873114000046 ], [ 73.551280144000032, 2.078070380000042 ], [ 73.553233269000032, 2.079901434000078 ], [ 73.555674675000034, 2.082505601000094 ] ] } },
{ "type": "Feature", "properties": { }, "geometry": { "type": "LineString", "coordinates": [ [ 73.56763756600003, 2.109930731000077 ], [ 73.585378451000054, 2.109605210000041 ], [ 73.585459832000083, 2.109605210000041 ], [ 73.583506707000083, 2.10814036700009 ], [ 73.580414259000065, 2.10578034100007 ], [ 73.56771894600007, 2.097805080000057 ], [ 73.56177819100003, 2.094712632000039 ], [ 73.56177819100003, 2.098781643000052 ], [ 73.562998894000032, 2.102362372000073 ], [ 73.56763756600003, 2.109930731000077 ] ] } },
{ "type": "Feature", "properties": { }, "geometry": { "type": "LineString", "coordinates": [ [ 73.043711785000085, 2.166449286000045 ], [ 73.041351759000065, 2.16469961100006 ], [ 73.039805535000085, 2.164618231000077 ], [ 73.038259311000047, 2.164536851000094 ], [ 73.03842207100007, 2.164618231000077 ], [ 73.043711785000085, 2.166449286000045 ] ] } },
{ "type": "Feature", "properties": { }, "geometry": { "type": "LineString", "coordinates": [ [ 73.103851759000065, 2.186590887000079 ], [ 73.103851759000065, 2.186509507000039 ], [ 73.10287519600007, 2.184393622000073 ], [ 73.10287519600007, 2.182114976000094 ], [ 73.102305535000085, 2.180975653000075 ], [ 73.099457227000073, 2.18195221600007 ], [ 73.09888756600003, 2.184597072000088 ], [ 73.09888756600003, 2.184637762000079 ], [ 73.099782748000052, 2.185532945000091 ], [ 73.101735873000052, 2.185695705000057 ], [ 73.103851759000065, 2.186590887000079 ] ] } },
{ "type": "Feature", "properties": { }, "geometry": { "type": "LineString", "coordinates": [ [ 73.115489129000082, 2.199693101000094 ], [ 73.11687259200005, 2.197658596000053 ], [ 73.120860222000033, 2.191799221000053 ], [ 73.115000847000033, 2.191799221000053 ], [ 73.113942905000044, 2.193467515000066 ], [ 73.113942905000044, 2.193508205000057 ], [ 73.11491946700005, 2.196437893000052 ], [ 73.115489129000082, 2.199693101000094 ] ] } },
{ "type": "Feature", "properties": { }, "geometry": { "type": "LineString", "coordinates": [ [ 72.948415561000047, 2.274888414000088 ], [ 72.946381056000064, 2.272406317000048 ], [ 72.946299675000034, 2.272365627000056 ], [ 72.943125847000033, 2.273016669000071 ], [ 72.948415561000047, 2.274888414000088 ] ] } },
{ "type": "Feature", "properties": { }, "geometry": { "type": "LineString", "coordinates": [ [ 72.926117384000065, 2.327460028000075 ], [ 72.92701256600003, 2.316066799000055 ], [ 72.922536655000044, 2.319566148000092 ], [ 72.922373894000032, 2.322088934000078 ], [ 72.924327019000032, 2.324448960000041 ], [ 72.926117384000065, 2.327460028000075 ] ] } },
{ "type": "Feature", "properties": { }, "geometry": { "type": "LineString", "coordinates": [ [ 73.344004754000082, 2.348049221000053 ], [ 73.343923373000052, 2.347438869000086 ], [ 73.343597852000073, 2.344183661000045 ], [ 73.342295769000032, 2.342393296000068 ], [ 73.342051629000082, 2.34210846600007 ], [ 73.344004754000082, 2.348049221000053 ] ] } },
{ "type": "Feature", "properties": { }, "geometry": { "type": "LineString", "coordinates": [ [ 73.354258660000085, 2.437201239000046 ], [ 73.361338738000029, 2.424709377000056 ], [ 73.365326368000069, 2.413885809000078 ], [ 73.366221550000034, 2.411525783000059 ], [ 73.367035352000073, 2.398016669000071 ], [ 73.367035352000073, 2.398016669000071 ], [ 73.36264082100007, 2.385117906000062 ], [ 73.36255944100003, 2.384914455000057 ], [ 73.353851759000065, 2.429022528000075 ], [ 73.354258660000085, 2.437201239000046 ] ] } },
{ "type": "Feature", "properties": { }, "geometry": { "type": "LineString", "coordinates": [ [ 73.314789259000065, 2.505804755000042 ], [ 73.315196160000085, 2.494126695000091 ], [ 73.315196160000085, 2.494045315000051 ], [ 73.31373131600003, 2.495184637000079 ], [ 73.31177819100003, 2.496771552000041 ], [ 73.31177819100003, 2.496893622000073 ], [ 73.311534050000034, 2.499253648000092 ], [ 73.313243035000085, 2.502101955000057 ], [ 73.314789259000065, 2.505804755000042 ] ] } },
{ "type": "Feature", "properties": { }, "geometry": { "type": "LineString", "coordinates": [ [ 73.145518425000034, 2.553290106000077 ], [ 73.14380944100003, 2.550360419000071 ], [ 73.141123894000032, 2.550360419000071 ], [ 73.140961134000065, 2.550360419000071 ], [ 73.145518425000034, 2.553290106000077 ] ] } },
{ "type": "Feature", "properties": { }, "geometry": { "type": "LineString", "coordinates": [ [ 72.90007571700005, 2.682196356000077 ], [ 72.902598504000082, 2.680975653000075 ], [ 72.905284050000034, 2.680812893000052 ], [ 72.906423373000052, 2.679673570000091 ], [ 72.904470248000052, 2.675726630000042 ], [ 72.901133660000085, 2.676174221000053 ], [ 72.900563998000052, 2.677557684000078 ], [ 72.900726759000065, 2.679754950000074 ], [ 72.90007571700005, 2.682196356000077 ] ] } },
{ "type": "Feature", "properties": { }, "geometry": { "type": "LineString", "coordinates": [ [ 72.872569207000083, 2.694159247000073 ], [ 72.873708530000044, 2.683661200000074 ], [ 72.873708530000044, 2.683579820000091 ], [ 72.867360873000052, 2.686672268000052 ], [ 72.866953972000033, 2.688950914000088 ], [ 72.869802280000044, 2.691229559000078 ], [ 72.872569207000083, 2.694159247000073 ] ] } },
{ "type": "Feature", "properties": { }, "geometry": { "type": "LineString", "coordinates": [ [ 73.022308790000068, 2.741685289000088 ], [ 73.032237175000034, 2.745103257000039 ], [ 73.032237175000034, 2.745021877000056 ], [ 73.028005405000044, 2.738226630000042 ], [ 73.025401238000029, 2.737616278000075 ], [ 73.022390170000051, 2.74164459800005 ], [ 73.022308790000068, 2.741685289000088 ] ] } },
{ "type": "Feature", "properties": { }, "geometry": { "type": "LineString", "coordinates": [ [ 73.353526238000029, 2.778265692000048 ], [ 73.352712436000047, 2.77570221600007 ], [ 73.353526238000029, 2.773627020000049 ], [ 73.353526238000029, 2.771918036000045 ], [ 73.351491733000046, 2.770738023000092 ], [ 73.351410352000073, 2.770697333000044 ], [ 73.348480665000068, 2.775376695000091 ], [ 73.34929446700005, 2.777167059000078 ], [ 73.351573113000029, 2.777533270000049 ], [ 73.353526238000029, 2.778265692000048 ] ] } },
{ "type": "Feature", "properties": { }, "geometry": { "type": "LineString", "coordinates": [ [ 73.399261915000068, 2.785711981000077 ], [ 73.390635613000029, 2.775376695000091 ], [ 73.39185631600003, 2.781480210000041 ], [ 73.394379102000073, 2.784328518000052 ], [ 73.397471550000034, 2.785305080000057 ], [ 73.399261915000068, 2.785711981000077 ] ] } },
{ "type": "Feature", "properties": { }, "geometry": { "type": "LineString", "coordinates": [ [ 73.548594597000033, 2.892726955000057 ], [ 73.548757358000046, 2.892604885000083 ], [ 73.55014082100007, 2.89134349200009 ], [ 73.551036004000082, 2.890611070000091 ], [ 73.551036004000082, 2.890611070000091 ], [ 73.549082879000082, 2.88812897300005 ], [ 73.549082879000082, 2.888739325000074 ], [ 73.548594597000033, 2.892726955000057 ] ] } },
{ "type": "Feature", "properties": { }, "geometry": { "type": "LineString", "coordinates": [ [ 73.360362175000034, 2.903876044000071 ], [ 73.36101321700005, 2.901516018000052 ], [ 73.362315300000034, 2.899725653000075 ], [ 73.362803582000083, 2.898382880000042 ], [ 73.360850457000083, 2.89756907800006 ], [ 73.36068769600007, 2.897528387000079 ], [ 73.357269727000073, 2.899807033000059 ], [ 73.357269727000073, 2.901190497000073 ], [ 73.359141472000033, 2.902289130000042 ], [ 73.360362175000034, 2.903876044000071 ] ] } },
{ "type": "Feature", "properties": { }, "geometry": { "type": "LineString", "coordinates": [ [ 73.008474155000044, 2.953314520000049 ], [ 73.01490319100003, 2.947414455000057 ], [ 73.010427280000044, 2.945257880000042 ], [ 73.010427280000044, 2.945257880000042 ], [ 73.009938998000052, 2.945705471000053 ], [ 73.00904381600003, 2.946437893000052 ], [ 73.00904381600003, 2.949448960000041 ], [ 73.00904381600003, 2.94953034100007 ], [ 73.008474155000044, 2.953314520000049 ] ] } },
{ "type": "Feature", "properties": { }, "geometry": { "type": "LineString", "coordinates": [ [ 73.564219597000033, 2.954738674000055 ], [ 73.564219597000033, 2.95461660400008 ], [ 73.562022332000083, 2.946112372000073 ], [ 73.561289910000085, 2.948472398000092 ], [ 73.56177819100003, 2.950384833000044 ], [ 73.564219597000033, 2.954738674000055 ] ] } },
{ "type": "Feature", "properties": { }, "geometry": { "type": "LineString", "coordinates": [ [ 73.585948113000029, 2.961615302000041 ], [ 73.585866733000046, 2.961533921000068 ], [ 73.57748457100007, 2.951157945000091 ], [ 73.578461134000065, 2.95734284100007 ], [ 73.58130944100003, 2.960150458000044 ], [ 73.584157748000052, 2.96124909100007 ], [ 73.585948113000029, 2.961615302000041 ] ] } },
{ "type": "Feature", "properties": { }, "geometry": { "type": "LineString", "coordinates": [ [ 72.870127800000034, 2.969183661000045 ], [ 72.870127800000034, 2.96906159100007 ], [ 72.867686394000032, 2.960882880000042 ], [ 72.865082227000073, 2.958156643000052 ], [ 72.86491946700005, 2.960882880000042 ], [ 72.870127800000034, 2.969183661000045 ] ] } },
{ "type": "Feature", "properties": { }, "geometry": { "type": "LineString", "coordinates": [ [ 72.90162194100003, 3.083807684000078 ], [ 72.902842644000032, 3.081854559000078 ], [ 72.904144727000073, 3.08148834800005 ], [ 72.904795769000032, 3.081284898000092 ], [ 72.906016472000033, 3.08038971600007 ], [ 72.904470248000052, 3.077378648000092 ], [ 72.899912957000083, 3.076849677000041 ], [ 72.899424675000034, 3.078192450000074 ], [ 72.900726759000065, 3.080633856000077 ], [ 72.90162194100003, 3.083807684000078 ] ] } },
{ "type": "Feature", "properties": { }, "geometry": { "type": "LineString", "coordinates": [ [ 73.613047722000033, 3.106756903000075 ], [ 73.61255944100003, 3.10297272300005 ], [ 73.608409050000034, 3.100409247000073 ], [ 73.613047722000033, 3.106756903000075 ] ] } },
{ "type": "Feature", "properties": { }, "geometry": { "type": "LineString", "coordinates": [ [ 72.97787519600007, 3.110174872000073 ], [ 72.978037957000083, 3.110052802000041 ], [ 72.979177280000044, 3.10805898600006 ], [ 72.981293165000068, 3.106634833000044 ], [ 72.98178144600007, 3.105047919000071 ], [ 72.97820071700005, 3.102728583000044 ], [ 72.975108269000032, 3.104193427000041 ], [ 72.975352410000085, 3.105698960000041 ], [ 72.976898634000065, 3.107652085000041 ], [ 72.97787519600007, 3.110174872000073 ] ] } },
{ "type": "Feature", "properties": { }, "geometry": { "type": "LineString", "coordinates": [ [ 73.04224694100003, 3.205471096000053 ], [ 73.043467644000032, 3.203517971000053 ], [ 73.043549024000072, 3.203477281000062 ], [ 73.045664910000085, 3.202866929000038 ], [ 73.046885613000029, 3.202053127000056 ], [ 73.045095248000052, 3.198919989000046 ], [ 73.04070071700005, 3.198472398000092 ], [ 73.040212436000047, 3.199733791000085 ], [ 73.040212436000047, 3.199774481000077 ], [ 73.041351759000065, 3.202297268000052 ], [ 73.04224694100003, 3.205471096000053 ] ] } },
{ "type": "Feature", "properties": { }, "geometry": { "type": "LineString", "coordinates": [ [ 73.031748894000032, 3.252997137000079 ], [ 73.031830274000072, 3.252875067000048 ], [ 73.033213738000029, 3.250881252000056 ], [ 73.035166863000029, 3.249335028000075 ], [ 73.035655144000032, 3.247788804000038 ], [ 73.031993035000085, 3.24555084800005 ], [ 73.031748894000032, 3.245672919000071 ], [ 73.02898196700005, 3.246893622000073 ], [ 73.029307488000029, 3.248439846000053 ], [ 73.030772332000083, 3.250474351000094 ], [ 73.031748894000032, 3.252997137000079 ] ] } },
{ "type": "Feature", "properties": { }, "geometry": { "type": "LineString", "coordinates": [ [ 72.83326256600003, 3.312486070000091 ], [ 72.834483269000032, 3.310532945000091 ], [ 72.836680535000085, 3.31000397300005 ], [ 72.837087436000047, 3.309637762000079 ], [ 72.837657097000033, 3.309068101000094 ], [ 72.836110873000052, 3.305975653000075 ], [ 72.831553582000083, 3.305609442000048 ], [ 72.83139082100007, 3.305609442000048 ], [ 72.831228061000047, 3.306830145000049 ], [ 72.832367384000065, 3.30931224200009 ], [ 72.83326256600003, 3.312486070000091 ] ] } },
{ "type": "Feature", "properties": { }, "geometry": { "type": "LineString", "coordinates": [ [ 73.516368035000085, 3.361232815000051 ], [ 73.516530795000051, 3.361070054000038 ], [ 73.517425977000073, 3.360296942000048 ], [ 73.51880944100003, 3.359116929000038 ], [ 73.51889082100007, 3.358872789000088 ], [ 73.519134962000066, 3.356594143000052 ], [ 73.51921634200005, 3.356390692000048 ], [ 73.516368035000085, 3.361232815000051 ] ] } },
{ "type": "Feature", "properties": { }, "geometry": { "type": "LineString", "coordinates": [ [ 73.747569207000083, 3.451117255000042 ], [ 73.748383009000065, 3.448635158000059 ], [ 73.748545769000032, 3.448187567000048 ], [ 73.75123131600003, 3.44712962400007 ], [ 73.75318444100003, 3.446356512000079 ], [ 73.753103061000047, 3.446437893000052 ], [ 73.74773196700005, 3.450995184000078 ], [ 73.747569207000083, 3.451117255000042 ] ] } },
{ "type": "Feature", "properties": { }, "geometry": { "type": "LineString", "coordinates": [ [ 73.505869988000029, 3.501206773000092 ], [ 73.506114129000082, 3.497707424000055 ], [ 73.506195509000065, 3.497626044000071 ], [ 73.508555535000085, 3.496486721000053 ], [ 73.508474155000044, 3.496568101000094 ], [ 73.505869988000029, 3.501206773000092 ] ] } },
{ "type": "Feature", "properties": { }, "geometry": { "type": "LineString", "coordinates": [ [ 72.95240319100003, 3.73383209800005 ], [ 72.953786655000044, 3.731634833000044 ], [ 72.955821160000085, 3.730129299000055 ], [ 72.955821160000085, 3.728705145000049 ], [ 72.951996290000068, 3.72687409100007 ], [ 72.948985222000033, 3.728583075000074 ], [ 72.949392123000052, 3.730047919000071 ], [ 72.951182488000029, 3.731512762000079 ], [ 72.95240319100003, 3.73383209800005 ] ] } },
{ "type": "Feature", "properties": { }, "geometry": { "type": "LineString", "coordinates": [ [ 72.945811394000032, 3.77212148600006 ], [ 72.947113477000073, 3.76984284100007 ], [ 72.94857832100007, 3.768784898000092 ], [ 72.949066602000073, 3.768377997000073 ], [ 72.949392123000052, 3.766994533000059 ], [ 72.945323113000029, 3.765204169000071 ], [ 72.945323113000029, 3.765204169000071 ], [ 72.944916212000066, 3.765448309000078 ], [ 72.942393425000034, 3.766953843000067 ], [ 72.942393425000034, 3.766994533000059 ], [ 72.942881707000083, 3.768377997000073 ], [ 72.94467207100007, 3.76984284100007 ], [ 72.945811394000032, 3.77212148600006 ] ] } },
{ "type": "Feature", "properties": { }, "geometry": { "type": "LineString", "coordinates": [ [ 72.94459069100003, 3.836859442000048 ], [ 72.945811394000032, 3.834662177000041 ], [ 72.94662519600007, 3.834011135000083 ], [ 72.947764519000032, 3.833075262000079 ], [ 72.948090040000068, 3.831691799000055 ], [ 72.944102410000085, 3.829901434000078 ], [ 72.944102410000085, 3.829901434000078 ], [ 72.941172722000033, 3.831691799000055 ], [ 72.941661004000082, 3.833075262000079 ], [ 72.943369988000029, 3.834662177000041 ], [ 72.94459069100003, 3.836859442000048 ] ] } },
{ "type": "Feature", "properties": { }, "geometry": { "type": "LineString", "coordinates": [ [ 73.437266472000033, 3.846625067000048 ], [ 73.43523196700005, 3.844916083000044 ], [ 73.433441602000073, 3.842718817000048 ], [ 73.432302280000044, 3.841742255000042 ], [ 73.432302280000044, 3.841701565000051 ], [ 73.431488477000073, 3.843695380000042 ], [ 73.432465040000068, 3.846828518000052 ], [ 73.433929884000065, 3.847398179000038 ], [ 73.435720248000052, 3.846828518000052 ], [ 73.437266472000033, 3.846625067000048 ] ] } },
{ "type": "Feature", "properties": { }, "geometry": { "type": "LineString", "coordinates": [ [ 73.443532748000052, 3.92055898600006 ], [ 73.443451368000069, 3.920477606000077 ], [ 73.44304446700005, 3.918768622000073 ], [ 73.438487175000034, 3.916612046000068 ], [ 73.438161655000044, 3.916449286000045 ], [ 73.443532748000052, 3.92055898600006 ] ] } },
{ "type": "Feature", "properties": { }, "geometry": { "type": "LineString", "coordinates": [ [ 73.34506269600007, 3.944728908000059 ], [ 73.34148196700005, 3.943101304000038 ], [ 73.34148196700005, 3.94204336100006 ], [ 73.344899936000047, 3.944566148000092 ], [ 73.34506269600007, 3.944728908000059 ] ] } },
{ "type": "Feature", "properties": { }, "geometry": { "type": "LineString", "coordinates": [ [ 73.422618035000085, 4.118353583000044 ], [ 73.422536655000044, 4.118190822000088 ], [ 73.421397332000083, 4.116359768000052 ], [ 73.419118686000047, 4.115749416000085 ], [ 73.418955925000034, 4.115708726000094 ], [ 73.422618035000085, 4.118353583000044 ] ] } },
{ "type": "Feature", "properties": { }, "geometry": { "type": "LineString", "coordinates": [ [ 73.546197190904209, 4.24303891168205 ], [ 73.533271269832795, 4.23100443344315 ], [ 73.526139727172705, 4.20782691979786 ], [ 73.52053323825227, 4.191122568286097 ], [ 73.512014895292253, 4.186300883534724 ], [ 73.432092508342777, 4.189998063147637 ], [ 73.431201065510265, 4.184649406152571 ], [ 73.476664649968342, 4.16860343516737 ], [ 73.486916242542222, 4.164146221004814 ], [ 73.510891342927465, 4.162087459716128 ], [ 73.526585448588961, 4.171277763664904 ], [ 73.538174205411607, 4.183312241903804 ], [ 73.549317240817999, 4.212284133960416 ], [ 73.551991569315533, 4.228330104945616 ], [ 73.552883012148044, 4.236798811854472 ], [ 73.546197190904209, 4.24303891168205 ] ] } },
{ "type": "Feature", "properties": { }, "geometry": { "type": "LineString", "coordinates": [ [ 72.945160352000073, 4.266302802000041 ], [ 72.95866946700005, 4.262518622000073 ], [ 72.958588087000066, 4.262518622000073 ], [ 72.95443769600007, 4.261501369000086 ], [ 72.95435631600003, 4.261460679000038 ], [ 72.951182488000029, 4.26235586100006 ], [ 72.945160352000073, 4.266302802000041 ] ] } },
{ "type": "Feature", "properties": { }, "geometry": { "type": "LineString", "coordinates": [ [ 73.595876498000052, 4.342271226000094 ], [ 73.595713738000029, 4.342189846000053 ], [ 73.592458530000044, 4.34015534100007 ], [ 73.589366082000083, 4.34056224200009 ], [ 73.58912194100003, 4.34056224200009 ], [ 73.595876498000052, 4.342271226000094 ] ] } },
{ "type": "Feature", "properties": { }, "geometry": { "type": "LineString", "coordinates": [ [ 73.611501498000052, 4.363104559000078 ], [ 73.611501498000052, 4.362941799000055 ], [ 73.611338738000029, 4.360296942000048 ], [ 73.611989780000044, 4.358099677000041 ], [ 73.611989780000044, 4.35805898600006 ], [ 73.611827019000032, 4.356512762000079 ], [ 73.609548373000052, 4.355617580000057 ], [ 73.607676629000082, 4.35805898600006 ], [ 73.607676629000082, 4.358099677000041 ], [ 73.608246290000068, 4.359442450000074 ], [ 73.609873894000032, 4.360825914000088 ], [ 73.611501498000052, 4.363104559000078 ] ] } },
{ "type": "Feature", "properties": { }, "geometry": { "type": "LineString", "coordinates": [ [ 73.63795006600003, 4.37055084800005 ], [ 73.637868686000047, 4.370428778000075 ], [ 73.637054884000065, 4.368068752000056 ], [ 73.637461785000085, 4.365627346000053 ], [ 73.637461785000085, 4.365464585000041 ], [ 73.637461785000085, 4.365464585000041 ], [ 73.637054884000065, 4.36399974200009 ], [ 73.637054884000065, 4.363959052000041 ], [ 73.635752800000034, 4.364243882000039 ], [ 73.633799675000034, 4.364650783000059 ], [ 73.633636915000068, 4.36469147300005 ], [ 73.631683790000068, 4.368475653000075 ], [ 73.632985873000052, 4.369533596000053 ], [ 73.635427280000044, 4.369574286000045 ], [ 73.63795006600003, 4.37055084800005 ] ] } },
{ "type": "Feature", "properties": { }, "geometry": { "type": "LineString", "coordinates": [ [ 73.667979363000029, 4.393500067000048 ], [ 73.667979363000029, 4.393459377000056 ], [ 73.667816602000073, 4.390692450000074 ], [ 73.667816602000073, 4.390692450000074 ], [ 73.668467644000032, 4.388495184000078 ], [ 73.668304884000065, 4.386867580000057 ], [ 73.666188998000052, 4.385931708000044 ], [ 73.664317254000082, 4.388332424000055 ], [ 73.664886915000068, 4.389797268000052 ], [ 73.666514519000032, 4.391302802000041 ], [ 73.667979363000029, 4.393500067000048 ] ] } },
{ "type": "Feature", "properties": { }, "geometry": { "type": "LineString", "coordinates": [ [ 72.957041863000029, 4.438299872000073 ], [ 72.956065300000034, 4.422105210000041 ], [ 72.94890384200005, 4.422919012000079 ], [ 72.947113477000073, 4.423081773000092 ], [ 72.943369988000029, 4.431586005000042 ], [ 72.957041863000029, 4.438299872000073 ] ] } },
{ "type": "Feature", "properties": { }, "geometry": { "type": "LineString", "coordinates": [ [ 73.553558790000068, 4.620510158000059 ], [ 73.553558790000068, 4.620266018000052 ], [ 73.553477410000085, 4.617661851000094 ], [ 73.553477410000085, 4.617661851000094 ], [ 73.55404707100007, 4.615464585000041 ], [ 73.553884311000047, 4.61391836100006 ], [ 73.551605665000068, 4.612982489000046 ], [ 73.550954623000052, 4.613836981000077 ], [ 73.549815300000034, 4.615383205000057 ], [ 73.55046634200005, 4.616848049000055 ], [ 73.55201256600003, 4.618231512000079 ], [ 73.553558790000068, 4.620510158000059 ] ] } },
{ "type": "Feature", "properties": { }, "geometry": { "type": "LineString", "coordinates": [ [ 73.629567905000044, 5.418524481000077 ], [ 73.634532097000033, 5.410956122000073 ], [ 73.636729363000029, 5.402899481000077 ], [ 73.636729363000029, 5.402858791000085 ], [ 73.635915561000047, 5.394476630000042 ], [ 73.63249759200005, 5.38625722900008 ], [ 73.63249759200005, 5.386053778000075 ], [ 73.627777540000068, 5.413275458000044 ], [ 73.629567905000044, 5.418524481000077 ] ] } },
{ "type": "Feature", "properties": { }, "geometry": { "type": "LineString", "coordinates": [ [ 73.005625847000033, 5.46320221600007 ], [ 73.00554446700005, 5.463120835000041 ], [ 73.004161004000082, 5.461411851000094 ], [ 73.002614780000044, 5.457586981000077 ], [ 73.000987175000034, 5.456244208000044 ], [ 72.999034050000034, 5.461004950000074 ], [ 72.999034050000034, 5.461086330000057 ], [ 73.000010613000029, 5.462469794000071 ], [ 73.002777540000068, 5.462469794000071 ], [ 73.005625847000033, 5.46320221600007 ] ] } },
{ "type": "Feature", "properties": { }, "geometry": { "type": "LineString", "coordinates": [ [ 72.883962436000047, 5.494086005000042 ], [ 72.88249759200005, 5.492010809000078 ], [ 72.881846550000034, 5.490057684000078 ], [ 72.881114129000082, 5.488470770000049 ], [ 72.879161004000082, 5.487860419000071 ], [ 72.877696160000085, 5.492092190000051 ], [ 72.877696160000085, 5.492132880000042 ], [ 72.878754102000073, 5.493150132000039 ], [ 72.881195509000065, 5.493231512000079 ], [ 72.883962436000047, 5.494086005000042 ] ] } },
{ "type": "Feature", "properties": { }, "geometry": { "type": "LineString", "coordinates": [ [ 73.019053582000083, 5.61782461100006 ], [ 73.018972201000054, 5.617661851000094 ], [ 73.017344597000033, 5.615708726000094 ], [ 73.01685631600003, 5.613755601000094 ], [ 73.016123894000032, 5.612250067000048 ], [ 73.014170769000032, 5.611599026000079 ], [ 73.014008009000065, 5.611558335000041 ], [ 73.012868686000047, 5.615708726000094 ], [ 73.013926629000082, 5.616888739000046 ], [ 73.016449415000068, 5.616888739000046 ], [ 73.019053582000083, 5.61782461100006 ] ] } },
{ "type": "Feature", "properties": { }, "geometry": { "type": "LineString", "coordinates": [ [ 73.014659050000034, 5.676988023000092 ], [ 73.014659050000034, 5.676947333000044 ], [ 73.013194207000083, 5.675034898000092 ], [ 73.012461785000085, 5.673000393000052 ], [ 73.011892123000052, 5.671535549000055 ], [ 73.009776238000029, 5.670843817000048 ], [ 73.008555535000085, 5.674994208000044 ], [ 73.008555535000085, 5.675034898000092 ], [ 73.009776238000029, 5.67609284100007 ], [ 73.012054884000065, 5.676255601000094 ], [ 73.014659050000034, 5.676988023000092 ] ] } },
{ "type": "Feature", "properties": { }, "geometry": { "type": "LineString", "coordinates": [ [ 73.392832879000082, 5.737697658000059 ], [ 73.392425977000073, 5.736802476000094 ], [ 73.380707227000073, 5.714585679000038 ], [ 73.380625847000033, 5.714748440000051 ], [ 73.379893425000034, 5.715033270000049 ], [ 73.379812045000051, 5.715073960000041 ], [ 73.379567905000044, 5.71515534100007 ], [ 73.379567905000044, 5.71515534100007 ], [ 73.382578972000033, 5.72211334800005 ], [ 73.392832879000082, 5.737697658000059 ] ] } },
{ "type": "Feature", "properties": { }, "geometry": { "type": "LineString", "coordinates": [ [ 72.986827019000032, 5.770738023000092 ], [ 72.985850457000083, 5.765570380000042 ], [ 72.982839389000048, 5.762559312000064 ], [ 72.982758009000065, 5.762518622000073 ], [ 72.986827019000032, 5.770738023000092 ] ] } },
{ "type": "Feature", "properties": { }, "geometry": { "type": "LineString", "coordinates": [ [ 73.382334832000083, 5.794989325000074 ], [ 73.382334832000083, 5.794745184000078 ], [ 73.382660352000073, 5.791693427000041 ], [ 73.384287957000083, 5.789252020000049 ], [ 73.384532097000033, 5.787014065000051 ], [ 73.384532097000033, 5.786932684000078 ], [ 73.384532097000033, 5.786932684000078 ], [ 73.380707227000073, 5.784125067000048 ], [ 73.376800977000073, 5.787339585000041 ], [ 73.377696160000085, 5.789536851000094 ], [ 73.38021894600007, 5.791693427000041 ], [ 73.382334832000083, 5.794989325000074 ] ] } },
{ "type": "Feature", "properties": { }, "geometry": { "type": "LineString", "coordinates": [ [ 72.976573113000029, 5.813625393000052 ], [ 72.976573113000029, 5.813544012000079 ], [ 72.975108269000032, 5.80455149900007 ], [ 72.975108269000032, 5.804429429000038 ], [ 72.972422722000033, 5.807033596000053 ], [ 72.970957879000082, 5.808417059000078 ], [ 72.970957879000082, 5.808417059000078 ], [ 72.971039259000065, 5.810451565000051 ], [ 72.973806186000047, 5.811712958000044 ], [ 72.976573113000029, 5.813625393000052 ] ] } },
{ "type": "Feature", "properties": { }, "geometry": { "type": "LineString", "coordinates": [ [ 73.449880405000044, 5.840765692000048 ], [ 73.449799024000072, 5.840725002000056 ], [ 73.433767123000052, 5.830877997000073 ], [ 73.433441602000073, 5.83071523600006 ], [ 73.438975457000083, 5.838283596000053 ], [ 73.443125847000033, 5.84125397300005 ], [ 73.44654381600003, 5.841498114000046 ], [ 73.449880405000044, 5.840765692000048 ] ] } },
{ "type": "Feature", "properties": { }, "geometry": { "type": "LineString", "coordinates": [ [ 72.963633660000085, 5.864325262000079 ], [ 72.963715040000068, 5.864040432000081 ], [ 72.96648196700005, 5.850287177000041 ], [ 72.96648196700005, 5.85024648600006 ], [ 72.962657097000033, 5.853461005000042 ], [ 72.961924675000034, 5.856675523000092 ], [ 72.961924675000034, 5.856675523000092 ], [ 72.963633660000085, 5.864325262000079 ] ] } },
{ "type": "Feature", "properties": { }, "geometry": { "type": "LineString", "coordinates": [ [ 73.42904707100007, 5.911363023000092 ], [ 73.42904707100007, 5.911200262000079 ], [ 73.428477410000085, 5.908596096000053 ], [ 73.428477410000085, 5.90851471600007 ], [ 73.428477410000085, 5.906195380000042 ], [ 73.428477410000085, 5.904445705000057 ], [ 73.426280144000032, 5.903265692000048 ], [ 73.42318769600007, 5.90688711100006 ], [ 73.424082879000082, 5.908433335000041 ], [ 73.426605665000068, 5.909491278000075 ], [ 73.42904707100007, 5.911363023000092 ] ] } },
{ "type": "Feature", "properties": { }, "geometry": { "type": "LineString", "coordinates": [ [ 72.931651238000029, 5.96906159100007 ], [ 72.930186394000032, 5.956935940000051 ], [ 72.925791863000029, 5.963242906000062 ], [ 72.925791863000029, 5.963283596000053 ], [ 72.926442905000044, 5.966294664000088 ], [ 72.931651238000029, 5.96906159100007 ] ] } },
{ "type": "Feature", "properties": { }, "geometry": { "type": "LineString", "coordinates": [ [ 73.389821811000047, 5.970282294000071 ], [ 73.395332791000044, 5.957801545000052 ], [ 73.386729363000029, 5.961981512000079 ], [ 73.384532097000033, 5.964748440000051 ], [ 73.389821811000047, 5.970282294000071 ] ] } },
{ "type": "Feature", "properties": { }, "geometry": { "type": "LineString", "coordinates": [ [ 72.91570071700005, 5.981350002000056 ], [ 72.915619337000066, 5.981268622000073 ], [ 72.913828972000033, 5.979641018000052 ], [ 72.91342207100007, 5.977362372000073 ], [ 72.912852410000085, 5.976304429000038 ], [ 72.91138756600003, 5.977077541000085 ], [ 72.90984134200005, 5.977932033000059 ], [ 72.909678582000083, 5.982123114000046 ], [ 72.910899285000085, 5.98273346600007 ], [ 72.913096550000034, 5.981634833000044 ], [ 72.91570071700005, 5.981350002000056 ] ] } },
{ "type": "Feature", "properties": { }, "geometry": { "type": "LineString", "coordinates": [ [ 73.250743035000085, 6.083400783000059 ], [ 73.250661655000044, 6.083278713000084 ], [ 73.249034050000034, 6.07953522300005 ], [ 73.24545332100007, 6.079779364000046 ], [ 73.250743035000085, 6.083400783000059 ] ] } },
{ "type": "Feature", "properties": { }, "geometry": { "type": "LineString", "coordinates": [ [ 73.252126498000052, 6.111232815000051 ], [ 73.248871290000068, 6.110174872000073 ], [ 73.246836785000085, 6.10773346600007 ], [ 73.247243686000047, 6.107977606000077 ], [ 73.251963738000029, 6.111151434000078 ], [ 73.252126498000052, 6.111232815000051 ] ] } },
{ "type": "Feature", "properties": { }, "geometry": { "type": "LineString", "coordinates": [ [ 73.220469597000033, 6.132066148000092 ], [ 73.22038821700005, 6.131984768000052 ], [ 73.219004754000082, 6.129299221000053 ], [ 73.215179884000065, 6.128566799000055 ], [ 73.220469597000033, 6.132066148000092 ] ] } },
{ "type": "Feature", "properties": { }, "geometry": { "type": "LineString", "coordinates": [ [ 73.270274285000085, 6.156927802000041 ], [ 73.270192905000044, 6.156805731000077 ], [ 73.26880944100003, 6.154486395000049 ], [ 73.268077019000032, 6.152411200000074 ], [ 73.26726321700005, 6.150946356000077 ], [ 73.26531009200005, 6.150661526000079 ], [ 73.265147332000083, 6.150620835000041 ], [ 73.265391472000033, 6.153550523000092 ], [ 73.266612175000034, 6.154852606000077 ], [ 73.268239780000044, 6.155585028000075 ], [ 73.270274285000085, 6.156927802000041 ] ] } },
{ "type": "Feature", "properties": { }, "geometry": { "type": "LineString", "coordinates": [ [ 73.219086134000065, 6.172349351000094 ], [ 73.215830925000034, 6.171210028000075 ], [ 73.214040561000047, 6.168768622000073 ], [ 73.218923373000052, 6.172267971000053 ], [ 73.219086134000065, 6.172349351000094 ] ] } },
{ "type": "Feature", "properties": { }, "geometry": { "type": "LineString", "coordinates": [ [ 73.27084394600007, 6.189439195000091 ], [ 73.27084394600007, 6.189357815000051 ], [ 73.268077019000032, 6.178697007000039 ], [ 73.265391472000033, 6.182766018000052 ], [ 73.265961134000065, 6.18500397300005 ], [ 73.268402540000068, 6.186835028000075 ], [ 73.27084394600007, 6.189439195000091 ] ] } },
{ "type": "Feature", "properties": { }, "geometry": { "type": "LineString", "coordinates": [ [ 73.034190300000034, 6.222357489000046 ], [ 73.030446811000047, 6.22101471600007 ], [ 73.02898196700005, 6.218817450000074 ], [ 73.029144727000073, 6.218980210000041 ], [ 73.034027540000068, 6.222235419000071 ], [ 73.034190300000034, 6.222357489000046 ] ] } },
{ "type": "Feature", "properties": { }, "geometry": { "type": "LineString", "coordinates": [ [ 73.241709832000083, 6.23969147300005 ], [ 73.242198113000029, 6.236476955000057 ], [ 73.243662957000083, 6.234035549000055 ], [ 73.243907097000033, 6.231634833000044 ], [ 73.240244988000029, 6.228949286000045 ], [ 73.236338738000029, 6.232123114000046 ], [ 73.236338738000029, 6.232123114000046 ], [ 73.237071160000085, 6.234279690000051 ], [ 73.239756707000083, 6.236476955000057 ], [ 73.241709832000083, 6.23969147300005 ] ] } },
{ "type": "Feature", "properties": { }, "geometry": { "type": "LineString", "coordinates": [ [ 73.128428582000083, 6.286851304000038 ], [ 73.126149936000047, 6.284002997000073 ], [ 73.123057488000029, 6.283351955000057 ], [ 73.122894727000073, 6.283351955000057 ], [ 73.128428582000083, 6.286851304000038 ] ] } },
{ "type": "Feature", "properties": { }, "geometry": { "type": "LineString", "coordinates": [ [ 73.215179884000065, 6.294826565000051 ], [ 73.209320509000065, 6.286851304000038 ], [ 73.208750847000033, 6.286444403000075 ], [ 73.209157748000052, 6.286688544000071 ], [ 73.213063998000052, 6.289211330000057 ], [ 73.215179884000065, 6.294663804000038 ], [ 73.215179884000065, 6.294826565000051 ] ] } },
{ "type": "Feature", "properties": { }, "geometry": { "type": "LineString", "coordinates": [ [ 73.08334394600007, 6.308579820000091 ], [ 73.08326256600003, 6.30845774900007 ], [ 73.08139082100007, 6.305609442000048 ], [ 73.078461134000065, 6.305121161000045 ], [ 73.078135613000029, 6.305080471000053 ], [ 73.08334394600007, 6.308579820000091 ] ] } },
{ "type": "Feature", "properties": { }, "geometry": { "type": "LineString", "coordinates": [ [ 73.197032097000033, 6.327460028000075 ], [ 73.197113477000073, 6.327297268000052 ], [ 73.198252800000034, 6.324693101000094 ], [ 73.199310743000069, 6.324204820000091 ], [ 73.200368686000047, 6.323716539000088 ], [ 73.201914910000085, 6.322170315000051 ], [ 73.201019727000073, 6.318264065000051 ], [ 73.195078972000033, 6.319647528000075 ], [ 73.19499759200005, 6.319932359000063 ], [ 73.194183790000068, 6.321600653000075 ], [ 73.195974155000044, 6.324286200000074 ], [ 73.197032097000033, 6.327460028000075 ] ] } },
{ "type": "Feature", "properties": { }, "geometry": { "type": "LineString", "coordinates": [ [ 73.124522332000083, 6.332505601000094 ], [ 73.120941602000073, 6.331040757000039 ], [ 73.119313998000052, 6.328924872000073 ], [ 73.119639519000032, 6.329169012000079 ], [ 73.124196811000047, 6.332261460000041 ], [ 73.124522332000083, 6.332505601000094 ] ] } },
{ "type": "Feature", "properties": { }, "geometry": { "type": "LineString", "coordinates": [ [ 73.187266472000033, 6.350775458000044 ], [ 73.18490644600007, 6.34906647300005 ], [ 73.183604363000029, 6.347316799000055 ], [ 73.182139519000032, 6.34634023600006 ], [ 73.180186394000032, 6.34711334800005 ], [ 73.180186394000032, 6.34711334800005 ], [ 73.18100019600007, 6.349839585000041 ], [ 73.182627800000034, 6.350490627000056 ], [ 73.18482506600003, 6.35032786700009 ], [ 73.187266472000033, 6.350775458000044 ] ] } },
{ "type": "Feature", "properties": { }, "geometry": { "type": "LineString", "coordinates": [ [ 73.020518425000034, 6.368963934000078 ], [ 73.021820509000065, 6.366766669000071 ], [ 73.023936394000032, 6.36587148600006 ], [ 73.024912957000083, 6.364813544000071 ], [ 73.024180535000085, 6.362697658000059 ], [ 73.019297722000033, 6.36359284100007 ], [ 73.018728061000047, 6.365220445000091 ], [ 73.019867384000065, 6.367173570000091 ], [ 73.020518425000034, 6.368963934000078 ] ] } },
{ "type": "Feature", "properties": { }, "geometry": { "type": "LineString", "coordinates": [ [ 72.690928582000083, 6.411607164000088 ], [ 72.690847201000054, 6.41156647300005 ], [ 72.68881269600007, 6.409735419000071 ], [ 72.68718509200005, 6.407416083000044 ], [ 72.685883009000065, 6.406480210000041 ], [ 72.68482506600003, 6.408392645000049 ], [ 72.685883009000065, 6.411607164000088 ], [ 72.687510613000029, 6.412258205000057 ], [ 72.68913821700005, 6.411607164000088 ], [ 72.690928582000083, 6.411607164000088 ] ] } },
{ "type": "Feature", "properties": { }, "geometry": { "type": "LineString", "coordinates": [ [ 72.902842644000032, 6.44017161700009 ], [ 72.904470248000052, 6.437974351000094 ], [ 72.906423373000052, 6.436916408000059 ], [ 72.906911655000044, 6.436428127000056 ], [ 72.90748131600003, 6.435939846000053 ], [ 72.90748131600003, 6.43585846600007 ], [ 72.906586134000065, 6.433823960000041 ], [ 72.90202884200005, 6.434759833000044 ], [ 72.901866082000083, 6.435044664000088 ], [ 72.901133660000085, 6.436346747000073 ], [ 72.902191602000073, 6.438299872000073 ], [ 72.902842644000032, 6.44017161700009 ] ] } },
{ "type": "Feature", "properties": { }, "geometry": { "type": "LineString", "coordinates": [ [ 73.048813278000068, 6.441342196000051 ], [ 73.043142123000052, 6.433701890000066 ], [ 73.043304884000065, 6.433864651000079 ], [ 73.04623457100007, 6.43626536700009 ], [ 73.048813278000068, 6.441342196000051 ] ] } },
{ "type": "Feature", "properties": { }, "geometry": { "type": "LineString", "coordinates": [ [ 72.962087436000047, 6.559027411000045 ], [ 72.959971550000034, 6.557521877000056 ], [ 72.958994988000029, 6.555487372000073 ], [ 72.958018425000034, 6.554348049000055 ], [ 72.955821160000085, 6.55532461100006 ], [ 72.956797722000033, 6.56000397300005 ], [ 72.95834394600007, 6.560695705000057 ], [ 72.958425326000054, 6.560655015000066 ], [ 72.96021569100003, 6.559515692000048 ], [ 72.962087436000047, 6.559027411000045 ] ] } },
{ "type": "Feature", "properties": { }, "geometry": { "type": "LineString", "coordinates": [ [ 72.924001498000052, 6.565252997000073 ], [ 72.925547722000033, 6.563055731000077 ], [ 72.927500847000033, 6.562079169000071 ], [ 72.928721550000034, 6.561102606000077 ], [ 72.927744988000029, 6.558946031000062 ], [ 72.927744988000029, 6.55890534100007 ], [ 72.92310631600003, 6.559881903000075 ], [ 72.922536655000044, 6.561509507000039 ], [ 72.92351321700005, 6.563381252000056 ], [ 72.924001498000052, 6.565252997000073 ] ] } },
{ "type": "Feature", "properties": { }, "geometry": { "type": "LineString", "coordinates": [ [ 73.029958530000044, 6.58234284100007 ], [ 73.029877149000072, 6.582180080000057 ], [ 73.029470248000052, 6.579657294000071 ], [ 73.030121290000068, 6.577541408000059 ], [ 73.030365431000064, 6.576117255000042 ], [ 73.030446811000047, 6.576076565000051 ], [ 73.030446811000047, 6.576076565000051 ], [ 73.028168165000068, 6.575181382000039 ], [ 73.027354363000029, 6.57648346600007 ], [ 73.025563998000052, 6.579250393000052 ], [ 73.026133660000085, 6.58079661700009 ], [ 73.028330925000034, 6.581366278000075 ], [ 73.029958530000044, 6.58234284100007 ] ] } },
{ "type": "Feature", "properties": { }, "geometry": { "type": "LineString", "coordinates": [ [ 73.044769727000073, 6.621893622000073 ], [ 73.04265384200005, 6.620347398000092 ], [ 73.041514519000032, 6.618353583000044 ], [ 73.04070071700005, 6.617173570000091 ], [ 73.03842207100007, 6.618150132000039 ], [ 73.039398634000065, 6.622870184000078 ], [ 73.041026238000029, 6.623602606000077 ], [ 73.041107618000069, 6.623561916000085 ], [ 73.042979363000029, 6.62250397300005 ], [ 73.044769727000073, 6.621893622000073 ] ] } },
{ "type": "Feature", "properties": { }, "geometry": { "type": "LineString", "coordinates": [ [ 73.069509311000047, 6.667954820000091 ], [ 73.06177819100003, 6.660956122000073 ], [ 73.062266472000033, 6.666896877000056 ], [ 73.06413821700005, 6.668402411000045 ], [ 73.066661004000082, 6.668117580000057 ], [ 73.069509311000047, 6.667954820000091 ] ] } },
{ "type": "Feature", "properties": { }, "geometry": { "type": "LineString", "coordinates": [ [ 73.105967644000032, 6.709947007000039 ], [ 73.105967644000032, 6.709906317000048 ], [ 73.103526238000029, 6.705877997000073 ], [ 73.102305535000085, 6.702337958000044 ], [ 73.100433790000068, 6.699774481000077 ], [ 73.095957879000082, 6.698472398000092 ], [ 73.095876498000052, 6.698431708000044 ], [ 73.096690300000034, 6.706122137000079 ], [ 73.09929446700005, 6.708929755000042 ], [ 73.105967644000032, 6.709947007000039 ] ] } },
{ "type": "Feature", "properties": { }, "geometry": { "type": "LineString", "coordinates": [ [ 73.036631707000083, 6.759711005000042 ], [ 73.036631707000083, 6.75962962400007 ], [ 73.036143425000034, 6.757147528000075 ], [ 73.036143425000034, 6.757106838000084 ], [ 73.036224806000064, 6.756781317000048 ], [ 73.03679446700005, 6.755072333000044 ], [ 73.036875847000033, 6.753485419000071 ], [ 73.034678582000083, 6.75259023600006 ], [ 73.033864780000044, 6.753851630000042 ], [ 73.031993035000085, 6.75657786700009 ], [ 73.03288821700005, 6.758246161000045 ], [ 73.03484134200005, 6.758734442000048 ], [ 73.036631707000083, 6.759711005000042 ] ] } },
{ "type": "Feature", "properties": { }, "geometry": { "type": "LineString", "coordinates": [ [ 72.918467644000032, 6.76398346600007 ], [ 72.918467644000032, 6.76398346600007 ], [ 72.916514519000032, 6.76243724200009 ], [ 72.91537519600007, 6.760443427000041 ], [ 72.914317254000082, 6.75922272300005 ], [ 72.912364129000082, 6.76007721600007 ], [ 72.912282748000052, 6.760158596000053 ], [ 72.913259311000047, 6.764878648000092 ], [ 72.914886915000068, 6.765570380000042 ], [ 72.916758660000085, 6.764471747000073 ], [ 72.918467644000032, 6.76398346600007 ] ] } },
{ "type": "Feature", "properties": { }, "geometry": { "type": "LineString", "coordinates": [ [ 73.15951582100007, 6.786525783000059 ], [ 73.152517123000052, 6.76821523600006 ], [ 73.13599694100003, 6.741197007000039 ], [ 73.131683790000068, 6.725043036000045 ], [ 73.131846550000034, 6.725165106000077 ], [ 73.144786004000082, 6.735541083000044 ], [ 73.152842644000032, 6.749212958000044 ], [ 73.166514519000032, 6.780340887000079 ], [ 73.165537957000083, 6.783148505000042 ], [ 73.165537957000083, 6.785630601000094 ], [ 73.165537957000083, 6.785711981000077 ], [ 73.164235873000052, 6.787054755000042 ], [ 73.15951582100007, 6.786525783000059 ] ] } },
{ "type": "Feature", "properties": { }, "geometry": { "type": "LineString", "coordinates": [ [ 73.181651238000029, 6.830511786000045 ], [ 73.197276238000029, 6.828111070000091 ], [ 73.197276238000029, 6.828111070000091 ], [ 73.189463738000029, 6.822821356000077 ], [ 73.183767123000052, 6.821153062000064 ], [ 73.183767123000052, 6.821112372000073 ], [ 73.180837436000047, 6.823431708000044 ], [ 73.181651238000029, 6.830511786000045 ] ] } },
{ "type": "Feature", "properties": { }, "geometry": { "type": "LineString", "coordinates": [ [ 72.99577884200005, 6.841498114000046 ], [ 72.995697462000066, 6.841457424000055 ], [ 72.993662957000083, 6.839911200000074 ], [ 72.992442254000082, 6.837876695000091 ], [ 72.99154707100007, 6.836737372000073 ], [ 72.98951256600003, 6.837591864000046 ], [ 72.989431186000047, 6.837632554000038 ], [ 72.990244988000029, 6.84243398600006 ], [ 72.992035352000073, 6.843003648000092 ], [ 72.993907097000033, 6.841986395000049 ], [ 72.99577884200005, 6.841498114000046 ] ] } },
{ "type": "Feature", "properties": { }, "geometry": { "type": "LineString", "coordinates": [ [ 73.144379102000073, 6.843410549000055 ], [ 73.14226321700005, 6.841864325000074 ], [ 73.141286655000044, 6.839911200000074 ], [ 73.14031009200005, 6.838690497000073 ], [ 73.13803144600007, 6.839667059000078 ], [ 73.139008009000065, 6.844427802000041 ], [ 73.140635613000029, 6.845038153000075 ], [ 73.140635613000029, 6.844997463000084 ], [ 73.142588738000029, 6.843939520000049 ], [ 73.144379102000073, 6.843410549000055 ] ] } },
{ "type": "Feature", "properties": { }, "geometry": { "type": "LineString", "coordinates": [ [ 72.976084832000083, 6.852850653000075 ], [ 72.975596550000034, 6.850287177000041 ], [ 72.97624759200005, 6.848130601000094 ], [ 72.97624759200005, 6.848049221000053 ], [ 72.976328972000033, 6.846665757000039 ], [ 72.974213087000066, 6.845851955000057 ], [ 72.974131707000083, 6.845851955000057 ], [ 72.971527540000068, 6.849758205000057 ], [ 72.97234134200005, 6.851385809000078 ], [ 72.974375847000033, 6.851996161000045 ], [ 72.976084832000083, 6.852850653000075 ] ] } },
{ "type": "Feature", "properties": { }, "geometry": { "type": "LineString", "coordinates": [ [ 73.098155144000032, 6.85219961100006 ], [ 73.098073764000048, 6.852118231000077 ], [ 73.096039259000065, 6.850572007000039 ], [ 73.09506269600007, 6.848700262000079 ], [ 73.094004754000082, 6.847560940000051 ], [ 73.092784050000034, 6.84796784100007 ], [ 73.091807488000029, 6.848334052000041 ], [ 73.092946811000047, 6.853094794000071 ], [ 73.094493035000085, 6.85382721600007 ], [ 73.096364780000044, 6.852769273000092 ], [ 73.096446160000085, 6.852728583000044 ], [ 73.096446160000085, 6.852728583000044 ], [ 73.098155144000032, 6.85219961100006 ] ] } },
{ "type": "Feature", "properties": { }, "geometry": { "type": "LineString", "coordinates": [ [ 72.964691602000073, 6.860663153000075 ], [ 72.962657097000033, 6.859198309000078 ], [ 72.961436394000032, 6.857326565000051 ], [ 72.96062259200005, 6.856065171000068 ], [ 72.96062259200005, 6.856024481000077 ], [ 72.958750847000033, 6.856838283000059 ], [ 72.958506707000083, 6.85696035400008 ], [ 72.95834394600007, 6.857001044000071 ], [ 72.959239129000082, 6.86163971600007 ], [ 72.961110873000052, 6.862453518000052 ], [ 72.962901238000029, 6.861314195000091 ], [ 72.964691602000073, 6.860663153000075 ] ] } },
{ "type": "Feature", "properties": { }, "geometry": { "type": "LineString", "coordinates": [ [ 73.106211785000085, 6.896714585000041 ], [ 73.106211785000085, 6.896673895000049 ], [ 73.105723504000082, 6.894029039000088 ], [ 73.106293165000068, 6.891913153000075 ], [ 73.106537306000064, 6.890529690000051 ], [ 73.106618686000047, 6.890448309000078 ], [ 73.106618686000047, 6.890448309000078 ], [ 73.104340040000068, 6.889553127000056 ], [ 73.101735873000052, 6.893540757000039 ], [ 73.102305535000085, 6.895209052000041 ], [ 73.104502800000034, 6.895738023000092 ], [ 73.106211785000085, 6.896714585000041 ] ] } },
{ "type": "Feature", "properties": { }, "geometry": { "type": "LineString", "coordinates": [ [ 73.214040561000047, 6.91860586100006 ], [ 73.214040561000047, 6.918524481000077 ], [ 73.213063998000052, 6.90460846600007 ], [ 73.208750847000033, 6.891099351000094 ], [ 73.203949415000068, 6.884955145000049 ], [ 73.201019727000073, 6.893133856000077 ], [ 73.201914910000085, 6.902248440000051 ], [ 73.204925977000073, 6.911769924000055 ], [ 73.209157748000052, 6.91828034100007 ], [ 73.214040561000047, 6.91860586100006 ] ] } },
{ "type": "Feature", "properties": { }, "geometry": { "type": "LineString", "coordinates": [ [ 72.925954623000052, 6.957424221000053 ], [ 72.925954623000052, 6.957017320000091 ], [ 72.926280144000032, 6.953802802000041 ], [ 72.924585008000065, 6.951704061000044 ], [ 72.925954623000052, 6.957424221000053 ] ] } },
{ "type": "Feature", "properties": { }, "geometry": { "type": "LineString", "coordinates": [ [ 73.19849694100003, 6.97134023600006 ], [ 73.19467207100007, 6.951239325000074 ], [ 73.193858269000032, 6.950995184000078 ], [ 73.193369988000029, 6.950995184000078 ], [ 73.193207227000073, 6.950995184000078 ], [ 73.19304446700005, 6.951076565000051 ], [ 73.192556186000047, 6.951239325000074 ], [ 73.191905144000032, 6.951646226000094 ], [ 73.191172722000033, 6.961330471000053 ], [ 73.191905144000032, 6.967596747000073 ], [ 73.194102410000085, 6.970892645000049 ], [ 73.19849694100003, 6.97134023600006 ] ] } },
{ "type": "Feature", "properties": { }, "geometry": { "type": "LineString", "coordinates": [ [ 72.89193769600007, 6.991034247000073 ], [ 72.89193769600007, 6.987697658000059 ], [ 72.890554233000046, 6.98545970300006 ], [ 72.890472852000073, 6.985419012000079 ], [ 72.89193769600007, 6.991034247000073 ] ] } },
{ "type": "Feature", "properties": { }, "geometry": { "type": "LineString", "coordinates": [ [ 72.97974694100003, 7.027736721000053 ], [ 72.97974694100003, 7.027533270000049 ], [ 72.981455925000034, 7.01398346600007 ], [ 72.977305535000085, 7.019029039000088 ], [ 72.977224155000044, 7.022609768000052 ], [ 72.977224155000044, 7.022650458000044 ], [ 72.977224155000044, 7.022691148000092 ], [ 72.97974694100003, 7.027736721000053 ] ] } },
{ "type": "Feature", "properties": { }, "geometry": { "type": "LineString", "coordinates": [ [ 72.949961785000085, 7.056545315000051 ], [ 72.947764519000032, 7.053900458000044 ], [ 72.94849694100003, 7.050848700000074 ], [ 72.949961785000085, 7.056423244000086 ], [ 72.949961785000085, 7.056545315000051 ] ] } },
{ "type": "Feature", "properties": { }, "geometry": { "type": "LineString", "coordinates": [ [ 72.912852410000085, 7.092718817000048 ], [ 72.912852410000085, 7.092596747000073 ], [ 72.911875847000033, 7.083197333000044 ], [ 72.906423373000052, 7.089016018000052 ], [ 72.906586134000065, 7.091009833000044 ], [ 72.909678582000083, 7.091620184000078 ], [ 72.912852410000085, 7.092718817000048 ] ] } },
{ "type": "Feature", "properties": { }, "geometry": { "type": "LineString", "coordinates": [ [ 72.883799675000034, 7.107245184000078 ], [ 72.884532097000033, 7.105698960000041 ], [ 72.884532097000033, 7.105658270000049 ], [ 72.884532097000033, 7.103705145000049 ], [ 72.88249759200005, 7.101629950000074 ], [ 72.88249759200005, 7.101629950000074 ], [ 72.883799675000034, 7.107245184000078 ] ] } },
{ "type": "Feature", "properties": { }, "geometry": { "type": "LineString", "coordinates": [ [ 97.869965040000068, 9.42523834800005 ], [ 97.849619988000029, 9.44212474200009 ], [ 97.853282097000033, 9.461371161000045 ], [ 97.871836785000028, 9.473049221000053 ], [ 97.895274285000028, 9.467352606000077 ], [ 97.899424675000034, 9.461127020000049 ], [ 97.900157097000033, 9.453070380000042 ], [ 97.898203972000033, 9.444973049000055 ], [ 97.894786004000082, 9.438706773000092 ], [ 97.886973504000082, 9.43821849200009 ], [ 97.877207879000082, 9.442084052000041 ], [ 97.869883660000028, 9.440741278000075 ], [ 97.869965040000068, 9.42523834800005 ] ] } }
]
}
