{
"type": "FeatureCollection",
"name": "india_eez",
"crs": { "type": "name", "properties": { "name": "urn:ogc:def:crs:OGC:1.3:CRS84" } },
"features": [
{ "type": "Feature", "properties": { "GEONAME": "French Exclusive Economic Zone (Bassas da India)", "SOVEREIGN1": "France", "TERRITORY1": "Bassas da India", "AREA_KM2": 120706 }, "geometry": { "type": "Polygon", "coordinates": [ [ [ 41.174000762925147, -19.251737868008107 ], [ 41.474152982474806, -19.626718311500682 ], [ 41.529472383244155, -19.95258504776163 ], [ 41.567133747624865, -20.285056343975015 ], [ 41.580574455547236, -20.62318049978002 ], [ 41.570021461121456, -20.916243366941728 ], [ 40.380359538000135, -21.688439667999887 ], [ 40.067599537000234, -21.878315667999928 ], [ 39.019257536000083, -22.556034668999956 ], [ 38.012461680028622, -23.185413133826088 ], [ 37.709607227492114, -22.437649350436885 ], [ 37.666250138234119, -22.248696379134316 ], [ 37.571997703831897, -21.747915593229862 ], [ 37.544554576832894, -20.653252500702152 ], [ 37.933976105313747, -20.211086982478179 ], [ 38.348681761954737, -19.756182988354126 ], [ 38.735777981769075, -19.460945204957127 ], [ 39.073872197344855, -19.389018458334959 ], [ 40.160126453373806, -19.202245619039758 ], [ 40.937565727077498, -19.105317465028762 ], [ 41.174000762925147, -19.251737868008107 ] ], [ [ 39.627155306272726, -21.468279524780115 ], [ 39.638049541553556, -21.509707647389888 ], [ 39.668260789004393, -21.52910429722543 ], [ 39.697500791128761, -21.525461140019473 ], [ 39.731603613716317, -21.509866035089374 ], [ 39.749703084130289, -21.481055887319258 ], [ 39.745884815432447, -21.470502515778421 ], [ 39.715432815872163, -21.46060713141388 ], [ 39.710408329681144, -21.439487451584455 ], [ 39.69358697845658, -21.433053004692269 ], [ 39.646435920181801, -21.441101896535159 ], [ 39.627155306272726, -21.468279524780115 ] ] ] } },
{ "type": "Feature", "properties": { "GEONAME": "Indian Exclusive Economic Zone (Andaman and Nicobar Islands)", "SOVEREIGN1": "India", "TERRITORY1": "Andaman and Nicobar", "AREA_KM2": 664448 }, "geometry": { "type": "Polygon", "coordinates": [ [ [ 90.228743536485666, 15.716835388042995 ], [ 93.134722221853593, 13.819722221903291 ], [ 93.683055555769698, 13.571666666383791 ], [ 93.833333333566912, 13.800000000399905 ], [ 95.03333333296726, 13.800000000399905 ], [ 95.683333333467175, 12.901944444380803 ], [ 95.499999999900837, 12.328611111413736 ], [ 95.433333333067395, 11.72138888928599 ], [ 95.366666666234295, 10.748055555319937 ], [ 95.266111111139168, 10.466666666833518 ], [ 95.26722222262768, 10.311666666783438 ], [ 95.595221859401619, 9.624570896329985 ], [ 95.603430964567934, 9.584286911012157 ], [ 95.608611110814451, 9.288333332917247 ], [ 95.654444444655752, 8.165000000149959 ], [ 95.696666666833465, 7.958333333416746 ], [ 95.429166667008786, 7.668333332917555 ], [ 94.926944444131351, 7.039999999700399 ], [ 94.633333333767069, 6.641666666383685 ], [ 94.403333332967208, 6.269999999800703 ], [ 93.686666666533853, 5.422222221778185 ], [ 92.725277778147728, 4.308611110714779 ], [ 92.398611111114491, 4.027777777522843 ], [ 92.160114047625683, 3.84065778732753 ], [ 91.928243742954379, 3.984477719671062 ], [ 91.705712844672433, 4.14926047389207 ], [ 91.505359527520653, 4.324371113536301 ], [ 91.309628217568644, 4.525695548311205 ], [ 91.151703728344529, 4.715928271972345 ], [ 91.007641144523944, 4.918003276430269 ], [ 90.763892231841197, 5.319976431367536 ], [ 90.656832009889541, 5.518408705797171 ], [ 90.007947667851028, 6.918123726728766 ], [ 89.548004531284647, 8.020951454746111 ], [ 89.45670604065154, 8.31424812615046 ], [ 89.159195535545933, 9.508601263537798 ], [ 89.038362129908791, 9.806150878360469 ], [ 88.970767683782327, 10.001160257539937 ], [ 88.909243983423693, 10.224944456421497 ], [ 88.86199924816728, 10.460865502740873 ], [ 88.8380015426375, 10.637908611892897 ], [ 88.822786296950227, 10.830425103635889 ], [ 88.799644552654712, 11.68193961422196 ], [ 88.809520454105922, 11.871614339130744 ], [ 88.83055777672061, 12.06224248390383 ], [ 88.861954181340735, 12.247782724093497 ], [ 88.906228243639219, 12.440144332794716 ], [ 88.968900478074858, 12.650440904324398 ], [ 89.042116603398796, 12.847851873565261 ], [ 89.261944900437101, 13.315633437233529 ], [ 89.32083639398482, 13.694650778211027 ], [ 89.377505710420706, 13.948795762014981 ], [ 89.44390154372141, 14.167893728612896 ], [ 89.62392015968797, 14.671460121387597 ], [ 89.775670746407997, 15.01518262437888 ], [ 89.901258159936475, 15.254241929621386 ], [ 90.064281476009768, 15.508035938607961 ], [ 90.228743536485666, 15.716835388042995 ] ], [ [ 93.0152354241757, 13.676111220956031 ], [ 93.006635904423916, 13.667544364580806 ], [ 92.981954574744265, 13.665241241290332 ], [ 92.976726412793965, 13.655317545368518 ], [ 92.986033558702076, 13.643041848902428 ], [ 93.00093674683373, 13.649566650680583 ], [ 93.014741421179934, 13.643970966386973 ], [ 93.027992367653638, 13.627014040565712 ], [ 93.02529823802368, 13.660601138831439 ], [ 93.0152354241757, 13.676111220956031 ] ], [ [ 93.022698640629784, 13.674301266989957 ], [ 93.02360987689454, 13.670864104894562 ], [ 93.024240851134692, 13.672513961550123 ], [ 93.022698640629784, 13.674301266989957 ] ], [ [ 93.042349577371084, 13.63674676455166 ], [ 93.047027349732815, 13.620902061780669 ], [ 93.066981911985778, 13.65187025061158 ], [ 93.056418538185397, 13.65417683089612 ], [ 93.042349577371084, 13.63674676455166 ] ], [ [ 92.885133266487202, 13.574382543419688 ], [ 92.902560949628622, 13.594981550857867 ], [ 92.902221441166745, 13.600641608623448 ], [ 92.8862402437924, 13.592929840239933 ], [ 92.885133266487202, 13.574382543419688 ] ], [ [ 93.027026772767641, 13.578700661606263 ], [ 93.015941500799983, 13.570454358681658 ], [ 93.009806752080209, 13.541852712432828 ], [ 93.002584934347311, 13.560817122012793 ], [ 92.987881303079888, 13.572983146155309 ], [ 92.980623245366502, 13.552546858450725 ], [ 92.992104768520591, 13.535895944042736 ], [ 92.988486647541237, 13.527827740158273 ], [ 92.976109504850029, 13.528000712163077 ], [ 92.965002536737956, 13.544078826776456 ], [ 92.91764450039355, 13.536441326206429 ], [ 92.914421558608439, 13.525676607689491 ], [ 92.927805662301608, 13.520064354286419 ], [ 92.922973632827365, 13.512693524286817 ], [ 92.929596901376186, 13.501795172809111 ], [ 92.924180149794523, 13.495712041577562 ], [ 92.903872609033982, 13.497195243965322 ], [ 92.898979067730153, 13.47631287543895 ], [ 92.871898532091933, 13.471680164508072 ], [ 92.873086452877516, 13.447671771435182 ], [ 92.88411784196532, 13.429395675969644 ], [ 92.87032091617769, 13.424572229624729 ], [ 92.874391436615809, 13.408283830134565 ], [ 92.867727041170355, 13.402276754568788 ], [ 92.85112011440188, 13.411775946203136 ], [ 92.842986225834096, 13.402223706259221 ], [ 92.846534729394449, 13.39043366887887 ], [ 92.866924047306981, 13.385685205307993 ], [ 92.851050376474092, 13.370982050681206 ], [ 92.842363476793167, 13.377770304356019 ], [ 92.83628165677348, 13.366601467383859 ], [ 92.834358215559433, 13.337569117820507 ], [ 92.826328874078655, 13.326942563048988 ], [ 92.831245422738249, 13.315081477428464 ], [ 92.821688413689486, 13.309565305794251 ], [ 92.842094779150813, 13.301375150243061 ], [ 92.838231444525803, 13.28668510953031 ], [ 92.824813366244342, 13.288508057800868 ], [ 92.822479605749351, 13.27734255821241 ], [ 92.826872825420963, 13.266039371519923 ], [ 92.854362368228891, 13.257661819737322 ], [ 92.8498419520445, 13.239113926666377 ], [ 92.83614385095828, 13.243344903244804 ], [ 92.827821016626871, 13.236516714275183 ], [ 92.824604153359275, 13.217206358886514 ], [ 92.831746339722059, 13.213832140340969 ], [ 92.818299412987727, 13.20146691816376 ], [ 92.824295759641956, 13.192695975039257 ], [ 92.818803429934661, 13.18359374955206 ], [ 92.835204005460497, 13.173138976083067 ], [ 92.815298556983038, 13.17412805586514 ], [ 92.809715270743396, 13.153493643017327 ], [ 92.847183704464754, 13.139228344012793 ], [ 92.839920043975127, 13.136301755821535 ], [ 92.842323422787814, 13.127645730765778 ], [ 92.83210420604459, 13.124888658484721 ], [ 92.82322442516741, 13.133496641756594 ], [ 92.810147404878904, 13.126825213612719 ], [ 92.816602707049668, 13.114772558007076 ], [ 92.82542467141181, 13.114270448522504 ], [ 92.822182774615641, 13.09646260756351 ], [ 92.813138246932823, 13.10370755226181 ], [ 92.807644128473981, 13.099226951762475 ], [ 92.810289263938699, 13.075403928748457 ], [ 92.796947240422895, 13.08953702471382 ], [ 92.788543343900329, 13.017745256438545 ], [ 92.806358456777417, 13.006731628961504 ], [ 92.825190543708715, 13.012443542535536 ], [ 92.808812022257172, 12.997585057904232 ], [ 92.818557143397896, 12.987172007582046 ], [ 92.806082845147415, 12.983180403552694 ], [ 92.799322367033852, 12.991325855603691 ], [ 92.7932337526357, 12.981719971099949 ], [ 92.791688203847713, 12.956118107065038 ], [ 92.801555872006219, 12.938808917697358 ], [ 92.794326901065659, 12.91447126843434 ], [ 92.802550434954838, 12.898869037276356 ], [ 92.824359417253589, 12.896834373307854 ], [ 92.829072952055441, 12.88643133603739 ], [ 92.837766408693113, 12.891399741405039 ], [ 92.843054652550421, 12.8917336461909 ], [ 92.843935846961728, 12.885493874642563 ], [ 92.841421842544179, 12.879271745994515 ], [ 92.84271395248706, 12.876170635366577 ], [ 92.873003125294105, 12.882893323967764 ], [ 92.86978876573923, 12.890547275836241 ], [ 92.876386761540147, 12.907854914772585 ], [ 92.858955026053962, 12.903269768085281 ], [ 92.854580402563926, 12.927548051301642 ], [ 92.857687115967707, 12.934853553648622 ], [ 92.869332552255884, 12.934463023949377 ], [ 92.877089023239961, 12.944053411336014 ], [ 92.882323742147179, 12.982531070552611 ], [ 92.897592305940492, 12.994858861147449 ], [ 92.898633837781773, 12.986232280795264 ], [ 92.906919240530755, 12.984732508398679 ], [ 92.912708163051462, 12.946399926915191 ], [ 92.919159173657164, 12.960039138595434 ], [ 92.928218603106103, 12.957944154399271 ], [ 92.938583731254511, 12.971118211536279 ], [ 92.933238268032227, 12.988903403069742 ], [ 92.919378877133823, 12.986519575517946 ], [ 92.915938854294978, 13.000445962311389 ], [ 92.908305406969276, 12.999752164131152 ], [ 92.901849150617835, 13.021982312433849 ], [ 92.916170478285181, 13.054213523535338 ], [ 92.897990227167298, 13.05781805485951 ], [ 92.888113736659903, 13.045693278122314 ], [ 92.895622253764344, 13.057683109787604 ], [ 92.912955522479791, 13.066290617318245 ], [ 92.892666817120045, 13.09505593748149 ], [ 92.900360703384109, 13.094336271202039 ], [ 92.922822713997306, 13.056424617402271 ], [ 92.935149550411694, 13.061230302136877 ], [ 92.937040209538196, 13.084433555564132 ], [ 92.943001150782692, 13.054791927005965 ], [ 92.935051679891473, 13.042319059576855 ], [ 92.955241322229625, 13.018474936669179 ], [ 92.970606804161065, 13.012629270524528 ], [ 92.975842356739378, 13.015273571418149 ], [ 92.968645453824962, 13.018069744423372 ], [ 92.966133952220588, 13.035300254802848 ], [ 92.98301243737447, 13.02384686514074 ], [ 92.995006561503914, 13.0354228018209 ], [ 93.004217505134051, 13.028705358065963 ], [ 93.034967065177881, 13.081110954506912 ], [ 93.032053113360945, 13.177956938362158 ], [ 93.066381454441029, 13.272593140461069 ], [ 93.045490742004205, 13.259467363428143 ], [ 93.040328621769021, 13.270070076273086 ], [ 93.045920610747913, 13.2821207048068 ], [ 93.012295842579334, 13.276976465791321 ], [ 93.012618065171949, 13.294807553326095 ], [ 93.021915912989044, 13.294944644180134 ], [ 93.006929755204425, 13.308894753290232 ], [ 93.009305835096399, 13.3200464249026 ], [ 92.99429821948732, 13.298828125417614 ], [ 92.987694859230402, 13.299412012054788 ], [ 92.991263746824842, 13.292713642021042 ], [ 92.986325741240222, 13.298493266451189 ], [ 92.989108801230515, 13.301022053025463 ], [ 92.994507909013151, 13.300586461895634 ], [ 92.998048066865096, 13.315185546975314 ], [ 92.96357667422447, 13.324985146347558 ], [ 92.950672507230735, 13.343605041839325 ], [ 92.969337344543106, 13.360408902149217 ], [ 92.988183855700555, 13.329291701051247 ], [ 92.989601254694122, 13.341885447255535 ], [ 93.003922462751603, 13.353575468333347 ], [ 93.032639145780337, 13.345389604346778 ], [ 93.041097402723295, 13.352058053036728 ], [ 93.03476834288486, 13.360631346759234 ], [ 93.041387438579847, 13.36717247932647 ], [ 93.045759201326433, 13.34625744832249 ], [ 93.040396452234887, 13.32210373919628 ], [ 93.060093641108978, 13.329077959180552 ], [ 93.065443515506246, 13.302972554839755 ], [ 93.0729787352806, 13.324916243889504 ], [ 93.090250730487213, 13.335378407987321 ], [ 93.087598562324075, 13.343469620126811 ], [ 93.071576953013988, 13.347615838300499 ], [ 93.055294752550964, 13.382147550269224 ], [ 93.048724055670874, 13.37356412388516 ], [ 93.028787612958268, 13.373209357526022 ], [ 93.048512816613339, 13.374606013656603 ], [ 93.052714943839788, 13.391121744672816 ], [ 93.062601447399317, 13.391403674939681 ], [ 93.070801138461917, 13.406610250262986 ], [ 93.059808731388188, 13.399045348364041 ], [ 93.061551332428365, 13.420926451794344 ], [ 93.04547822434094, 13.404202937815384 ], [ 93.03642213317508, 13.416888475123002 ], [ 93.040701508567878, 13.426095247697546 ], [ 93.020905733313015, 13.431437611856424 ], [ 93.034718632858898, 13.435144305265439 ], [ 93.035874366908871, 13.452965855489978 ], [ 93.01869273198443, 13.464528441734259 ], [ 93.034042239258298, 13.466359853524395 ], [ 93.044984936305724, 13.525324821683213 ], [ 93.027026772767641, 13.578700661606263 ] ], [ [ 93.053914546818788, 13.56605935115806 ], [ 93.05460596089668, 13.559905648327103 ], [ 93.057234645063119, 13.566540479459704 ], [ 93.053914546818788, 13.56605935115806 ] ], [ [ 94.272008419253183, 13.46546220781471 ], [ 94.249313950978348, 13.445716857546913 ], [ 94.255702375964262, 13.430299759026866 ], [ 94.275498152118274, 13.441834450099904 ], [ 94.277812719281911, 13.461661219589743 ], [ 94.272008419253183, 13.46546220781471 ] ], [ [ 93.102358102644672, 13.435035944153526 ], [ 93.099094271383507, 13.430331826153065 ], [ 93.104069471129293, 13.430009007309934 ], [ 93.102358102644672, 13.435035944153526 ] ], [ [ 93.069951653246591, 13.412366747727205 ], [ 93.072685479851515, 13.431102752889828 ], [ 93.067357539918959, 13.422303319242928 ], [ 93.069951653246591, 13.412366747727205 ] ], [ [ 93.092665433563099, 13.420172214676072 ], [ 93.089020013663031, 13.409997939753339 ], [ 93.095479130757695, 13.416192054519854 ], [ 93.092665433563099, 13.420172214676072 ] ], [ [ 93.061709642786212, 13.384967923131057 ], [ 93.063336849116553, 13.384008049731889 ], [ 93.063640832558605, 13.387026310316102 ], [ 93.061709642786212, 13.384967923131057 ] ], [ [ 93.081944346554707, 13.370000004496831 ], [ 93.082569956338517, 13.366872907059118 ], [ 93.083468317908711, 13.368820071489083 ], [ 93.081944346554707, 13.370000004496831 ] ], [ [ 93.076174616465636, 13.366786241192287 ], [ 93.077787041539096, 13.363142848363964 ], [ 93.079121112949139, 13.363741875087655 ], [ 93.076174616465636, 13.366786241192287 ] ], [ [ 93.078611731546317, 13.301430225624571 ], [ 93.072096705398764, 13.298005461582875 ], [ 93.078522920796416, 13.299109816465077 ], [ 93.078611731546317, 13.301430225624571 ] ], [ [ 93.02230930343174, 13.302664518153108 ], [ 93.025908231979457, 13.327311873244568 ], [ 93.016302704506217, 13.331282854020515 ], [ 93.009438276455427, 13.310742021027409 ], [ 93.02230930343174, 13.302664518153108 ] ], [ [ 93.016460418613832, 13.337840676206326 ], [ 93.014657973986601, 13.339637279736721 ], [ 93.014917254827679, 13.337398648628934 ], [ 93.016460418613832, 13.337840676206326 ] ], [ [ 93.037602901652832, 13.340840339710041 ], [ 93.036748647332303, 13.343065739092594 ], [ 93.037140131212283, 13.34070134139381 ], [ 93.037602901652832, 13.340840339710041 ] ], [ [ 92.967777729458732, 13.335277676723365 ], [ 92.966388940597227, 13.336388945593441 ], [ 92.967499852436248, 13.332499861579421 ], [ 92.967777729458732, 13.335277676723365 ] ], [ [ 93.016111135420914, 13.28499984746513 ], [ 93.015833258398544, 13.283333301190908 ], [ 93.016666651145357, 13.284444451350339 ], [ 93.016111135420914, 13.28499984746513 ] ], [ [ 93.05750465391705, 13.226159930036701 ], [ 93.061411380831117, 13.22109341582852 ], [ 93.058302045003728, 13.226913332584161 ], [ 93.05750465391705, 13.226159930036701 ] ], [ [ 92.941439151595631, 12.99528694113944 ], [ 92.939846754424565, 13.025128721912935 ], [ 92.921844721057283, 13.027620553545702 ], [ 92.915936827223021, 13.012118458300449 ], [ 92.921583414043624, 13.000488520029364 ], [ 92.941439151595631, 12.99528694113944 ] ], [ [ 92.986601114550155, 12.99984621972726 ], [ 92.988726138800331, 12.998126029792672 ], [ 92.989199519442394, 13.000446438951982 ], [ 92.986601114550155, 12.99984621972726 ] ], [ [ 93.005757569856286, 12.997523427364456 ], [ 92.985637902867126, 12.992996454223132 ], [ 92.988906502333322, 12.984699845021964 ], [ 92.972354054695899, 12.969449162448981 ], [ 92.960407019068867, 12.989472628059545 ], [ 92.952439546448289, 12.980177879305685 ], [ 92.962931752398646, 12.96870815795522 ], [ 92.954118251556366, 12.962366342133052 ], [ 92.972598910411335, 12.95499813545581 ], [ 92.973946451867533, 12.945667147620881 ], [ 92.960300922450102, 12.949377179313487 ], [ 92.951769828514813, 12.940771460534663 ], [ 92.969401955436098, 12.944482207188173 ], [ 92.982638478583425, 12.934133172408096 ], [ 92.979872941882974, 12.947953700902531 ], [ 92.98824405631828, 12.956389308419929 ], [ 92.979589462084476, 12.966958045777289 ], [ 93.005757569856286, 12.997523427364456 ] ], [ [ 92.876646637732534, 12.932382821909684 ], [ 92.859880923965449, 12.93274164241295 ], [ 92.864922642965695, 12.917100072210687 ], [ 92.87269938017252, 12.916324853908961 ], [ 92.875342965205874, 12.926465272954033 ], [ 92.886340856345868, 12.92307531807154 ], [ 92.876646637732534, 12.932382821909684 ] ], [ [ 92.898718833607546, 12.926951647000848 ], [ 92.895927548417689, 12.898610830225778 ], [ 92.886640549122177, 12.893980503397685 ], [ 92.872671961642112, 12.892457843254917 ], [ 92.873920917616516, 12.881168007897301 ], [ 92.841745852988794, 12.875590204824277 ], [ 92.840316056840749, 12.878562927337143 ], [ 92.84208464648961, 12.89111447375403 ], [ 92.829274654701663, 12.884936452355305 ], [ 92.824514151007492, 12.895184040011429 ], [ 92.810183048609275, 12.897532343443046 ], [ 92.792209744084943, 12.889879822395983 ], [ 92.793320179283313, 12.862980366151135 ], [ 92.782444953871703, 12.859626054998557 ], [ 92.781558275394417, 12.848533272792267 ], [ 92.780122518539855, 12.862370729225745 ], [ 92.769375800852828, 12.86134040383665 ], [ 92.77553164946633, 12.841078043217337 ], [ 92.774199605127848, 12.831357478964605 ], [ 92.783672332412749, 12.824355960059606 ], [ 92.782438158594488, 12.807669043091934 ], [ 92.773234009342133, 12.832013010991759 ], [ 92.774153470806169, 12.841789245976869 ], [ 92.760553956100779, 12.85941624676245 ], [ 92.758659362439715, 12.847784042199848 ], [ 92.74477446047311, 12.839434862229083 ], [ 92.743581771481814, 12.824534058200285 ], [ 92.739826679258073, 12.834919810501034 ], [ 92.738155007747793, 12.829370855880356 ], [ 92.739475130672901, 12.816312313062781 ], [ 92.737994551607557, 12.810441255459679 ], [ 92.731889843841344, 12.834825157754949 ], [ 92.723869920060821, 12.826648474047943 ], [ 92.720992445644896, 12.787871718305382 ], [ 92.73090004909821, 12.743353843505076 ], [ 92.746140002758949, 12.7223267551758 ], [ 92.740224242555115, 12.717927456087409 ], [ 92.742510319196043, 12.699410558150745 ], [ 92.727898836062622, 12.691831350736365 ], [ 92.735768437263715, 12.684450149754738 ], [ 92.732875108699687, 12.674217819996485 ], [ 92.768623829126653, 12.671720027657386 ], [ 92.784268140462672, 12.692891120828662 ], [ 92.779746651387228, 12.712890624902386 ], [ 92.787544846417774, 12.707016944876202 ], [ 92.788401246520692, 12.674054622722736 ], [ 92.780335665059198, 12.652776837581087 ], [ 92.780356168702525, 12.630613327243324 ], [ 92.786767244013078, 12.625177144909443 ], [ 92.78545284257504, 12.618980407719661 ], [ 92.785860657243603, 12.624667406475666 ], [ 92.780232548793293, 12.628767609937313 ], [ 92.778813004916543, 12.637912869783165 ], [ 92.777103900924402, 12.632823466929437 ], [ 92.777104258854564, 12.667164802313877 ], [ 92.753234148237567, 12.670724273106927 ], [ 92.734585046363151, 12.656954526630102 ], [ 92.73614025117169, 12.639853358545722 ], [ 92.724977731937003, 12.626782417674463 ], [ 92.715504527112245, 12.643428206846224 ], [ 92.705008507137137, 12.608446001981449 ], [ 92.686728358427189, 12.615100979726591 ], [ 92.684540271916177, 12.607812524028859 ], [ 92.707473158559793, 12.596943378034425 ], [ 92.708713651014506, 12.555938959315469 ], [ 92.694230079355094, 12.51484262898424 ], [ 92.70839691158838, 12.493363142095291 ], [ 92.699481964521425, 12.467401265955729 ], [ 92.706503748749157, 12.451048850923712 ], [ 92.698062539354765, 12.42092585574369 ], [ 92.705327034415376, 12.369799256230749 ], [ 92.699446439501656, 12.327713608695987 ], [ 92.708590746066449, 12.328485965355242 ], [ 92.70742762048863, 12.316331148563776 ], [ 92.719633579026578, 12.300396442541896 ], [ 92.735921025235569, 12.308678031266368 ], [ 92.73559045783341, 12.300851106493539 ], [ 92.754521012434878, 12.295723080455957 ], [ 92.771278619712717, 12.319553017457849 ], [ 92.794539332624225, 12.306203842533463 ], [ 92.802931546953772, 12.312749504985788 ], [ 92.809594154546772, 12.314669013464353 ], [ 92.831985712271006, 12.302496433264011 ], [ 92.872256517124953, 12.317597269898044 ], [ 92.878165125919992, 12.31326985362108 ], [ 92.88664710517989, 12.323424458572035 ], [ 92.894718647347901, 12.320183754276897 ], [ 92.897061705932998, 12.326035976479019 ], [ 92.879689335594463, 12.333563923436373 ], [ 92.881609201104055, 12.344084024558171 ], [ 92.896056174852816, 12.335706829806497 ], [ 92.88980364822018, 12.350631237441746 ], [ 92.859787821650713, 12.362280369044015 ], [ 92.838522911203796, 12.395048260468897 ], [ 92.841505050517952, 12.405858159126794 ], [ 92.83406615263138, 12.409083008374338 ], [ 92.828689217633752, 12.422480464302112 ], [ 92.829942345562841, 12.42779874821359 ], [ 92.794355154167334, 12.4378826619553 ], [ 92.794264674275638, 12.44573462025663 ], [ 92.798457741731482, 12.463704347277869 ], [ 92.791053056753327, 12.469670057627056 ], [ 92.800273656404585, 12.464396357605935 ], [ 92.796810030858325, 12.43784427619255 ], [ 92.820059656927839, 12.437043905651691 ], [ 92.846270322417666, 12.423352480232779 ], [ 92.865593552500826, 12.425487756754592 ], [ 92.875806808537533, 12.413790464658234 ], [ 92.885702252257175, 12.422946572126804 ], [ 92.898807049006422, 12.415600180304111 ], [ 92.886958122219738, 12.435197830415461 ], [ 92.84906554214129, 12.458363056010285 ], [ 92.829182505668456, 12.49642431742825 ], [ 92.834958910525216, 12.494493008046049 ], [ 92.85290205448652, 12.45878970608004 ], [ 92.869156241067827, 12.446374655166153 ], [ 92.885874510200466, 12.453719616167334 ], [ 92.878085971190814, 12.444801211207107 ], [ 92.907821655345089, 12.422175050038547 ], [ 92.906665444654692, 12.40778934979862 ], [ 92.913097143218664, 12.405727863550155 ], [ 92.923889637297265, 12.434726833876354 ], [ 92.915430307462685, 12.443584203648115 ], [ 92.941158652150392, 12.448969245134705 ], [ 92.944235324601067, 12.460579514333119 ], [ 92.958020210264948, 12.467487930923198 ], [ 92.950891971487721, 12.476254105842315 ], [ 92.944038629379435, 12.468782305359184 ], [ 92.930811524831967, 12.46593010459064 ], [ 92.931877017310654, 12.480468749832923 ], [ 92.946748257026769, 12.49888265111349 ], [ 92.958698511327469, 12.486639142282797 ], [ 92.968208551483627, 12.49617624303913 ], [ 92.975344777139895, 12.542303204629206 ], [ 92.956056952466753, 12.608108878521989 ], [ 92.963174224011397, 12.698461055733262 ], [ 92.970325350534523, 12.710537314045709 ], [ 92.980257153844519, 12.709769368561624 ], [ 92.965598821428813, 12.723436952053873 ], [ 92.962712168532192, 12.752203941359014 ], [ 92.952210664490536, 12.757420659436093 ], [ 92.94952774041306, 12.769927621062891 ], [ 92.934283852218215, 12.773596644569508 ], [ 92.953779578564848, 12.804152130916222 ], [ 92.944161057686671, 12.826565861425593 ], [ 92.948310852464346, 12.836079359475022 ], [ 92.941091060903915, 12.836598157678893 ], [ 92.941060900340545, 12.855967164153242 ], [ 92.92956197260699, 12.859039068398431 ], [ 92.927389859854458, 12.884654402478688 ], [ 92.905085206317239, 12.884660959435891 ], [ 92.910233855607913, 12.903969049432064 ], [ 92.921868324663905, 12.912325143390873 ], [ 92.91027891613922, 12.908959507974998 ], [ 92.898984432186154, 12.915917157950545 ], [ 92.898718833607546, 12.926951647000848 ] ], [ [ 92.936203956947082, 12.917436004068392 ], [ 92.931986212993735, 12.916410922625914 ], [ 92.93536794177723, 12.913537144423842 ], [ 92.936203956947082, 12.917436004068392 ] ], [ [ 92.912255763592867, 12.913895368676492 ], [ 92.912528753699036, 12.917722701641537 ], [ 92.90869355166646, 12.91443312189125 ], [ 92.912255763592867, 12.913895368676492 ] ], [ [ 92.956253767297852, 12.435268402015311 ], [ 92.949275136138937, 12.414792776165811 ], [ 92.940535545179301, 12.421970724969057 ], [ 92.93220174271633, 12.418117046364657 ], [ 92.927945852219608, 12.386977076231233 ], [ 92.918485165058456, 12.374281048331838 ], [ 92.91891372169087, 12.364771127785502 ], [ 92.93112611757627, 12.358844041519362 ], [ 92.943910121655136, 12.403267144863023 ], [ 92.960634112274448, 12.419562577950728 ], [ 92.956253767297852, 12.435268402015311 ] ], [ [ 92.890436649531836, 12.391755938685705 ], [ 92.888014078287341, 12.407841801857671 ], [ 92.882461905892256, 12.398602008875557 ], [ 92.852149606119525, 12.40902161615486 ], [ 92.843701243517586, 12.400440454263659 ], [ 92.86237192192678, 12.379776001361321 ], [ 92.87968254121634, 12.383433818415995 ], [ 92.882039427777528, 12.374047756099102 ], [ 92.890436649531836, 12.391755938685705 ] ], [ [ 92.897561669635621, 12.410783767556993 ], [ 92.899087667162263, 12.40770614182513 ], [ 92.898748516631059, 12.411523342128532 ], [ 92.897561669635621, 12.410783767556993 ] ], [ [ 92.895578265225055, 12.394131302717653 ], [ 92.897739649065926, 12.392732977444936 ], [ 92.897207856557571, 12.394928813414069 ], [ 92.895578265225055, 12.394131302717653 ] ], [ [ 92.862313032520518, 12.412699461111444 ], [ 92.867447734225522, 12.420551657732801 ], [ 92.85898351657616, 12.416538238848645 ], [ 92.862313032520518, 12.412699461111444 ] ], [ [ 92.846320152053664, 12.414906025093103 ], [ 92.833448052186242, 12.426588654642828 ], [ 92.829139947950495, 12.423429847109773 ], [ 92.846320152053664, 12.414906025093103 ] ], [ [ 92.888300180508992, 12.413813233693872 ], [ 92.889349817939916, 12.412848949119905 ], [ 92.889349817939916, 12.4141577477818 ], [ 92.888300180508992, 12.413813233693872 ] ], [ [ 92.904654145073067, 12.42309534517419 ], [ 92.899381875873445, 12.421968460476023 ], [ 92.903263449648733, 12.420248747182029 ], [ 92.904654145073067, 12.42309534517419 ] ], [ [ 92.875880480100165, 12.444157362272506 ], [ 92.87449431456119, 12.445168733550247 ], [ 92.874210953473067, 12.444376230278976 ], [ 92.875880480100165, 12.444157362272506 ] ], [ [ 92.912495374461884, 12.353884338891291 ], [ 92.911954880113939, 12.338127731909466 ], [ 92.917950749227856, 12.353958010453923 ], [ 92.912495374461884, 12.353884338891291 ] ], [ [ 92.906709432294548, 12.339785575444012 ], [ 92.904664873985126, 12.340273738242374 ], [ 92.905424952199979, 12.33845996845298 ], [ 92.906709432294548, 12.339785575444012 ] ], [ [ 92.911500453583045, 12.335184335388988 ], [ 92.912747621705677, 12.331861376401548 ], [ 92.913542151149699, 12.332730769909048 ], [ 92.911500453583045, 12.335184335388988 ] ], [ [ 93.068535446753714, 12.319057821960982 ], [ 93.063007950856701, 12.315923571315736 ], [ 93.073889136074996, 12.316701055009602 ], [ 93.068535446753714, 12.319057821960982 ] ], [ [ 92.934318899697615, 12.310244560338262 ], [ 92.927634716469555, 12.281010031487995 ], [ 92.912763357143518, 12.293057560957763 ], [ 92.901639222772275, 12.288118958223365 ], [ 92.901434540671659, 12.271333933314438 ], [ 92.909011125663056, 12.274212479722166 ], [ 92.912091255107811, 12.263134956313294 ], [ 92.921166062064543, 12.265094042156534 ], [ 92.922210454649047, 12.231150507489872 ], [ 92.942251801479671, 12.274309277351279 ], [ 92.933566451331075, 12.287544250067185 ], [ 92.934318899697615, 12.310244560338262 ] ], [ [ 93.847519516512676, 12.282371521428601 ], [ 93.854239106050187, 12.266921878242215 ], [ 93.876388907122504, 12.270833253751661 ], [ 93.878055453396456, 12.281666636406257 ], [ 93.867187499903395, 12.295555472007592 ], [ 93.847519516512676, 12.282371521428601 ] ], [ [ 93.029976248705253, 12.279816865855651 ], [ 93.024629950911532, 12.278121352418452 ], [ 93.022082328936705, 12.274765610444547 ], [ 93.026998043025316, 12.273529172133792 ], [ 93.029976248705253, 12.279816865855651 ] ], [ [ 93.072499871472274, 12.259722232395163 ], [ 93.065555453221663, 12.227222204041482 ], [ 93.093086957497263, 12.224434733776022 ], [ 93.100749850425331, 12.203943609909786 ], [ 93.105705380199169, 12.260754824075775 ], [ 93.088611126102847, 12.237222075238535 ], [ 93.083611131148956, 12.258610963525257 ], [ 93.072499871472274, 12.259722232395163 ] ], [ [ 93.072138309835196, 12.210782169861261 ], [ 93.044115543697586, 12.159362315818143 ], [ 93.036480069299927, 12.156917810108823 ], [ 93.04320597657491, 12.155815005658042 ], [ 93.039707541869603, 12.126953720637673 ], [ 93.056570053265347, 12.12323415253428 ], [ 93.050202846884332, 12.114968180537005 ], [ 93.074412226743135, 12.083627343227533 ], [ 93.090819954577654, 12.09998655353678 ], [ 93.087706327185828, 12.129984378376307 ], [ 93.094983100689745, 12.142417549730098 ], [ 93.083822965557744, 12.155539512738457 ], [ 93.086621760985764, 12.19304525843215 ], [ 93.072138309835196, 12.210782169861261 ] ], [ [ 93.109473943368158, 12.143939733232102 ], [ 93.115561246554506, 12.129956841135368 ], [ 93.120529055671369, 12.148347973380211 ], [ 93.109473943368158, 12.143939733232102 ] ], [ [ 93.097897530047163, 12.133507252157969 ], [ 93.096393227765674, 12.136572479836047 ], [ 93.097477555644986, 12.133576154616023 ], [ 93.097897530047163, 12.133507252157969 ] ], [ [ 93.034659028491575, 12.09954726709293 ], [ 93.027546048511368, 12.166233778366347 ], [ 93.006686925661398, 12.145610809391414 ], [ 93.004382252838951, 12.11332571540963 ], [ 92.991624355180107, 12.1439449789778 ], [ 92.963607907678949, 12.150597214689682 ], [ 92.955780744586008, 12.146043658488153 ], [ 92.96599674265596, 12.118935108068968 ], [ 92.980375766328876, 12.1118564606071 ], [ 92.997078418734276, 12.113458513799515 ], [ 93.006672859365182, 12.107789635483414 ], [ 93.007139325119994, 12.075410842936094 ], [ 93.027221440917145, 12.068120241456143 ], [ 93.045104622580567, 12.045540809960514 ], [ 93.053827762241752, 12.075988769766127 ], [ 93.034659028491575, 12.09954726709293 ] ], [ [ 92.997449874712203, 12.045252442346282 ], [ 93.004697680154123, 12.103776454919455 ], [ 92.959867358392017, 12.107357620957487 ], [ 92.960605740462626, 12.093327641257687 ], [ 92.970769643504497, 12.087098479011672 ], [ 92.960430145135632, 12.082429051459584 ], [ 92.962101340005148, 12.071864247736968 ], [ 92.975207805895508, 12.065140366634679 ], [ 92.979578614461872, 12.051086545008047 ], [ 92.997449874712203, 12.045252442346282 ] ], [ [ 92.966106772010136, 12.04823756201408 ], [ 92.950259566426013, 12.012642740769991 ], [ 92.925444602886358, 11.995882749389395 ], [ 92.934008836838728, 11.984802365236973 ], [ 92.959858179011832, 11.980911135440451 ], [ 92.973501920577434, 11.948933124863856 ], [ 93.000256538308832, 11.949983358545296 ], [ 92.994700550989734, 11.939874053344795 ], [ 93.025132655747512, 11.888477206657967 ], [ 93.043151617053837, 11.882442950881398 ], [ 93.053812146413833, 11.903696417455805 ], [ 93.007375955635808, 12.000367641453522 ], [ 93.008922815635543, 12.019949913157973 ], [ 92.982521653052032, 12.043414235278917 ], [ 92.969075679599172, 12.033888578395363 ], [ 92.966106772010136, 12.04823756201408 ] ], [ [ 92.780968546761443, 11.896945118722314 ], [ 92.78859114646437, 11.901471853543171 ], [ 92.784207821134117, 11.936185956117001 ], [ 92.764263749472747, 11.939767241765026 ], [ 92.746926307902839, 11.932192802555946 ], [ 92.73315978010001, 11.905368208576007 ], [ 92.731734275516743, 11.856732010773612 ], [ 92.718377709064129, 11.824320435239926 ], [ 92.71021425708264, 11.814519643367007 ], [ 92.692484855891934, 11.808922767471813 ], [ 92.679839252979292, 11.818893313575757 ], [ 92.708305358805575, 11.817055463538892 ], [ 92.726076126112531, 11.856461405669506 ], [ 92.725250959464546, 11.927594899884809 ], [ 92.714455842963133, 11.932457566563457 ], [ 92.719153165686095, 11.961722255077916 ], [ 92.73293232896404, 11.968433141876005 ], [ 92.723798870921627, 11.974580407359937 ], [ 92.728193044773349, 11.994501352055806 ], [ 92.73887264695523, 11.997014164872027 ], [ 92.734248757474148, 11.97712624058363 ], [ 92.748663544487243, 11.97745943040843 ], [ 92.757074952147406, 11.987920880444278 ], [ 92.742872119153247, 11.993446946419496 ], [ 92.768653750470634, 11.998718619368773 ], [ 92.7659461498952, 12.011366248453612 ], [ 92.752412676903674, 12.002605676311134 ], [ 92.746838450434467, 12.017187953061693 ], [ 92.736773610413849, 12.015674472299281 ], [ 92.73938703578321, 12.040911913054458 ], [ 92.762120843102792, 12.020617842339618 ], [ 92.778435349911575, 12.02406787912939 ], [ 92.77677345313262, 12.040688753483195 ], [ 92.783651470838862, 12.047107577352776 ], [ 92.751999854810009, 12.055034518428499 ], [ 92.758255243085188, 12.064179658664429 ], [ 92.751440405450552, 12.070942044240027 ], [ 92.742270946647153, 12.074213147419016 ], [ 92.737340569112149, 12.06363821013548 ], [ 92.735230327018286, 12.065150618905975 ], [ 92.741142630228495, 12.074120521744689 ], [ 92.735831379914629, 12.08385086072866 ], [ 92.73615252961568, 12.106154203054018 ], [ 92.757384657975678, 12.176108479222918 ], [ 92.720992445644896, 12.179973602599645 ], [ 92.71385765081007, 12.165762305186306 ], [ 92.712556242776913, 12.175493717061386 ], [ 92.703938841804444, 12.165227770645046 ], [ 92.710259914763725, 12.212312579462079 ], [ 92.705399155546758, 12.231130718807535 ], [ 92.694721102896921, 12.239032149713907 ], [ 92.684807538737033, 12.208437561744006 ], [ 92.680726408996662, 12.21401810685029 ], [ 92.677379727692397, 12.204239368152386 ], [ 92.674315929036908, 12.217853426694319 ], [ 92.654262661692798, 12.181790351843404 ], [ 92.66190755379094, 12.215275406734676 ], [ 92.645778536650454, 12.178520441165446 ], [ 92.635419726239348, 12.119490623793411 ], [ 92.623467445766011, 12.102770448097701 ], [ 92.620756268587144, 12.052597641667759 ], [ 92.62768340096838, 12.044113039984836 ], [ 92.619885802188463, 12.041142224933807 ], [ 92.622816562334918, 12.027820945180395 ], [ 92.612940668976904, 12.00625610363636 ], [ 92.61680424192221, 11.991099119628643 ], [ 92.612085342664642, 11.983849645045254 ], [ 92.611680745769974, 11.940498233206981 ], [ 92.606266379190373, 11.923970222847444 ], [ 92.611055374306574, 11.870937347480535 ], [ 92.604626059844946, 11.85804951217527 ], [ 92.601527452030524, 11.897174120289534 ], [ 92.593904018655707, 11.898940443646538 ], [ 92.586707711092089, 11.887459873774162 ], [ 92.57923865354141, 11.926534056901389 ], [ 92.562300205190667, 11.946254849381759 ], [ 92.555016756018944, 11.925488829745902 ], [ 92.542655348765521, 11.922896146340065 ], [ 92.53626573127886, 11.900493740993284 ], [ 92.526262163867983, 11.894949555477623 ], [ 92.513719558510985, 11.847220063155518 ], [ 92.522107243854606, 11.825683355102839 ], [ 92.536634445223655, 11.838539719532605 ], [ 92.54217171675171, 11.828778624634012 ], [ 92.54646754254307, 11.835027455952272 ], [ 92.540799022157358, 11.818902015415631 ], [ 92.549114704180425, 11.815509915650111 ], [ 92.559330702250492, 11.773099541810481 ], [ 92.552735328872387, 11.762907505277255 ], [ 92.552167773024479, 11.721101760937515 ], [ 92.562108039854451, 11.693612933090378 ], [ 92.572898864791199, 11.699361205355316 ], [ 92.574450611706339, 11.715652227268478 ], [ 92.587818741641598, 11.718050122015427 ], [ 92.599607706131025, 11.690718173704852 ], [ 92.59154474709274, 11.668777107977107 ], [ 92.608088850820224, 11.634047627895654 ], [ 92.631345152556975, 11.628318429352248 ], [ 92.631835460238648, 11.650640130437807 ], [ 92.63809454472775, 11.6454489234291 ], [ 92.634446501504868, 11.634666443301683 ], [ 92.644343018115961, 11.636229872410695 ], [ 92.636623502073036, 11.615525842144038 ], [ 92.628084539969592, 11.625825047288231 ], [ 92.624567151153116, 11.61755251923347 ], [ 92.608431816275726, 11.619757532783979 ], [ 92.607624054207037, 11.594711780724126 ], [ 92.618820309709776, 11.583770751918777 ], [ 92.620320439137032, 11.572446346621632 ], [ 92.61795926101135, 11.562597155934156 ], [ 92.633262276932925, 11.579047918126989 ], [ 92.647035241183545, 11.572420358912666 ], [ 92.646768331393702, 11.522145748327588 ], [ 92.667178035138392, 11.503936052506845 ], [ 92.678792476291932, 11.511369943867905 ], [ 92.699611902167732, 11.506008505987936 ], [ 92.711452245824745, 11.47708594835774 ], [ 92.727769851697389, 11.516325711962111 ], [ 92.723878503190491, 11.529650211288413 ], [ 92.743825555205518, 11.583662748737083 ], [ 92.740737437982517, 11.592782377904655 ], [ 92.75292611155092, 11.609793543637238 ], [ 92.746301173860303, 11.639999270150327 ], [ 92.757762909231161, 11.650703072189174 ], [ 92.756360054073497, 11.665819168519818 ], [ 92.748428463502961, 11.668085813509649 ], [ 92.748514056478513, 11.676385403064032 ], [ 92.731567144608249, 11.673305034399888 ], [ 92.721581935957744, 11.686406850795592 ], [ 92.716298579915673, 11.664533734244444 ], [ 92.729749679504408, 11.659101843475355 ], [ 92.71068680315372, 11.652345061575318 ], [ 92.710362434778887, 11.643515348654589 ], [ 92.695113420448166, 11.65301370661723 ], [ 92.700187325284816, 11.641458630611339 ], [ 92.693030357665094, 11.636328458791354 ], [ 92.694931507383473, 11.622907161836039 ], [ 92.687712550394195, 11.640542745751119 ], [ 92.673651576459605, 11.624982952701188 ], [ 92.666250943826213, 11.653939842849468 ], [ 92.683948517110736, 11.650829553740891 ], [ 92.685596704624601, 11.662187218665267 ], [ 92.708161830604325, 11.669815421144904 ], [ 92.700961709015729, 11.676713108822909 ], [ 92.706971525715659, 11.698634743798536 ], [ 92.695472240052055, 11.700333475909346 ], [ 92.705326556875235, 11.702665805582555 ], [ 92.702137827998541, 11.707243442930675 ], [ 92.711621761735302, 11.695410728222612 ], [ 92.718207955732765, 11.705898522998538 ], [ 92.740303515994839, 11.690162539269849 ], [ 92.744336247819575, 11.713387728061306 ], [ 92.755666732534024, 11.701921462805274 ], [ 92.776068210180114, 11.833137751006504 ], [ 92.785913825162908, 11.854397177387781 ], [ 92.787991046849726, 11.883448958602614 ], [ 92.780968546761443, 11.896945118722314 ] ], [ [ 93.013830899876353, 11.831897974412058 ], [ 93.050256610154605, 11.81229352992267 ], [ 93.062190413156969, 11.817094922193107 ], [ 93.072155356484615, 11.83762395338276 ], [ 93.05959534654815, 11.844769120098917 ], [ 93.034738421540879, 11.836313724798558 ], [ 93.013739943344063, 11.849118470840708 ], [ 93.013830899876353, 11.831897974412058 ] ], [ [ 93.078334808704682, 11.77976572510812 ], [ 93.083513975589909, 11.78023362168436 ], [ 93.086205721117182, 11.788751721315066 ], [ 93.080628633904581, 11.788109660232635 ], [ 93.078334808704682, 11.77976572510812 ] ], [ [ 92.723707676068358, 11.689514755801483 ], [ 92.725244164186876, 11.687065959426647 ], [ 92.726630211015646, 11.688334464863871 ], [ 92.723707676068358, 11.689514755801483 ] ], [ [ 92.696057677120308, 11.66372764131755 ], [ 92.700748205465601, 11.659868240326929 ], [ 92.701203942308354, 11.663146615424012 ], [ 92.696057677120308, 11.66372764131755 ] ], [ [ 92.76675975306037, 11.678725957936692 ], [ 92.759973764777698, 11.676782250500366 ], [ 92.761159658491778, 11.669459104354345 ], [ 92.76675975306037, 11.678725957936692 ] ], [ [ 92.670294761594306, 11.485626101163732 ], [ 92.645828008356062, 11.500278949513969 ], [ 92.645745754563137, 11.510958075954363 ], [ 92.636296272055375, 11.517066955675375 ], [ 92.620988726248783, 11.497409344166044 ], [ 92.611156940140887, 11.458196044012297 ], [ 92.623309255018484, 11.440686940749742 ], [ 92.624329209425554, 11.408961654057109 ], [ 92.614424466715974, 11.400464058069971 ], [ 92.587339639512976, 11.400788068514487 ], [ 92.592315912149871, 11.379601955765722 ], [ 92.581013917958245, 11.36643147433324 ], [ 92.59268224199198, 11.349497556766835 ], [ 92.638283013850327, 11.346377372417976 ], [ 92.65255463149137, 11.357111811660886 ], [ 92.66466987091772, 11.352056145974359 ], [ 92.667290210275127, 11.360857247863848 ], [ 92.690847754320743, 11.37035501047535 ], [ 92.693780541539212, 11.387170910908978 ], [ 92.674687862555032, 11.399216651627214 ], [ 92.663595556989577, 11.395105600543204 ], [ 92.660818815635849, 11.406121134582804 ], [ 92.64954876896067, 11.40724444357636 ], [ 92.672352075887744, 11.415745973198156 ], [ 92.67329144474482, 11.427208661850372 ], [ 92.683739542546078, 11.427165865812015 ], [ 92.670294761594306, 11.485626101163732 ] ], [ [ 92.563007235096194, 11.393724203209615 ], [ 92.557062506829567, 11.396017074228709 ], [ 92.555897116758928, 11.390643835444848 ], [ 92.563007235096194, 11.393724203209615 ] ], [ [ 92.548388600553693, 11.393023252721036 ], [ 92.549374580372984, 11.397583961230907 ], [ 92.545518874696569, 11.395219922361704 ], [ 92.548388600553693, 11.393023252721036 ] ], [ [ 92.611428737746024, 11.504541754898284 ], [ 92.612690448805466, 11.510132313056033 ], [ 92.609897256153459, 11.504128575773152 ], [ 92.611428737746024, 11.504541754898284 ] ], [ [ 92.270299672692119, 11.51615393155862 ], [ 92.272562980297636, 11.518092274538787 ], [ 92.270249962665986, 11.516766429227459 ], [ 92.270299672692119, 11.51615393155862 ] ], [ [ 92.262102007801928, 11.51796162103193 ], [ 92.274705648347179, 11.534438371833446 ], [ 92.271017432408854, 11.583902954957509 ], [ 92.215570330606823, 11.594396233799259 ], [ 92.20737230778596, 11.585180639774748 ], [ 92.214914441548473, 11.573604226453824 ], [ 92.208115577671862, 11.547659516573432 ], [ 92.214507340941196, 11.529483675731157 ], [ 92.262102007801928, 11.51796162103193 ] ], [ [ 92.537315964960186, 11.605600476181053 ], [ 92.535151362445646, 11.563336610895874 ], [ 92.530488252631159, 11.554089069355257 ], [ 92.553473949263463, 11.561792254609017 ], [ 92.569353342482742, 11.589148163556885 ], [ 92.545558809991547, 11.591954470122857 ], [ 92.547936677736033, 11.599652647951302 ], [ 92.537315964960186, 11.605600476181053 ] ], [ [ 92.601234912461251, 11.585722207913534 ], [ 92.600764155142002, 11.56740224351887 ], [ 92.615170240314598, 11.562942742913194 ], [ 92.617212534131141, 11.582409262877263 ], [ 92.601234912461251, 11.585722207913534 ] ], [ [ 92.620363235175461, 11.557566642486492 ], [ 92.601769447002681, 11.553115844620592 ], [ 92.610755204888989, 11.531806349383587 ], [ 92.618205070907294, 11.536116004050413 ], [ 92.620363235175461, 11.557566642486492 ] ], [ [ 92.626684069814274, 11.543830752787059 ], [ 92.62946343448985, 11.542811155410661 ], [ 92.627891421352416, 11.549131750829801 ], [ 92.626684069814274, 11.543830752787059 ] ], [ [ 92.606431365215741, 11.534196018931254 ], [ 92.600729823522926, 11.530265450090539 ], [ 92.606436848382117, 11.522089243024126 ], [ 92.606431365215741, 11.534196018931254 ] ], [ [ 92.568946838126436, 11.527585148435875 ], [ 92.558415770671644, 11.541388631180425 ], [ 92.551932811650119, 11.537550806724411 ], [ 92.56669437904273, 11.516976952424557 ], [ 92.568946838126436, 11.527585148435875 ] ], [ [ 92.583245635078327, 11.5403120518598 ], [ 92.595470309407489, 11.532775520873585 ], [ 92.59234488021238, 11.577328204832824 ], [ 92.587928533575308, 11.570422530275479 ], [ 92.583245635078327, 11.5403120518598 ] ], [ [ 92.576768278833271, 11.570217370635362 ], [ 92.573386550049776, 11.566137552106397 ], [ 92.573869467102526, 11.56256020099265 ], [ 92.57545423532477, 11.564334272908511 ], [ 92.576768278833271, 11.570217370635362 ] ], [ [ 92.567028760468844, 11.568902850486268 ], [ 92.565413117621603, 11.570618748856063 ], [ 92.56558585130611, 11.567910671640263 ], [ 92.567028760468844, 11.568902850486268 ] ], [ [ 92.579544901476339, 11.583892345655372 ], [ 92.576571941541857, 11.584650874338521 ], [ 92.578149319136088, 11.581925749573657 ], [ 92.579544901476339, 11.583892345655372 ] ], [ [ 92.645051121812088, 11.515448212864825 ], [ 92.645303129835867, 11.513355851091816 ], [ 92.645532250113462, 11.51519727683295 ], [ 92.645051121812088, 11.515448212864825 ] ], [ [ 92.671684027096518, 11.489159464637723 ], [ 92.67326927195964, 11.487069844897462 ], [ 92.673246026283294, 11.487459421315336 ], [ 92.671684027096518, 11.489159464637723 ] ], [ [ 92.550570964678485, 11.723647117520613 ], [ 92.549453378071377, 11.72426807870896 ], [ 92.550710677955777, 11.721231937803779 ], [ 92.550570964678485, 11.723647117520613 ] ], [ [ 92.567991256291435, 11.943986535250474 ], [ 92.568238854040231, 11.949658751849995 ], [ 92.56492817439576, 11.950155019338794 ], [ 92.563067913253832, 11.947246670297645 ], [ 92.567991256291435, 11.943986535250474 ] ], [ [ 92.593126774181627, 11.976556062312554 ], [ 92.598836660683702, 11.927802324018145 ], [ 92.609230637284469, 11.942239523035752 ], [ 92.593126774181627, 11.976556062312554 ] ], [ [ 92.58129191369099, 11.979169130650789 ], [ 92.584890961848799, 11.977821231264727 ], [ 92.583539724179133, 11.982484817720319 ], [ 92.58129191369099, 11.979169130650789 ] ], [ [ 92.595549940777261, 11.914751053118664 ], [ 92.599798202325502, 11.908082962358932 ], [ 92.601607680550359, 11.918530463909747 ], [ 92.595549940777261, 11.914751053118664 ] ], [ [ 92.630188823155748, 12.113054752375035 ], [ 92.628719448743851, 12.115079879932509 ], [ 92.628215671016761, 12.112186908399337 ], [ 92.630188823155748, 12.113054752375035 ] ], [ [ 92.630615115295683, 12.11791324619945 ], [ 92.630552053035018, 12.119917750503859 ], [ 92.630195140893221, 12.117995977532345 ], [ 92.630615115295683, 12.11791324619945 ] ], [ [ 92.680236458345945, 12.218897104317932 ], [ 92.682682752806983, 12.214977144779539 ], [ 92.682291508146847, 12.224481343839031 ], [ 92.680236458345945, 12.218897104317932 ] ], [ [ 92.70997893777772, 12.231489300990503 ], [ 92.723675012691984, 12.291207910017178 ], [ 92.706071615512684, 12.298569679347224 ], [ 92.701867461214562, 12.263543725162819 ], [ 92.70997893777772, 12.231489300990503 ] ], [ [ 92.699466824434722, 12.248178243231379 ], [ 92.695899724692737, 12.246747970442641 ], [ 92.698238849643445, 12.244684100091135 ], [ 92.699466824434722, 12.248178243231379 ] ], [ [ 92.777098536468344, 12.29619491066677 ], [ 92.778154849566846, 12.279134631158385 ], [ 92.764787673812208, 12.263816833080341 ], [ 92.750405311856042, 12.273626446403497 ], [ 92.742378949828691, 12.244752049267547 ], [ 92.751662373420146, 12.23267126106991 ], [ 92.769906878400178, 12.236472844646116 ], [ 92.767380117998442, 12.184889912939283 ], [ 92.739293455928561, 12.09490585342256 ], [ 92.742184519999824, 12.077109575047075 ], [ 92.756419301409863, 12.074204444679424 ], [ 92.764405369312414, 12.063389659105596 ], [ 92.792736649677039, 12.080926776249839 ], [ 92.788452267758231, 12.102669239293959 ], [ 92.812499999875314, 12.106863856282018 ], [ 92.802300334393323, 12.130496978452911 ], [ 92.815081119798009, 12.132428645765501 ], [ 92.825975179710923, 12.153272509818407 ], [ 92.818565726527396, 12.158406734882874 ], [ 92.823076963331602, 12.165816068456763 ], [ 92.836392044957023, 12.167396068473806 ], [ 92.85062444226449, 12.157619953098262 ], [ 92.855218768331639, 12.18862724265334 ], [ 92.846768736588075, 12.189947009446882 ], [ 92.848752617639235, 12.19984471765973 ], [ 92.880671739709413, 12.195153951893516 ], [ 92.858866810654973, 12.245643853880821 ], [ 92.865102171927703, 12.251348853466808 ], [ 92.878275156173601, 12.251153826487879 ], [ 92.889403342890347, 12.26556503779635 ], [ 92.88302791130937, 12.263291716239664 ], [ 92.879618049033894, 12.277936935641137 ], [ 92.886808156671265, 12.286244154144526 ], [ 92.869457245056225, 12.290392160170128 ], [ 92.873532057059066, 12.300367951120222 ], [ 92.866386771632364, 12.305416345787691 ], [ 92.829780459500881, 12.300238609724147 ], [ 92.809546947334155, 12.312723755596764 ], [ 92.795369147867888, 12.303936243363069 ], [ 92.771583557335504, 12.31276285632093 ], [ 92.76744937928575, 12.297870516711086 ], [ 92.777098536468344, 12.29619491066677 ] ], [ [ 92.765147924237766, 12.297085047037342 ], [ 92.76510310202687, 12.298949480134581 ], [ 92.763713836524317, 12.297084450786826 ], [ 92.765147924237766, 12.297085047037342 ] ], [ [ 92.87715256214139, 12.296008348106795 ], [ 92.880706548868346, 12.295629143570224 ], [ 92.87968432906851, 12.298120021921704 ], [ 92.87715256214139, 12.296008348106795 ] ], [ [ 92.900138258773751, 12.262314677480433 ], [ 92.9008789062365, 12.258674740746812 ], [ 92.900789975876961, 12.262472152368048 ], [ 92.900138258773751, 12.262314677480433 ] ], [ [ 92.8872733112145, 12.251191139359605 ], [ 92.884498119392816, 12.239154100481343 ], [ 92.878286957977053, 12.247999548840184 ], [ 92.870487332124668, 12.243862628757412 ], [ 92.879173636454453, 12.208429216934974 ], [ 92.89178025735319, 12.233879804209707 ], [ 92.908792376367415, 12.231409907041495 ], [ 92.91334414471649, 12.222729444708023 ], [ 92.905800938962244, 12.251042961663359 ], [ 92.900818705619116, 12.256417274237705 ], [ 92.8872733112145, 12.251191139359605 ] ], [ [ 92.933793902467045, 12.225201845588671 ], [ 92.925098538366825, 12.211778044920834 ], [ 92.933033942962112, 12.195829749243501 ], [ 92.941692710050603, 12.217418313104801 ], [ 92.933793902467045, 12.225201845588671 ] ], [ [ 93.02170884588682, 12.224953055339299 ], [ 93.019318938018756, 12.222707748563764 ], [ 93.021778940845735, 12.223644256677218 ], [ 93.02170884588682, 12.224953055339299 ] ], [ [ 92.868735909634694, 12.248118758474163 ], [ 92.86161184281238, 12.245648145445614 ], [ 92.865399956343055, 12.235910415833175 ], [ 92.867487907840797, 12.236543655465368 ], [ 92.868735909634694, 12.248118758474163 ] ], [ [ 92.8819444180007, 12.248888850639943 ], [ 92.879444361168652, 12.24805545789313 ], [ 92.881111144863809, 12.245277643648365 ], [ 92.8819444180007, 12.248888850639943 ] ], [ [ 92.844554067016787, 12.149709939961951 ], [ 92.84628570082495, 12.148100971882386 ], [ 92.847158909256649, 12.150661110621783 ], [ 92.844554067016787, 12.149709939961951 ] ], [ [ 92.948474049737996, 12.115718364410952 ], [ 92.948791027484077, 12.098911762068326 ], [ 92.951575040755557, 12.084073305338777 ], [ 92.957630038495807, 12.09974885012933 ], [ 92.948474049737996, 12.115718364410952 ] ], [ [ 92.992613315352429, 12.112018108349048 ], [ 92.993013859002332, 12.110281467116181 ], [ 92.993799448286239, 12.110517859311685 ], [ 92.992613315352429, 12.112018108349048 ] ], [ [ 92.970899343729712, 12.065287351829895 ], [ 92.9697449208916, 12.063944220649475 ], [ 92.971088409103032, 12.064254045188122 ], [ 92.970899343729712, 12.065287351829895 ] ], [ [ 92.739460944766762, 12.107064246817572 ], [ 92.742566823600527, 12.114806771115525 ], [ 92.73882246028856, 12.106985807049284 ], [ 92.739460944766762, 12.107064246817572 ] ], [ [ 92.763634562185672, 12.178389549338291 ], [ 92.756299018884789, 12.180390358328509 ], [ 92.759364724103278, 12.177847504558827 ], [ 92.759065866796647, 12.166739344844984 ], [ 92.763634562185672, 12.178389549338291 ] ], [ [ 92.748338222831052, 12.180890917382087 ], [ 92.765946746145602, 12.185090065154441 ], [ 92.762276649747804, 12.229213118690438 ], [ 92.745058656132215, 12.226534128247451 ], [ 92.74001586424086, 12.235731363511761 ], [ 92.737990975003783, 12.228092432120135 ], [ 92.744263410828211, 12.223567247730443 ], [ 92.744292855530972, 12.209556937102988 ], [ 92.739005804174695, 12.223420858785744 ], [ 92.733080744980469, 12.21038913734877 ], [ 92.729919314125169, 12.242520332147649 ], [ 92.72244060055354, 12.233126521271899 ], [ 92.723097920433105, 12.189313768915483 ], [ 92.730890512687353, 12.192983150352234 ], [ 92.748338222831052, 12.180890917382087 ] ], [ [ 92.73255515060012, 12.182364940389661 ], [ 92.725296259215071, 12.185465574376735 ], [ 92.728555202660488, 12.18145215549275 ], [ 92.73255515060012, 12.182364940389661 ] ], [ [ 92.720292806368008, 12.180438637533314 ], [ 92.719432115600085, 12.181285858255876 ], [ 92.719180226286795, 12.179281353951467 ], [ 92.720292806368008, 12.180438637533314 ] ], [ [ 92.73477554345672, 12.248350143244622 ], [ 92.74845015964749, 12.288561939981477 ], [ 92.739660620341596, 12.281792640418189 ], [ 92.739945530961819, 12.272960901324538 ], [ 92.73477554345672, 12.248350143244622 ] ], [ [ 92.738465428536955, 12.272474408567163 ], [ 92.737546801643731, 12.275248050856973 ], [ 92.735310554638744, 12.269312262750688 ], [ 92.738465428536955, 12.272474408567163 ] ], [ [ 92.736623525255908, 12.281949043313716 ], [ 92.737642407671188, 12.292445540828965 ], [ 92.735207319662351, 12.287382841545082 ], [ 92.736623525255908, 12.281949043313716 ] ], [ [ 92.752777815144299, 12.294166565334805 ], [ 92.754999876243772, 12.293611049610362 ], [ 92.754999876243772, 12.294444441457813 ], [ 92.752777815144299, 12.294166565334805 ] ], [ [ 92.77029943427172, 12.290565729324996 ], [ 92.7665765287841, 12.289693355463939 ], [ 92.766987562126388, 12.289078235372358 ], [ 92.77029943427172, 12.290565729324996 ] ], [ [ 92.763356566452813, 12.294014572714445 ], [ 92.753218769830454, 12.277757644999426 ], [ 92.763678431114869, 12.266161442096788 ], [ 92.767909049763063, 12.2842711207158 ], [ 92.763356566452813, 12.294014572714445 ] ], [ [ 92.776831626678614, 12.01599025754426 ], [ 92.770938157969823, 12.017108560012218 ], [ 92.773776531661696, 12.012738824337404 ], [ 92.776831626678614, 12.01599025754426 ] ], [ [ 92.75019335783773, 11.9684280157404 ], [ 92.736085653330605, 11.953124999819011 ], [ 92.746240734922168, 11.944847822269423 ], [ 92.766972422939062, 11.955267309938449 ], [ 92.765642046843283, 11.964742540935674 ], [ 92.75019335783773, 11.9684280157404 ] ], [ [ 92.733630180388644, 11.956680059437346 ], [ 92.723524450893052, 11.95363473915198 ], [ 92.726073742009845, 11.941240906842381 ], [ 92.731508255202101, 11.943828821143185 ], [ 92.733630180388644, 11.956680059437346 ] ], [ [ 92.744593978229574, 11.965210915051614 ], [ 92.742078065450841, 11.966646552296694 ], [ 92.742365360173523, 11.9646352527148 ], [ 92.744593978229574, 11.965210915051614 ] ], [ [ 92.675200343021714, 12.542348861410844 ], [ 92.668738007253609, 12.531709074913849 ], [ 92.67828750606381, 12.522327661192605 ], [ 92.684630513487633, 12.539344429701828 ], [ 92.675200343021714, 12.542348861410844 ] ], [ [ 92.703171729991908, 12.638167738550237 ], [ 92.70071887947293, 12.639614462637425 ], [ 92.701471328739132, 12.637997627288883 ], [ 92.703171729991908, 12.638167738550237 ] ], [ [ 92.731180310223607, 12.70272433775817 ], [ 92.731185555069629, 12.704436302493477 ], [ 92.730872869787476, 12.702537059337757 ], [ 92.731180310223607, 12.70272433775817 ] ], [ [ 92.719730019625018, 12.721965313148743 ], [ 92.719038725157048, 12.750210046356585 ], [ 92.723168253711975, 12.74255835988042 ], [ 92.725466251766221, 12.748212337329662 ], [ 92.712168574720323, 12.777146458442402 ], [ 92.715152501886479, 12.827021956198394 ], [ 92.708115100931337, 12.829672932759593 ], [ 92.694432735282788, 12.796807050305119 ], [ 92.709731101709252, 12.772401213545209 ], [ 92.707992077272621, 12.719993948861813 ], [ 92.719730019625018, 12.721965313148743 ] ], [ [ 92.657307624946981, 12.772755742483682 ], [ 92.654148817414551, 12.771315217423464 ], [ 92.655279159106072, 12.769009232490063 ], [ 92.657307624946981, 12.772755742483682 ] ], [ [ 92.668036341803855, 12.782659649723144 ], [ 92.688889742267889, 12.817107438757319 ], [ 92.684438348151701, 12.829239845342727 ], [ 92.676156878137618, 12.823454141495517 ], [ 92.675270914621393, 12.835313320553311 ], [ 92.70117247143267, 12.841427445120573 ], [ 92.719486236800691, 12.874578118585461 ], [ 92.708658456922393, 12.883769869783862 ], [ 92.720708132174906, 12.883222818478188 ], [ 92.715509176607526, 12.922638654950148 ], [ 92.721770644300051, 12.944749474908392 ], [ 92.71444380283944, 12.942429542389505 ], [ 92.720657706288335, 12.975822806177689 ], [ 92.710816622089766, 12.988025069401544 ], [ 92.694664955523336, 12.992136001775165 ], [ 92.669630646437241, 12.962020635544093 ], [ 92.670229673161174, 12.952234625827302 ], [ 92.668626427467842, 12.950799941863849 ], [ 92.680086850727918, 12.948053478885114 ], [ 92.679723859168888, 12.941643953105924 ], [ 92.66834175606752, 12.918579936314927 ], [ 92.665067434215104, 12.881842851966198 ], [ 92.648377061152559, 12.861655831151765 ], [ 92.668036341803855, 12.782659649723144 ] ], [ [ 92.670570850764335, 12.948411464817298 ], [ 92.670554637786807, 12.949540734517356 ], [ 92.669916510338595, 12.949208736294054 ], [ 92.670570850764335, 12.948411464817298 ] ], [ [ 92.669660329460925, 12.952619910680298 ], [ 92.668153047725326, 12.953740358031197 ], [ 92.668671846828289, 12.952038049316499 ], [ 92.669660329460925, 12.952619910680298 ] ], [ [ 92.760799169746434, 12.929787159050193 ], [ 92.766389966224295, 12.928791761530576 ], [ 92.762727141744477, 12.935045957305178 ], [ 92.760799169746434, 12.929787159050193 ] ], [ [ 92.775301456297456, 12.930506944939566 ], [ 92.769428610841913, 12.92279636815789 ], [ 92.772949576261936, 12.918002962766522 ], [ 92.775301456297456, 12.930506944939566 ] ], [ [ 92.764884233120853, 12.917878031645785 ], [ 92.766676903016759, 12.924642563004042 ], [ 92.762202978185172, 12.921509027319686 ], [ 92.764884233120853, 12.917878031645785 ] ], [ [ 92.766695142167038, 12.917791843318909 ], [ 92.768007754854381, 12.91662955321128 ], [ 92.767648935250378, 12.91781544692553 ], [ 92.766695142167038, 12.917791843318909 ] ], [ [ 92.791306972239312, 12.916635870948639 ], [ 92.774311542843662, 12.90584397312108 ], [ 92.788661241423455, 12.904774427397896 ], [ 92.782795309955958, 12.896138906885184 ], [ 92.792704939581455, 12.891806721503016 ], [ 92.800419330387882, 12.897660374526652 ], [ 92.791306972239312, 12.916635870948639 ] ], [ [ 92.791677832865872, 12.890976906259297 ], [ 92.781656742165325, 12.891343354812136 ], [ 92.785548925243035, 12.882047772386827 ], [ 92.791677832865872, 12.890976906259297 ] ], [ [ 92.756234526702002, 12.892677902862872 ], [ 92.757553100994954, 12.90778315067206 ], [ 92.754058718635207, 12.913297056913606 ], [ 92.755227446989664, 12.898257970429015 ], [ 92.748471260440425, 12.892802000312074 ], [ 92.756234526702002, 12.892677902862872 ] ], [ [ 92.757123827602555, 12.878378272239615 ], [ 92.757614731534971, 12.876137375739347 ], [ 92.76037025428397, 12.87717282816368 ], [ 92.757123827602555, 12.878378272239615 ] ], [ [ 92.766020416809141, 12.872598052458144 ], [ 92.763377904666839, 12.855844855455928 ], [ 92.765993237498066, 12.855087041733498 ], [ 92.766020416809141, 12.872598052458144 ] ], [ [ 92.776062727013169, 12.865130543539976 ], [ 92.777742028371932, 12.866659641029671 ], [ 92.775936841712138, 12.866039752732533 ], [ 92.776062727013169, 12.865130543539976 ] ], [ [ 92.727019906143909, 12.865191578728442 ], [ 92.720470070837251, 12.864092349981931 ], [ 92.710375070253605, 12.83375251296826 ], [ 92.718972563832978, 12.835820555274552 ], [ 92.727019906143909, 12.865191578728442 ] ], [ [ 92.729220867349369, 12.85585153112315 ], [ 92.730738401356604, 12.855279445390053 ], [ 92.731502414105336, 12.856402754383609 ], [ 92.729220867349369, 12.85585153112315 ] ], [ [ 92.725852250681186, 12.836798071573924 ], [ 92.727806448709003, 12.835512280267608 ], [ 92.727192521118042, 12.8383039233874 ], [ 92.725852250681186, 12.836798071573924 ] ], [ [ 92.716616153912724, 12.804245710771113 ], [ 92.717400670305011, 12.802975058652123 ], [ 92.717118859647627, 12.803987145790302 ], [ 92.716616153912724, 12.804245710771113 ] ], [ [ 92.715561747376938, 12.799343705048088 ], [ 92.716897129998671, 12.798750400710603 ], [ 92.716272950136926, 12.800849676471387 ], [ 92.715561747376938, 12.799343705048088 ] ], [ [ 92.715335965382877, 12.796155571522377 ], [ 92.715903878261457, 12.795057653987712 ], [ 92.716187954310641, 12.797293662672402 ], [ 92.715335965382877, 12.796155571522377 ] ], [ [ 92.71753275373365, 12.788002848452834 ], [ 92.718161821411314, 12.771142601549784 ], [ 92.724564433202573, 12.761633277253964 ], [ 92.71753275373365, 12.788002848452834 ] ], [ [ 92.717594027242768, 12.776088118272057 ], [ 92.715798735823142, 12.775439262811844 ], [ 92.717193603202446, 12.77502393700513 ], [ 92.717594027242768, 12.776088118272057 ] ], [ [ 92.725419402483709, 12.753678560617104 ], [ 92.72680485216253, 12.752934574870935 ], [ 92.725734233548195, 12.753823160810256 ], [ 92.725419402483709, 12.753678560617104 ] ], [ [ 92.726731419819743, 12.73596632478619 ], [ 92.725611448209946, 12.733229637437987 ], [ 92.727837442944093, 12.726951360516964 ], [ 92.726731419819743, 12.73596632478619 ] ], [ [ 92.893535971408227, 12.897449016758742 ], [ 92.892045736321876, 12.899825453681729 ], [ 92.891562938879048, 12.897572874988199 ], [ 92.893535971408227, 12.897449016758742 ] ], [ [ 92.864733218763064, 12.913238048797083 ], [ 92.863392949225641, 12.914754271592571 ], [ 92.863342404628185, 12.913470149428065 ], [ 92.864733218763064, 12.913238048797083 ] ], [ [ 92.892860055347597, 12.936662912263557 ], [ 92.890211820819303, 12.937165736709275 ], [ 92.88960635674826, 12.935066461847782 ], [ 92.892860055347597, 12.936662912263557 ] ], [ [ 92.902714967521973, 12.938704251899807 ], [ 92.901114105931498, 12.941629410169114 ], [ 92.899688839668357, 12.940978646347432 ], [ 92.902714967521973, 12.938704251899807 ] ], [ [ 92.912526011666358, 13.00278854335663 ], [ 92.910786033048936, 13.004688978113833 ], [ 92.912225365608293, 13.002568006208705 ], [ 92.912526011666358, 13.00278854335663 ] ], [ [ 92.945327162718939, 13.025209427073364 ], [ 92.949283242627729, 13.021236658444977 ], [ 92.949337840469383, 13.024649739394135 ], [ 92.945327162718939, 13.025209427073364 ] ], [ [ 92.918783307403856, 13.043586611732721 ], [ 92.914798259432501, 13.042134999830395 ], [ 92.918976426021487, 13.040340542981767 ], [ 92.918783307403856, 13.043586611732721 ] ], [ [ 92.932870269047868, 13.049512863428049 ], [ 92.932884335344085, 13.052734255681443 ], [ 92.931852340813094, 13.052214741617135 ], [ 92.932870269047868, 13.049512863428049 ] ], [ [ 92.916828036484816, 13.06256520721864 ], [ 92.913252473223253, 13.061534047258462 ], [ 92.917178511279332, 13.057959318567711 ], [ 92.916828036484816, 13.06256520721864 ] ], [ [ 92.701439142003011, 13.070784211222417 ], [ 92.720895051765211, 13.09735155143305 ], [ 92.695902228405345, 13.094762206310733 ], [ 92.701439142003011, 13.070784211222417 ] ], [ [ 92.728367328889334, 13.093399643478833 ], [ 92.731688260804873, 13.093414425635217 ], [ 92.730755448005965, 13.095863580839818 ], [ 92.728367328889334, 13.093399643478833 ] ], [ [ 92.796347260417775, 13.170449852978422 ], [ 92.793788432889784, 13.168248057202149 ], [ 92.797508000993702, 13.167819857600236 ], [ 92.796347260417775, 13.170449852978422 ] ], [ [ 92.814444423171921, 13.403055548574784 ], [ 92.818888902400914, 13.416388749741131 ], [ 92.811666608027878, 13.419166564885074 ], [ 92.814444423171921, 13.403055548574784 ] ], [ [ 92.821944356247201, 13.420833349479594 ], [ 92.846388935800888, 13.430833339387206 ], [ 92.843333244533852, 13.44416654145283 ], [ 92.821388840522587, 13.436388850065541 ], [ 92.821944356247201, 13.420833349479594 ] ], [ [ 92.865833163370013, 13.41361105420701 ], [ 92.865831852158436, 13.41139555006464 ], [ 92.867514372190527, 13.411601662986399 ], [ 92.865833163370013, 13.41361105420701 ] ], [ [ 92.871111154956026, 13.50194442249709 ], [ 92.874166607902936, 13.513055443853759 ], [ 92.86666655521779, 13.509166717769858 ], [ 92.871111154956026, 13.50194442249709 ] ], [ [ 92.915187716240467, 13.513601780198016 ], [ 92.916155457808401, 13.506863474869462 ], [ 92.920122861981071, 13.515036940802418 ], [ 92.915187716240467, 13.513601780198016 ] ], [ [ 92.911666632109615, 13.532500028453725 ], [ 92.906944274958704, 13.536944270261813 ], [ 92.90611112143111, 13.530277729033955 ], [ 92.911666632109615, 13.532500028453725 ] ], [ [ 92.87405574307823, 13.536696672513457 ], [ 92.878629803822633, 13.537755727644694 ], [ 92.87489175824814, 13.54061365169882 ], [ 92.87405574307823, 13.536696672513457 ] ], [ [ 93.005203724173015, 13.55860257115188 ], [ 93.007860540931603, 13.555363416388715 ], [ 93.006465553942547, 13.559977531138188 ], [ 93.005203724173015, 13.55860257115188 ] ], [ [ 92.723441242919392, 11.332779526853685 ], [ 92.714722156502518, 11.308055519846562 ], [ 92.724002480130679, 11.317806243763116 ], [ 92.723441242919392, 11.332779526853685 ] ], [ [ 92.710569262661892, 11.308004856539057 ], [ 92.700289964910411, 11.311383843289818 ], [ 92.697800874411001, 11.30927443486739 ], [ 92.709506272996265, 11.301145553724425 ], [ 92.710569262661892, 11.308004856539057 ] ], [ [ 92.692767501119334, 11.281413674401776 ], [ 92.687680601978485, 11.241933226137462 ], [ 92.70580136743925, 11.263130545338356 ], [ 92.705374955689791, 11.289258242074368 ], [ 92.692767501119334, 11.281413674401776 ] ], [ [ 92.675555467311398, 11.17805552514254 ], [ 92.681110977989221, 11.181110978089279 ], [ 92.674722075463677, 11.189444422622202 ], [ 92.673055529189668, 11.185555458218005 ], [ 92.675555467311398, 11.17805552514254 ] ], [ [ 92.731323957135061, 11.149898410183539 ], [ 92.730161547417794, 11.141695857477941 ], [ 92.734857558929349, 11.145782232064562 ], [ 92.731323957135061, 11.149898410183539 ] ], [ [ 92.7227777240129, 11.141388774072752 ], [ 92.725760579187664, 11.144159555618998 ], [ 92.723333358447775, 11.14388883090497 ], [ 92.7227777240129, 11.141388774072752 ] ], [ [ 92.662013054159303, 10.992745518590979 ], [ 92.663486004276109, 10.98149597645822 ], [ 92.6695296768535, 10.990148424909805 ], [ 92.662013054159303, 10.992745518590979 ] ], [ [ 92.224767923800897, 10.982558846513484 ], [ 92.215261221029067, 10.978757977898439 ], [ 92.217582345149168, 10.973217129766837 ], [ 92.228338479637245, 10.976177811257116 ], [ 92.224767923800897, 10.982558846513484 ] ], [ [ 92.608821749723944, 10.938608050021571 ], [ 92.61402654638826, 10.927206277847517 ], [ 92.620856642820144, 10.929559350383727 ], [ 92.608821749723944, 10.938608050021571 ] ], [ [ 92.509753465550176, 10.894852042188106 ], [ 92.506803155041922, 10.888974428527092 ], [ 92.512897133895962, 10.877070545969104 ], [ 92.510539651084372, 10.869068265088501 ], [ 92.502609729655347, 10.872398734314231 ], [ 92.509445548473451, 10.869651556374265 ], [ 92.511353850500171, 10.877809167259372 ], [ 92.500872611781716, 10.890831351385771 ], [ 92.456994653181056, 10.861186742474388 ], [ 92.456762432939996, 10.838818669646116 ], [ 92.426884174764865, 10.823210954422152 ], [ 92.418382525533417, 10.795319914682338 ], [ 92.397466540348688, 10.780714273545001 ], [ 92.398132801288085, 10.761058211567203 ], [ 92.384892224896447, 10.790438055571769 ], [ 92.376082539877444, 10.773198843351892 ], [ 92.380430817728126, 10.666962623426514 ], [ 92.401674747891576, 10.658427357536709 ], [ 92.420570612044145, 10.614271760233734 ], [ 92.381783246999333, 10.537452340153365 ], [ 92.394966244297251, 10.530970930664068 ], [ 92.427010775027412, 10.549136162204192 ], [ 92.45182466477641, 10.544582963033349 ], [ 92.499353408633368, 10.510969162097226 ], [ 92.53122007864377, 10.518153667857504 ], [ 92.545900106305425, 10.55154025597794 ], [ 92.568263650147713, 10.576317310395538 ], [ 92.56373560411501, 10.58702397317785 ], [ 92.544389128355903, 10.593331456481508 ], [ 92.540961265250104, 10.61700415601689 ], [ 92.561407566006579, 10.646297216343442 ], [ 92.582925558267931, 10.657269716024814 ], [ 92.575924754324006, 10.670063137803581 ], [ 92.596633553695568, 10.678126931412862 ], [ 92.598361611798879, 10.698659062565739 ], [ 92.582792758978854, 10.742335557739906 ], [ 92.587862372251067, 10.78682601490884 ], [ 92.57181084159734, 10.802748918228005 ], [ 92.560515881003681, 10.801382422660637 ], [ 92.558311343193935, 10.863142729253696 ], [ 92.531783819567664, 10.884908676294515 ], [ 92.533273100473622, 10.873511076075246 ], [ 92.529786944212645, 10.867397427249486 ], [ 92.537081003585769, 10.865514040040978 ], [ 92.530063152092936, 10.865264176900311 ], [ 92.528380275030003, 10.868431925493084 ], [ 92.531911253501818, 10.874795556169985 ], [ 92.527644037842066, 10.890204667811304 ], [ 92.509753465550176, 10.894852042188106 ] ], [ [ 92.778888940971939, 9.244444370211511 ], [ 92.766666650745634, 9.215277671827025 ], [ 92.746944427443594, 9.211944341858086 ], [ 92.728055477278843, 9.21972215195585 ], [ 92.720833301616125, 9.213611125553072 ], [ 92.718333243884359, 9.152777671951966 ], [ 92.731666564660799, 9.124376058308542 ], [ 92.768915652835432, 9.127617120533898 ], [ 92.783611058903631, 9.117777824187328 ], [ 92.789444446604392, 9.116944432339892 ], [ 92.782333850726815, 9.120182156281643 ], [ 92.81138885061543, 9.123610973567736 ], [ 92.811887503106021, 9.131079077837228 ], [ 92.816831111466996, 9.1355093720599 ], [ 92.830547571313872, 9.138693571051576 ], [ 92.83173143885503, 9.166521072789337 ], [ 92.819164514930691, 9.213243842429335 ], [ 92.774722218256017, 9.256944417850704 ], [ 92.778888940971939, 9.244444370211511 ] ], [ [ 92.813611150034745, 9.126944423146597 ], [ 92.811666608027878, 9.124444365415101 ], [ 92.814722060974447, 9.126111150009535 ], [ 92.813611150034745, 9.126944423146597 ] ], [ [ 92.803802847923095, 9.120586156925512 ], [ 92.799893617296874, 9.118699311823931 ], [ 92.80386257190051, 9.119449019057114 ], [ 92.803802847923095, 9.120586156925512 ] ], [ [ 92.798611044663886, 9.118610977714397 ], [ 92.792222142138286, 9.117777824187328 ], [ 92.798611044663886, 9.118333339911871 ], [ 92.798611044663886, 9.118610977714397 ] ], [ [ 92.853790760035764, 8.819646358792497 ], [ 92.862562418121485, 8.823135852437645 ], [ 92.85923385635752, 8.837332606015082 ], [ 92.853228449933368, 8.831115961432587 ], [ 92.853790760035764, 8.819646358792497 ] ], [ [ 93.606881142051151, 8.581204056821761 ], [ 93.608030557464218, 8.578055620270732 ], [ 93.609169602795333, 8.581679344026554 ], [ 93.606881142051151, 8.581204056821761 ] ], [ [ 93.628125071315054, 8.48773241022262 ], [ 93.618426561136943, 8.479990243854786 ], [ 93.622805237871518, 8.461078643364814 ], [ 93.615555167037684, 8.456335544250109 ], [ 93.622809648147125, 8.421678543230428 ], [ 93.626767873838418, 8.466823458635687 ], [ 93.642516970581966, 8.467426300283748 ], [ 93.631777048172154, 8.505732059487116 ], [ 93.636030554566815, 8.522158861042655 ], [ 93.622189044888643, 8.531398773634507 ], [ 93.620384931119787, 8.56413733996618 ], [ 93.612732529682631, 8.575843811442823 ], [ 93.610224246751869, 8.544240236297867 ], [ 93.622244953941475, 8.525046944760604 ], [ 93.628125071315054, 8.48773241022262 ] ], [ [ 93.052018999877333, 8.438468217634181 ], [ 93.06055355080602, 8.442666411226057 ], [ 93.057325243665247, 8.457268238338642 ], [ 93.043442130450359, 8.473493337247689 ], [ 93.03458452235796, 8.450211047801631 ], [ 93.052018999877333, 8.438468217634181 ] ], [ [ 93.612512945816178, 8.48454832994166 ], [ 93.612087130316951, 8.486356377345018 ], [ 93.610746741169436, 8.48505520853125 ], [ 93.612512945816178, 8.48454832994166 ] ], [ [ 93.633832216683601, 8.395123362753111 ], [ 93.635617733372072, 8.39629185188754 ], [ 93.633366107959802, 8.398245453664956 ], [ 93.633832216683601, 8.395123362753111 ] ], [ [ 93.645447730728534, 8.39484190912701 ], [ 93.647753119410964, 8.389727950284666 ], [ 93.656989932039693, 8.39040482052603 ], [ 93.651739835625079, 8.394619942056863 ], [ 93.645447730728534, 8.39484190912701 ] ], [ [ 93.125527143163168, 8.355281114531863 ], [ 93.0951514240991, 8.340003609678931 ], [ 93.084342956262816, 8.303818464450657 ], [ 93.085333705186514, 8.273574710104683 ], [ 93.123145341784465, 8.220958948396856 ], [ 93.161017536930018, 8.200992346019973 ], [ 93.199478864458257, 8.193899154722175 ], [ 93.204618453978441, 8.215541243533551 ], [ 93.154860853745419, 8.242514848881257 ], [ 93.126477956792513, 8.276069045450072 ], [ 93.142933368480357, 8.341144204541408 ], [ 93.125527143163168, 8.355281114531863 ] ], [ [ 93.228059768743748, 8.261718749720671 ], [ 93.221323370877002, 8.24187397940085 ], [ 93.238773465123501, 8.220865011511123 ], [ 93.248844027530055, 8.223773122231975 ], [ 93.251710772134771, 8.233388066506166 ], [ 93.238773107193452, 8.261718749720671 ], [ 93.228059768743748, 8.261718749720671 ] ], [ [ 93.51562499959428, 8.229631543460911 ], [ 93.492984532910015, 8.221246242220261 ], [ 93.490533351533117, 8.19880020626465 ], [ 93.454027056603792, 8.173416018634555 ], [ 93.455604434197397, 8.145808935333989 ], [ 93.464625954524337, 8.139346957496286 ], [ 93.459833145383669, 8.121511578396721 ], [ 93.468197107510747, 8.118192910974074 ], [ 93.46369850618143, 8.114492535302233 ], [ 93.47759735573365, 8.091124057529299 ], [ 93.481329321890854, 8.096601963010173 ], [ 93.489435672318479, 8.091552376740694 ], [ 93.4803842306479, 8.085937500015618 ], [ 93.485159158568337, 8.051466703625692 ], [ 93.49301421683279, 8.051435351460384 ], [ 93.492051959330666, 8.062119364816894 ], [ 93.512489319027083, 8.07358384132111 ], [ 93.514530420342595, 8.083936452705359 ], [ 93.529804706522185, 8.078490615249891 ], [ 93.518019437347249, 8.04687499998127 ], [ 93.512031555112486, 8.068466544195687 ], [ 93.503280758600368, 8.055361152095713 ], [ 93.505590677168158, 8.040394902602586 ], [ 93.503700375971704, 8.047438979225646 ], [ 93.499587178205758, 8.039379954721284 ], [ 93.485381006928179, 8.044502377083219 ], [ 93.485531807047522, 8.016771078522353 ], [ 93.492344260579301, 7.999620556543675 ], [ 93.500692248049262, 7.997356414367175 ], [ 93.512013912212609, 8.016558050713442 ], [ 93.508348465309751, 8.03373265293952 ], [ 93.525029540281395, 8.031932234485112 ], [ 93.530611037769489, 8.048525333277425 ], [ 93.54998171338562, 8.035584449662593 ], [ 93.545140742851146, 8.048697233290852 ], [ 93.553040146685561, 8.066372036640303 ], [ 93.548347235137072, 8.087918520323498 ], [ 93.531694650687911, 8.09946990011575 ], [ 93.503292560403366, 8.148082137280937 ], [ 93.510980248539937, 8.168230772332365 ], [ 93.533824444043006, 8.183547019979059 ], [ 93.524245500529588, 8.171970247828639 ], [ 93.533314108459393, 8.178111315185134 ], [ 93.545161366104452, 8.19789814938018 ], [ 93.543586850153275, 8.225173473677089 ], [ 93.51562499959428, 8.229631543460911 ] ], [ [ 93.561709761396429, 8.119526505743622 ], [ 93.575096845443312, 8.109412551048365 ], [ 93.569975972613378, 8.091408371898865 ], [ 93.581092477136423, 8.080449461873286 ], [ 93.571713209197384, 8.066274046510159 ], [ 93.593951940629751, 8.037828445226808 ], [ 93.601199149821269, 8.049339175662382 ], [ 93.5907627342132, 8.069169521755938 ], [ 93.588696241438612, 8.109286427426866 ], [ 93.57830035647649, 8.125308513377192 ], [ 93.561709761396429, 8.119526505743622 ] ], [ [ 93.545296430785669, 8.028104901520067 ], [ 93.551070928180962, 7.996291637748911 ], [ 93.532950401040495, 8.025141000456912 ], [ 93.530781626571041, 8.005991459138656 ], [ 93.518373012105172, 7.993160128237307 ], [ 93.50717806781384, 7.996416449259726 ], [ 93.507363557482421, 7.984486937822112 ], [ 93.577443361022603, 7.92828857925457 ], [ 93.58269941814396, 7.991437077558984 ], [ 93.564611077739329, 8.023622631879107 ], [ 93.545296430785669, 8.028104901520067 ] ], [ [ 93.465549945873391, 7.92802202739469 ], [ 93.430128812494814, 7.967633843227304 ], [ 93.420825719831527, 7.959295153848402 ], [ 93.412270545649307, 7.9619147773451 ], [ 93.402173757213319, 7.976628660884145 ], [ 93.409745812319528, 8.006595254067918 ], [ 93.379451155446674, 8.024785518237067 ], [ 93.354800820001998, 8.007885455649301 ], [ 93.347319364397464, 8.016546964770711 ], [ 93.336731553318913, 8.012150406816033 ], [ 93.322122335577234, 7.991127848371491 ], [ 93.324082851342865, 7.976789951594967 ], [ 93.310590505247916, 7.961621404104548 ], [ 93.322546363224006, 7.926554441734226 ], [ 93.33126974120583, 7.923431753672503 ], [ 93.333941578441369, 7.93556463689842 ], [ 93.342947364229786, 7.931715249858996 ], [ 93.349783658788937, 7.945081353621532 ], [ 93.357720255885084, 7.941829800804769 ], [ 93.344931960242121, 7.930681467475651 ], [ 93.351603150065586, 7.93105304216418 ], [ 93.342612147333142, 7.917890548510044 ], [ 93.344487667272318, 7.901706218567256 ], [ 93.37709343431473, 7.881655454935341 ], [ 93.39754664905891, 7.902035236437001 ], [ 93.422621012150358, 7.907176613809654 ], [ 93.441205859263249, 7.898935079990167 ], [ 93.461640238606293, 7.872180342648832 ], [ 93.474838614310812, 7.89259314545744 ], [ 93.465549945873391, 7.92802202739469 ] ], [ [ 93.342604160453874, 7.904687762530443 ], [ 93.340707778941095, 7.905041575608308 ], [ 93.342417121253135, 7.904373765137208 ], [ 93.342604160453874, 7.904687762530443 ] ], [ [ 93.339877844087454, 7.908650160176791 ], [ 93.338788866713145, 7.910156250310649 ], [ 93.339377642064534, 7.908650160176791 ], [ 93.339877844087454, 7.908650160176791 ] ], [ [ 93.540131568517069, 7.513812065374609 ], [ 93.549981832096279, 7.51629066438278 ], [ 93.543328046852167, 7.525111555853627 ], [ 93.540580630591791, 7.523921728504988 ], [ 93.540131568517069, 7.513812065374609 ] ], [ [ 93.632203101991735, 7.47991073139525 ], [ 93.633008003316974, 7.475594401060761 ], [ 93.634294152553167, 7.476237058393451 ], [ 93.632203101991735, 7.47991073139525 ] ], [ [ 93.652593732015504, 7.473632812404546 ], [ 93.644261240763768, 7.470757126740111 ], [ 93.652564167702195, 7.470785140621899 ], [ 93.652593732015504, 7.473632812404546 ] ], [ [ 93.710998058314004, 7.445048570735011 ], [ 93.704824447190532, 7.443396806617443 ], [ 93.709296107529354, 7.423692702855931 ], [ 93.70310556846735, 7.402088761487093 ], [ 93.714330553712131, 7.393158554723513 ], [ 93.684146165413523, 7.38738095736538 ], [ 93.674462318681122, 7.373340248753607 ], [ 93.663738608350371, 7.381058454484148 ], [ 93.649879336162684, 7.368764638477245 ], [ 93.632373929113697, 7.370396256881719 ], [ 93.635969757698291, 7.321288942930479 ], [ 93.621150970041327, 7.308374643275215 ], [ 93.634225249196021, 7.286136508093364 ], [ 93.629381179597686, 7.264766573918337 ], [ 93.648235201893186, 7.242610454209199 ], [ 93.668876528729101, 7.257675051762348 ], [ 93.679430246508815, 7.284847616824095 ], [ 93.724845170768191, 7.30987954180749 ], [ 93.755530357340405, 7.35992562746587 ], [ 93.756374954740778, 7.374302506255816 ], [ 93.721330642694994, 7.40213155752545 ], [ 93.719870447662998, 7.430326819027457 ], [ 93.710998058314004, 7.445048570735011 ] ], [ [ 93.762564301301637, 7.398592710885112 ], [ 93.772270560038493, 7.398397445585886 ], [ 93.767191767386436, 7.404102563882333 ], [ 93.762564301301637, 7.398592710885112 ] ], [ [ 93.844217658318627, 7.288158178656943 ], [ 93.846213936524208, 7.286191820895965 ], [ 93.848397731470328, 7.290058374194572 ], [ 93.844217658318627, 7.288158178656943 ] ], [ [ 93.847357511739887, 7.243617176891405 ], [ 93.806664347481984, 7.232898950626293 ], [ 93.81164860699775, 7.214063048770797 ], [ 93.802776217648585, 7.21117794540605 ], [ 93.802825927674832, 7.201567531016963 ], [ 93.793093442908372, 7.212642907744154 ], [ 93.770156145090283, 7.207031249692406 ], [ 93.760837555309223, 7.21451330154764 ], [ 93.733451962438295, 7.18726921070548 ], [ 93.686076641124288, 7.189909100424572 ], [ 93.672989606884954, 7.175569176576204 ], [ 93.676695943263127, 7.141622424135505 ], [ 93.655648470001069, 7.125228404667141 ], [ 93.658262968261539, 7.11190640905356 ], [ 93.667498350068769, 7.117435335772228 ], [ 93.674610972119041, 7.112242340911266 ], [ 93.657346248830692, 7.099315166561894 ], [ 93.66052496465548, 7.08603572866609 ], [ 93.669850349714096, 7.082769632012955 ], [ 93.662088155444195, 7.069334149151857 ], [ 93.667976140986269, 7.067105650705457 ], [ 93.664734720830751, 7.044021367692068 ], [ 93.674166917469364, 7.023608804103134 ], [ 93.662995934714871, 7.006560206788194 ], [ 93.67332684995452, 7.003329634255238 ], [ 93.681180239077008, 7.017545938194615 ], [ 93.69460225099337, 7.014654517092254 ], [ 93.706237554619662, 6.999879836685224 ], [ 93.704772710992103, 6.990414023388482 ], [ 93.722719073626564, 6.991856932551386 ], [ 93.735157966467369, 6.959897518156012 ], [ 93.745293378986418, 6.961660147098186 ], [ 93.752082467232327, 6.937226533877407 ], [ 93.741880655068343, 6.924802660614361 ], [ 93.752333521974634, 6.907430529495386 ], [ 93.765707254686305, 6.915038943292515 ], [ 93.768041253501138, 6.895246505422094 ], [ 93.780639529590786, 6.890260338443852 ], [ 93.771691441607146, 6.876524925384999 ], [ 93.779299617083694, 6.857234954929183 ], [ 93.794219732255129, 6.85057485104862 ], [ 93.786650538791577, 6.830695151959674 ], [ 93.803532958479224, 6.812254548009079 ], [ 93.815273642864355, 6.816242813754911 ], [ 93.807693957909834, 6.798131346384707 ], [ 93.812803745696243, 6.778896451310203 ], [ 93.804728865244925, 6.765241742512501 ], [ 93.826295972181725, 6.754214644090482 ], [ 93.834803223290265, 6.755342245548192 ], [ 93.847253442192908, 6.779120207131996 ], [ 93.850947379618134, 6.815947651762642 ], [ 93.868226051391417, 6.814994811961185 ], [ 93.881908535750341, 6.793022632388599 ], [ 93.90200102342871, 6.81271445770625 ], [ 93.910176277213765, 6.835768103515306 ], [ 93.893791913765909, 6.846559048061664 ], [ 93.893071412915646, 6.865349053915679 ], [ 93.901678562515627, 6.872814417051799 ], [ 93.897332310837697, 6.902134418368675 ], [ 93.916450500890079, 6.912523031412888 ], [ 93.909134149122025, 6.927288532439803 ], [ 93.917429447111516, 6.932936549182557 ], [ 93.918435573543007, 6.947132468188812 ], [ 93.927520752380957, 6.954924344582878 ], [ 93.945623278691556, 6.954844951533502 ], [ 93.91386795014617, 6.99983155748059 ], [ 93.926496743829858, 7.01107835758026 ], [ 93.942663550482536, 6.992898941033374 ], [ 93.94787180414076, 6.997938752571429 ], [ 93.928581357044351, 7.026898265142961 ], [ 93.916116953135059, 7.02516281641077 ], [ 93.916681051089739, 7.047612905611047 ], [ 93.901567459370966, 7.077545761627718 ], [ 93.888077735699113, 7.085931539508962 ], [ 93.882475257027892, 7.203566909185497 ], [ 93.868846774259367, 7.217094540181051 ], [ 93.846144318205774, 7.218031644544666 ], [ 93.847357511739887, 7.243617176891405 ] ], [ [ 93.790382743269191, 6.850528359696156 ], [ 93.787184119151817, 6.852221846960717 ], [ 93.784449219656068, 6.848781347481179 ], [ 93.790382743269191, 6.850528359696156 ] ], [ [ 93.721536636007187, 7.213096380093873 ], [ 93.713624954628159, 7.221958756391402 ], [ 93.708984970879925, 7.23084354379472 ], [ 93.712424517077835, 7.208031416316771 ], [ 93.721536636007187, 7.213096380093873 ] ], [ [ 93.692112445533013, 7.408367753369362 ], [ 93.683084249538723, 7.405961752133152 ], [ 93.687255859170961, 7.397353529641805 ], [ 93.694998025538752, 7.399306654778272 ], [ 93.692112445533013, 7.408367753369362 ] ] ] } },
{ "type": "Feature", "properties": { "GEONAME": "Indian Exclusive Economic Zone", "SOVEREIGN1": "India", "TERRITORY1": "India", "AREA_KM2": 1659500 }, "geometry": { "type": "MultiPolygon", "coordinates": [ [ [ [ 68.399531956035418, 23.970345053181831 ], [ 68.386934042372303, 23.965189934168194 ], [ 68.38326847585958, 23.968311905470131 ], [ 68.376336217342583, 23.98394477383232 ], [ 68.366538166603135, 23.98096394572957 ], [ 68.346621036831522, 23.960849165656526 ], [ 68.346156955179396, 23.932564020513212 ], [ 68.335452437280225, 23.918028950975383 ], [ 68.28941512101116, 23.921566366794394 ], [ 68.277434945366593, 23.914596557984822 ], [ 68.278614759663498, 23.902763843276773 ], [ 68.258655547915367, 23.875545859753686 ], [ 68.278904557199695, 23.870007157404473 ], [ 68.292976736687166, 23.874923944384619 ], [ 68.303417443860013, 23.866982340762519 ], [ 68.310606121575262, 23.879434824157869 ], [ 68.317748546258571, 23.879519343343134 ], [ 68.305117726402074, 23.865513443890364 ], [ 68.293220042870786, 23.872775554848033 ], [ 68.280351877537242, 23.86777377114268 ], [ 68.259344816210415, 23.871480822481999 ], [ 68.24898064134365, 23.853625059349042 ], [ 68.263635515866525, 23.837961316361742 ], [ 68.276783108653632, 23.835693478871065 ], [ 68.282600760017118, 23.841480612640225 ], [ 68.287354469333337, 23.839402556382936 ], [ 68.277487754456303, 23.83435046640102 ], [ 68.261071205171987, 23.837205052171527 ], [ 68.260899066838618, 23.824814676855908 ], [ 68.257205366834256, 23.843984127365616 ], [ 68.245769023821396, 23.853444934136519 ], [ 68.234291672622732, 23.836070537625318 ], [ 68.213386774280281, 23.834779858503794 ], [ 68.20960664762876, 23.811286211289627 ], [ 68.21809315677379, 23.78157520273345 ], [ 68.224058627903474, 23.773453712219037 ], [ 68.232060551753165, 23.782035112430549 ], [ 68.234648942694633, 23.775447845541692 ], [ 68.224790573526235, 23.771585822128003 ], [ 68.225626349476585, 23.761705755915983 ], [ 68.21922266479416, 23.75447881204758 ], [ 68.21392023593026, 23.755403041717102 ], [ 68.212274551229569, 23.763386606806563 ], [ 68.1933056117646, 23.735100269162189 ], [ 68.207959055466148, 23.706973433477231 ], [ 68.229385614554559, 23.702054500714695 ], [ 68.226047158449745, 23.692372322224969 ], [ 68.238941549812836, 23.680786251983989 ], [ 68.260550737826321, 23.682965278724708 ], [ 68.26727080310522, 23.695276975951771 ], [ 68.254274606687858, 23.719157219230311 ], [ 68.266082525288454, 23.746233343693888 ], [ 68.262277722139203, 23.756277918391305 ], [ 68.266345500544418, 23.792852878357678 ], [ 68.270361661461578, 23.785376548888735 ], [ 68.274434566901874, 23.796930670713976 ], [ 68.295618057227585, 23.804151177235127 ], [ 68.289108037605985, 23.816702247011136 ], [ 68.303951501760508, 23.824348807351612 ], [ 68.31422317056294, 23.824093341434661 ], [ 68.321241736117287, 23.807108044700584 ], [ 68.33789002900167, 23.819301247254884 ], [ 68.336404204190814, 23.838589429858331 ], [ 68.348794459896538, 23.865302324442752 ], [ 68.342525243645156, 23.890007257728882 ], [ 68.346895337250174, 23.903955102346202 ], [ 68.376562475977522, 23.920014261948694 ], [ 68.386827945753254, 23.914125799765941 ], [ 68.410744905652933, 23.925262450901442 ], [ 68.434372199608134, 23.968310141832177 ], [ 68.449039339693883, 23.959924935987033 ], [ 68.436921954484689, 23.957170844059277 ], [ 68.428600550075345, 23.93644571299933 ], [ 68.448719978744037, 23.939800858722691 ], [ 68.462990045953944, 23.93179845823235 ], [ 68.45143520826835, 23.919724941053261 ], [ 68.458151817452489, 23.913659810651808 ], [ 68.453138470264236, 23.880052328352406 ], [ 68.439961552383778, 23.866379737435011 ], [ 68.428683758049061, 23.861073374936353 ], [ 68.443774104091716, 23.848297238127145 ], [ 68.471908807945198, 23.861302256893651 ], [ 68.479591250336085, 23.888772964300983 ], [ 68.467614412075619, 23.89436256917736 ], [ 68.480551600376174, 23.890496611229622 ], [ 68.518453001904646, 23.924060463819387 ], [ 68.518728256503863, 23.935440421138622 ], [ 68.505757212325562, 23.94064164119888 ], [ 68.51896035713483, 23.940240263877087 ], [ 68.497998357238515, 23.951829314471382 ], [ 68.49909378377285, 23.969187166048698 ], [ 68.509017280965935, 23.969423770570728 ], [ 68.503915071623425, 23.958323955686069 ], [ 68.522159456993364, 23.945368766555362 ], [ 68.544155240172557, 23.970036744900057 ], [ 68.556802596602864, 23.970159138919513 ], [ 68.544038652961575, 23.959908127657997 ], [ 68.541316747769855, 23.939298867948423 ], [ 68.558768868188878, 23.932106852849046 ], [ 68.559811711241565, 23.929913758912903 ], [ 68.559078931947198, 23.923830151940052 ], [ 68.579461813411996, 23.924077630078642 ], [ 68.587747454481502, 23.922196269042615 ], [ 68.59054613119909, 23.968473672821801 ], [ 68.603523514466445, 23.970698208030029 ], [ 68.59627175313895, 23.941277622864078 ], [ 68.614537000981869, 23.922498702952907 ], [ 68.622415304023178, 23.92702102659922 ], [ 68.618181705921103, 23.907957553998017 ], [ 68.638046979884365, 23.903209924998123 ], [ 68.661993742417366, 23.92261600512461 ], [ 68.638450742208107, 23.895005464830433 ], [ 68.613429307816403, 23.902991056092446 ], [ 68.573092818279093, 23.880812168247047 ], [ 68.546950340286145, 23.836042046203573 ], [ 68.515546440715667, 23.824737906229444 ], [ 68.522638202091429, 23.817401647967756 ], [ 68.526205300934038, 23.80206930605371 ], [ 68.537321448426184, 23.814873218424339 ], [ 68.515719413620189, 23.784998655563584 ], [ 68.525042414575893, 23.775857329352391 ], [ 68.529275179006476, 23.755260706016799 ], [ 68.575640558964693, 23.822257280149415 ], [ 68.603805780412557, 23.849698067112229 ], [ 68.605149269523253, 23.83819985433982 ], [ 68.63739585903167, 23.835966944718791 ], [ 68.66595244385033, 23.851926445948777 ], [ 68.660246252662517, 23.858099102891345 ], [ 68.716114401758347, 23.857151269615485 ], [ 68.73647916278324, 23.862502813154379 ], [ 68.754684448328675, 23.874902844490776 ], [ 68.761456846956065, 23.875090956582454 ], [ 68.729119062594776, 23.854447841894512 ], [ 68.725895762879276, 23.845958709426952 ], [ 68.737300157476312, 23.843360424144294 ], [ 68.722317218364964, 23.831909656905168 ], [ 68.743200301852568, 23.843714833472831 ], [ 68.742537140876408, 23.837144136592656 ], [ 68.666298866299741, 23.808110356208061 ], [ 68.632596254613503, 23.757787943059185 ], [ 68.603615045897783, 23.748508334392199 ], [ 68.595545529902296, 23.730468749832994 ], [ 68.559076666555057, 23.71937596762686 ], [ 68.546538949013296, 23.696841955491948 ], [ 68.524980902746591, 23.690623640868466 ], [ 68.520521402141156, 23.654691099914402 ], [ 68.529883623430493, 23.661644101294286 ], [ 68.538748860471657, 23.661751747445209 ], [ 68.522941350962668, 23.651293754403355 ], [ 68.519736647428402, 23.652715444961871 ], [ 68.517274140888986, 23.660312056955888 ], [ 68.500639676879729, 23.656726241422945 ], [ 68.489434957857185, 23.635320901838213 ], [ 68.494965076177351, 23.607823848791611 ], [ 68.486611246711817, 23.595953464181065 ], [ 68.487443446957599, 23.578239440497896 ], [ 68.497489929117052, 23.547332525175932 ], [ 68.484159469983609, 23.548354863686114 ], [ 68.498973608145576, 23.514900564709393 ], [ 68.491905927916406, 23.500738859510818 ], [ 68.500457167564349, 23.498539924477996 ], [ 68.50021374267024, 23.503769635959998 ], [ 68.50426554641794, 23.505338668744685 ], [ 68.499179601457541, 23.494021057825563 ], [ 68.515162348363702, 23.492344021859225 ], [ 68.513247728599907, 23.487553358500747 ], [ 68.518997907427575, 23.489006162004841 ], [ 68.51339805117928, 23.484767078937608 ], [ 68.502454638270962, 23.491493820783262 ], [ 68.500699400856803, 23.475801944304351 ], [ 68.512104630024822, 23.466760277365012 ], [ 68.502355813570006, 23.466035604559607 ], [ 68.522403955678129, 23.446323037278347 ], [ 68.524862647293418, 23.455169200598164 ], [ 68.512231230287085, 23.470390558077867 ], [ 68.519286871292223, 23.47089493295482 ], [ 68.540851831546917, 23.425431966911844 ], [ 68.53412520841178, 23.430861115648014 ], [ 68.535983323771489, 23.421178340907801 ], [ 68.560532450412353, 23.418696641936577 ], [ 68.564625143635595, 23.400493145142633 ], [ 68.558815479151093, 23.387016415775065 ], [ 68.579463243334118, 23.375912904656957 ], [ 68.568457841955905, 23.387949347284632 ], [ 68.5809335710276, 23.389679670780311 ], [ 68.602641463233084, 23.359119773258954 ], [ 68.596115231532877, 23.38185477218002 ], [ 68.605999231379457, 23.380661249517118 ], [ 68.619750142455217, 23.365017056891674 ], [ 68.614794135141238, 23.358917832292178 ], [ 68.623120904006583, 23.350255369889481 ], [ 68.632596731254267, 23.352002143784006 ], [ 68.637142062256515, 23.346423149109143 ], [ 68.634187460183199, 23.339221716309282 ], [ 68.626078128502996, 23.346219420290083 ], [ 68.625486373697214, 23.336961746087724 ], [ 68.637699007902967, 23.331115126661814 ], [ 68.633014917804275, 23.319056749569398 ], [ 68.644149065227253, 23.322730541281487 ], [ 68.652810335128976, 23.302752852062497 ], [ 68.65883791433842, 23.322786331623973 ], [ 68.66813910043922, 23.325437545606292 ], [ 68.658835410625812, 23.303482055652466 ], [ 68.707996726168091, 23.314664841109561 ], [ 68.718730807480853, 23.304272771071567 ], [ 68.71418797929195, 23.299759626805439 ], [ 68.723944425594908, 23.296906113926099 ], [ 68.734263658641083, 23.308648109522665 ], [ 68.748044967701247, 23.306860804982193 ], [ 68.758358121330303, 23.330226779042704 ], [ 68.748183966017308, 23.30373561410741 ], [ 68.735795855194709, 23.30840110802481 ], [ 68.725042104809432, 23.295534372613304 ], [ 68.712685942402487, 23.297090769023896 ], [ 68.695989728243461, 23.307109952262522 ], [ 68.656833767964059, 23.294729947928829 ], [ 68.629671573884167, 23.29488754242621 ], [ 68.641309618644044, 23.266409159055513 ], [ 68.656858563172165, 23.271974444465172 ], [ 68.671774744708756, 23.269991040054492 ], [ 68.647995233593264, 23.257481932645135 ], [ 68.640633344653196, 23.244680762307411 ], [ 68.604711055970625, 23.239263057444191 ], [ 68.619138241037064, 23.220019579240216 ], [ 68.618834018375395, 23.225079178561316 ], [ 68.636226057786445, 23.223888754962161 ], [ 68.622540831394332, 23.231305837994086 ], [ 68.629098653580144, 23.228309273554231 ], [ 68.654785036800064, 23.244111060677028 ], [ 68.658946275450404, 23.237936735492013 ], [ 68.646371245036931, 23.233932137158462 ], [ 68.630434632452392, 23.2130956646333 ], [ 68.601652741380946, 23.218833446306576 ], [ 68.599012255411338, 23.240094899759868 ], [ 68.586075901681596, 23.234829545447212 ], [ 68.584494710062899, 23.223998427285665 ], [ 68.639217614801197, 23.181724548049459 ], [ 68.656545043319255, 23.15505015883781 ], [ 68.681870221933337, 23.141679048549292 ], [ 68.656022429291824, 23.153575419969712 ], [ 68.631194830277281, 23.176807642358852 ], [ 68.65388596026898, 23.154100060169696 ], [ 68.760310768926985, 23.080017328337078 ], [ 68.808543443625098, 23.060575246550428 ], [ 68.814660668155312, 23.067077875543561 ], [ 68.82324612161139, 23.054515600214785 ], [ 68.817093253351089, 23.056292057132822 ], [ 68.837647676898911, 23.042469859496492 ], [ 69.197694659281211, 22.838464975578233 ], [ 69.222480654758527, 22.835997342903141 ], [ 69.228347420796837, 22.842167973673156 ], [ 69.230963110659133, 22.834705948820556 ], [ 69.267011642573408, 22.824014544835478 ], [ 69.318699359687713, 22.832304835399924 ], [ 69.348179817144882, 22.820360540906279 ], [ 69.355654955012227, 22.828557968375634 ], [ 69.352310657810762, 22.817603349914748 ], [ 69.359928011768403, 22.822595954240001 ], [ 69.390589356413699, 22.81355035276664 ], [ 69.446392535787055, 22.780712128062277 ], [ 69.472853064417478, 22.773485064584122 ], [ 69.493856668750396, 22.781273245663812 ], [ 69.48520875018383, 22.787877202171245 ], [ 69.544350027731667, 22.785791277745346 ], [ 69.555115342499136, 22.792083263032282 ], [ 69.563808679527, 22.773533225078296 ], [ 69.601003051150059, 22.75906157483189 ], [ 69.609375000156291, 22.767020106392863 ], [ 69.641277670927906, 22.766496658693882 ], [ 69.634985804351544, 22.777148961955135 ], [ 69.633637308714896, 22.795204400662669 ], [ 69.642916440741288, 22.766206860258421 ], [ 69.659216403714169, 22.756575226365669 ], [ 69.667065501271935, 22.777040600843151 ], [ 69.66263592201031, 22.756726622735499 ], [ 69.706110358406335, 22.740051746790755 ], [ 69.704993843790959, 22.727990031414947 ], [ 69.720341205282494, 22.7622903586132 ], [ 69.746992945967833, 22.793706536627468 ], [ 69.75246787109549, 22.819367408778987 ], [ 69.798412203760364, 22.850530862909096 ], [ 69.854371071068186, 22.867967844140821 ], [ 69.861928224408103, 22.858293652530079 ], [ 69.857419371706754, 22.868834257295191 ], [ 69.867084264327474, 22.872723341309211 ], [ 69.905748844034093, 22.866241455179079 ], [ 69.937162041694961, 22.892899274382074 ], [ 70.000085711286687, 22.90310657061184 ], [ 70.032468318757907, 22.895412325518521 ], [ 70.105682254232676, 22.909106969611031 ], [ 70.131594777377217, 22.924136876715522 ], [ 70.138796448497459, 22.941090107222777 ], [ 70.112296820042246, 22.949448108643423 ], [ 70.100235104666496, 22.938155650862655 ], [ 70.091173767755294, 22.952379941681016 ], [ 70.101123570996066, 22.941863775093253 ], [ 70.109840631240303, 22.952273249710743 ], [ 70.126431465539753, 22.946667074825712 ], [ 70.111861467233069, 22.959124446036469 ], [ 70.11238467661164, 22.972394347521231 ], [ 70.153419255893965, 23.029436350207504 ], [ 70.129369259284005, 22.992370128378752 ], [ 70.1341068743329, 22.984893322269045 ], [ 70.121444344381047, 22.961973547741053 ], [ 70.162230968884245, 22.94262135049496 ], [ 70.224898815528064, 22.959920764231924 ], [ 70.200795054748113, 22.981445074230919 ], [ 70.198009133115107, 22.993778347992475 ], [ 70.186308026094622, 22.993032932323985 ], [ 70.19789111598223, 22.998350858305514 ], [ 70.206540345760487, 22.979821443604777 ], [ 70.229373217000528, 22.966644525724405 ], [ 70.219378352329244, 23.060518145895742 ], [ 70.207779049463653, 23.088578343615723 ], [ 70.215116739446131, 23.098943113833712 ], [ 70.237111448834327, 23.114693403078206 ], [ 70.253855705676443, 23.136718749670649 ], [ 70.221264958211322, 23.09171402418292 ], [ 70.25021016616634, 23.099081158868415 ], [ 70.268149018562525, 23.117384433644759 ], [ 70.303189515683727, 23.133720278667937 ], [ 70.276261449306588, 23.102998256764238 ], [ 70.312499999875257, 23.1160713434179 ], [ 70.333514333120064, 23.11792194853922 ], [ 70.337553501393103, 23.115971327115091 ], [ 70.356710910879912, 23.130324959329471 ], [ 70.370593428743831, 23.156968713135626 ], [ 70.421851635044987, 23.161488651779877 ], [ 70.439938067987526, 23.17256355276578 ], [ 70.452657819103166, 23.171398401015495 ], [ 70.457956076012209, 23.167669653531732 ], [ 70.465110301599196, 23.159167528558697 ], [ 70.489976644306779, 23.153254270268377 ], [ 70.506344914386403, 23.171566367393979 ], [ 70.634491324515153, 23.171645045482563 ], [ 70.561202764196338, 23.164870023532785 ], [ 70.550787806412217, 23.148048162392826 ], [ 70.557544827531927, 23.144603133028198 ], [ 70.506507158378753, 23.110256433187857 ], [ 70.470837712290603, 23.010697245981191 ], [ 70.4538896088184, 22.984565019360275 ], [ 70.437534332143827, 22.974964142281408 ], [ 70.466733455584546, 22.986193179871407 ], [ 70.494994759700404, 23.012796044202105 ], [ 70.516732454539152, 23.024488449382517 ], [ 70.530889153211859, 23.027050256364276 ], [ 70.526925920994501, 23.037212609874103 ], [ 70.55458044982791, 23.036161422911363 ], [ 70.529558539694932, 23.036113858667704 ], [ 70.53169810778158, 23.023955344763408 ], [ 70.4974497560016, 23.01052725343007 ], [ 70.452147603129475, 22.972383141069173 ], [ 70.479311108420944, 22.974796652543603 ], [ 70.446371555303102, 22.964086532767396 ], [ 70.458817839671696, 22.957458377302373 ], [ 70.443513632148466, 22.960752963578443 ], [ 70.497769951522088, 22.934675931948732 ], [ 70.483475804065193, 22.934897661597887 ], [ 70.483859658096861, 22.913364410539174 ], [ 70.461830854510453, 22.851562500409159 ], [ 70.450482845606956, 22.844554662867409 ], [ 70.46992552274483, 22.890635133104951 ], [ 70.456429600945427, 22.884851455430379 ], [ 70.444850206372024, 22.889398575184174 ], [ 70.444901108899188, 22.895697116528765 ], [ 70.454146146727368, 22.916163920928284 ], [ 70.446113466962998, 22.927160858786664 ], [ 70.432753443516702, 22.924159765360884 ], [ 70.423275232166333, 22.93211472031814 ], [ 70.41773831856861, 22.926843524009541 ], [ 70.430807471587599, 22.905817746891586 ], [ 70.430891036592215, 22.901411175885187 ], [ 70.422551154712181, 22.886544704374643 ], [ 70.426583170676935, 22.904423474863535 ], [ 70.417577743717942, 22.920741558276404 ], [ 70.38478660571738, 22.909321903982743 ], [ 70.353838443889202, 22.870514869865445 ], [ 70.320225239203495, 22.79673981678917 ], [ 70.309367656692103, 22.795328736432168 ], [ 70.313005447643349, 22.785614132886025 ], [ 70.300458550721572, 22.778019904994693 ], [ 70.306993842192213, 22.778378605888037 ], [ 70.303047656624216, 22.758150101146384 ], [ 70.282581329764724, 22.748436212561217 ], [ 70.288854360940121, 22.746419071882741 ], [ 70.275787472414066, 22.731054902062169 ], [ 70.264591455231567, 22.738000750234534 ], [ 70.261767506665166, 22.729402780913659 ], [ 70.25309741531359, 22.733174204825758 ], [ 70.251519918109892, 22.724479436976509 ], [ 70.258658051228082, 22.725039959226791 ], [ 70.254882932001777, 22.70626747576344 ], [ 70.248899578752656, 22.71204233198813 ], [ 70.238525032904107, 22.701352357925032 ], [ 70.253151058974225, 22.69266676945594 ], [ 70.244719028060814, 22.67853641552324 ], [ 70.238688826428273, 22.677651047357955 ], [ 70.24670064461921, 22.671705722840898 ], [ 70.243188857679655, 22.662802934607782 ], [ 70.229174733027634, 22.657116175071451 ], [ 70.235138058374815, 22.649977326092738 ], [ 70.22586381416383, 22.639773845686449 ], [ 70.219669461076847, 22.63729345792683 ], [ 70.216197729042079, 22.640753149838019 ], [ 70.220011949891642, 22.629557252265414 ], [ 70.197560668190448, 22.616555452172406 ], [ 70.203082204280378, 22.605460524183883 ], [ 70.194447040798337, 22.603320717776995 ], [ 70.194374442126815, 22.583164453776618 ], [ 70.188213467377778, 22.585026144840782 ], [ 70.164297342048741, 22.55205631244894 ], [ 70.08618462042395, 22.544686317019966 ], [ 70.064722538114808, 22.546624541289589 ], [ 70.039926171655651, 22.562852740161929 ], [ 70.023132920647896, 22.539705037857317 ], [ 70.026450753499574, 22.550593852923981 ], [ 70.01978290106004, 22.546670437290885 ], [ 70.010603070375538, 22.548483848251038 ], [ 70.003747224554814, 22.54408824447691 ], [ 69.975807071039554, 22.54265105680085 ], [ 69.983849644245794, 22.542725920864598 ], [ 69.985659360790947, 22.538723111282593 ], [ 69.972285747689142, 22.540428042420274 ], [ 69.946306466970015, 22.528411030544646 ], [ 69.944945216248897, 22.514964938381212 ], [ 69.95902085273022, 22.50892043123298 ], [ 69.95725631722533, 22.495399832936045 ], [ 69.955152153649038, 22.503756642754922 ], [ 69.935015916651338, 22.512372851226161 ], [ 69.913060665017809, 22.488667249993597 ], [ 69.914106250103515, 22.456413268957277 ], [ 69.900413155542793, 22.467728852804356 ], [ 69.87152290335942, 22.446712851317102 ], [ 69.836511731331399, 22.453850507794783 ], [ 69.843186139828589, 22.494237541929039 ], [ 69.834543347397613, 22.50044834631413 ], [ 69.841443657498957, 22.493046522079453 ], [ 69.833103656908378, 22.451879263117604 ], [ 69.827538251888967, 22.458079457301181 ], [ 69.820883750784589, 22.452039361327593 ], [ 69.804234742939144, 22.458632945953781 ], [ 69.797370910239437, 22.457004547122182 ], [ 69.828952431309659, 22.444883346988973 ], [ 69.817522167714031, 22.418020010215372 ], [ 69.797307730167773, 22.399803042476549 ], [ 69.758766055409154, 22.441517710673821 ], [ 69.756095766806283, 22.426507353931299 ], [ 69.745988130747747, 22.429275155124316 ], [ 69.734823822761228, 22.44401264226974 ], [ 69.740799427451662, 22.457984924165032 ], [ 69.728814244381937, 22.473832845609337 ], [ 69.703292727577406, 22.446998238577947 ], [ 69.700660109776408, 22.457334637883321 ], [ 69.6882978679524, 22.4443031547668 ], [ 69.679508924897135, 22.443887114898473 ], [ 69.674826979681512, 22.442152142807146 ], [ 69.671821475081032, 22.450290441650594 ], [ 69.671759843642036, 22.439267158152859 ], [ 69.697716355325639, 22.442796349671795 ], [ 69.702168941943256, 22.433770537780134 ], [ 69.692657351355848, 22.419914126335925 ], [ 69.699387311875029, 22.396186828959117 ], [ 69.664223075234901, 22.393602967003432 ], [ 69.654167055765157, 22.358846902962227 ], [ 69.64360856977973, 22.355754017533911 ], [ 69.617875933527586, 22.367910742686689 ], [ 69.617421149966191, 22.346403479337141 ], [ 69.614370941865587, 22.33813202417366 ], [ 69.606904148807445, 22.325752616090398 ], [ 69.609004020819015, 22.349049329762806 ], [ 69.607098817856325, 22.338548660292503 ], [ 69.604849457836309, 22.351061105985309 ], [ 69.582159757766732, 22.346267342663822 ], [ 69.579745650041815, 22.337147474276577 ], [ 69.573039769769679, 22.333016753220619 ], [ 69.576538443694375, 22.324218750395062 ], [ 69.575623631725279, 22.318921446767405 ], [ 69.572067857146038, 22.334216832840667 ], [ 69.59128534764082, 22.36055505277352 ], [ 69.575638770912605, 22.368113040684335 ], [ 69.562037348744667, 22.355651855448826 ], [ 69.550794958920306, 22.372076630831884 ], [ 69.557458401084347, 22.375926614122022 ], [ 69.550772071174237, 22.404751658262484 ], [ 69.522957325420322, 22.426479578369879 ], [ 69.50728654883531, 22.423639655146019 ], [ 69.498589038953043, 22.435455918555874 ], [ 69.503376245317526, 22.424488663720922 ], [ 69.515264272828091, 22.416421651438128 ], [ 69.523667216069242, 22.38605034354859 ], [ 69.490309953941363, 22.355277538727478 ], [ 69.48837745205779, 22.338116645766661 ], [ 69.466770767756856, 22.330141425486403 ], [ 69.454552531674068, 22.335590362905009 ], [ 69.419093370462775, 22.315598726100433 ], [ 69.383263469133936, 22.322233676842785 ], [ 69.365247368571346, 22.316544533203739 ], [ 69.366410851180007, 22.322018742471045 ], [ 69.334608912571269, 22.330127358291008 ], [ 69.337612748029954, 22.311819315309265 ], [ 69.321255326472254, 22.29221606242146 ], [ 69.292114854117386, 22.285953045196976 ], [ 69.294553041189971, 22.279340028919279 ], [ 69.28357481912272, 22.272081017924677 ], [ 69.23255753490244, 22.257899641855033 ], [ 69.202803731207354, 22.266497015824683 ], [ 69.158129453511521, 22.312976837211323 ], [ 69.1680865286705, 22.326485275774985 ], [ 69.167763829437291, 22.345107078728745 ], [ 69.176324844715936, 22.347731947971084 ], [ 69.179039477989619, 22.377723813003627 ], [ 69.198605656326123, 22.387913942074846 ], [ 69.204314469936861, 22.402166604705144 ], [ 69.193961739842479, 22.408322572928483 ], [ 69.193991303256183, 22.423546552831255 ], [ 69.175842523913417, 22.42396426184132 ], [ 69.148827672059582, 22.402978420018172 ], [ 69.128657579184022, 22.397866249028255 ], [ 69.102646947198963, 22.409918546703665 ], [ 69.091429233872105, 22.394666075379149 ], [ 69.069202661273863, 22.395858169019306 ], [ 69.043817043721702, 22.432964443953949 ], [ 69.073497533784263, 22.452168822333419 ], [ 69.085498213971476, 22.472230314877237 ], [ 69.06778514356958, 22.479907155391004 ], [ 69.059579610510781, 22.46726405619134 ], [ 69.006694912840118, 22.438460230655153 ], [ 68.984834432663007, 22.414304971996899 ], [ 68.957120776103096, 22.366457462541916 ], [ 68.955057859033133, 22.334523677925461 ], [ 68.942838907089907, 22.332793712360001 ], [ 68.936042070285424, 22.310341715697717 ], [ 68.957967400575143, 22.25735950453759 ], [ 68.952654838150323, 22.250929355505434 ], [ 68.957698226292194, 22.237432241204999 ], [ 69.055319548058804, 22.128445863885617 ], [ 69.283136129828591, 21.894950747778864 ], [ 69.375764846370686, 21.826361537255195 ], [ 69.434484839203975, 21.765663504467227 ], [ 69.591472744771437, 21.634763360340827 ], [ 69.587719440399866, 21.620965361662201 ], [ 69.593122363106687, 21.629394054292248 ], [ 69.591093301914469, 21.638247728749747 ], [ 69.6021397114786, 21.637086630243886 ], [ 69.688567042235348, 21.550292253784562 ], [ 69.710559130099938, 21.539469122502084 ], [ 69.72007322350052, 21.543564439047685 ], [ 69.715504765532586, 21.553673624638094 ], [ 69.724631667517514, 21.570662021335323 ], [ 69.706874966506547, 21.588312864047566 ], [ 69.686362743645844, 21.595732450792013 ], [ 69.66687142847374, 21.619806170618318 ], [ 69.632866859518089, 21.642643452133711 ], [ 69.691010832983608, 21.614639878427738 ], [ 69.701298117614186, 21.602832078537631 ], [ 69.693329453391726, 21.602256655420376 ], [ 69.69648015533491, 21.59296846362372 ], [ 69.701938748774381, 21.601544141449097 ], [ 69.717368125738545, 21.602818846812397 ], [ 69.675909876739496, 21.638605475462441 ], [ 69.686082244200378, 21.636439561736466 ], [ 69.70417284999715, 21.647381543823286 ], [ 69.713836551016101, 21.631983757344614 ], [ 69.716763139207643, 21.640055536933517 ], [ 69.724844456106865, 21.632225274776715 ], [ 69.737611532246518, 21.650311350688384 ], [ 69.75580430012846, 21.593868851366494 ], [ 69.763724327216067, 21.595657229697508 ], [ 69.764229774084953, 21.578921913915281 ], [ 69.748193263908007, 21.574527621352729 ], [ 69.749191761390733, 21.561091422631108 ], [ 69.726773023456389, 21.556314945178713 ], [ 69.729309558589279, 21.542161225959916 ], [ 69.71251404308876, 21.529430150581021 ], [ 69.775259733250238, 21.459911942182487 ], [ 69.795238733680748, 21.452635049967625 ], [ 69.805166840777105, 21.463961244016303 ], [ 69.799458145876798, 21.452142834824059 ], [ 69.787877321381444, 21.451480269199095 ], [ 69.778471231162399, 21.458333969237373 ], [ 69.779280543662168, 21.455224752120699 ], [ 70.008963108061067, 21.196464419697293 ], [ 70.028740048814228, 21.178558945638912 ], [ 70.038321018500284, 21.183049440479408 ], [ 70.031922936594384, 21.174467563627218 ], [ 70.098453402902322, 21.105887174553544 ], [ 70.132820368065694, 21.079698920169108 ], [ 70.136593222799121, 21.085625648504958 ], [ 70.146309852517817, 21.080575942625728 ], [ 70.138021707735703, 21.077715158727671 ], [ 70.143180251367511, 21.06817173933436 ], [ 70.2266366483627, 20.998747349110999 ], [ 70.2401889558557, 20.99967765819747 ], [ 70.238256573582049, 20.993890046888254 ], [ 70.247507453406371, 21.000249624320816 ], [ 70.239783644899461, 20.992557644619637 ], [ 70.251810551116165, 20.978826641836122 ], [ 70.321068525392292, 20.927457451999885 ], [ 70.345481753680048, 20.915491104331039 ], [ 70.351319670366621, 20.920341849596781 ], [ 70.351030230760585, 20.910294174936325 ], [ 70.37399852281365, 20.894829869203107 ], [ 70.371419072032694, 20.902504324714897 ], [ 70.407221555730331, 20.882433652790922 ], [ 70.41721451293958, 20.886820912655025 ], [ 70.413149118637051, 20.875355958610669 ], [ 70.447640538280297, 20.847725152993462 ], [ 70.476347446577535, 20.840363979014455 ], [ 70.536355853140236, 20.804127335907879 ], [ 70.553323626584103, 20.803262948925976 ], [ 70.562416911011695, 20.792486548215692 ], [ 70.614604353508213, 20.769967913588403 ], [ 70.656505345945021, 20.764390468445413 ], [ 70.666006922581488, 20.752577662029523 ], [ 70.662887572803385, 20.761852502491053 ], [ 70.673342347171655, 20.764486551113549 ], [ 70.703458547973725, 20.73795461631255 ], [ 70.743976235614838, 20.720002174261026 ], [ 70.792369246843435, 20.712116718012169 ], [ 70.804371476562409, 20.700712323415047 ], [ 70.816334009307155, 20.71902942616714 ], [ 70.828781843207508, 20.70901834941742 ], [ 70.827464341806007, 20.69768595724122 ], [ 70.807282209706358, 20.700466275198494 ], [ 70.827934145844182, 20.689970612254058 ], [ 70.838097810565642, 20.690158724345736 ], [ 70.834318280164638, 20.69917845682042 ], [ 70.843590021562392, 20.70661640142589 ], [ 70.874091863348866, 20.704928040296863 ], [ 70.867884755177414, 20.712780356528327 ], [ 70.872213006025532, 20.724384307989453 ], [ 70.857750058518462, 20.742187500352884 ], [ 70.862354874278168, 20.751838326677557 ], [ 70.853095650543963, 20.753868341151048 ], [ 70.859072446836052, 20.754537344123179 ], [ 70.863100647876678, 20.754700541396943 ], [ 70.864592433394222, 20.737630844188232 ], [ 70.875197172411703, 20.726573229071363 ], [ 70.91970086130587, 20.743291139374662 ], [ 70.917446375150263, 20.735241412960875 ], [ 70.882634759086869, 20.728470444255692 ], [ 70.874137759350248, 20.709213614716646 ], [ 70.894238114297679, 20.707280754903024 ], [ 70.900051117065544, 20.698745370302674 ], [ 70.913863658680981, 20.698907971325895 ], [ 70.925379752673535, 20.711717605183338 ], [ 70.976908922009244, 20.701545357332463 ], [ 70.997748851528314, 20.715541243733469 ], [ 70.967501878509012, 20.728207230679146 ], [ 70.962723851524657, 20.721451759091508 ], [ 70.963719010723793, 20.732433557762562 ], [ 70.954664945730741, 20.734899640006404 ], [ 70.962963342784093, 20.741434574446117 ], [ 70.998793005792635, 20.742661833377042 ], [ 70.983143330000843, 20.725693226261455 ], [ 70.987042665386781, 20.721850156959277 ], [ 71.009583950339135, 20.739101648522308 ], [ 71.035058021610467, 20.738909840216962 ], [ 71.045863747414074, 20.730720758456357 ], [ 71.073565005920301, 20.735241532570797 ], [ 71.086305618609487, 20.756006359705793 ], [ 71.155181050065465, 20.75941216963605 ], [ 71.148212909498255, 20.765485525236869 ], [ 71.155919551745995, 20.778375744645018 ], [ 71.202668309095287, 20.788572072743051 ], [ 71.209286451508689, 20.801858067595759 ], [ 71.232398152153081, 20.803975224577044 ], [ 71.322569727511024, 20.845793724001254 ], [ 71.383840441383342, 20.856738924761629 ], [ 71.38813304940075, 20.860076307975334 ], [ 71.381808399837922, 20.859952331035345 ], [ 71.378145456647559, 20.87385427965134 ], [ 71.386620044379669, 20.875460147767711 ], [ 71.396409272769887, 20.864987969719152 ], [ 71.439466357186774, 20.869197845504289 ], [ 71.448806524401704, 20.881443261797159 ], [ 71.477553606314046, 20.890622615841153 ], [ 71.482773542165347, 20.906502842732039 ], [ 71.495149612864367, 20.907364726001333 ], [ 71.485163211713001, 20.910637736642343 ], [ 71.488456368066949, 20.914510249748247 ], [ 71.514822363561365, 20.921046018758858 ], [ 71.506822943424226, 20.931790828983623 ], [ 71.513273120358321, 20.946796655841069 ], [ 71.54208314402203, 20.956416130000434 ], [ 71.579579353304581, 20.987503766785466 ], [ 71.601511478871743, 21.000423073865846 ], [ 71.530252337675307, 20.943054080381586 ], [ 71.579474210866209, 20.953990221371697 ], [ 71.597780942636433, 20.967342138329116 ], [ 71.611654877370739, 20.967396259529778 ], [ 71.612862944769205, 20.975446342974436 ], [ 71.628061056572591, 20.96941542638092 ], [ 71.646471619569724, 20.994534731292845 ], [ 71.679533958025814, 20.997394442299708 ], [ 71.717405914851241, 21.020926356566207 ], [ 71.727233648614032, 21.020993947812514 ], [ 71.729344606568503, 21.013560176061361 ], [ 71.784856557584106, 21.031354427364988 ], [ 71.777686357339604, 21.037696957248869 ], [ 71.778539657479229, 21.039868235430845 ], [ 71.806698321970117, 21.038003206083175 ], [ 71.796510577001669, 21.053295969733256 ], [ 71.800815343853202, 21.061663150534002 ], [ 71.879570603200847, 21.089873433412322 ], [ 71.899700880391407, 21.109276651896067 ], [ 71.960348248073359, 21.124315738380744 ], [ 71.976677655749342, 21.12102484741888 ], [ 71.974082112499588, 21.128697275858656 ], [ 71.991733312242587, 21.142729163020533 ], [ 71.985864877961916, 21.156724333561215 ], [ 71.995235204840895, 21.161148905397795 ], [ 71.992885947228814, 21.169280648183417 ], [ 72.003056049297385, 21.168516874654102 ], [ 72.011106371961517, 21.18579041939239 ], [ 72.02389407135442, 21.180498242799729 ], [ 71.996829509474452, 21.147197723396317 ], [ 72.008270621592061, 21.132589816866584 ], [ 72.018484949620785, 21.154198050699563 ], [ 72.046392917299301, 21.159159064539296 ], [ 72.055990218673713, 21.173900961959873 ], [ 72.113785147266782, 21.196447730078717 ], [ 72.114546417982837, 21.211596012246275 ], [ 72.105359434989992, 21.216011643022938 ], [ 72.112427949790145, 21.222290038654421 ], [ 72.091430306163801, 21.226591944762561 ], [ 72.082286357529455, 21.245810747368182 ], [ 72.098071932573731, 21.271101951394002 ], [ 72.084905743605219, 21.290316343724356 ], [ 72.075595140703314, 21.288859725296192 ], [ 72.081101775026951, 21.293629050440416 ], [ 72.076153635881695, 21.302071571046241 ], [ 72.082215547609536, 21.295413732557705 ], [ 72.08644950364183, 21.303875326884963 ], [ 72.102081417823314, 21.278088569431986 ], [ 72.109195112764411, 21.283118009988272 ], [ 72.109435439494035, 21.301586031570139 ], [ 72.121570229282753, 21.325004935229657 ], [ 72.176709532718831, 21.396362661907318 ], [ 72.223806142439656, 21.439471363812459 ], [ 72.253673314671886, 21.500650524901886 ], [ 72.269461870069364, 21.574002146581847 ], [ 72.305956721125909, 21.62857603995235 ], [ 72.247276306556472, 21.751364112164111 ], [ 72.241408467626712, 21.787294507335673 ], [ 72.21507370468774, 21.802482843508528 ], [ 72.205076932554533, 21.822237133936682 ], [ 72.183038711267642, 21.823985457362994 ], [ 72.203256606707072, 21.824741959873649 ], [ 72.20899558088152, 21.820392847451984 ], [ 72.218763351447677, 21.80184376277947 ], [ 72.24579346209876, 21.792381048546588 ], [ 72.264828324567674, 21.740391850803377 ], [ 72.271073937212435, 21.750620126417772 ], [ 72.258853316127755, 21.796875000381078 ], [ 72.253233074946507, 21.897115111073589 ], [ 72.220197558770366, 21.947707414365738 ], [ 72.190386057270786, 21.936971425590855 ], [ 72.166022658618857, 21.955142974868522 ], [ 72.147383570695268, 21.954836369003289 ], [ 72.160981416259375, 21.961490034637478 ], [ 72.146718740577541, 21.983131051456951 ], [ 72.164250731586009, 21.959956407262439 ], [ 72.19089603402486, 21.942572832270514 ], [ 72.22112965570912, 21.956331252685288 ], [ 72.231151342660354, 22.006805538844674 ], [ 72.213649869246098, 21.998960256210921 ], [ 72.201083421962466, 22.004111051284042 ], [ 72.197481870991595, 22.016384840288225 ], [ 72.18023037942848, 22.018919825889384 ], [ 72.18083345849746, 22.032994509089377 ], [ 72.172410368643767, 22.041363358132543 ], [ 72.182397365146443, 22.034744500758194 ], [ 72.186513066624826, 22.019531846017912 ], [ 72.196626663389878, 22.022306680808754 ], [ 72.208474517285168, 22.010877608814695 ], [ 72.223651528295505, 22.020823955960878 ], [ 72.232815861862633, 22.017703413681716 ], [ 72.233983159395308, 22.054294228695738 ], [ 72.278109311995223, 22.080232501228949 ], [ 72.266254544112002, 22.105841517572031 ], [ 72.277137160151966, 22.090858340140386 ], [ 72.299534320652498, 22.108646154096846 ], [ 72.302514433794187, 22.089122771798543 ], [ 72.295181751236868, 22.081063747294195 ], [ 72.304086446932075, 22.072139859167237 ], [ 72.29778313648265, 22.06306982041599 ], [ 72.286614179900567, 22.073971152246997 ], [ 72.241651654200524, 22.048759221660816 ], [ 72.245222210936305, 22.033040642511679 ], [ 72.260795354422186, 22.018819332046633 ], [ 72.251906513774742, 21.987728356978181 ], [ 72.261570454013366, 21.981136441493618 ], [ 72.263252854435706, 21.946565627901435 ], [ 72.278416752431298, 21.932101845823638 ], [ 72.279114961786178, 21.954606652475093 ], [ 72.271062851269591, 21.966964959765136 ], [ 72.279867649372562, 21.964313626173009 ], [ 72.315553307539261, 22.099872111908468 ], [ 72.31139576420324, 22.111146211828242 ], [ 72.323803902028459, 22.131046176240119 ], [ 72.310440659908664, 22.145783424165757 ], [ 72.312601566209395, 22.180420041152047 ], [ 72.300233841218954, 22.185934543644379 ], [ 72.294365048108631, 22.202141165982113 ], [ 72.317267656377254, 22.181740641617381 ], [ 72.316489935262467, 22.146838426951888 ], [ 72.339615225562312, 22.138657808710917 ], [ 72.342261314308274, 22.124624967368391 ], [ 72.350263953119025, 22.126757979397269 ], [ 72.350705861986029, 22.146695137071021 ], [ 72.356804252014712, 22.148437499790816 ], [ 72.344351053658301, 22.167997002459714 ], [ 72.353309154693903, 22.165016054747213 ], [ 72.357876658481104, 22.192798852984708 ], [ 72.363703131294557, 22.188813328372504 ], [ 72.359245061510393, 22.172814846028331 ], [ 72.37270045266385, 22.170665145280253 ], [ 72.376379132191317, 22.149865508086776 ], [ 72.377446174201651, 22.157904267268208 ], [ 72.387114644325521, 22.159976959069525 ], [ 72.386653542127334, 22.172011733454838 ], [ 72.391631245585558, 22.167876839544533 ], [ 72.385121941824224, 22.190708756603925 ], [ 72.362559914908303, 22.204615473425406 ], [ 72.360149740817945, 22.224967241045391 ], [ 72.370852112934671, 22.245234847410302 ], [ 72.356541752499965, 22.270930647431499 ], [ 72.380294442234884, 22.256534576209816 ], [ 72.377663135645292, 22.226580977330343 ], [ 72.392314553174202, 22.213550925035236 ], [ 72.39982044695617, 22.199388861906556 ], [ 72.416781068091979, 22.228027224776667 ], [ 72.413809538079789, 22.297028064893311 ], [ 72.382946133757144, 22.300086856123585 ], [ 72.372547149731275, 22.316908240622865 ], [ 72.379017234058239, 22.335668444742993 ], [ 72.404296040929609, 22.352182627126609 ], [ 72.382216811456743, 22.375258207400407 ], [ 72.361274361922284, 22.371461152810014 ], [ 72.376523733283676, 22.385039329301691 ], [ 72.393717765362595, 22.382413625488482 ], [ 72.412512421611069, 22.357967138472702 ], [ 72.388945579475063, 22.310306549507658 ], [ 72.434703350479396, 22.301239371499861 ], [ 72.470822811024021, 22.238430142437124 ], [ 72.493237137783723, 22.247366070687718 ], [ 72.492038607695662, 22.238463044134221 ], [ 72.47784876810627, 22.234797119691365 ], [ 72.492646455869334, 22.236675858304324 ], [ 72.478827476906673, 22.228279232800361 ], [ 72.485067725095547, 22.22279310212005 ], [ 72.474171042759536, 22.20154047011664 ], [ 72.487325310314844, 22.197289824465884 ], [ 72.524204253723354, 22.244778275097389 ], [ 72.525551557758348, 22.268223643106722 ], [ 72.542904853476358, 22.280943155002717 ], [ 72.553787350805663, 22.278583526408681 ], [ 72.537535548327043, 22.273407459486691 ], [ 72.53493130233781, 22.260920405252591 ], [ 72.541120647999577, 22.257222175363154 ], [ 72.5333261491825, 22.246276021321393 ], [ 72.542301654797683, 22.243080377557476 ], [ 72.557527661772298, 22.259050249769217 ], [ 72.559801817000363, 22.246159077079824 ], [ 72.596123814762365, 22.273408055737207 ], [ 72.635281443284128, 22.284511208925267 ], [ 72.65589094131397, 22.279240369647425 ], [ 72.688333272762378, 22.238310814092841 ], [ 72.75570595236789, 22.230777144749482 ], [ 72.844079970913953, 22.282336354139488 ], [ 72.852819443162929, 22.281393408678923 ], [ 72.865267753703876, 22.24346113162602 ], [ 72.894697546954347, 22.245680928232275 ], [ 72.912283420843295, 22.26718914486321 ], [ 72.907276034361558, 22.284560203990338 ], [ 72.910048842080556, 22.298907518467246 ], [ 72.91493344322393, 22.303738117120503 ], [ 72.934378862394709, 22.310766577915302 ], [ 72.943301439309977, 22.305910944834352 ], [ 72.94793581938265, 22.298668980489083 ], [ 72.952407121791254, 22.258194923456955 ], [ 72.960967540819439, 22.251674056212835 ], [ 72.979073524123947, 22.253961324455645 ], [ 73.013425826740587, 22.270424127671419 ], [ 73.024465441926765, 22.286457657494964 ], [ 73.06082642080284, 22.313628554314363 ], [ 73.045735120579508, 22.363114953192621 ], [ 73.049393653494434, 22.370479226235375 ], [ 73.070956349256249, 22.392281531967171 ], [ 73.064972520265684, 22.423634052369721 ], [ 73.073759555858913, 22.399860977702048 ], [ 73.068839550205183, 22.384492754636966 ], [ 73.047542453021805, 22.363381743372884 ], [ 73.061903715084469, 22.313023805204551 ], [ 73.011898040462285, 22.267345905689126 ], [ 72.972674012295926, 22.249750375779314 ], [ 72.958920240476886, 22.250208139693996 ], [ 72.952032923780536, 22.254585504317646 ], [ 72.947353124347245, 22.298373818496998 ], [ 72.933798671071912, 22.309879660218229 ], [ 72.910842776173325, 22.296726345944109 ], [ 72.908432602982344, 22.284180641523449 ], [ 72.919768810082672, 22.261101841676691 ], [ 72.901125908134219, 22.232898473685708 ], [ 72.869646430438507, 22.223663448909093 ], [ 72.811259150789311, 22.246718168508693 ], [ 72.757890343564583, 22.174033164798743 ], [ 72.700057148818388, 22.184348464210274 ], [ 72.639443754825578, 22.217853069463587 ], [ 72.60096001619192, 22.213114023593363 ], [ 72.568950533840194, 22.187389374220288 ], [ 72.547088980771917, 22.148437499790816 ], [ 72.507388353289997, 21.993926048348527 ], [ 72.50513982784085, 21.909812211864164 ], [ 72.516293048985034, 21.874549030913101 ], [ 72.577669858577252, 21.882603168501504 ], [ 72.556009053974748, 21.871398926119639 ], [ 72.577978849444463, 21.877576351267663 ], [ 72.573379755171658, 21.871518016143597 ], [ 72.516624450957721, 21.862569213198725 ], [ 72.527762174984531, 21.84773755084737 ], [ 72.588421344469594, 21.865164756448394 ], [ 72.59352052205449, 21.860511422264352 ], [ 72.606300234568238, 21.884211540330398 ], [ 72.605613708306151, 21.901743173408818 ], [ 72.610197067140945, 21.884670853776953 ], [ 72.603950738635746, 21.858303547071102 ], [ 72.56690275685682, 21.822638511258361 ], [ 72.552541851825112, 21.792890548659983 ], [ 72.540574074234286, 21.735649347039811 ], [ 72.521147966205803, 21.706451416100037 ], [ 72.517989516602967, 21.714242457923177 ], [ 72.518430232968939, 21.701710462767721 ], [ 72.508032918084865, 21.701768755923439 ], [ 72.520614504555823, 21.699695109941473 ], [ 72.521819471991165, 21.691536426165186 ], [ 72.508338928598761, 21.689880251772252 ], [ 72.521721243540725, 21.689665079080157 ], [ 72.543284177622837, 21.660355925385716 ], [ 72.562200665028826, 21.658761144111565 ], [ 72.600150108340841, 21.680921674096055 ], [ 72.711143731997794, 21.67832195799204 ], [ 72.736681342170215, 21.689422845787789 ], [ 72.762890816058388, 21.669110060181197 ], [ 72.794842958535838, 21.661643743763875 ], [ 72.868561744628977, 21.68886554221109 ], [ 72.887403250159963, 21.686437129869745 ], [ 72.893425464913406, 21.68188464655924 ], [ 72.902387142552669, 21.682301163967622 ], [ 72.931523442053305, 21.676705003033589 ], [ 72.979522704909044, 21.680274128947957 ], [ 73.045931815800742, 21.717183947880926 ], [ 73.067231774626833, 21.740786314137182 ], [ 73.104166150447583, 21.732113242432291 ], [ 73.119769811527618, 21.736937642058649 ], [ 73.128129243769678, 21.75429594520179 ], [ 73.13568520550794, 21.754286647111144 ], [ 73.138489842032726, 21.816685914823154 ], [ 73.128335952941967, 21.847946166582375 ], [ 73.141392469586862, 21.866101145851303 ], [ 73.15459740134915, 21.861886143930462 ], [ 73.201511502653858, 21.827038049566426 ], [ 73.221842407801006, 21.828273057955329 ], [ 73.240401268104137, 21.840633511927052 ], [ 73.243657707837116, 21.866834879326348 ], [ 73.223888754862315, 21.891602516043349 ], [ 73.219951748674333, 21.908063650117413 ], [ 73.22300374552654, 21.920307755198792 ], [ 73.236901044647567, 21.931805849260542 ], [ 73.25066530705837, 21.936827420748955 ], [ 73.263705134084802, 21.934113740756601 ], [ 73.314147711048037, 21.884017229211821 ], [ 73.336114764484847, 21.875641107351271 ], [ 73.343973040523537, 21.882574558369299 ], [ 73.344563842047677, 21.91836035244836 ], [ 73.356318116088261, 21.92927491690395 ], [ 73.375715971015353, 21.929817318714356 ], [ 73.407957315677635, 21.911623358331383 ], [ 73.433693050993526, 21.922457813877088 ], [ 73.442000627427063, 21.937691211480342 ], [ 73.438977956567584, 21.97468805331107 ], [ 73.450222134244171, 21.983050822937201 ], [ 73.464090347491634, 21.984432816521291 ], [ 73.505473017465789, 21.963842153892415 ], [ 73.531205177077339, 21.980243563989319 ], [ 73.546788215803673, 21.978605151206807 ], [ 73.564138412457879, 21.959084629652068 ], [ 73.593062639229487, 21.94749355288522 ], [ 73.597877502444902, 21.937866926417598 ], [ 73.5924595592613, 21.930994630198143 ], [ 73.605879426294649, 21.89967727688483 ], [ 73.678939700007248, 21.884704232114643 ], [ 73.695409655531336, 21.866227864824197 ], [ 73.701472401830046, 21.849888444096479 ], [ 73.676540732368977, 21.882692933432196 ], [ 73.604595541551049, 21.896375417791404 ], [ 73.592019915786608, 21.920471072082364 ], [ 73.58893704430929, 21.944874406029015 ], [ 73.566509127893966, 21.954314351226373 ], [ 73.540199756413784, 21.978486061182821 ], [ 73.50826323066363, 21.961495518703316 ], [ 73.477568626391104, 21.970208645312766 ], [ 73.466407656688006, 21.981547713156459 ], [ 73.448711752545449, 21.980538725981489 ], [ 73.441179156093341, 21.970228552705578 ], [ 73.444022655920861, 21.939264417119261 ], [ 73.430841207256009, 21.916748165695367 ], [ 73.407625675384708, 21.908511638401478 ], [ 73.375442266847159, 21.927525520586386 ], [ 73.357419371906616, 21.924988507913355 ], [ 73.345885157474157, 21.912492155588524 ], [ 73.348096609271209, 21.880024433580815 ], [ 73.334839105840075, 21.872797966353176 ], [ 73.300750136409789, 21.887215972039598 ], [ 73.278653144427182, 21.904134035457417 ], [ 73.260860204334989, 21.929149269922874 ], [ 73.245390534145969, 21.933117746986539 ], [ 73.22629940469389, 21.918352007639157 ], [ 73.223589420015827, 21.906244635481585 ], [ 73.249667167505862, 21.865669965896274 ], [ 73.245864510139171, 21.842490553496276 ], [ 73.225371957250132, 21.825094461740122 ], [ 73.201480269199209, 21.820899963462608 ], [ 73.151898026872487, 21.849745273825391 ], [ 73.134624957875673, 21.849409580287983 ], [ 73.149082541825948, 21.814565777488639 ], [ 73.175437569188574, 21.796875000381078 ], [ 73.177488207814662, 21.784499645542297 ], [ 73.159522771458825, 21.763327479479642 ], [ 73.102568149600557, 21.714720845091023 ], [ 73.076801777080419, 21.70607900594149 ], [ 73.048514723575721, 21.711905360044398 ], [ 72.983420729982782, 21.676925778501982 ], [ 72.920345067770739, 21.672758460434636 ], [ 72.892107725191437, 21.65939974819986 ], [ 72.864336610046593, 21.660801052926331 ], [ 72.842506527853999, 21.671252608621103 ], [ 72.797583580417921, 21.647681236599908 ], [ 72.752288341533841, 21.649968504842718 ], [ 72.747211814273925, 21.642331242592803 ], [ 72.726039528601433, 21.638700604849134 ], [ 72.701442122755878, 21.651731372105189 ], [ 72.672735810709156, 21.627822280374033 ], [ 72.628573417229489, 21.616595029736857 ], [ 72.606212854639608, 21.579319357602401 ], [ 72.60969805761934, 21.551791072000412 ], [ 72.602780461649132, 21.559478044276375 ], [ 72.597574949124663, 21.552037120216966 ], [ 72.605652212779461, 21.536745071527946 ], [ 72.610378980205923, 21.54189705820275 ], [ 72.608603119538401, 21.529507279137647 ], [ 72.620746373746243, 21.53031873741989 ], [ 72.612479925108488, 21.523997426140312 ], [ 72.626532673843911, 21.505139946851102 ], [ 72.62646651251967, 21.492231964933296 ], [ 72.683328032063145, 21.542809009428311 ], [ 72.705772519386386, 21.53217864063177 ], [ 72.737796544674865, 21.5412566662622 ], [ 72.740182876838361, 21.549580812704392 ], [ 72.733044862430546, 21.552824259032434 ], [ 72.73614025157147, 21.55646657986884 ], [ 72.742800474162692, 21.546603560306067 ], [ 72.740568042081549, 21.54189300495824 ], [ 72.732784867527783, 21.536616325483095 ], [ 72.674841642527923, 21.521040558674855 ], [ 72.671515345257063, 21.514504909274251 ], [ 72.682382822109702, 21.516314506209568 ], [ 72.671575427164356, 21.512188911289314 ], [ 72.645637154631032, 21.433553814856737 ], [ 72.669727564075941, 21.446701526354389 ], [ 72.681628942921492, 21.448585867743702 ], [ 72.690345645235396, 21.463164329570247 ], [ 72.697025776118693, 21.464733004424687 ], [ 72.680273652007571, 21.433781623922926 ], [ 72.662968039243623, 21.425082326188488 ], [ 72.625465154293551, 21.381031751714062 ], [ 72.623481631172439, 21.364876628153922 ], [ 72.639692306754597, 21.375769853495939 ], [ 72.648830652612645, 21.374136209818289 ], [ 72.649320840684396, 21.367286443414685 ], [ 72.643739342296925, 21.358566642037033 ], [ 72.647859811980851, 21.371983409107088 ], [ 72.636038303724746, 21.371251702703972 ], [ 72.589475036044206, 21.298385262569894 ], [ 72.589139580827094, 21.284760117185783 ], [ 72.595157742336056, 21.282966375298031 ], [ 72.598508476884803, 21.280093908307293 ], [ 72.59003102750998, 21.282339573012933 ], [ 72.587371945359138, 21.275711059617805 ], [ 72.604982256525972, 21.27652001418744 ], [ 72.597049832284057, 21.271583437625679 ], [ 72.597067117253772, 21.250049948246613 ], [ 72.609802245877091, 21.229930758797593 ], [ 72.621897101270207, 21.233574509556036 ], [ 72.647085547859859, 21.219653129288531 ], [ 72.653118848556147, 21.226358174989855 ], [ 72.646785855083209, 21.217384457226956 ], [ 72.618668317488897, 21.222226738972921 ], [ 72.624798178393263, 21.091995238989171 ], [ 72.634456754176, 21.081903934618992 ], [ 72.627159952769688, 21.075986742694084 ], [ 72.651370048488985, 21.076846956821669 ], [ 72.658733368250381, 21.087489724571157 ], [ 72.659922838568178, 21.138671755597073 ], [ 72.667381048496651, 21.155214548113008 ], [ 72.682484269233754, 21.158149957754404 ], [ 72.730561971857668, 21.140977859240849 ], [ 72.747041225472259, 21.156808852746394 ], [ 72.763758659134822, 21.163292646338647 ], [ 72.776395559307758, 21.177794456249245 ], [ 72.814153075603969, 21.194156527301942 ], [ 72.81417691663151, 21.208642601774727 ], [ 72.803880214300563, 21.215264559112114 ], [ 72.791399478703028, 21.233479857709312 ], [ 72.793334245978741, 21.24176752585069 ], [ 72.811304330930199, 21.255549311551533 ], [ 72.820619345006804, 21.257357358955062 ], [ 72.858491658863016, 21.223152637784068 ], [ 72.900326251655343, 21.240801215104057 ], [ 72.909703015881547, 21.253775358346218 ], [ 72.906260013588877, 21.245350361030432 ], [ 72.889578819007426, 21.231056332283998 ], [ 72.865751147397674, 21.221334457719053 ], [ 72.859446049095908, 21.2221312525553 ], [ 72.852084040546089, 21.225092530296109 ], [ 72.821367501808851, 21.254642248141266 ], [ 72.810350179916981, 21.252753258156389 ], [ 72.792649745889122, 21.234009742755489 ], [ 72.815673470354483, 21.209145665440104 ], [ 72.815564274671686, 21.194075107180453 ], [ 72.778237342979111, 21.17397058027808 ], [ 72.744336605250254, 21.143071532225434 ], [ 72.729008674510766, 21.138943671912955 ], [ 72.715252041948332, 21.140014052206766 ], [ 72.700265049592502, 21.100855112473539 ], [ 72.706546068546317, 21.073475956949892 ], [ 72.752412676403964, 21.062000155282988 ], [ 72.773437500240476, 21.069475412760198 ], [ 72.795225620066475, 21.061777353642043 ], [ 72.798912048152573, 21.043005824359341 ], [ 72.789968609663759, 21.061922550085711 ], [ 72.775372624547032, 21.067176938065359 ], [ 72.760738253667483, 21.051621556189872 ], [ 72.723338842014101, 21.048803925360971 ], [ 72.738119244807336, 20.984003544228244 ], [ 72.771158933837881, 20.916405916300079 ], [ 72.77814877054945, 20.915037155340485 ], [ 72.771078706217423, 20.921501278960932 ], [ 72.773437500240476, 20.937220931001264 ], [ 72.805149555207976, 20.946115374425091 ], [ 72.793754339091578, 20.936393380250394 ], [ 72.806586861594411, 20.936408042796955 ], [ 72.824411511781904, 20.9565516713227 ], [ 72.836611866644461, 20.957115530957054 ], [ 72.843896150387053, 20.952386379427935 ], [ 72.847283959487157, 20.945694446741356 ], [ 72.86209344905356, 20.947482347532343 ], [ 72.843178749499742, 20.941599249805563 ], [ 72.837986349990075, 20.945154071103616 ], [ 72.834480047116614, 20.955267309938421 ], [ 72.831263303458769, 20.955943345608972 ], [ 72.808930754750605, 20.935125946805101 ], [ 72.785858511860937, 20.927085757701633 ], [ 72.826297641023388, 20.813345671065917 ], [ 72.850795150176197, 20.798424720424578 ], [ 72.838711857366405, 20.798410534518609 ], [ 72.835255265418169, 20.781020045538725 ], [ 72.881140708676782, 20.741908430829483 ], [ 72.891829251918551, 20.75076091278595 ], [ 72.908381342524962, 20.745223045007549 ], [ 72.91607975957325, 20.753692150472489 ], [ 72.934324144943361, 20.762875080220908 ], [ 72.909676313211293, 20.743333935412835 ], [ 72.869913458939067, 20.732323646219413 ], [ 72.851024865804931, 20.742513656580087 ], [ 72.876554250778071, 20.64878964402692 ], [ 72.892601966507669, 20.632741928297406 ], [ 72.886392950874125, 20.631144165770678 ], [ 72.897584081140593, 20.574803352792571 ], [ 72.886028647204313, 20.550037145997521 ], [ 72.891776561539217, 20.532089233831186 ], [ 72.885996341757817, 20.529351115661456 ], [ 72.884871959873152, 20.499783754017074 ], [ 72.867664217629596, 20.487808942828565 ], [ 72.859366058896541, 20.464917540112424 ], [ 72.832792758878867, 20.445601344526551 ], [ 72.829431057097651, 20.415364622879167 ], [ 72.855039477190218, 20.408502102290214 ], [ 72.8647629021863, 20.394510745774369 ], [ 72.864966631005274, 20.38118135953215 ], [ 72.881756901659827, 20.371242045983763 ], [ 72.885419964459942, 20.347709179335254 ], [ 72.880573272438681, 20.369033455829367 ], [ 72.863975048409799, 20.378728032372862 ], [ 72.854794144834017, 20.406122445794296 ], [ 72.830396413663635, 20.409508109111982 ], [ 72.822611927898294, 20.367579221503945 ], [ 72.807267308439663, 20.35224521134748 ], [ 72.789379238960777, 20.349573850752705 ], [ 72.775843858507329, 20.333057642196508 ], [ 72.774432063189266, 20.303722500792844 ], [ 72.757109045845908, 20.293661952337288 ], [ 72.751499056936069, 20.259269356495736 ], [ 72.740764737302896, 20.243627429262517 ], [ 72.74822831168737, 20.203819632270267 ], [ 72.763027429372386, 20.2148437503389 ], [ 72.746423601667999, 20.198166132361138 ], [ 72.738366842555848, 20.114559053957294 ], [ 72.72601664085542, 20.081520915357999 ], [ 72.712178349850973, 20.079399466811992 ], [ 72.708032846638702, 20.070553302592884 ], [ 72.721431016628259, 20.001035452124469 ], [ 72.716633319672013, 19.972736716426425 ], [ 72.733224868932695, 19.960818529251739 ], [ 72.738249420774224, 19.944285154436386 ], [ 72.753522753672286, 19.94259345502401 ], [ 72.755552530724771, 19.938806652704926 ], [ 72.755097747163376, 19.927271127960253 ], [ 72.751601457341536, 19.941642642294127 ], [ 72.734569549645158, 19.942545771170444 ], [ 72.730431080030456, 19.958036065512147 ], [ 72.71305024617206, 19.969544649266226 ], [ 72.664588570805989, 19.933175205971096 ], [ 72.677194833774678, 19.919045448288898 ], [ 72.681357264925992, 19.865131855151091 ], [ 72.670022606458275, 19.851618170842016 ], [ 72.652190208611302, 19.858023643376526 ], [ 72.650814771984216, 19.83961784858495 ], [ 72.659372210659143, 19.821072935867306 ], [ 72.67975044262883, 19.813146233112249 ], [ 72.687248944883066, 19.794316768604119 ], [ 72.688801645979282, 19.805503726016184 ], [ 72.695592641687114, 19.804651379157846 ], [ 72.689903258828423, 19.802572607939567 ], [ 72.685430646107505, 19.759832859199165 ], [ 72.693772435449631, 19.735678672532728 ], [ 72.706967234550262, 19.732313752078014 ], [ 72.714092374263799, 19.752094506856082 ], [ 72.71947324289593, 19.754837154910874 ], [ 72.70875251291821, 19.726656675565181 ], [ 72.693965077426498, 19.727523923290548 ], [ 72.709638118504444, 19.707412243180542 ], [ 72.712400555241544, 19.647475123178424 ], [ 72.737836956610266, 19.597794771111907 ], [ 72.71276164023763, 19.595445513499726 ], [ 72.723067164018545, 19.544537544572066 ], [ 72.71694862827664, 19.544564247242278 ], [ 72.742409825752901, 19.515515923920873 ], [ 72.764971256418363, 19.504241109040038 ], [ 72.783489823496581, 19.516343236351346 ], [ 72.778912067438085, 19.528738856513129 ], [ 72.786723017553328, 19.524037957185996 ], [ 72.783053279085635, 19.505164146208429 ], [ 72.827438473306898, 19.511257768031655 ], [ 72.848513245490011, 19.540427803800114 ], [ 72.890465855415044, 19.52704393842707 ], [ 72.891374111326314, 19.54610753063811 ], [ 72.864946722713199, 19.583558559779817 ], [ 72.855144739238455, 19.63306844265459 ], [ 72.857623577466285, 19.642413735105862 ], [ 72.868950963116532, 19.579403042616377 ], [ 72.888631343661672, 19.560688972817942 ], [ 72.897104978112253, 19.53113114848378 ], [ 72.880644679508379, 19.52014791989069 ], [ 72.841951251349229, 19.520710110383334 ], [ 72.822366118001952, 19.490873337034969 ], [ 72.777002572910504, 19.491060852876146 ], [ 72.745276450747696, 19.4635863305448 ], [ 72.765922069148331, 19.392815351247577 ], [ 72.760262608532713, 19.372341752469922 ], [ 72.807893872404378, 19.325636506119949 ], [ 72.846913814720921, 19.342354774353382 ], [ 72.877036451970781, 19.327715635268433 ], [ 72.903406024068801, 19.292170405339931 ], [ 72.936366438760246, 19.289099455275732 ], [ 72.946115731855656, 19.300751567231131 ], [ 72.963261842659989, 19.304329633306025 ], [ 72.982215166296925, 19.293015241959893 ], [ 73.001172423568534, 19.260571479690086 ], [ 73.00527262703028, 19.229747176091351 ], [ 73.030645132467015, 19.199956417454771 ], [ 73.060963035016215, 19.205353856095684 ], [ 73.066831350586511, 19.233677506611684 ], [ 73.082006573744394, 19.244520425677138 ], [ 73.109812617658207, 19.235493421284446 ], [ 73.114899158869179, 19.248256325469058 ], [ 73.100860953070566, 19.26727020765405 ], [ 73.112979650390713, 19.280374646472836 ], [ 73.129251956512718, 19.283730745477584 ], [ 73.140998959534414, 19.26888215518737 ], [ 73.151075839678327, 19.270277142176496 ], [ 73.139069080074051, 19.267686009201995 ], [ 73.126989364767468, 19.282013654606587 ], [ 73.111225604578095, 19.276399612452238 ], [ 73.103760242341451, 19.265485405926754 ], [ 73.117583036228297, 19.24930393672733 ], [ 73.112852335167275, 19.233736753048774 ], [ 73.101821064790471, 19.230102777920933 ], [ 73.079736352150945, 19.239825844986811 ], [ 73.068012714415403, 19.229493737246244 ], [ 73.065215348909391, 19.204381108001783 ], [ 73.027062535607598, 19.190819144487975 ], [ 73.004592538115304, 19.220555543603496 ], [ 72.987239003177564, 19.279505849215681 ], [ 72.967497467833965, 19.293849945019005 ], [ 72.936820269040282, 19.28641593494757 ], [ 72.899719238052427, 19.287630558403606 ], [ 72.852308630938609, 19.318570255812745 ], [ 72.816193461059385, 19.302767872439446 ], [ 72.78956043706458, 19.308979869325569 ], [ 72.778206825384785, 19.278823136978275 ], [ 72.784511327435922, 19.265796542576439 ], [ 72.776149154060334, 19.222795128892187 ], [ 72.784425258718812, 19.19232082344729 ], [ 72.793396115738204, 19.195552349261618 ], [ 72.804085612261332, 19.218863845090411 ], [ 72.798682451234214, 19.223120450548379 ], [ 72.805325627176074, 19.221216916727414 ], [ 72.820561408882014, 19.245222449056826 ], [ 72.836495756973676, 19.251154303528367 ], [ 72.834266543566144, 19.26016485662295 ], [ 72.839226246194386, 19.267401218191765 ], [ 72.839191913675933, 19.250406503757191 ], [ 72.829304814765436, 19.246456622874902 ], [ 72.797002076984398, 19.199109554662257 ], [ 72.794818878288737, 19.172451138309441 ], [ 72.780455947084334, 19.166244864708801 ], [ 72.788940548767442, 19.150060057225957 ], [ 72.786600350925625, 19.129549980147473 ], [ 72.793938040907989, 19.130132436862596 ], [ 72.802586555725014, 19.145372748453639 ], [ 72.798072457278153, 19.155898213132133 ], [ 72.804260730948073, 19.150977849548184 ], [ 72.829712629434397, 19.181932211302637 ], [ 72.829366445305283, 19.166109442996472 ], [ 72.803615927832908, 19.140819549282867 ], [ 72.821374655016456, 19.121851921029403 ], [ 72.826781153427561, 19.09404885746892 ], [ 72.816162466824466, 19.04225945491001 ], [ 72.824505448667622, 19.037778616090293 ], [ 72.834611773514581, 19.049529671457194 ], [ 72.838346362094939, 19.035134434806409 ], [ 72.825307846280083, 19.018040657350582 ], [ 72.815034031695319, 19.027043700206704 ], [ 72.81438875193939, 18.982887148722995 ], [ 72.792198657642047, 18.950494646910485 ], [ 72.793418168913462, 18.938745737325974 ], [ 72.809909224331335, 18.954748511234925 ], [ 72.823797941222125, 18.939798116789731 ], [ 72.818410753953202, 18.925343156161802 ], [ 72.82567226866027, 18.919497847947369 ], [ 72.803526759152732, 18.907173633956162 ], [ 72.807760476864615, 18.891057848540939 ], [ 72.833402752834928, 18.921093702112714 ], [ 72.84044635281694, 18.91993737181231 ], [ 72.844861030312444, 18.924548029567987 ], [ 72.838753700123306, 18.925101041579907 ], [ 72.843538165354147, 18.954198837506425 ], [ 72.850939869979101, 18.957354426365711 ], [ 72.851207256409879, 18.977034806910851 ], [ 72.860907912370322, 18.981680512145942 ], [ 72.862393855891895, 19.002721071420368 ], [ 72.885168433076814, 19.008976459695916 ], [ 72.886344909989617, 18.999441861752558 ], [ 72.909068346327246, 18.991132259146468 ], [ 72.907016516099389, 18.999115825135306 ], [ 72.918528676457385, 18.999438047727821 ], [ 72.955622554237522, 19.027989149379792 ], [ 72.96054685145603, 19.065054774058652 ], [ 72.941156745087852, 19.058368325437911 ], [ 72.93817067123959, 19.060511946769026 ], [ 72.932142019139036, 19.072754621928354 ], [ 72.922231554942442, 19.074151754699784 ], [ 72.932405233614674, 19.073580026896821 ], [ 72.941730618673233, 19.059620380476233 ], [ 72.958424568339325, 19.068956732767063 ], [ 72.95711481549634, 19.101434230405502 ], [ 72.978148579493364, 19.14831185340941 ], [ 72.984227180839781, 19.183314561917584 ], [ 72.978350758780635, 19.107054949126706 ], [ 72.991778016442453, 19.082726359633867 ], [ 72.98149573833777, 19.064116120162893 ], [ 72.998574018676123, 19.048463344407878 ], [ 73.003442763872584, 19.00127601647506 ], [ 73.029203653226176, 19.001679539579158 ], [ 73.045153141404427, 19.016153455217804 ], [ 73.080103158633989, 19.031761169542406 ], [ 73.072210073436196, 19.022638559122257 ], [ 73.060085177089348, 19.018801450526595 ], [ 73.065847754870077, 19.005888820013055 ], [ 73.076479316167621, 19.003228545361196 ], [ 73.059398650827148, 18.995014547883088 ], [ 73.039786457778945, 19.004419565210867 ], [ 73.032563805475405, 19.001192808501401 ], [ 73.031797408623646, 18.993368625761562 ], [ 73.012256860965437, 18.977528452875845 ], [ 72.979531049718247, 18.962799668470041 ], [ 72.955912828414313, 18.973890423604232 ], [ 72.95488286005596, 18.964350700424561 ], [ 72.980721354606914, 18.946645736511641 ], [ 72.999335050172505, 18.953371525075866 ], [ 73.001440524960373, 18.94725990332195 ], [ 72.980136513789176, 18.942754745035515 ], [ 72.981504916818579, 18.936447262631134 ], [ 72.951812267022632, 18.960362315068892 ], [ 72.947446704202122, 18.952819942986082 ], [ 72.949691653047438, 18.962649941241921 ], [ 72.939413428187237, 18.945991277375612 ], [ 72.9613940712795, 18.922879815051502 ], [ 72.95720267296511, 18.90808021982636 ], [ 72.942579745958511, 18.909220456758703 ], [ 72.941168546890964, 18.895342468779987 ], [ 72.923058032802118, 18.912035941805314 ], [ 72.907880902181915, 18.899342537228364 ], [ 72.92296349966594, 18.855126261767609 ], [ 72.943133950471548, 18.845743178904655 ], [ 72.983765959931162, 18.864237070384576 ], [ 73.00478184180858, 18.882758736526526 ], [ 72.98131167859114, 18.851835846547132 ], [ 72.979750037334469, 18.817199349170693 ], [ 72.99181985829992, 18.806112051030382 ], [ 73.007365822474895, 18.81372380221174 ], [ 73.002059459976266, 18.805377960524496 ], [ 73.015925168611744, 18.802814841431882 ], [ 72.975986242371306, 18.803943633591885 ], [ 73.001008868364664, 18.781369924482462 ], [ 72.98782157860299, 18.750205635781526 ], [ 73.001078367073063, 18.727599143685637 ], [ 73.026906967282883, 18.709877252733037 ], [ 73.029852032945058, 18.701835274878107 ], [ 73.028203725821385, 18.683390259752798 ], [ 73.046174049093139, 18.667246222135475 ], [ 73.040746807818977, 18.657187819462408 ], [ 73.060430526647536, 18.645839572238515 ], [ 73.070190668264758, 18.628094554320342 ], [ 73.038768649153923, 18.657218575377016 ], [ 73.044569253867991, 18.667591810014059 ], [ 73.026687741346194, 18.680920600905054 ], [ 73.023952245599816, 18.709879040585307 ], [ 72.997931957593806, 18.723263025568187 ], [ 72.986552357305555, 18.740375876745361 ], [ 72.983450174685828, 18.753663659450353 ], [ 72.994933009051152, 18.780011057864115 ], [ 72.963057517590499, 18.795141100881153 ], [ 72.943353653048661, 18.827616452737189 ], [ 72.916368007577631, 18.792631149707844 ], [ 72.900696516031502, 18.803737163639283 ], [ 72.887996554497505, 18.797978043751812 ], [ 72.869225501855482, 18.804068446002077 ], [ 72.864388465855114, 18.721459626760378 ], [ 72.855333805510867, 18.697089433730397 ], [ 72.870788455223106, 18.639538049641374 ], [ 72.887238860385168, 18.641153455067951 ], [ 72.90170633777737, 18.632812500296723 ], [ 72.884358763546203, 18.638353347529048 ], [ 72.924759626555641, 18.545073032594459 ], [ 72.967205643225924, 18.542569875799202 ], [ 73.009381532331957, 18.457031249692477 ], [ 73.022323370127452, 18.460557102928078 ], [ 73.025370001624395, 18.474504709225016 ], [ 73.040398955447444, 18.484458446100462 ], [ 73.050647735604599, 18.487472653440278 ], [ 73.055390834719304, 18.486307143759774 ], [ 73.063052415536646, 18.47706842456823 ], [ 73.078981280461818, 18.473471760513377 ], [ 73.092216253177668, 18.462984323667669 ], [ 73.061357140419744, 18.475895762579469 ], [ 73.055137872514962, 18.484198927838293 ], [ 73.050721168846934, 18.482488751854532 ], [ 73.042176365646895, 18.483957529116751 ], [ 73.02588665494531, 18.472167253416103 ], [ 73.022100925517435, 18.459276676077749 ], [ 73.010772109045746, 18.455147147522908 ], [ 73.007910609287279, 18.457031249692477 ], [ 72.986107468984557, 18.496467829027154 ], [ 72.972775936060742, 18.509228229499243 ], [ 72.967279553109023, 18.535808444404239 ], [ 72.94429707514999, 18.540707110944481 ], [ 72.915918708081989, 18.529089451117343 ], [ 72.904616474670689, 18.539187550764922 ], [ 72.911432146876137, 18.503336906573026 ], [ 72.904390930996811, 18.501832842611648 ], [ 72.894645571535904, 18.457031249692477 ], [ 72.905349969825266, 18.440320015056741 ], [ 72.906568646525983, 18.402818560927926 ], [ 72.926259755983011, 18.38623595272712 ], [ 72.926097750311015, 18.372954726079854 ], [ 72.911499619412069, 18.366766572019756 ], [ 72.917554378831682, 18.34852612028422 ], [ 72.933918952697553, 18.350919603856724 ], [ 72.934365511059553, 18.34295272838574 ], [ 72.949751258314024, 18.337573766316382 ], [ 72.960755943831799, 18.3194291589286 ], [ 72.956018328783017, 18.315127849970352 ], [ 72.967676043514615, 18.309936642961816 ], [ 72.970526337720429, 18.299360156146406 ], [ 72.981525421361113, 18.299502968487289 ], [ 72.993314146630638, 18.27347004410727 ], [ 72.998261212884728, 18.282888769800962 ], [ 73.012124657926648, 18.283693909446413 ], [ 73.028432607778683, 18.264269709779384 ], [ 73.054551720485648, 18.27066552629303 ], [ 73.040414332955237, 18.293175220759892 ], [ 73.041242957496564, 18.30225062396714 ], [ 73.050245165781888, 18.307551145369118 ], [ 73.06806075529974, 18.304715752929695 ], [ 73.084982752352147, 18.329841852219758 ], [ 73.087948322557196, 18.326522946476913 ], [ 73.07786154717283, 18.298173427861514 ], [ 73.082513571044529, 18.295659422544347 ], [ 73.086364030975261, 18.287998556688095 ], [ 73.076238751117586, 18.29845344976701 ], [ 73.048435210916324, 18.303577780490215 ], [ 73.043069243151109, 18.298394203329821 ], [ 73.067921757882942, 18.269961953381539 ], [ 73.061666607927719, 18.251188754957113 ], [ 73.080611943786295, 18.230092048309444 ], [ 73.075508355925905, 18.199820160472115 ], [ 73.059793710411526, 18.190466761531852 ], [ 73.090704440657504, 18.169062018197621 ], [ 73.091909169772435, 18.162392616226313 ], [ 73.083950161570812, 18.161655068726517 ], [ 73.088298202000573, 18.151739240073951 ], [ 73.079664945980625, 18.162219047970723 ], [ 73.072940111597035, 18.15655124164654 ], [ 73.076966523886057, 18.164706826358994 ], [ 73.069300651503937, 18.165320515629318 ], [ 73.071549773203486, 18.172178507232374 ], [ 73.055450200766217, 18.188405156572756 ], [ 73.070417046509618, 18.206893921017695 ], [ 73.06914317571713, 18.222267150608545 ], [ 73.017483115453416, 18.245623111617405 ], [ 72.981785177943749, 18.241979241249112 ], [ 72.974053620877982, 18.247245669352239 ], [ 72.965548157621498, 18.279523849346248 ], [ 72.935403108366842, 18.281249999987608 ], [ 72.942717671383463, 18.246968150260003 ], [ 72.931643843288867, 18.219448328177862 ], [ 72.956251859335936, 18.219316243849676 ], [ 72.987825274816629, 18.194438933909723 ], [ 72.979219556037805, 18.192801951948624 ], [ 72.990401029384117, 18.158352255452272 ], [ 72.972620845275884, 18.124585151583489 ], [ 73.002887249047404, 18.07554662227885 ], [ 72.990738868703858, 18.060705542227012 ], [ 72.993938326492611, 18.049983858967934 ], [ 73.00503551987336, 18.052281737412343 ], [ 73.016077637872769, 18.032318353709144 ], [ 73.025130629974598, 18.050078034173964 ], [ 73.040284753238865, 18.053002834513308 ], [ 73.039598226976722, 18.049016833260339 ], [ 73.021877646336321, 18.039419770206294 ], [ 73.029714345840404, 18.032335758288696 ], [ 73.041413307078557, 18.044343948714356 ], [ 73.045335769430295, 18.041522621671703 ], [ 73.02932262453956, 18.027769804033298 ], [ 73.002249241209569, 18.020999551188382 ], [ 73.016353011182588, 18.00685226931688 ], [ 73.018148541821887, 17.990844369272324 ], [ 73.037530541701273, 17.984098434095557 ], [ 73.038022279304784, 17.991120577152984 ], [ 73.083314419125287, 17.993520617682407 ], [ 73.112231850619452, 17.981457829415305 ], [ 73.132302880473645, 18.016523837605064 ], [ 73.147989749527454, 18.021784305901051 ], [ 73.151232122964103, 18.035368323489337 ], [ 73.170195102621989, 18.058182358429121 ], [ 73.176112413257357, 18.06181681199638 ], [ 73.19116103615292, 18.05983304965558 ], [ 73.201342940024773, 18.07088911524049 ], [ 73.228945851370014, 18.057786225953677 ], [ 73.261329173802409, 18.072699546746719 ], [ 73.276656508291325, 18.067865848130509 ], [ 73.299412846325964, 18.077215433045851 ], [ 73.311600447003087, 18.06231117292235 ], [ 73.34635674936456, 18.087182402545892 ], [ 73.346815347850082, 18.093691349276469 ], [ 73.334297657311112, 18.098858118107728 ], [ 73.332728862846835, 18.106556773476399 ], [ 73.353543042977122, 18.091045856780909 ], [ 73.341783642800948, 18.081938147227788 ], [ 73.363295078105438, 18.090050339651555 ], [ 73.3849698302935, 18.086972117669177 ], [ 73.389864325778177, 18.085070848341061 ], [ 73.394601822116471, 18.080582142252112 ], [ 73.395473718437501, 18.072844028229412 ], [ 73.390478253368798, 18.083391546982384 ], [ 73.36181557193126, 18.08786034567845 ], [ 73.307880401359483, 18.058383345215262 ], [ 73.298602223513825, 18.074135065281155 ], [ 73.27874553178097, 18.065040230422426 ], [ 73.266432046701681, 18.068470000989805 ], [ 73.228722810509311, 18.055155753934983 ], [ 73.203327179006152, 18.06717216956001 ], [ 73.191818356931691, 18.05611956096908 ], [ 73.176357268972907, 18.059260010641026 ], [ 73.150115967178266, 18.019302248999622 ], [ 73.133346557197996, 18.01182973355543 ], [ 73.118714571320567, 17.978605747357406 ], [ 73.086806654803439, 17.987093449003538 ], [ 73.048481941488518, 17.980917930418244 ], [ 73.029719471976108, 17.967211962062422 ], [ 73.028608441426599, 17.949057459434286 ], [ 73.042394042051541, 17.932271361634079 ], [ 73.067384004668185, 17.933741211787577 ], [ 73.071889758305844, 17.929032563901757 ], [ 73.076593041735606, 17.935144663195729 ], [ 73.085629105898562, 17.939702272641838 ], [ 73.092369437399753, 17.940430760371356 ], [ 73.072207569723588, 17.927271365780996 ], [ 73.05256974689641, 17.928795338034547 ], [ 73.050680637301667, 17.90650618071578 ], [ 73.063675642117261, 17.89082872846312 ], [ 73.076594471657614, 17.896385073712267 ], [ 73.071355700405348, 17.88895034778038 ], [ 73.090481042765958, 17.84376525875976 ], [ 73.096671462218268, 17.845344900846584 ], [ 73.102045178542284, 17.844395637648674 ], [ 73.096861720092448, 17.843726634676543 ], [ 73.124999999650385, 17.836774468766734 ], [ 73.128758311447001, 17.83464252962915 ], [ 73.132558941741848, 17.829803943197447 ], [ 73.134064555235199, 17.824623704320572 ], [ 73.124999999650385, 17.835937500315481 ], [ 73.087579727322662, 17.838322878298257 ], [ 73.094733119238214, 17.824441075395441 ], [ 73.088804960080921, 17.808241963296084 ], [ 73.095716833665023, 17.810520171768616 ], [ 73.112086653276577, 17.789162635647187 ], [ 73.135149717685323, 17.715843677343969 ], [ 73.135744333234555, 17.707701206545551 ], [ 73.113951802233913, 17.689651847255007 ], [ 73.138018369752132, 17.643545747238463 ], [ 73.127088427788834, 17.637110948711381 ], [ 73.145049214649617, 17.600475549806887 ], [ 73.167546511062795, 17.582234143890716 ], [ 73.215492248968275, 17.592007756452915 ], [ 73.238348841625879, 17.572958708077962 ], [ 73.268336058062772, 17.600693941172509 ], [ 73.288822651144557, 17.606613159269955 ], [ 73.300403952280618, 17.600770235158308 ], [ 73.306759953109378, 17.579530834880202 ], [ 73.325130820031376, 17.583096027160011 ], [ 73.342757105855895, 17.570799470019566 ], [ 73.371701836270773, 17.570808649399666 ], [ 73.399426936703861, 17.585907220641829 ], [ 73.43356251709659, 17.583587765662898 ], [ 73.431078076092462, 17.59894037289996 ], [ 73.409889340021124, 17.608730077930858 ], [ 73.401171564815883, 17.616958737056137 ], [ 73.434071540569306, 17.599441647813805 ], [ 73.438586353977058, 17.593580961192473 ], [ 73.439651846455575, 17.587747454781294 ], [ 73.45320332027714, 17.585079311960754 ], [ 73.476562499959499, 17.569754362473915 ], [ 73.404139519123618, 17.582523346075675 ], [ 73.368490576678852, 17.564732075125249 ], [ 73.343262553623987, 17.566875458135968 ], [ 73.323480010094471, 17.579386353397524 ], [ 73.304171323847669, 17.577880501583962 ], [ 73.290909409242005, 17.603720069026053 ], [ 73.267701267999172, 17.595945715922099 ], [ 73.242701649361635, 17.567448615860982 ], [ 73.204814553349053, 17.586742401240912 ], [ 73.174405574657641, 17.573971033536452 ], [ 73.164076328559844, 17.577020645386526 ], [ 73.157061815350545, 17.566904544908866 ], [ 73.149946927908474, 17.57338345068581 ], [ 73.137372970386338, 17.556810617216328 ], [ 73.154540657725278, 17.529436349508003 ], [ 73.162325143490676, 17.529795646651863 ], [ 73.183955908038826, 17.505540252081047 ], [ 73.19364094727203, 17.468236446454952 ], [ 73.184254646634685, 17.455750346401416 ], [ 73.186135173099814, 17.441859603338074 ], [ 73.205700755185859, 17.438688159431109 ], [ 73.187376857156352, 17.430651545132804 ], [ 73.187184333889974, 17.414387941750192 ], [ 73.178750753444575, 17.406979441847852 ], [ 73.167179345750327, 17.405341863636153 ], [ 73.176880001710714, 17.387305617360454 ], [ 73.199813842534894, 17.387712478747957 ], [ 73.216425776728357, 17.370578765997337 ], [ 73.220321178479736, 17.352817654711089 ], [ 73.214771508898167, 17.345970034989179 ], [ 73.226955056330809, 17.334018946117496 ], [ 73.219200849839496, 17.329127907626912 ], [ 73.229359626745492, 17.318994402569714 ], [ 73.242656111290586, 17.318515658371027 ], [ 73.235013962124782, 17.292781472587009 ], [ 73.269966125136733, 17.296809077377134 ], [ 73.279157757624574, 17.288637160976222 ], [ 73.294648527707437, 17.294110656181928 ], [ 73.29794991016027, 17.272314428967803 ], [ 73.334198355969505, 17.266259550837731 ], [ 73.340471148824491, 17.257773518333295 ], [ 73.339174151066317, 17.232352852402286 ], [ 73.366250753069863, 17.238242625796616 ], [ 73.374887347373289, 17.215151310084991 ], [ 73.387992143222874, 17.218152165190276 ], [ 73.416009306584357, 17.210554241984752 ], [ 73.432818650960002, 17.227903008716936 ], [ 73.42411315419875, 17.208574652498285 ], [ 73.442618251231437, 17.203566551055587 ], [ 73.449689745485415, 17.192799449335155 ], [ 73.464011549793241, 17.195518851713715 ], [ 73.468484163413422, 17.194472432057111 ], [ 73.472412705182279, 17.18308424953851 ], [ 73.470112442635269, 17.173420906449763 ], [ 73.478597402248482, 17.165176749307648 ], [ 73.469214438995294, 17.170620680200315 ], [ 73.466794848103831, 17.193314313904523 ], [ 73.448876142320131, 17.191046356804009 ], [ 73.436907052618466, 17.203642130080311 ], [ 73.39816415275348, 17.213333844981065 ], [ 73.375479340499311, 17.211968541015437 ], [ 73.362304448791321, 17.23595714540599 ], [ 73.350900054194284, 17.226562499959513 ], [ 73.338674664903948, 17.228440642321857 ], [ 73.332455635319462, 17.26459825030912 ], [ 73.294072627949589, 17.261474608966111 ], [ 73.299716830667222, 17.26603245763188 ], [ 73.290419101560445, 17.287845730596061 ], [ 73.274822950718629, 17.281765818937487 ], [ 73.268352150531399, 17.291016221221739 ], [ 73.259830355586558, 17.288126945901865 ], [ 73.258354306406176, 17.264806866943388 ], [ 73.248393416323182, 17.282920837127023 ], [ 73.226185440805608, 17.281670451230426 ], [ 73.222034454426563, 17.302611469943457 ], [ 73.205217481101982, 17.298614263137821 ], [ 73.191617846786329, 17.304764866905188 ], [ 73.203806639065277, 17.269623041370309 ], [ 73.211597562177786, 17.275719762257296 ], [ 73.220839619652821, 17.269860506457277 ], [ 73.228752255212413, 17.251262665040073 ], [ 73.223290920639585, 17.247707843742049 ], [ 73.230947375321222, 17.246584653459038 ], [ 73.235173821115012, 17.226562499959513 ], [ 73.243959308075688, 17.223308444329319 ], [ 73.24536025487194, 17.196845769916408 ], [ 73.231241345711652, 17.199597239421095 ], [ 73.250942945760443, 17.191048145555555 ], [ 73.260036826438551, 17.171700954835302 ], [ 73.272544264706113, 17.11994540725486 ], [ 73.26620984041196, 17.112300515156647 ], [ 73.277304530080158, 17.112278938622225 ], [ 73.285117745587542, 17.099658370137732 ], [ 73.283579349107839, 17.079606652325253 ], [ 73.298171878129693, 17.077839851428109 ], [ 73.28856921229945, 17.07525706326291 ], [ 73.287728428923998, 17.053449868816415 ], [ 73.278660774275437, 17.040336846868044 ], [ 73.289864421306078, 17.04736256563001 ], [ 73.302976012433049, 17.037526011316444 ], [ 73.320016264938687, 17.03778660336917 ], [ 73.314293027101627, 17.033261418080031 ], [ 73.284658550851447, 17.0398889781939 ], [ 73.280418753722614, 17.03234946685447 ], [ 73.293110251736806, 17.022163272317187 ], [ 73.288763761738238, 17.006733656133349 ], [ 73.289940476072132, 17.021534204639863 ], [ 73.282709836889609, 17.017953872273466 ], [ 73.268521547731353, 17.045110225256778 ], [ 73.256460070675786, 17.04780471281731 ], [ 73.257407665631348, 17.019738674000678 ], [ 73.275917172039982, 17.023305654132741 ], [ 73.284260272593627, 17.010699510773861 ], [ 73.282809138231215, 17.000721335721153 ], [ 73.269525647091058, 16.999911546580705 ], [ 73.268578529675523, 16.990501404016683 ], [ 73.304176330373451, 16.983720779290636 ], [ 73.311519980163069, 16.972902059182772 ], [ 73.307883501322607, 16.965185165563014 ], [ 73.317556738752529, 16.96054625470596 ], [ 73.332345605065683, 16.975794672785995 ], [ 73.344508171315198, 16.975041031918153 ], [ 73.333109855235676, 16.975018620812818 ], [ 73.323171853798073, 16.958761810908882 ], [ 73.311340451200948, 16.958228826798972 ], [ 73.294968724127472, 16.980630874215535 ], [ 73.291998743647156, 16.9562503102037 ], [ 73.281907915917685, 16.949064611942305 ], [ 73.286753058407015, 16.917061328617464 ], [ 73.277181148491223, 16.89301860302615 ], [ 73.295444369262299, 16.897601008579741 ], [ 73.31331145755783, 16.889327764664642 ], [ 73.297156452708151, 16.889640569556676 ], [ 73.286103129156146, 16.880729436514358 ], [ 73.295094371108377, 16.861578702694985 ], [ 73.28802251802486, 16.844558953832731 ], [ 73.295595407701938, 16.816567539860088 ], [ 73.315600872482406, 16.806918740607429 ], [ 73.331103563079097, 16.819294214156741 ], [ 73.344980001526011, 16.799966573798358 ], [ 73.341470837908986, 16.771697521123812 ], [ 73.363363027281963, 16.747065544439337 ], [ 73.341040849555696, 16.766313552528501 ], [ 73.341215729922084, 16.79570507962579 ], [ 73.326440572874191, 16.81279897669144 ], [ 73.305295944052745, 16.76688063173583 ], [ 73.305758118242665, 16.728937149130161 ], [ 73.317401170427814, 16.698519825629504 ], [ 73.339839100793967, 16.685142159283259 ], [ 73.329592943059964, 16.685407399931634 ], [ 73.333369851037816, 16.6536575554519 ], [ 73.322831630375532, 16.638903141267008 ], [ 73.340056419268393, 16.637802720019636 ], [ 73.342165708980446, 16.628515004863658 ], [ 73.333564877117539, 16.619223356073093 ], [ 73.368320465417156, 16.637820839560163 ], [ 73.387656927225436, 16.632904648830547 ], [ 73.395197748877166, 16.617918848975819 ], [ 73.385488748107406, 16.615366100864875 ], [ 73.385097146416314, 16.601032614363703 ], [ 73.400305151661513, 16.591591357954854 ], [ 73.408047437639169, 16.594556570229599 ], [ 73.436156511713733, 16.59454512635655 ], [ 73.397944569786119, 16.590996504085496 ], [ 73.380538344469102, 16.60316252732882 ], [ 73.380298733599744, 16.61927294738868 ], [ 73.367612123400903, 16.630060553651717 ], [ 73.340588569706853, 16.606277346322571 ], [ 73.351964354171656, 16.594841837880608 ], [ 73.333224654594147, 16.607484817470436 ], [ 73.320360303285412, 16.606705903854433 ], [ 73.322607636233585, 16.583362460509193 ], [ 73.341712474950924, 16.579461455082139 ], [ 73.344067215729552, 16.565636753733287 ], [ 73.36229956187529, 16.568265557509548 ], [ 73.35501456227226, 16.565678954420321 ], [ 73.356378674636204, 16.555435657429712 ], [ 73.393907904326426, 16.55395972695986 ], [ 73.37383627912115, 16.55001175443897 ], [ 73.346086144260227, 16.556298733200023 ], [ 73.35111534559681, 16.543345928172087 ], [ 73.367725730258343, 16.544610977514708 ], [ 73.372797847242992, 16.540047049431877 ], [ 73.354403734644762, 16.539229750952316 ], [ 73.3583098653082, 16.526257157242128 ], [ 73.38541793818743, 16.513884902366414 ], [ 73.42159950771125, 16.515874504904517 ], [ 73.466789245327533, 16.494449138317137 ], [ 73.495263576353096, 16.520306348659162 ], [ 73.501983046280685, 16.521477341506213 ], [ 73.513056278124765, 16.513671755846957 ], [ 73.51799333132729, 16.524165868360157 ], [ 73.522636651560305, 16.525127052971172 ], [ 73.529936313710067, 16.522589444947016 ], [ 73.534379124696926, 16.517810940422677 ], [ 73.520513415162071, 16.523810744070715 ], [ 73.51615130933547, 16.515023827187974 ], [ 73.513480067451241, 16.513303756862967 ], [ 73.51191365708965, 16.513175607068717 ], [ 73.497643351559503, 16.519780755177806 ], [ 73.467091322206869, 16.49305236347584 ], [ 73.451325535844916, 16.494093417777094 ], [ 73.41680395563813, 16.513249159021598 ], [ 73.367040753528073, 16.512983441732544 ], [ 73.350147246997864, 16.504627108554232 ], [ 73.36329305193297, 16.47962975530902 ], [ 73.369036555093061, 16.491148353014182 ], [ 73.387318729975476, 16.493771553114783 ], [ 73.38278961195104, 16.484008669464572 ], [ 73.369297147145716, 16.487807154876378 ], [ 73.365564465128074, 16.474963068890574 ], [ 73.349238753665674, 16.504714608092783 ], [ 73.364032864824907, 16.515775680203561 ], [ 73.34756755789661, 16.529305815810829 ], [ 73.333537459486166, 16.562135100354652 ], [ 73.32170724849081, 16.551694035251572 ], [ 73.317827463466728, 16.556035160794082 ], [ 73.311027646308929, 16.541802525166517 ], [ 73.316505550890525, 16.513457417725746 ], [ 73.325406432560982, 16.51307833189955 ], [ 73.350825429350181, 16.44570004951774 ], [ 73.355179071656863, 16.446180462858138 ], [ 73.36492216572546, 16.439320206762233 ], [ 73.357102632480547, 16.440168857406917 ], [ 73.366172552521419, 16.397233843367303 ], [ 73.398309826737176, 16.401264429409906 ], [ 73.413548469186509, 16.413207411792698 ], [ 73.459279179590595, 16.413825034697695 ], [ 73.410666107854667, 16.407767057503762 ], [ 73.401247501770882, 16.389641642547801 ], [ 73.3886233566827, 16.394901037053316 ], [ 73.374076723661886, 16.376317739472199 ], [ 73.372063755837729, 16.390005231256453 ], [ 73.366718411325706, 16.377807855847919 ], [ 73.372628211722684, 16.359626650549558 ], [ 73.390989303913358, 16.365420222565291 ], [ 73.393485903751611, 16.358654737026569 ], [ 73.411847233363261, 16.360146522544085 ], [ 73.394414901626561, 16.354631543411074 ], [ 73.388744354168779, 16.361141205102626 ], [ 73.385715722602612, 16.336716056300972 ], [ 73.395598172917488, 16.331134914944428 ], [ 73.3938179019747, 16.314584255159275 ], [ 73.410773157755187, 16.277787804763449 ], [ 73.417181372322517, 16.292015552575705 ], [ 73.417707323734106, 16.285699725362122 ], [ 73.435734748559838, 16.286424636487823 ], [ 73.414999842768594, 16.283234358079184 ], [ 73.411376476043671, 16.272974014439313 ], [ 73.430149436147673, 16.1988718509552 ], [ 73.447465658213645, 16.224236964864119 ], [ 73.442679643450816, 16.206936955775902 ], [ 73.448835849994651, 16.20781242870072 ], [ 73.439224839354921, 16.203583717514618 ], [ 73.44458997254921, 16.198878407912218 ], [ 73.435824155560482, 16.200524926284359 ], [ 73.460998416243996, 16.097293972638809 ], [ 73.458637356828632, 16.135251044899917 ], [ 73.465270042178844, 16.153795123046564 ], [ 73.489993214615225, 16.179701924704091 ], [ 73.512432574903443, 16.179995775484684 ], [ 73.536691665687982, 16.191725373027538 ], [ 73.515609144946183, 16.179158925743891 ], [ 73.488190531667868, 16.175972699680457 ], [ 73.481153726963072, 16.159489154500989 ], [ 73.465537428609508, 16.144652247303497 ], [ 73.469225645447324, 16.133567452875724 ], [ 73.463864445887481, 16.125092148383985 ], [ 73.468854904430401, 16.095651269190782 ], [ 73.457191228992116, 16.080960869648536 ], [ 73.467883944188685, 16.070027351081478 ], [ 73.45515036599673, 16.055136918933727 ], [ 73.466613531289539, 16.053909063752286 ], [ 73.483208775864426, 16.035845756876256 ], [ 73.491675376717382, 15.982004523190312 ], [ 73.50263357178207, 15.96862781012544 ], [ 73.491866707482728, 15.988133311203399 ], [ 73.491690039263943, 16.00209331555412 ], [ 73.494756817373315, 16.0072504283646 ], [ 73.499130129651888, 16.010337829727177 ], [ 73.515946626335818, 16.01652777163946 ], [ 73.556893229439055, 16.01693487134736 ], [ 73.57013475911188, 16.013185978150418 ], [ 73.578973531803143, 16.02081143859705 ], [ 73.587606311182327, 16.022570848865641 ], [ 73.607883930599058, 16.009333134116915 ], [ 73.626524448444599, 16.021757126090606 ], [ 73.609138726770908, 16.008087635136334 ], [ 73.584868073402873, 16.021691441406958 ], [ 73.572564006024123, 16.011062502532582 ], [ 73.525528430592743, 16.01587295547256 ], [ 73.501156449710464, 16.005919337307589 ], [ 73.495168208646049, 15.993619441883808 ], [ 73.504090428530475, 15.983000874890564 ], [ 73.501582980170411, 15.955787658673572 ], [ 73.51026141633136, 15.937018156462784 ], [ 73.53704774415823, 15.937358618205764 ], [ 73.569071412415752, 15.912682533372333 ], [ 73.590546250708968, 15.91229224199347 ], [ 73.613016366911808, 15.854731440203878 ], [ 73.621035217801165, 15.858450055026069 ], [ 73.629491925212193, 15.845850467725029 ], [ 73.637034416005662, 15.814846635164201 ], [ 73.652811765850373, 15.794301867637159 ], [ 73.6632933615995, 15.807445764210698 ], [ 73.654013514612046, 15.790587544379747 ], [ 73.663236141334977, 15.757681846240303 ], [ 73.667995333817743, 15.758340239910197 ], [ 73.674842357289066, 15.753234148337341 ], [ 73.666526436945531, 15.756512045894283 ], [ 73.648402809841883, 15.745802044828551 ], [ 73.683322072056143, 15.720122456885974 ], [ 73.70483159989854, 15.730207323908957 ], [ 73.721988916255583, 15.72537505611399 ], [ 73.741649627728265, 15.736976146831751 ], [ 73.761454344042903, 15.734359144858672 ], [ 73.741537809622372, 15.734225630608435 ], [ 73.72509527172943, 15.720332145512174 ], [ 73.709614277277211, 15.724265456385794 ], [ 73.689671516827076, 15.716913103856683 ], [ 73.722969651228567, 15.630206942796278 ], [ 73.736179947446743, 15.614118337591307 ], [ 73.777394056590452, 15.653980851135486 ], [ 73.823040008589629, 15.655347942953284 ], [ 73.838932156893605, 15.648349762331705 ], [ 73.840110659979047, 15.664987445014646 ], [ 73.859175562502315, 15.677386522170309 ], [ 73.841487646138063, 15.664740323906884 ], [ 73.839819550332066, 15.646282077056256 ], [ 73.818538546516749, 15.653685212502623 ], [ 73.778426170731194, 15.64961707616726 ], [ 73.772000908615126, 15.636469960020676 ], [ 73.748597502972444, 15.624288677980189 ], [ 73.751880645375564, 15.609460830552962 ], [ 73.731107115501032, 15.607899546327047 ], [ 73.76438522379911, 15.495141267555525 ], [ 73.774983167539204, 15.489686846970457 ], [ 73.789464712126886, 15.499656557604141 ], [ 73.810040950529611, 15.495850444142761 ], [ 73.818207740794634, 15.51051783542988 ], [ 73.834760069721511, 15.504250407030767 ], [ 73.844346046832726, 15.512806654103855 ], [ 73.867301940831936, 15.510952353668245 ], [ 73.898313164920779, 15.544810057038532 ], [ 73.908170462097161, 15.549400806502121 ], [ 73.911671757545577, 15.549178600212315 ], [ 73.928209900566486, 15.537722945157881 ], [ 73.949322819292689, 15.55025875523738 ], [ 73.997043728485295, 15.514478325614306 ], [ 73.999892949799886, 15.502410650431258 ], [ 74.018386959990295, 15.497594952645031 ], [ 74.028615116894201, 15.480713129207629 ], [ 74.019062042379375, 15.494383215513054 ], [ 74.000619530966588, 15.499744176752429 ], [ 73.991609215293209, 15.516086220802507 ], [ 73.970232844670164, 15.524569153343805 ], [ 73.949575304856438, 15.54906141765035 ], [ 73.928724527714934, 15.535340547528307 ], [ 73.932634472403123, 15.531663775462917 ], [ 73.932599544533474, 15.527742624322698 ], [ 73.91600584949046, 15.508148670424902 ], [ 73.889952540177688, 15.499999999700321 ], [ 73.864468454955357, 15.505839348107529 ], [ 73.82131445419887, 15.500634312223809 ], [ 73.806678772107801, 15.484374642475856 ], [ 73.801977276530152, 15.461841344402544 ], [ 73.787114024592682, 15.463289618920811 ], [ 73.803395032554732, 15.449898243309391 ], [ 73.812366724145164, 15.455498218268247 ], [ 73.849076151643231, 15.451737523268122 ], [ 73.861782550524396, 15.428215265022573 ], [ 73.884783625563927, 15.432166933757117 ], [ 73.896734237794846, 15.414977431563287 ], [ 73.914554476807808, 15.413723349453051 ], [ 73.930866718224621, 15.435049056768662 ], [ 73.942513942364627, 15.438252449091351 ], [ 73.928429603143769, 15.43162703475997 ], [ 73.923992752863256, 15.412040472390004 ], [ 73.948204756044817, 15.405720948962696 ], [ 73.960294246982045, 15.412012219288556 ], [ 73.9524759053389, 15.404911875682586 ], [ 73.958851814459734, 15.374284625235347 ], [ 73.983459949217291, 15.364604472918103 ], [ 73.981359958495347, 15.373590350414418 ], [ 74.005945443827187, 15.34844887271737 ], [ 74.007241725725208, 15.334520220531871 ], [ 74.014927744719699, 15.338879943154865 ], [ 74.007544637175357, 15.333059906789401 ], [ 74.012168407046403, 15.30561935904619 ], [ 74.038740038821828, 15.307438850322768 ], [ 74.070590377144327, 15.294336676896208 ], [ 74.044319033496691, 15.298623442917645 ], [ 74.038198828613105, 15.306411743607171 ], [ 74.012326240763542, 15.303048133464671 ], [ 73.994576335029961, 15.325088978073936 ], [ 74.001525044845067, 15.329501151856789 ], [ 74.006604552458242, 15.321190476359504 ], [ 74.003198147176846, 15.337838649634037 ], [ 74.000611424477796, 15.330046415309937 ], [ 73.994255065718875, 15.333246112318349 ], [ 74.004602551866441, 15.347572445611988 ], [ 73.978952169407165, 15.350563525986033 ], [ 73.967544555237083, 15.366222858697981 ], [ 73.976683855275866, 15.366614818319277 ], [ 73.957747936218396, 15.372491955339527 ], [ 73.947638154377472, 15.401670933067152 ], [ 73.926063656812374, 15.395993352011644 ], [ 73.920356750663672, 15.399138450279324 ], [ 73.928768038714082, 15.403151631742475 ], [ 73.891626358369905, 15.408683538814358 ], [ 73.872648119914942, 15.396829247571787 ], [ 73.865223526644598, 15.402706026661903 ], [ 73.846105575811777, 15.399745345171624 ], [ 73.840015650202105, 15.410791516415372 ], [ 73.827723741657422, 15.403439045175887 ], [ 73.818472623512804, 15.411044359010049 ], [ 73.809834360967017, 15.400986909618254 ], [ 73.79213225869691, 15.418701052911359 ], [ 73.783002734288829, 15.412920832230682 ], [ 73.791172146977118, 15.394117117111307 ], [ 73.806393026916822, 15.392439365284588 ], [ 73.808299541091088, 15.376702308664719 ], [ 73.837819575912846, 15.362192273554655 ], [ 73.875493526305348, 15.367938637458209 ], [ 73.912516117524916, 15.27968633135913 ], [ 73.949610948586525, 15.143852948954489 ], [ 73.952657938013516, 15.157717823918446 ], [ 73.946139454871997, 15.167004942823908 ], [ 73.945542812251091, 15.171134233058453 ], [ 73.949877977087084, 15.174022436386423 ], [ 73.957459568604264, 15.171591758652752 ], [ 73.96029126662873, 15.188657880157095 ], [ 73.966227769695848, 15.182133555019618 ], [ 73.960714578415178, 15.171354651496003 ], [ 73.949411749652569, 15.171454906119095 ], [ 73.95349311861267, 15.161158323397984 ], [ 73.954020142915368, 15.140126824793185 ], [ 73.935772657582135, 15.133175254234615 ], [ 73.94065117840924, 15.119507551132699 ], [ 73.917554259021898, 15.108204602760338 ], [ 73.926329970351873, 15.096960068052795 ], [ 73.911961555081831, 15.084131240864153 ], [ 73.925777912520772, 15.08556532857709 ], [ 73.966914057637752, 15.065495252903688 ], [ 73.97111964185811, 15.052238344823863 ], [ 73.986654758410481, 15.043119549327827 ], [ 73.989134549919612, 15.020189046787152 ], [ 74.007120966559427, 15.017789959539101 ], [ 74.013973117065717, 15.006534457599201 ], [ 74.017227053985522, 15.013888836300779 ], [ 74.038788675956681, 14.985722422351927 ], [ 74.041420817117086, 14.988526105595369 ], [ 74.049892663715553, 14.988174319589262 ], [ 74.034438252323611, 14.983241319631233 ], [ 74.053372860169503, 14.95760476604714 ], [ 74.043054342084389, 14.94783091516473 ], [ 74.043013215187756, 14.918342828758625 ], [ 74.066411256374437, 14.907005071227147 ], [ 74.080115676097734, 14.909472345972091 ], [ 74.098544001604552, 14.894633531312493 ], [ 74.116907716218208, 14.843779444365936 ], [ 74.1247699258914, 14.845777630932986 ], [ 74.114344954156451, 14.852929115386416 ], [ 74.13721203830508, 14.845907449868946 ], [ 74.198745012472472, 14.879827022998754 ], [ 74.245684742656834, 14.872229814754206 ], [ 74.2508970495592, 14.879272818485902 ], [ 74.245624542038996, 14.889950036564997 ], [ 74.251067638360865, 14.900074720172242 ], [ 74.284930944507579, 14.893558979063712 ], [ 74.321225047098295, 14.906837463678059 ], [ 74.335017443000737, 14.904352546033252 ], [ 74.316599368865838, 14.90413355841703 ], [ 74.291338204894288, 14.890715241815016 ], [ 74.251400351545129, 14.896143317659991 ], [ 74.253257632334027, 14.877952814270984 ], [ 74.241299033223953, 14.865244031287133 ], [ 74.226841807203726, 14.860073566242136 ], [ 74.231623172471444, 14.862744331485771 ], [ 74.225705743125701, 14.865058541618453 ], [ 74.222796559513739, 14.869957804409196 ], [ 74.203164339462859, 14.873608231734593 ], [ 74.141834139933707, 14.834832668492894 ], [ 74.127351642064781, 14.839601755316835 ], [ 74.12438750268123, 14.806584000751116 ], [ 74.113522052900436, 14.796914935276163 ], [ 74.113093375758837, 14.807479858608701 ], [ 74.092863440195657, 14.803226112994821 ], [ 74.110194206097873, 14.784549951419251 ], [ 74.118808150076148, 14.785758853388458 ], [ 74.119089842022703, 14.775017142227455 ], [ 74.142955661074922, 14.776817441072126 ], [ 74.140599966115616, 14.769830703424219 ], [ 74.156222343886185, 14.761247634970388 ], [ 74.153248668091607, 14.745998501929378 ], [ 74.167141318617126, 14.76615512385996 ], [ 74.16362345226068, 14.753180742297417 ], [ 74.181139111580904, 14.74838173412985 ], [ 74.192613363715822, 14.725520849008035 ], [ 74.205358028750169, 14.718060851227364 ], [ 74.206922650360099, 14.737276553869947 ], [ 74.228072047387144, 14.73708105114963 ], [ 74.233297347694503, 14.747695446188004 ], [ 74.249819159926432, 14.739238977097159 ], [ 74.26731681841656, 14.713014602342128 ], [ 74.256819963870299, 14.706336736850972 ], [ 74.269350051563748, 14.702148437600442 ], [ 74.281750917470873, 14.677594899784879 ], [ 74.275619268714394, 14.660278201078171 ], [ 74.282947301776716, 14.662888526484394 ], [ 74.284089326561315, 14.630984425790643 ], [ 74.269975662247106, 14.626287341387794 ], [ 74.291730403735215, 14.60178017621422 ], [ 74.329254746509463, 14.611260175416845 ], [ 74.35608434701507, 14.600025653760937 ], [ 74.374645948451843, 14.602881074102356 ], [ 74.387747048987279, 14.598802208854934 ], [ 74.397592544360549, 14.612664103465676 ], [ 74.412590742269089, 14.6150062087696 ], [ 74.427615165307742, 14.632631302092989 ], [ 74.414518475947006, 14.614114522867055 ], [ 74.396679759463467, 14.610119223523427 ], [ 74.390008330420216, 14.596414566379195 ], [ 74.3578075173032, 14.59684824914747 ], [ 74.334256410604979, 14.607076049020549 ], [ 74.298305153859843, 14.592134952666015 ], [ 74.291077971671058, 14.597424149804766 ], [ 74.313653826562955, 14.545031547667847 ], [ 74.309666157067653, 14.520796537130536 ], [ 74.340208530399508, 14.513637900368849 ], [ 74.355870008893959, 14.52206695092913 ], [ 74.335800648181447, 14.564866900287271 ], [ 74.340343713791384, 14.568671941756733 ], [ 74.354113936009497, 14.542777776473287 ], [ 74.360152363740752, 14.549824833449392 ], [ 74.356662750485697, 14.562323212846067 ], [ 74.376474976139349, 14.573087334213199 ], [ 74.364875555462589, 14.55366945228343 ], [ 74.383026957228395, 14.551529049626012 ], [ 74.387434602025365, 14.546207308720454 ], [ 74.384039402296736, 14.530868649068978 ], [ 74.39348244655767, 14.529636860252964 ], [ 74.386734843138555, 14.523811459431329 ], [ 74.373358249683605, 14.536569953340774 ], [ 74.389014363721941, 14.505677699666165 ], [ 74.4342395067479, 14.473711967533347 ], [ 74.436988353829605, 14.455343246393738 ], [ 74.433995962243984, 14.444195866346249 ], [ 74.451548218575482, 14.452111005618434 ], [ 74.45658433479926, 14.449079274988605 ], [ 74.431562900407613, 14.443579078012064 ], [ 74.433928251387698, 14.46781730632371 ], [ 74.420728326151362, 14.480555534010762 ], [ 74.389292001524751, 14.473483443506169 ], [ 74.381721258529382, 14.481167078398073 ], [ 74.378756046254608, 14.496786236595639 ], [ 74.369186043801022, 14.50156664858207 ], [ 74.375594854618981, 14.507249832413876 ], [ 74.376456856598821, 14.49962055704313 ], [ 74.381754160226393, 14.511581301935607 ], [ 74.375228047236732, 14.52438402180519 ], [ 74.360764741799443, 14.51969897752582 ], [ 74.353822112300719, 14.503003120397793 ], [ 74.373016357119212, 14.469697117827764 ], [ 74.381990074882111, 14.421177864267122 ], [ 74.396052717958611, 14.409465432084062 ], [ 74.413844943089686, 14.314911604287204 ], [ 74.421094059743126, 14.299487352559353 ], [ 74.427861809774782, 14.300047755199827 ], [ 74.440388441373585, 14.275723815201999 ], [ 74.473535418624834, 14.279047965791108 ], [ 74.4586662050813, 14.27367734943013 ], [ 74.462393879673897, 14.267879367139145 ], [ 74.478698134211612, 14.264858603741686 ], [ 74.489519119711616, 14.260007023905047 ], [ 74.529101610451022, 14.235430121702791 ], [ 74.553728342289247, 14.23942720889869 ], [ 74.575267076514393, 14.238281249580055 ], [ 74.582313656849891, 14.231089830731193 ], [ 74.614393710801124, 14.238281249580055 ], [ 74.583650946933716, 14.22913944762746 ], [ 74.568167805799618, 14.237135649091002 ], [ 74.527125120028387, 14.23326885657255 ], [ 74.487123727777913, 14.25761246654217 ], [ 74.475020050934717, 14.254526019360341 ], [ 74.440172314500813, 14.261731147474563 ], [ 74.424539804068814, 14.296387314822795 ], [ 74.441799640441133, 14.224008917877356 ], [ 74.470870972017764, 14.18322515501697 ], [ 74.488069772302225, 14.110025167127787 ], [ 74.480654359311387, 14.093639135437783 ], [ 74.487909078741069, 14.092617511888733 ], [ 74.492380857790437, 14.079101443476873 ], [ 74.501095176001598, 14.027617215961868 ], [ 74.504380941727192, 14.041503548749787 ], [ 74.517811775093406, 14.02701175189091 ], [ 74.501245140650809, 14.024648547592435 ], [ 74.514742612881292, 13.986268639286308 ], [ 74.549048542856127, 13.948519945339271 ], [ 74.56973934139765, 13.946762562142609 ], [ 74.601946949792051, 13.872903346912011 ], [ 74.617589473275672, 13.859291315441936 ], [ 74.61530780780916, 13.852231860412061 ], [ 74.633128643072467, 13.849293350807613 ], [ 74.614401817290201, 13.851383805118601 ], [ 74.606706261884568, 13.86597514163951 ], [ 74.651139021248952, 13.666414141599475 ], [ 74.671098708738583, 13.639239549465699 ], [ 74.669867873203856, 13.663500904743003 ], [ 74.685499549065042, 13.694353223122818 ], [ 74.667520523053696, 13.715388655362275 ], [ 74.660500764998318, 13.710937499566057 ], [ 74.668076157488684, 13.715930343110884 ], [ 74.686173558563013, 13.697147012025084 ], [ 74.687312841314707, 13.688150048585939 ], [ 74.703366756071006, 13.693887829359909 ], [ 74.711164354851206, 13.692315459191178 ], [ 74.681122303151909, 13.678481936392345 ], [ 74.697583675546269, 13.663079857449532 ], [ 74.681072711836322, 13.667422652133752 ], [ 74.683784961906468, 13.650639653397306 ], [ 74.700345277712501, 13.653118372015314 ], [ 74.717713475196803, 13.642729878581122 ], [ 74.722556948544451, 13.634954929226652 ], [ 74.745667815517407, 13.642342447945722 ], [ 74.755592822650698, 13.640472054142066 ], [ 74.724632144058347, 13.633341312551622 ], [ 74.707964658742156, 13.637818456056976 ], [ 74.710853815351385, 13.624593734713173 ], [ 74.704086541960493, 13.619522452299435 ], [ 74.704590558907256, 13.636123537971002 ], [ 74.688524127386614, 13.639269113778653 ], [ 74.677357673617763, 13.630980014815876 ], [ 74.678320646081062, 13.605272770022452 ], [ 74.672207951435922, 13.622693777495925 ], [ 74.674546360526193, 13.630988955875679 ], [ 74.667826652278308, 13.62831270656622 ], [ 74.69090664372672, 13.459377646661125 ], [ 74.698238253392759, 13.44952702515215 ], [ 74.699005961456038, 13.469864606866153 ], [ 74.708891510834661, 13.437309622740983 ], [ 74.716051936347895, 13.440312028277617 ], [ 74.71554183998407, 13.457776069210297 ], [ 74.718929648184798, 13.462828755442814 ], [ 74.723876952759184, 13.465945959438542 ], [ 74.747965216421761, 13.457186460187003 ], [ 74.718667149569427, 13.461087346004291 ], [ 74.719046235395552, 13.439609050717181 ], [ 74.705431342282708, 13.434656977937252 ], [ 74.704229355200681, 13.426265955209757 ], [ 74.709693670126825, 13.417349815641501 ], [ 74.723406076729106, 13.414891958597124 ], [ 74.740634441326534, 13.406541347805017 ], [ 74.748333811656181, 13.385480523207661 ], [ 74.760215878460173, 13.382392048953989 ], [ 74.747743606382386, 13.382987142043007 ], [ 74.73968362769736, 13.399921774570316 ], [ 74.719595909124024, 13.413881659311201 ], [ 74.69843494861405, 13.414254427399953 ], [ 74.693809866632108, 13.446648835775193 ], [ 74.695296764334302, 13.347695469670256 ], [ 74.711158513754555, 13.341649174669769 ], [ 74.718773603219319, 13.324638963117735 ], [ 74.723812938116708, 13.290442943786886 ], [ 74.735922932697321, 13.289765477295006 ], [ 74.729036450571897, 13.277060151304951 ], [ 74.724621534756039, 13.278970718723713 ], [ 74.721842646720887, 13.284321546402339 ], [ 74.719751239128442, 13.304789900333674 ], [ 74.713161348917225, 13.330436349158219 ], [ 74.705218077052706, 13.341102838325341 ], [ 74.690555929712474, 13.348705768956094 ], [ 74.706836700253604, 13.336934447366886 ], [ 74.717686772526605, 13.309594750497453 ], [ 74.720671177233072, 13.284200548916274 ], [ 74.77364492397416, 13.083158254849678 ], [ 74.778651833815132, 13.099137544761916 ], [ 74.78303003300968, 13.100810050843279 ], [ 74.789746880514286, 13.098487735120983 ], [ 74.779806137043664, 13.096229553651071 ], [ 74.784107803932073, 13.058983564539929 ], [ 74.774605155303817, 13.077728033222215 ], [ 74.802444577555292, 12.93141818030486 ], [ 74.820951699861183, 12.928765415891306 ], [ 74.807175755256964, 12.919576168405527 ], [ 74.821172356619087, 12.852441549238208 ], [ 74.829436064123087, 12.846971153995639 ], [ 74.817878961944615, 12.88663053497126 ], [ 74.820422053135388, 12.895744204331606 ], [ 74.814350604996577, 12.9083647728161 ], [ 74.836423158801807, 12.944206357237647 ], [ 74.853489756946743, 12.950537204928168 ], [ 74.859328151173401, 12.949144720752287 ], [ 74.870583534402755, 12.938819646609417 ], [ 74.889146566660855, 12.941268563493452 ], [ 74.870075464211396, 12.937699556289544 ], [ 74.846148371650173, 12.947620034437136 ], [ 74.818562746173853, 12.913363456558329 ], [ 74.824201941466441, 12.895552635245949 ], [ 74.820053219580501, 12.88854670516632 ], [ 74.840875267879397, 12.843837619210831 ], [ 74.888104558178867, 12.848711013902275 ], [ 74.909141659560106, 12.864971518221026 ], [ 74.937451362490521, 12.858844161029253 ], [ 74.94813132260262, 12.87128794168521 ], [ 74.958679317996285, 12.870827555347446 ], [ 74.965990900659705, 12.856119275484232 ], [ 74.976610303123124, 12.864088416347442 ], [ 74.987144112610821, 12.861706733678929 ], [ 74.963027953777186, 12.854704618523414 ], [ 74.950243830988114, 12.869947910467744 ], [ 74.938143849459181, 12.857930540661982 ], [ 74.898989438711766, 12.853471637206368 ], [ 74.874117970767855, 12.834601044902399 ], [ 74.835412621195616, 12.833638429470057 ], [ 74.828747272468746, 12.842684626294485 ], [ 74.883869647965952, 12.709616542269643 ], [ 74.892857551634819, 12.708329200532248 ], [ 74.887537836901657, 12.705674052015908 ], [ 74.928985476598569, 12.610300779057809 ], [ 74.939061045530906, 12.626543163836033 ], [ 74.932052016387587, 12.610748768241166 ], [ 74.941033124778897, 12.589403152633466 ], [ 74.932969450779609, 12.601460337224836 ], [ 74.973459004929197, 12.498851418558189 ], [ 75.062536477676332, 12.340983628891479 ], [ 75.056614518445343, 12.362061858068301 ], [ 75.120213508746559, 12.203298211443382 ], [ 75.115993261080263, 12.222536921441801 ], [ 75.11921441591258, 12.230930566592463 ], [ 75.159700751388726, 12.240263343178853 ], [ 75.166299462150533, 12.256393670631439 ], [ 75.161465644823778, 12.239984869905882 ], [ 75.118307829143163, 12.224536657540739 ], [ 75.129327416427174, 12.211374640527296 ], [ 75.163185358117943, 12.136455058953871 ], [ 75.161787748705734, 12.118781447206089 ], [ 75.171343565253466, 12.11478614786256 ], [ 75.181793570516987, 12.095312356879845 ], [ 75.191572546635797, 12.101704239758931 ], [ 75.187005400778645, 12.128906250423171 ], [ 75.192075014050687, 12.132308364139774 ], [ 75.197188973792123, 12.116770743874795 ], [ 75.19288897514619, 12.100983023947492 ], [ 75.185796856739586, 12.093539356955816 ], [ 75.180292248588529, 12.094984054870267 ], [ 75.177156448411466, 12.099094748923605 ], [ 75.172809720092602, 12.085852742610086 ], [ 75.188909054209631, 12.091001152681145 ], [ 75.192319751055749, 12.087964415525448 ], [ 75.19618713892541, 12.071416974413879 ], [ 75.207661748091283, 12.074232459460504 ], [ 75.220238566356869, 12.069703340536776 ], [ 75.195383548811861, 12.070299506517088 ], [ 75.18919503682153, 12.089522361467843 ], [ 75.179090261506389, 12.081098675363634 ], [ 75.187354445651209, 12.045421123686012 ], [ 75.181686758936877, 12.048430800241277 ], [ 75.200495839411502, 12.007466077597471 ], [ 75.217119216578652, 12.010197520099524 ], [ 75.231637359076984, 12.023825764547496 ], [ 75.295252203526417, 11.942140460014329 ], [ 75.304861545923671, 11.949048042033596 ], [ 75.265177130520186, 11.998679638254799 ], [ 75.264992356711929, 12.016618251431282 ], [ 75.271122455936762, 12.024486541420799 ], [ 75.295926213024387, 12.015223502762467 ], [ 75.292635322062523, 12.027776241680286 ], [ 75.301849842296548, 12.021875261833927 ], [ 75.299494027727263, 12.028420567255409 ], [ 75.30777382859938, 12.046551704597576 ], [ 75.307225227762189, 12.031531333904027 ], [ 75.314793348334462, 12.044083953211938 ], [ 75.322801828241865, 12.043440341698428 ], [ 75.327409267323929, 12.035393715247849 ], [ 75.334061026395347, 12.045049548098291 ], [ 75.339037775672892, 12.045586108811932 ], [ 75.328945040481329, 12.033569812796657 ], [ 75.314903140267717, 12.042045474319224 ], [ 75.299436450431955, 12.013292312989918 ], [ 75.331609845018448, 12.011388301628898 ], [ 75.333662748137414, 12.007176756702052 ], [ 75.292196512259267, 12.004172801633544 ], [ 75.285724640080133, 12.016081810327307 ], [ 75.26818001269757, 12.020641207625687 ], [ 75.265485167206833, 12.007116556084313 ], [ 75.279016852345961, 11.991468310214387 ], [ 75.272891879256889, 12.00342166447831 ], [ 75.278814077707665, 11.999237537182651 ], [ 75.307920813794595, 11.949337720859234 ], [ 75.315521001493181, 11.948661803899228 ], [ 75.30495965476436, 11.968842744397236 ], [ 75.317727923405045, 11.95132696636648 ], [ 75.317096709945332, 11.943769455096358 ], [ 75.335561037112228, 11.94353485075284 ], [ 75.357139348702134, 11.931210636761563 ], [ 75.381681561355009, 11.968660354691679 ], [ 75.398036241779181, 11.972031235852896 ], [ 75.402411222300231, 12.000524878920132 ], [ 75.411326646907327, 12.01586556474409 ], [ 75.443079828771232, 12.02247607730925 ], [ 75.470783472279521, 12.002064227781929 ], [ 75.44410777095689, 12.01983022688357 ], [ 75.433121442400676, 12.014472365607233 ], [ 75.427636146291235, 12.013721347162559 ], [ 75.41919004908155, 12.01565265654493 ], [ 75.412388920712175, 12.011039256756334 ], [ 75.404824137524002, 11.974239349366528 ], [ 75.38431394083571, 11.956536650845848 ], [ 75.375868558587257, 11.954927444446071 ], [ 75.373677253402576, 11.944520353931281 ], [ 75.379411816402325, 11.929832577711394 ], [ 75.391552329476468, 11.925745010623828 ], [ 75.389468669543504, 11.91523075059871 ], [ 75.399228811160725, 11.912655830602205 ], [ 75.384533763022915, 11.914265155712442 ], [ 75.372239947016027, 11.938426375077213 ], [ 75.358664154627121, 11.927289843551463 ], [ 75.303972720764506, 11.944219947092947 ], [ 75.297162055984103, 11.939102411647056 ], [ 75.355457901561039, 11.860272764876228 ], [ 75.367164612257085, 11.850941062080409 ], [ 75.383647441576301, 11.856547117355603 ], [ 75.454332112936726, 11.778592228548632 ], [ 75.461395740820905, 11.782772540920092 ], [ 75.45975530186584, 11.807204008358383 ], [ 75.463682055782357, 11.784582853715847 ], [ 75.45338320766902, 11.77067565935431 ], [ 75.459668874319135, 11.765642046843055 ], [ 75.470052480837381, 11.765633105783252 ], [ 75.478986859555931, 11.788907647569999 ], [ 75.486556649270057, 11.791693448693735 ], [ 75.475100755895284, 11.799435258030812 ], [ 75.474735855975126, 11.803334474706304 ], [ 75.499989271387818, 11.797843337500126 ], [ 75.484844207893985, 11.788047552152889 ], [ 75.484045147665512, 11.773190974983606 ], [ 75.471932053121776, 11.769425750098307 ], [ 75.487946153092508, 11.766245841772232 ], [ 75.492626905807157, 11.758046746060529 ], [ 75.507277250444787, 11.764456271839535 ], [ 75.507533431322855, 11.761465549395623 ], [ 75.491272807394211, 11.756436228449246 ], [ 75.48531174654002, 11.76514005696815 ], [ 75.472343325684079, 11.763363838370523 ], [ 75.524276376054075, 11.707066178461432 ], [ 75.539059043340245, 11.709923267045198 ], [ 75.554484724990147, 11.702730059444704 ], [ 75.560773134572543, 11.696874618568799 ], [ 75.536993026307158, 11.708907246272531 ], [ 75.529942750657511, 11.702365755775062 ], [ 75.58831942100457, 11.569056630059521 ], [ 75.585795044705634, 11.586216450129129 ], [ 75.590711116724805, 11.573218226639938 ], [ 75.620049715122349, 11.565109849140285 ], [ 75.625780343587991, 11.557632565490621 ], [ 75.621532916610903, 11.544326066994486 ], [ 75.641414881092004, 11.534836650091378 ], [ 75.620575546924016, 11.542430758372873 ], [ 75.622900843898975, 11.558554529767804 ], [ 75.616273403394956, 11.564155459806685 ], [ 75.602084875017027, 11.560751319018223 ], [ 75.593177318578483, 11.568630934170315 ], [ 75.599337220436411, 11.544047117080822 ], [ 75.590375899828047, 11.568603038999086 ], [ 75.617856979116397, 11.47641241550069 ], [ 75.634519457906748, 11.461483001339502 ], [ 75.654240608317508, 11.466007113737362 ], [ 75.681661844018919, 11.449204921669818 ], [ 75.732965826711535, 11.353028178207907 ], [ 75.748158812379387, 11.36333966269541 ], [ 75.738712906475513, 11.389987945487391 ], [ 75.749062657115957, 11.419291138475316 ], [ 75.724977135486569, 11.428348660462333 ], [ 75.728872060597183, 11.448631644334966 ], [ 75.73823380434672, 11.425781249804828 ], [ 75.753062248024463, 11.428916454630723 ], [ 75.748090743593053, 11.424499869673326 ], [ 75.758574247703478, 11.413012624133373 ], [ 75.748241543712396, 11.414772153112423 ], [ 75.75235855550298, 11.391986012444605 ], [ 75.745488405065913, 11.373906850520811 ], [ 75.754784465031179, 11.362243652622496 ], [ 75.745414376472439, 11.347375869900546 ], [ 75.735969543459674, 11.354002117903462 ], [ 75.733989715652996, 11.334658145856807 ], [ 75.747742176260573, 11.318239450790074 ], [ 75.802449703491135, 11.162386656019464 ], [ 75.814340353424683, 11.179099440187073 ], [ 75.833749174684812, 11.182677150130402 ], [ 75.840431570960362, 11.210535049852737 ], [ 75.855060935314071, 11.210130334247609 ], [ 75.863460541171122, 11.205714464251187 ], [ 75.876895427781818, 11.223768115106452 ], [ 75.895979046995564, 11.230653643950603 ], [ 75.900394677772312, 11.243697047580753 ], [ 75.915439963283717, 11.236948966621583 ], [ 75.926849841946677, 11.248079538340022 ], [ 75.952357411165707, 11.249856948539403 ], [ 75.92692315557926, 11.245117664348797 ], [ 75.916885137838932, 11.235240459779448 ], [ 75.901035070612039, 11.24109685393671 ], [ 75.89724004309349, 11.229386448825593 ], [ 75.879265308647206, 11.223045230153303 ], [ 75.871094226817235, 11.204821110106224 ], [ 75.843168735848593, 11.205459952514886 ], [ 75.835651636513973, 11.181465745347964 ], [ 75.822501659623896, 11.178167461958893 ], [ 75.812531948091049, 11.161978721740667 ], [ 75.828127860612284, 11.158243178979589 ], [ 75.801712155091963, 11.158903837142432 ], [ 75.825025558382862, 11.125392556221541 ], [ 75.846141934103144, 11.143617034198854 ], [ 75.851235270591275, 11.143840908731008 ], [ 75.858122110646974, 11.138572812385448 ], [ 75.861772656682859, 11.129322052171062 ], [ 75.848066568717201, 11.142502546655265 ], [ 75.835681557857669, 11.126421332078849 ], [ 75.825305342867324, 11.122924566515607 ], [ 75.856210112406899, 11.020633339657024 ], [ 75.861422777239483, 11.018081903657034 ], [ 75.864259600500333, 11.006731748971148 ], [ 75.867555260566945, 11.009044050742361 ], [ 75.863233447065994, 11.0053342582695 ], [ 75.857756852796655, 11.01837837686071 ], [ 75.910159707204826, 10.792922973216662 ], [ 75.915032267325302, 10.802642822508318 ], [ 75.904126047679057, 10.841061353998299 ], [ 75.918132543382256, 10.810026764623586 ], [ 75.913686156690886, 10.792971253320758 ], [ 75.95080995581489, 10.806570649316129 ], [ 75.964033961298441, 10.819791674446279 ], [ 75.946751237179882, 10.796346426046782 ], [ 75.913259744941428, 10.785923003843635 ], [ 75.935857772618277, 10.731446742673128 ], [ 75.936281204014364, 10.745768546980955 ], [ 75.943411111933273, 10.751808762564394 ], [ 75.938820242860089, 10.759382963453106 ], [ 75.942873835359279, 10.762037515718831 ], [ 75.945386051924885, 10.752510070983021 ], [ 75.937500000324889, 10.727678537434628 ], [ 76.023345112686826, 10.536056280273215 ], [ 76.039563655538387, 10.509792566473891 ], [ 76.031107545277138, 10.527854442528607 ], [ 76.032473325883444, 10.537310957734618 ], [ 76.048380851695043, 10.535442948033733 ], [ 76.036601543226794, 10.567149401124055 ], [ 76.041773438193758, 10.575452328062568 ], [ 76.049744964058931, 10.546636104472697 ], [ 76.067799568195625, 10.544026374417697 ], [ 76.063106179106882, 10.535725951191793 ], [ 76.052754878934678, 10.5432273150886 ], [ 76.05334424963749, 10.536842942447905 ], [ 76.062637805890148, 10.533839940660755 ], [ 76.073945045827287, 10.512871742636918 ], [ 76.076164245283763, 10.504775047330611 ], [ 76.092332124827834, 10.509422421707413 ], [ 76.108097314939158, 10.502950906559121 ], [ 76.084781647155324, 10.504035830689119 ], [ 76.094226837198818, 10.474484801632372 ], [ 76.093092679683565, 10.462723016454106 ], [ 76.085151553601321, 10.501305461078275 ], [ 76.075612545382825, 10.499523759314101 ], [ 76.059693336478375, 10.533928156059659 ], [ 76.034713626133026, 10.529581308130943 ], [ 76.099569559287744, 10.380424975931973 ], [ 76.163358807463027, 10.182157635366679 ], [ 76.1974374059117, 10.200085163499537 ], [ 76.211378455251605, 10.195312500071879 ], [ 76.214336157287988, 10.201911807084286 ], [ 76.221128224987609, 10.20559596977823 ], [ 76.200383663175643, 10.238783359864243 ], [ 76.199842572576728, 10.257464170035448 ], [ 76.192253947461865, 10.256509542381536 ], [ 76.183728217982917, 10.265444040710008 ], [ 76.192327379804823, 10.269920348745174 ], [ 76.203390240667233, 10.257672548349518 ], [ 76.201774358599863, 10.242414235928322 ], [ 76.216296911373462, 10.21455883991861 ], [ 76.217391371914431, 10.223377108966474 ], [ 76.224396944063841, 10.223543524913808 ], [ 76.217756510154942, 10.230591535171257 ], [ 76.226100563989945, 10.23728382578804 ], [ 76.223028541034438, 10.244251251394203 ], [ 76.230570554287652, 10.245197057598219 ], [ 76.225174903499095, 10.233038425882739 ], [ 76.234497069883872, 10.229946255415413 ], [ 76.244121313148099, 10.250995278209601 ], [ 76.256270766382926, 10.252952218270352 ], [ 76.244993329078937, 10.240196466393897 ], [ 76.2504494188058, 10.245020747309724 ], [ 76.260440826483062, 10.238077640270987 ], [ 76.250920176125334, 10.241398453475853 ], [ 76.243724704031962, 10.233060955698619 ], [ 76.246546148885812, 10.231554865564675 ], [ 76.246267438191779, 10.228354811525406 ], [ 76.2314504383871, 10.213578701196155 ], [ 76.233696579733447, 10.202696919727089 ], [ 76.21466875086233, 10.199667215269827 ], [ 76.224217653422016, 10.187083125086232 ], [ 76.243849873472897, 10.179373740805588 ], [ 76.293515562992951, 10.138295650523915 ], [ 76.315287112810068, 10.15046227001784 ], [ 76.323788643331312, 10.152838706940827 ], [ 76.329495429870263, 10.151756167812977 ], [ 76.338043451743971, 10.142707347666018 ], [ 76.341177344458941, 10.126303434755769 ], [ 76.350700259309662, 10.125249147830004 ], [ 76.361742138988603, 10.113768338737884 ], [ 76.39040315128446, 10.124970554947197 ], [ 76.415304661081365, 10.115485072578124 ], [ 76.436264633905779, 10.123249650051363 ], [ 76.451474666222879, 10.121679306055199 ], [ 76.456071615612728, 10.13312137145418 ], [ 76.448843955883859, 10.138177275460919 ], [ 76.447620153047666, 10.144741058353247 ], [ 76.430187940920774, 10.144431352524975 ], [ 76.431441425881161, 10.155648707921614 ], [ 76.471053719253888, 10.182968735718632 ], [ 76.492566823700116, 10.185197830415632 ], [ 76.503054738085694, 10.182531356736803 ], [ 76.514387131161271, 10.191844821281535 ], [ 76.502719164158208, 10.180712342100989 ], [ 76.470244407653325, 10.180604100598828 ], [ 76.434509516101429, 10.154967427404898 ], [ 76.431461930423751, 10.145966052791138 ], [ 76.450667620014798, 10.144816756088431 ], [ 76.457720756407952, 10.134085178488277 ], [ 76.45036697395679, 10.119361520218078 ], [ 76.412443041713146, 10.113311529003937 ], [ 76.39014887786854, 10.12213754661056 ], [ 76.3713916541017, 10.111012458957859 ], [ 76.350106120401193, 10.113866210157568 ], [ 76.344031333979018, 10.091975569417116 ], [ 76.336981654579773, 10.092825174242449 ], [ 76.331284523162282, 10.081164717477847 ], [ 76.311709523375868, 10.075796603930215 ], [ 76.3043894771927, 10.075802445026895 ], [ 76.300689936091686, 10.077770471929853 ], [ 76.293799042791676, 10.094334602659899 ], [ 76.285273671243061, 10.094483614027681 ], [ 76.286721110291154, 10.081788540308935 ], [ 76.280688404945948, 10.048013210341423 ], [ 76.268987655855682, 10.041126012355633 ], [ 76.274646163189942, 10.025747656629107 ], [ 76.287113547452321, 10.026371240240607 ], [ 76.281074762690224, 10.020165562890483 ], [ 76.266753673343459, 10.029066324051655 ], [ 76.276210546479689, 10.001988172516235 ], [ 76.270306348859009, 9.989189624601522 ], [ 76.304197072636867, 9.925441741643098 ], [ 76.30052614256752, 9.936827063418235 ], [ 76.304258346145872, 9.936165451974119 ], [ 76.305093050104261, 9.945254921477499 ], [ 76.311676621678856, 9.94813704448903 ], [ 76.304046750057552, 9.934615850840927 ], [ 76.313678741880466, 9.915286660051379 ], [ 76.31374084906102, 9.908302069085252 ], [ 76.317903756852985, 9.902703046508478 ], [ 76.31720173347324, 9.894529342255396 ], [ 76.321613550225237, 9.89211046722437 ], [ 76.318927049543703, 9.88871336003362 ], [ 76.335423231097337, 9.884029865286124 ], [ 76.329347253073337, 9.902910232321432 ], [ 76.343290448195631, 9.885146379901641 ], [ 76.340913533732675, 9.90340673902989 ], [ 76.323969125574791, 9.914471269033925 ], [ 76.340225457938658, 9.919303655539352 ], [ 76.356924653350205, 9.907005309647374 ], [ 76.377344250536765, 9.864400148048489 ], [ 76.37168407406088, 9.842490554095889 ], [ 76.384211659840304, 9.844136237897118 ], [ 76.383210658645027, 9.828766107370029 ], [ 76.395027756625808, 9.818211912949479 ], [ 76.381610512914989, 9.826775074010513 ], [ 76.390652537784518, 9.816825151159819 ], [ 76.368074059570262, 9.790760516684543 ], [ 76.390347361841435, 9.746508478783298 ], [ 76.382862567953254, 9.703531861206528 ], [ 76.413970827991449, 9.696300506163496 ], [ 76.404260635619863, 9.666547655749781 ], [ 76.408074140609159, 9.66646516363646 ], [ 76.419001221829006, 9.658393859788873 ], [ 76.404964328141347, 9.664595246473482 ], [ 76.40273165684053, 9.647655010270611 ], [ 76.417848348522597, 9.642301559269626 ], [ 76.421388029733947, 9.650127529861635 ], [ 76.419567227245778, 9.64182031135833 ], [ 76.425632357647345, 9.641362428733174 ], [ 76.417522311005968, 9.633618831543927 ], [ 76.430122852487756, 9.610850453385794 ], [ 76.41609036907542, 9.565966605774321 ], [ 76.42847025379919, 9.554694175895634 ], [ 76.449250817271405, 9.558958411201829 ], [ 76.439712405303311, 9.551409006420613 ], [ 76.479129433376755, 9.538287043412424 ], [ 76.487441301375071, 9.542211056195399 ], [ 76.502120852395507, 9.530876755657815 ], [ 76.480888843645317, 9.528558850210857 ], [ 76.480399727565526, 9.511153221144269 ], [ 76.478990316350149, 9.528772115440859 ], [ 76.443063259461979, 9.527656436295615 ], [ 76.441941380390546, 9.51120495824226 ], [ 76.434027075689102, 9.527366161219376 ], [ 76.383339643909522, 9.526172280626326 ], [ 76.382957101089374, 9.506384610961106 ], [ 76.374689221630348, 9.522629619061775 ], [ 76.357372760344759, 9.52541184448107 ], [ 76.353401064607482, 9.539786219558493 ], [ 76.367460608620291, 9.583510756516276 ], [ 76.367306471116905, 9.61086952710707 ], [ 76.398002028670788, 9.675285815887733 ], [ 76.372102737251652, 9.685083150766843 ], [ 76.361109018066855, 9.699986577218809 ], [ 76.372192263862047, 9.738131761571594 ], [ 76.359901428208474, 9.798069476924866 ], [ 76.370791674096637, 9.819986939046075 ], [ 76.349259614639635, 9.827849745869131 ], [ 76.337474942614648, 9.864380240655692 ], [ 76.32076823696471, 9.870884061250479 ], [ 76.318524479721049, 9.84374999976275 ], [ 76.336230516525148, 9.809055447550961 ], [ 76.330136179741061, 9.804459333631371 ], [ 76.346313834016286, 9.750415563627485 ], [ 76.347779750535125, 9.711843729204844 ], [ 76.340541124473447, 9.762352824523347 ], [ 76.321934461606162, 9.807643174692842 ], [ 76.316892743505406, 9.84569430344942 ], [ 76.319439649620193, 9.875980019262585 ], [ 76.295794963966529, 9.889697313680173 ], [ 76.30275130273057, 9.847286343589943 ], [ 76.291356801575233, 9.849622249866968 ], [ 76.294042110654885, 9.838028073137167 ], [ 76.284838318433714, 9.832784175749211 ], [ 76.283694147866726, 9.850284218342026 ], [ 76.297203540610923, 9.853422403521222 ], [ 76.28742277664, 9.898548841455906 ], [ 76.279674649565578, 9.888012528255672 ], [ 76.275967836546471, 9.893914223063021 ], [ 76.28109324016097, 9.871915340820408 ], [ 76.273974776115125, 9.874092340489199 ], [ 76.26985216154813, 9.866231680347823 ], [ 76.257617354557311, 9.915596962130167 ], [ 76.265682458478835, 9.896763205157882 ], [ 76.266513824153805, 9.912373304484461 ], [ 76.273218512824172, 9.899888515642601 ], [ 76.292137146012493, 9.908359051029478 ], [ 76.296522975055353, 9.892938852546123 ], [ 76.295375704525242, 9.918092012436531 ], [ 76.265812158704222, 9.934391855799575 ], [ 76.253209352729613, 9.969575643701006 ], [ 76.236938238209206, 9.962670564494985 ], [ 76.286639213528957, 9.749353528142862 ], [ 76.310636401049209, 9.524284958883783 ], [ 76.352274656550236, 9.37751317009679 ], [ 76.461668253187355, 9.139528155400143 ], [ 76.467899441606022, 9.142662763975423 ], [ 76.439864158704069, 9.189876079617463 ], [ 76.422843933201051, 9.245642543268815 ], [ 76.431862950714759, 9.230494618132184 ], [ 76.440537452341715, 9.230386614950405 ], [ 76.442582846121496, 9.200627565509805 ], [ 76.471016645601736, 9.142310142499142 ], [ 76.47890234017089, 9.154250025818072 ], [ 76.476055741279453, 9.166484236558375 ], [ 76.490540146610584, 9.170097827652739 ], [ 76.480244636780668, 9.165025353637247 ], [ 76.483935951782797, 9.12672376638875 ], [ 76.477406501408979, 9.133209466543732 ], [ 76.472493648962796, 9.122795343330523 ], [ 76.469274521202266, 9.136411667264682 ], [ 76.463635802550328, 9.13421571258516 ], [ 76.522810816366217, 9.006353855146415 ], [ 76.535469412683341, 8.93565714366234 ], [ 76.546710967936946, 8.93614017942582 ], [ 76.553555846525143, 8.946754336143727 ], [ 76.534241557501986, 8.960100531614273 ], [ 76.567731857239579, 8.985811114691217 ], [ 76.571030855589555, 8.977420210674197 ], [ 76.547463059272815, 8.962544679393474 ], [ 76.559138655224928, 8.956991076177232 ], [ 76.557190179583273, 8.948974251460626 ], [ 76.566309929259972, 8.953554272911433 ], [ 76.585580944704958, 8.994516968483396 ], [ 76.594558357782063, 8.995072245887542 ], [ 76.595561743080083, 8.984137058178788 ], [ 76.606939554616787, 8.988404035517888 ], [ 76.604038357883979, 8.973987579363353 ], [ 76.614073276560617, 8.963029742228883 ], [ 76.608564853485319, 8.953451633286363 ], [ 76.600414752838702, 8.958333611107307 ], [ 76.603840946802364, 8.970897912608649 ], [ 76.598363757181659, 8.973655342819924 ], [ 76.594164848628992, 8.949639201188262 ], [ 76.570337534050083, 8.929027319055621 ], [ 76.5896866322324, 8.936176538116811 ], [ 76.5898033381537, 8.944182873141187 ], [ 76.600855350494129, 8.937433719290823 ], [ 76.566188573843732, 8.920895219239057 ], [ 76.57438147052855, 8.905758619264915 ], [ 76.58687424624955, 8.918089032283092 ], [ 76.57994174941237, 8.904044270426823 ], [ 76.618839859671908, 8.931211232712286 ], [ 76.609830379468548, 8.920794367466172 ], [ 76.614820241760782, 8.907736062968979 ], [ 76.605870962175317, 8.912914753213357 ], [ 76.59248495101977, 8.900460720286105 ], [ 76.584774851778064, 8.903694868523417 ], [ 76.587516546551484, 8.891496300613838 ], [ 76.576495647156463, 8.904003500561203 ], [ 76.571566701342277, 8.896635055563408 ], [ 76.562718153020484, 8.923712968778531 ], [ 76.565138458872781, 8.931437850176721 ], [ 76.553667545021284, 8.941313743534494 ], [ 76.548774957898019, 8.932577132928415 ], [ 76.535340666638575, 8.932863354760073 ], [ 76.546339154028743, 8.902825475015746 ], [ 76.565655708444211, 8.879489660619427 ], [ 76.583322524914678, 8.870020747359646 ], [ 76.56807804136858, 8.880115151692948 ], [ 76.581485867378916, 8.880234122107083 ], [ 76.607082247347904, 8.862168550738104 ], [ 76.640510559514809, 8.825601458940255 ], [ 76.69978856998668, 8.737464547550871 ], [ 76.9632935519559, 8.417187333428771 ], [ 76.974985957136226, 8.385179877249598 ], [ 77.16684460649347, 8.244721412863015 ], [ 77.184763908527685, 8.219503641180168 ], [ 77.223565221158168, 8.196411132967498 ], [ 77.239574074484068, 8.1762913463686 ], [ 77.296827435837628, 8.149143338194577 ], [ 77.31631576975704, 8.120818972717515 ], [ 77.334728241115585, 8.125784635152883 ], [ 77.434112548855211, 8.097153902130884 ], [ 77.551231861461332, 8.07664334751253 ], [ 77.566125630993241, 8.092269778527552 ], [ 77.565289616722538, 8.099330901799689 ], [ 77.559060454476509, 8.096625447006872 ], [ 77.559553742511213, 8.119156360977314 ], [ 77.57604110261488, 8.13557255233151 ], [ 77.650437355199784, 8.160097122084551 ], [ 77.716288447553922, 8.165586233118262 ], [ 77.746192455117722, 8.176926255142689 ], [ 77.781467556582612, 8.200726628731005 ], [ 77.782150149210025, 8.220180869351665 ], [ 77.803995848129972, 8.247702717606359 ], [ 77.80321252333934, 8.239971518470895 ], [ 77.888731479474274, 8.27319014111221 ], [ 77.953565359453904, 8.313878655875371 ], [ 77.982315778750291, 8.341009021149461 ], [ 78.067053675486846, 8.370637655403584 ], [ 78.04975545425097, 8.380608320217902 ], [ 78.055926918692506, 8.381278634401539 ], [ 78.06554257882712, 8.420091747935885 ], [ 78.130353808481487, 8.497081637207827 ], [ 78.122521758472516, 8.521499753310962 ], [ 78.138674616640316, 8.588990926689959 ], [ 78.127954959553819, 8.638312339542921 ], [ 78.121111035146242, 8.622585177264213 ], [ 78.124863028306237, 8.60550630067533 ], [ 78.117015242859253, 8.604811429603885 ], [ 78.122591375891346, 8.598359465716825 ], [ 78.111932158642247, 8.599927425610304 ], [ 78.116489648478506, 8.607274651104348 ], [ 78.110975980557185, 8.612160443849476 ], [ 78.102001071192575, 8.592687845367891 ], [ 78.112920522564224, 8.585787415656796 ], [ 78.128851651982217, 8.60205960306827 ], [ 78.135981440291374, 8.592559337643351 ], [ 78.114619732215004, 8.579816580071196 ], [ 78.096629738971359, 8.581308245978789 ], [ 78.095214843690172, 8.597726941045607 ], [ 78.1018501523628, 8.596745729431959 ], [ 78.097130775564921, 8.602533221131353 ], [ 78.107205629536253, 8.613695740366154 ], [ 78.10140645474425, 8.628450870411413 ], [ 78.108281850926772, 8.634123444941068 ], [ 78.10077583753494, 8.63946342499716 ], [ 78.113381743472729, 8.643273115062271 ], [ 78.113912463089861, 8.650841236533907 ], [ 78.105101227639608, 8.651410341014525 ], [ 78.116587758218571, 8.661130428626478 ], [ 78.12263524572009, 8.662135839197717 ], [ 78.12787163286967, 8.650846243059775 ], [ 78.135538578143013, 8.688418150077624 ], [ 78.166559100322303, 8.741511106452435 ], [ 78.19428634653778, 8.75247132768969 ], [ 78.21637380121004, 8.742522001089498 ], [ 78.223364949133128, 8.74592864469129 ], [ 78.200969934414985, 8.752050280396219 ], [ 78.198185563213286, 8.763078808740104 ], [ 78.230305314139031, 8.749022245080567 ], [ 78.199212551218324, 8.764365911257926 ], [ 78.198815703781776, 8.788635611344432 ], [ 78.191716909707651, 8.788624047861546 ], [ 78.194667220216076, 8.771316647245499 ], [ 78.198703050205637, 8.775274157076808 ], [ 78.191142201551457, 8.765527248084098 ], [ 78.181891917977765, 8.771226048643271 ], [ 78.186952114448587, 8.776466607747807 ], [ 78.182058215214539, 8.773682713186716 ], [ 78.179845452205967, 8.767486572247535 ], [ 78.157793641263623, 8.771042346826945 ], [ 78.169175148114761, 8.882439255267514 ], [ 78.209334134862587, 8.959411263319211 ], [ 78.266970872707617, 9.003193855112428 ], [ 78.261043667731172, 9.018685221445878 ], [ 78.271569848269934, 9.005334019449549 ], [ 78.288488268718794, 9.015758156613671 ], [ 78.367629170849597, 9.077953576796162 ], [ 78.362278461881516, 9.08678185979511 ], [ 78.365821958017051, 9.092189669417792 ], [ 78.370764851416794, 9.080956578583312 ], [ 78.411062956090717, 9.111959338252944 ], [ 78.480980753958789, 9.127101063463314 ], [ 78.489151477858485, 9.150194049216026 ], [ 78.489096045446303, 9.133258461608804 ], [ 78.484457373808908, 9.12784695667176 ], [ 78.539227724080234, 9.137209653702584 ], [ 78.57810962226128, 9.131207823881979 ], [ 78.614171147580549, 9.151928663377134 ], [ 78.657034039589263, 9.157835841351115 ], [ 78.642469644958311, 9.173675775916351 ], [ 78.657203435889897, 9.191679358815435 ], [ 78.671276331237863, 9.198305368497955 ], [ 78.7182523014026, 9.190071940267913 ], [ 78.727518439124793, 9.208499670423507 ], [ 78.83230805367387, 9.243255972784908 ], [ 78.828916549259503, 9.25450122335279 ], [ 78.832682132974213, 9.268888354414045 ], [ 78.834531903524606, 9.245032549312754 ], [ 78.873404264395361, 9.256411552451254 ], [ 78.906778454462113, 9.249646544452489 ], [ 78.925350904420867, 9.265579223402526 ], [ 78.955512165753959, 9.272335171630942 ], [ 79.093774318430093, 9.25979495037673 ], [ 79.190565824952984, 9.281629920384532 ], [ 79.065590858731269, 9.299415707269148 ], [ 79.000995636339638, 9.345016360416793 ], [ 78.996703028322173, 9.340594649323691 ], [ 79.002384066371661, 9.333115816142055 ], [ 79.001690268191425, 9.329216957396781 ], [ 78.999293804265818, 9.327576756761999 ], [ 78.987490415550241, 9.327317357210291 ], [ 78.966676831670526, 9.335851311888604 ], [ 79.001685499985939, 9.330757856689829 ], [ 78.993877053583248, 9.340038656958484 ], [ 78.996088624090845, 9.348829269155488 ], [ 78.927097558705526, 9.422620653920134 ], [ 78.901814103238308, 9.466667413470432 ], [ 78.898220062505999, 9.488674044271818 ], [ 78.91468763392723, 9.493752360283253 ], [ 78.929519533699619, 9.594139337460533 ], [ 78.959432721542868, 9.629766940791797 ], [ 78.981773853380645, 9.690305828651148 ], [ 79.036981344313546, 9.761743903458395 ], [ 79.058724641928762, 9.773778200303752 ], [ 79.088824749362772, 9.824358225152054 ], [ 79.121835112400646, 9.854735851678299 ], [ 79.119345426550211, 9.875682353557792 ], [ 79.151831746537965, 9.917065859002307 ], [ 79.155331850384727, 9.932213544919193 ], [ 79.242739438574318, 10.024991273728347 ], [ 79.267288804434912, 10.038305640393091 ], [ 79.252631664519839, 10.04838883917364 ], [ 79.252182007094035, 10.066328525241332 ], [ 79.236487150261922, 10.074416517808132 ], [ 79.228691815974599, 10.091965556365395 ], [ 79.228267550906907, 10.112665056747048 ], [ 79.23717725312784, 10.128657340963585 ], [ 79.229012846965446, 10.143605351305993 ], [ 79.239806056004767, 10.154440403102214 ], [ 79.242508053803789, 10.182702541788885 ], [ 79.281161666277939, 10.213699817392694 ], [ 79.267996549301444, 10.231809377300976 ], [ 79.294886350424889, 10.260356426607913 ], [ 79.347329020518004, 10.286973953485173 ], [ 79.34766697854829, 10.295628071078738 ], [ 79.351167321614668, 10.28609514227702 ], [ 79.365999102676511, 10.292140841926368 ], [ 79.358600616725226, 10.301811337323358 ], [ 79.369493245816756, 10.294844627577561 ], [ 79.38578534152046, 10.316598654104652 ], [ 79.512097954856785, 10.309038639121908 ], [ 79.517945408853706, 10.315783023867525 ], [ 79.457130313113538, 10.320342540775727 ], [ 79.458750128815467, 10.326993823206422 ], [ 79.48658013336663, 10.32603240027511 ], [ 79.466245174075624, 10.338910221629462 ], [ 79.455187440248238, 10.336355924886092 ], [ 79.456099271864076, 10.342042446102056 ], [ 79.486344457031208, 10.335572243064618 ], [ 79.494592547807969, 10.330585837766264 ], [ 79.487525939570475, 10.328009605658877 ], [ 79.495781302265328, 10.318648815190784 ], [ 79.494571447014692, 10.325863361005418 ], [ 79.504529356744541, 10.322005629156521 ], [ 79.501784920837594, 10.333308339208585 ], [ 79.512383103797248, 10.337401628682272 ], [ 79.510584950734966, 10.329840779128716 ], [ 79.527276038758345, 10.330197215529111 ], [ 79.528402447714853, 10.324373960489964 ], [ 79.507179260414631, 10.325063943746088 ], [ 79.523908019239769, 10.318295002112748 ], [ 79.543542861713803, 10.324103832026282 ], [ 79.534412145704067, 10.336155653061013 ], [ 79.543585657752004, 10.337804078895161 ], [ 79.540221333547805, 10.338754176663983 ], [ 79.538222313309205, 10.346735835190714 ], [ 79.542894005354157, 10.339109420563432 ], [ 79.545745134130783, 10.347866774032482 ], [ 79.587030171905013, 10.343341708353165 ], [ 79.587296962984539, 10.329383015214034 ], [ 79.559900044951206, 10.332380771255657 ], [ 79.549323320714706, 10.316784024163411 ], [ 79.525168657407761, 10.315107345227815 ], [ 79.526236415278419, 10.305661201903021 ], [ 79.674197316453075, 10.281000375866753 ], [ 79.739163636892414, 10.277505158936023 ], [ 79.682927966352651, 10.290118813432571 ], [ 79.690696835390753, 10.291917443135617 ], [ 79.673571944090014, 10.301152348302239 ], [ 79.662715554079597, 10.297867536757508 ], [ 79.662563442748848, 10.289150238193002 ], [ 79.555736660518534, 10.308344244691142 ], [ 79.55125546466806, 10.312358021505531 ], [ 79.596741080136866, 10.308654666379852 ], [ 79.613561033814818, 10.317416548834728 ], [ 79.622027755176788, 10.333782553522099 ], [ 79.620591521681519, 10.340808033963683 ], [ 79.610519051812872, 10.34124827368889 ], [ 79.62036395093574, 10.343924880029277 ], [ 79.629951238358984, 10.362920403453984 ], [ 79.636462927122551, 10.318219542697776 ], [ 79.710164308635996, 10.324994921678382 ], [ 79.730568528315047, 10.311046123779704 ], [ 79.757345676761616, 10.313586115906546 ], [ 79.778288245006621, 10.302412151899318 ], [ 79.757122159260376, 10.311985254316141 ], [ 79.784980773943602, 10.281045437297166 ], [ 79.76942670327989, 10.287881135605986 ], [ 79.76061010337358, 10.282417059000139 ], [ 79.751446366056967, 10.290112852725969 ], [ 79.747196554977194, 10.282514452879767 ], [ 79.755544662056678, 10.27534627880776 ], [ 79.74329245048628, 10.275143742489817 ], [ 79.835380315649189, 10.275419950370477 ], [ 79.866914749116489, 10.286328077478899 ], [ 79.882976650751885, 10.302353620423304 ], [ 79.865692973352196, 10.421456456150551 ], [ 79.851452350845392, 10.826069713046905 ], [ 79.831928133976277, 10.818972348894874 ], [ 79.823946118418718, 10.81763911205546 ], [ 79.844385623897523, 10.827215909786474 ], [ 79.851689219681845, 10.82665145390159 ], [ 79.852862119990988, 10.837478041278686 ], [ 79.852864146163569, 10.911840558495072 ], [ 79.847628831905098, 10.912758827457978 ], [ 79.85439276701274, 10.917917609410267 ], [ 79.858076214745637, 11.024890422654963 ], [ 79.855810642647072, 11.181668400376452 ], [ 79.847632408508986, 11.242650747534071 ], [ 79.845644712533527, 11.23228883716024 ], [ 79.839561462591433, 11.228928804520748 ], [ 79.833771347569694, 11.234071254784666 ], [ 79.814207434625501, 11.230463743107293 ], [ 79.804687500128097, 11.236049056418878 ], [ 79.818337559430887, 11.23148655915746 ], [ 79.824815035285752, 11.240835428212534 ], [ 79.832484245051972, 11.235260248461785 ], [ 79.846411943056836, 11.244128346246256 ], [ 79.837896943389325, 11.356099247882028 ], [ 79.835235357525875, 11.362415551736376 ], [ 79.832987547037732, 11.353316902852896 ], [ 79.789982676359585, 11.367853879852746 ], [ 79.771502137113913, 11.383844256607262 ], [ 79.758359551751965, 11.361030936628467 ], [ 79.754896879487518, 11.358461856829265 ], [ 79.743674636275529, 11.35781908078603 ], [ 79.743447780490811, 11.348023175828956 ], [ 79.739392042209062, 11.341823219965761 ], [ 79.730217218050342, 11.337684154100515 ], [ 79.713484048949709, 11.340545177218218 ], [ 79.735851049786135, 11.341416239867613 ], [ 79.741829752641053, 11.357471942476195 ], [ 79.759411811605986, 11.367212653341298 ], [ 79.765891432343807, 11.390381455539838 ], [ 79.796893477052464, 11.369027853052998 ], [ 79.818570852562829, 11.364308119224347 ], [ 79.810866474808023, 11.370676040566934 ], [ 79.812871575362948, 11.37597620493797 ], [ 79.809263944975186, 11.380988359625164 ], [ 79.810012340097586, 11.383548140434357 ], [ 79.813746929577206, 11.375506043868867 ], [ 79.811962842811084, 11.370598673689841 ], [ 79.827401876695404, 11.362869978266914 ], [ 79.807289242404664, 11.444419145227386 ], [ 79.779751658712229, 11.500180244422836 ], [ 79.775519967172812, 11.489221215686612 ], [ 79.731070161159181, 11.465564728229666 ], [ 79.7306436297998, 11.450753211591518 ], [ 79.727066159076145, 11.447028875282385 ], [ 79.72029197259647, 11.447576046197625 ], [ 79.711935043167756, 11.455611467095622 ], [ 79.692056417869452, 11.446305036148601 ], [ 79.710549712199594, 11.457239031356323 ], [ 79.726974964223331, 11.448971509827345 ], [ 79.730169177165834, 11.467449903290444 ], [ 79.773041248554904, 11.497733354610645 ], [ 79.757247805342018, 11.563701033276146 ], [ 79.756871104517899, 11.617181658606739 ], [ 79.774197935886065, 11.696268677857233 ], [ 79.753244400408875, 11.661203146308239 ], [ 79.752010821941923, 11.664759159207932 ], [ 79.782848238555431, 11.722625851901611 ], [ 79.806051849913075, 11.83055865725629 ], [ 79.799638867140089, 11.839910745884254 ], [ 79.807342529034514, 11.836605548507308 ], [ 79.819582938801688, 11.868859649153549 ], [ 79.804687500128097, 11.87444186250201 ], [ 79.819506168175252, 11.873885750527052 ], [ 79.805689811635574, 11.881906270558019 ], [ 79.789573312158751, 11.878151774584794 ], [ 79.80134844777271, 11.883344649835749 ], [ 79.823770642701021, 11.882049441728398 ], [ 79.832111835792631, 11.90537405057205 ], [ 79.818544864853749, 11.906376958330043 ], [ 79.825948715261092, 11.907842755239045 ], [ 79.824693441549215, 11.916250824615972 ], [ 79.830872059198185, 11.906996130766828 ], [ 79.849755048656647, 11.987902045043398 ], [ 79.882882833476145, 12.060735106839772 ], [ 80.007193446220668, 12.254302144328619 ], [ 79.957620978625386, 12.212659120622021 ], [ 79.944865941709992, 12.220207572121794 ], [ 79.98642563783298, 12.251175880562442 ], [ 80.003000735795439, 12.25798821448457 ], [ 80.004865050182019, 12.265330076422003 ], [ 80.0111572746886, 12.272582053818809 ], [ 80.00478518049178, 12.260461449936031 ], [ 80.012352943133948, 12.265009522071821 ], [ 80.009412050326006, 12.256485343024224 ], [ 80.02101993542172, 12.281948447063286 ], [ 80.050104022083048, 12.324639678278587 ], [ 80.040357828051384, 12.313591241642513 ], [ 80.058072447985097, 12.346171378906021 ], [ 80.063352823673966, 12.351178645777921 ], [ 80.013759374895386, 12.322781920848996 ], [ 80.017308950447813, 12.340228557202209 ], [ 80.057899475080745, 12.367137670367228 ], [ 80.064198732285746, 12.34999787819963 ], [ 80.051023840577926, 12.326262831364659 ], [ 80.155613541231986, 12.465779542791694 ], [ 80.166891813106787, 12.527899265239 ], [ 80.184779644265319, 12.574957608806656 ], [ 80.161672234286272, 12.585377216085689 ], [ 80.170243858867053, 12.594324350788227 ], [ 80.163817406048537, 12.594050049470212 ], [ 80.165294528120086, 12.603920340951063 ], [ 80.181605458325379, 12.609429240667026 ], [ 80.170898079682701, 12.585477233287762 ], [ 80.18563711635997, 12.577893614698667 ], [ 80.254620075256383, 12.782011151293702 ], [ 80.246780037468881, 12.802560448705833 ], [ 80.23220145693179, 12.784727573318889 ], [ 80.239413976573786, 12.810392380004359 ], [ 80.232912779301415, 12.846121549170206 ], [ 80.241379976404886, 12.806669711937744 ], [ 80.24796104426693, 12.805078268047737 ], [ 80.258730173059206, 12.935368657437664 ], [ 80.277275324097076, 13.011184573509354 ], [ 80.267057656885441, 13.012722969089779 ], [ 80.27742624292685, 13.016033172992593 ], [ 80.285531163432523, 13.068624138593208 ], [ 80.290132522198263, 13.068538666126599 ], [ 80.310141563582391, 13.106828928212494 ], [ 80.300723433239938, 13.09037351652465 ], [ 80.293452978372358, 13.085907578571963 ], [ 80.304895520412032, 13.110489964840042 ], [ 80.299996852972441, 13.142416239218107 ], [ 80.333882450614652, 13.234797358911052 ], [ 80.311317444244736, 13.209069609574939 ], [ 80.317919850320919, 13.223740220434848 ], [ 80.306429744037615, 13.215009927566129 ], [ 80.31791305504359, 13.226390004495201 ], [ 80.313210964114802, 13.231474756954555 ], [ 80.314013243016831, 13.246328950021052 ], [ 80.317414880092798, 13.230949043863362 ], [ 80.333950757721396, 13.239517569380382 ], [ 80.346965670829064, 13.311994552706494 ], [ 80.325581312427772, 13.443576454889566 ], [ 80.326092123752659, 13.429556846171636 ], [ 80.319515347455336, 13.423701048264874 ], [ 80.331140637130858, 13.390955328725568 ], [ 80.331591605768125, 13.376367211777449 ], [ 80.327206849616545, 13.369846939884468 ], [ 80.32899951951228, 13.366400360987967 ], [ 80.324537158163395, 13.370161413918126 ], [ 80.330323457361743, 13.384466648217298 ], [ 80.322674512918496, 13.389945626589451 ], [ 80.326548934385897, 13.398852825097819 ], [ 80.316495180308465, 13.427850246791508 ], [ 80.304253459329772, 13.425046920579007 ], [ 80.302290201531633, 13.416164755599041 ], [ 80.300393223768339, 13.426637053257423 ], [ 80.278132677481182, 13.435430645807728 ], [ 80.268569231085309, 13.417288542132567 ], [ 80.275560140687986, 13.437666654492602 ], [ 80.280985832430275, 13.437909007394794 ], [ 80.262137651231711, 13.472919344852002 ], [ 80.247206449218339, 13.473233342245067 ], [ 80.236081242855192, 13.487764238928577 ], [ 80.179068565262156, 13.494636654757883 ], [ 80.161569714270996, 13.489586949777944 ], [ 80.128974318210368, 13.516813039790037 ], [ 80.125536680373585, 13.505698204408617 ], [ 80.115674018741032, 13.507563233756287 ], [ 80.11936020850689, 13.514680862332057 ], [ 80.051260352383366, 13.58881354341041 ], [ 80.076262950474899, 13.610343932826353 ], [ 80.072766303622103, 13.636858344337156 ], [ 80.095095514946166, 13.647519350337816 ], [ 80.079401731904483, 13.655689716307378 ], [ 80.095123052187176, 13.668503403409431 ], [ 80.088899612327367, 13.654321670308946 ], [ 80.098090768174444, 13.661635160434358 ], [ 80.101635455911577, 13.652688979912554 ], [ 80.103465437779818, 13.666833401040677 ], [ 80.113435625953542, 13.675686359637822 ], [ 80.121183038066903, 13.670654177947981 ], [ 80.121132015929817, 13.677960276545562 ], [ 80.126081824216982, 13.66959595648828 ], [ 80.12087106684632, 13.645465731358513 ], [ 80.112208843663296, 13.64207565776546 ], [ 80.120023847022964, 13.65053045771451 ], [ 80.118479132805902, 13.658686519067643 ], [ 80.109728455903479, 13.657837152562607 ], [ 80.108982205664375, 13.642128109824512 ], [ 80.126506924754864, 13.611428380315587 ], [ 80.1385066507614, 13.612932443377588 ], [ 80.147572517557791, 13.659289717746375 ], [ 80.143101453469313, 13.701913953066537 ], [ 80.130180358536819, 13.723356008373116 ], [ 80.147292733073215, 13.72408854934713 ], [ 80.140266775990966, 13.714300513458042 ], [ 80.136299252208829, 13.718695760201228 ], [ 80.142172455594419, 13.704377651207679 ], [ 80.170985102580488, 13.689454912714154 ], [ 80.188937664241934, 13.667013644963845 ], [ 80.191006422408549, 13.641368269929771 ], [ 80.214078426078544, 13.62720263019736 ], [ 80.264322162038269, 13.560894608499439 ], [ 80.270601630560947, 13.528874277625889 ], [ 80.264292121084651, 13.523640274579094 ], [ 80.274523616271978, 13.514269352348819 ], [ 80.275638342135863, 13.52500796354677 ], [ 80.278090358083574, 13.520499825806425 ], [ 80.293062448673226, 13.44710314269598 ], [ 80.31499826865533, 13.433633446926109 ], [ 80.31106781942438, 13.458809137531759 ], [ 80.236063360735585, 13.641714811089727 ], [ 80.234248042313396, 13.697126030841716 ], [ 80.252305865123702, 13.780216812955587 ], [ 80.24486374856329, 13.818881034732087 ], [ 80.151456713756403, 14.030347943502846 ], [ 80.153414845418837, 14.021974801995597 ], [ 80.149732232256753, 14.018581509728961 ], [ 80.140720724981549, 14.069735408162614 ], [ 80.128809213474511, 14.063958049124778 ], [ 80.126154064958286, 14.064386010406125 ], [ 80.114707231353719, 14.076382756059374 ], [ 80.114503740855042, 14.06431436501606 ], [ 80.09854733958818, 14.051292657530169 ], [ 80.105581521869823, 14.042606472810576 ], [ 80.103588342727988, 14.039454579265481 ], [ 80.094994425752162, 14.034741163174189 ], [ 80.097513914235805, 14.020565747811062 ], [ 80.09454727203908, 14.019003748624186 ], [ 80.082921028182994, 14.018499374646481 ], [ 80.076789856067052, 14.010074257720859 ], [ 80.063235640212639, 14.000287651753723 ], [ 80.044292330526758, 13.99723935111524 ], [ 80.016705035908814, 14.010573148532103 ], [ 79.957721352858215, 13.983615874872839 ], [ 79.950776100037018, 13.965289831060943 ], [ 79.924141406900475, 13.959226608121583 ], [ 79.910774469466304, 13.943487047789077 ], [ 79.895595550094669, 13.947105050058056 ], [ 79.894739627531891, 13.921480536597528 ], [ 79.873642802173748, 13.889086127323012 ], [ 79.82950150948713, 13.874939561311777 ], [ 79.818948149637464, 13.849669217960127 ], [ 79.79559695683426, 13.847068548574768 ], [ 79.789033651481901, 13.831194043170626 ], [ 79.764835357565772, 13.833306670266637 ], [ 79.78931713128074, 13.834431052151402 ], [ 79.792191624443973, 13.847832322103997 ], [ 79.814867376928049, 13.851646661664191 ], [ 79.834577441395851, 13.883690714854652 ], [ 79.867852806761761, 13.891235113110028 ], [ 79.886219263408321, 13.919155478842313 ], [ 79.892444014479764, 13.94871795177211 ], [ 79.912890553556309, 13.951502442583731 ], [ 79.923857927101807, 13.963611722203296 ], [ 79.944822430710673, 13.96933615164221 ], [ 79.957759976042126, 13.986298441919644 ], [ 80.013394713295469, 14.011381030210458 ], [ 80.027894020392893, 14.010111570592585 ], [ 80.043129324558691, 13.999780655353049 ], [ 80.060686946245625, 14.002436875861207 ], [ 80.082553863769903, 14.019142508619936 ], [ 80.096154570976779, 14.022830128307859 ], [ 80.092358350957198, 14.033973932650895 ], [ 80.103357553308598, 14.040596961980313 ], [ 80.097812652831777, 14.050678968259831 ], [ 80.113065600796887, 14.064012050715618 ], [ 80.112660527261625, 14.076795458543643 ], [ 80.119025945790924, 14.076945543701896 ], [ 80.12807762578197, 14.067160845196952 ], [ 80.138612151129934, 14.072841763636532 ], [ 80.131193756886461, 14.119078159229716 ], [ 80.127918005111866, 14.111510873228255 ], [ 80.122350573919988, 14.115334510879023 ], [ 80.126232028085695, 14.13410770930345 ], [ 80.129725217944582, 14.124140620193572 ], [ 80.126667976246182, 14.184241652430401 ], [ 80.134624242415015, 14.241780042215225 ], [ 80.112556219394065, 14.251633644077501 ], [ 80.109033703542622, 14.240731715995963 ], [ 80.097787618403999, 14.231166243427452 ], [ 80.071305036598318, 14.225602030909073 ], [ 80.067794561769773, 14.21829473981046 ], [ 80.069523573154441, 14.227047800815441 ], [ 80.063125967889249, 14.228491306228861 ], [ 80.052346944755783, 14.210024237928266 ], [ 80.037412643678664, 14.209516763987523 ], [ 80.043878555151224, 14.198120236659634 ], [ 80.035218476851327, 14.206713676095333 ], [ 80.036381840749499, 14.211048245580088 ], [ 80.051079034669812, 14.21163666210235 ], [ 80.061648726207892, 14.230153203007987 ], [ 80.089900016372752, 14.234133958515443 ], [ 80.075548410331038, 14.238112569139773 ], [ 80.100909232675093, 14.24599993195136 ], [ 80.094459176250126, 14.246464014502678 ], [ 80.099586248106874, 14.255685210404195 ], [ 80.137333035491196, 14.252345323477982 ], [ 80.170037746844656, 14.360674738848161 ], [ 80.182719945868854, 14.531229257424329 ], [ 80.173991203431314, 14.531700730604285 ], [ 80.172465324615104, 14.534749149953413 ], [ 80.183883428477515, 14.536667347220401 ], [ 80.199179172480996, 14.586894035631346 ], [ 80.193506121310548, 14.59922504400059 ], [ 80.190236330242527, 14.600407958260732 ], [ 80.196942329225209, 14.58274745952771 ], [ 80.186700224735631, 14.573268651926838 ], [ 80.166590333377343, 14.567831277991203 ], [ 80.14046120671938, 14.57025921369187 ], [ 80.135763406456164, 14.565983653223086 ], [ 80.135674834026503, 14.569161653187791 ], [ 80.143745541623588, 14.572529553995807 ], [ 80.169937014681608, 14.570706844045716 ], [ 80.181828975826676, 14.582605719178659 ], [ 80.173566341213728, 14.584836721337751 ], [ 80.187098741314031, 14.590293168994663 ], [ 80.182171106711365, 14.599681258383484 ], [ 80.188666343277276, 14.598553419504739 ], [ 80.166563153167004, 14.621515154600715 ], [ 80.144971608952659, 14.698817610444394 ], [ 80.135381341176043, 14.718731880372061 ], [ 80.14023947707031, 14.703155040672627 ], [ 80.134011149395036, 14.692225933280284 ], [ 80.129721045090236, 14.692133426316602 ], [ 80.136712670553464, 14.710830569075526 ], [ 80.116596937199034, 14.739337443868067 ], [ 80.114939212374878, 14.731049418695775 ], [ 80.093258857410405, 14.809787153854131 ], [ 80.082158446255363, 14.807639122247778 ], [ 80.059438943552465, 14.819845557426575 ], [ 80.088978052095484, 14.811700701626194 ], [ 80.085214257132321, 14.876371264722152 ], [ 80.054884910710172, 14.998266338920502 ], [ 80.047921418738582, 15.077427506374406 ], [ 80.064631343062189, 15.151920676198358 ], [ 80.081309318969971, 15.185449123378419 ], [ 80.061236262043991, 15.190408229756045 ], [ 80.046298742293203, 15.209167003954121 ], [ 80.075430631518572, 15.18950271587768 ], [ 80.082775354199356, 15.193211674679091 ], [ 80.088566660822863, 15.219558716062011 ], [ 80.083712935203863, 15.266873240507778 ], [ 80.099185824066609, 15.309471964759481 ], [ 80.080200314592929, 15.315653324441456 ], [ 80.099239945267328, 15.315472841298629 ], [ 80.129141807948173, 15.378266930274677 ], [ 80.20776665210937, 15.479805349937038 ], [ 80.211786627950659, 15.495147108652191 ], [ 80.200590014517701, 15.497783779697784 ], [ 80.212906837880354, 15.502739548691352 ], [ 80.225110173096112, 15.533126354597698 ], [ 80.20767390772474, 15.54049575287678 ], [ 80.193174123986779, 15.550985336404253 ], [ 80.225023746448841, 15.537575245001605 ], [ 80.239022850624195, 15.604732870625568 ], [ 80.27047300322667, 15.672851443439455 ], [ 80.339825033998267, 15.747149825504152 ], [ 80.431357621756973, 15.805487752158115 ], [ 80.537732005427785, 15.854853033940458 ], [ 80.686841368734321, 15.882632017253911 ], [ 80.773540139166158, 15.865996718673671 ], [ 80.790573716004275, 15.856807350678764 ], [ 80.809743643154746, 15.836809039105901 ], [ 80.810838818656663, 15.816089034181644 ], [ 80.793980717536186, 15.81630575640564 ], [ 80.794127106480886, 15.809684634538328 ], [ 80.814362168179656, 15.743749022099749 ], [ 80.828508257550055, 15.744977712751279 ], [ 80.857295274757263, 15.823342204079495 ], [ 80.88976442848562, 15.878371953902587 ], [ 80.89650356748578, 15.906110525280553 ], [ 80.8918931480504, 15.926726817688547 ], [ 80.900794268041096, 15.940873026668939 ], [ 80.891657948355686, 15.955186128237358 ], [ 80.895151138214572, 15.964108348121869 ], [ 80.875416040218141, 16.026366472634706 ], [ 80.885555624692387, 16.009309053869785 ], [ 80.882804751438158, 16.016476750401736 ], [ 80.881502866763952, 16.029557705223993 ], [ 80.888770222567842, 16.057976245907085 ], [ 80.870147109301769, 16.090283155643235 ], [ 80.872118830619598, 16.101701140795086 ], [ 80.866783618769006, 16.108045339820677 ], [ 80.868628144473433, 16.113305568896905 ], [ 80.860292315837825, 16.124519348589104 ], [ 80.86206710361401, 16.13632452515678 ], [ 80.845495224325219, 16.136775850824904 ], [ 80.837861537779844, 16.147497534983358 ], [ 80.837927341173923, 16.196866750400275 ], [ 80.83257114903941, 16.19903087627398 ], [ 80.822440862655725, 16.225860238459305 ], [ 80.827153802106324, 16.241498708698515 ], [ 80.819022535961409, 16.261572718905853 ], [ 80.800567746104747, 16.269007921478419 ], [ 80.791589618066581, 16.277763247875626 ], [ 80.792467236773717, 16.284693360610149 ], [ 80.769232749891586, 16.292247653206687 ], [ 80.761395573746796, 16.314851879910435 ], [ 80.746006250787929, 16.318296670954666 ], [ 80.752063036380179, 16.331028342583991 ], [ 80.727982044635809, 16.345091700621566 ], [ 80.711264133433104, 16.379344701896557 ], [ 80.714252353063699, 16.397777080647785 ], [ 80.684092641262481, 16.423657655376516 ], [ 80.693676829622092, 16.41859447945177 ], [ 80.679135679767938, 16.437366962015759 ], [ 80.671195745287577, 16.462296366983836 ], [ 80.631325125254392, 16.474248647457173 ], [ 80.62482011305778, 16.490194559031806 ], [ 80.606825709538981, 16.501365065145691 ], [ 80.567070007574813, 16.508779167824414 ], [ 80.547966956709757, 16.526008606212244 ], [ 80.533694505397108, 16.550602674673755 ], [ 80.525346040387518, 16.555336952338493 ], [ 80.528498768503511, 16.559190750552816 ], [ 80.513337612540823, 16.567414403152242 ], [ 80.485148907096487, 16.561456442261019 ], [ 80.412994265972742, 16.577268004115155 ], [ 80.402444005186766, 16.561319231797142 ], [ 80.321793437217394, 16.592568278003711 ], [ 80.291090131104824, 16.588243245829176 ], [ 80.269019126831296, 16.59734106104122 ], [ 80.247840761741912, 16.585967421459429 ], [ 80.204676628323881, 16.601520657552328 ], [ 80.137844204746358, 16.65153872932899 ], [ 80.132432937230334, 16.673454165277562 ], [ 80.142792343891728, 16.687004804528144 ], [ 80.13910841951801, 16.709368228760866 ], [ 80.141947030631087, 16.731878041938202 ], [ 80.114980458881092, 16.819445371306912 ], [ 80.072400450420531, 16.812615632805233 ], [ 80.055801153500596, 16.743135213919089 ], [ 80.033344149413068, 16.714007854578895 ], [ 79.997930407562336, 16.69921874994543 ], [ 80.005985378822203, 16.710931062518569 ], [ 80.026569605003289, 16.713832974212437 ], [ 80.053773641840252, 16.74483215817763 ], [ 80.052023767982547, 16.766531825183648 ], [ 80.07051074547465, 16.816931963139638 ], [ 80.0989533664048, 16.82452011071463 ], [ 80.122719049544656, 16.817910671040664 ], [ 80.146929263974499, 16.736188649886387 ], [ 80.142769456145544, 16.706000447562687 ], [ 80.152578711538382, 16.691270112725633 ], [ 80.141191601911061, 16.669456720151615 ], [ 80.147115946144112, 16.656305909590117 ], [ 80.138505459159745, 16.656411052028517 ], [ 80.174094915048357, 16.641990542629571 ], [ 80.208723545155607, 16.602982640436593 ], [ 80.249359964890544, 16.589903473466592 ], [ 80.268503308081364, 16.599578976288825 ], [ 80.255148410770659, 16.611706614668591 ], [ 80.236055016825645, 16.612944841731164 ], [ 80.220960974569408, 16.618811726480018 ], [ 80.206252813416739, 16.6305433510949 ], [ 80.236284852064415, 16.6139885184554 ], [ 80.253979205775892, 16.614517331509731 ], [ 80.266488909435765, 16.602154016794529 ], [ 80.310588360264688, 16.591869473297621 ], [ 80.324821829563888, 16.597886323594992 ], [ 80.345345973837681, 16.584892749600812 ], [ 80.409883261003785, 16.590929508190357 ], [ 80.449271202304175, 16.574520229924744 ], [ 80.434223413080161, 16.592855811046874 ], [ 80.466497659439511, 16.572062254169722 ], [ 80.483598708813503, 16.574339747681293 ], [ 80.474954963101169, 16.579605459924153 ], [ 80.486453652514143, 16.575017452493555 ], [ 80.508279203922285, 16.58164644252939 ], [ 80.504851102496531, 16.587140918018989 ], [ 80.600755929642588, 16.516621947644836 ], [ 80.626368642199139, 16.492658257172863 ], [ 80.631677031769726, 16.477843046119801 ], [ 80.6670292617911, 16.467721342865772 ], [ 80.677010655517421, 16.459372520825227 ], [ 80.696340918298887, 16.415767430922273 ], [ 80.717494130249946, 16.399425626091855 ], [ 80.713425517273805, 16.379444003238291 ], [ 80.730695962948431, 16.344983219899731 ], [ 80.745344519733891, 16.343669056781579 ], [ 80.7553271059613, 16.328734755704545 ], [ 80.750408530229521, 16.31777465317775 ], [ 80.762477278303862, 16.315546512661484 ], [ 80.772531866952164, 16.293108225264476 ], [ 80.793393015974999, 16.285541772934536 ], [ 80.799026966421508, 16.272717953171039 ], [ 80.816465854215863, 16.266432523941944 ], [ 80.825810670925847, 16.255840063368296 ], [ 80.828502654773757, 16.240602254590414 ], [ 80.825209736740049, 16.227689742787504 ], [ 80.834127664160377, 16.199847459792466 ], [ 80.839593052877177, 16.20186400422044 ], [ 80.842752933301341, 16.183823824310082 ], [ 80.841451168236887, 16.146321058070484 ], [ 80.86467850191147, 16.136990546876333 ], [ 80.870082020868637, 16.132141709072698 ], [ 80.870294213207529, 16.120573401341488 ], [ 80.882829666256185, 16.11676526080818 ], [ 80.890987753781957, 16.089425206008528 ], [ 80.888920068506451, 16.073529958640762 ], [ 80.895931720972186, 16.068475722876357 ], [ 80.899371624201109, 16.059209943084483 ], [ 80.892274856299679, 16.006711960188866 ], [ 80.90038430669054, 16.00773334541762 ], [ 80.910105347583823, 15.985048055623324 ], [ 80.913327574408157, 15.960240006071444 ], [ 80.914167046572032, 15.923965335132152 ], [ 80.893893122469734, 15.857003330939051 ], [ 80.89934480192116, 15.834946751791236 ], [ 80.963741779559626, 15.80223596102087 ], [ 81.001561641356744, 15.767333268815392 ], [ 81.011227727377872, 15.768701314813924 ], [ 80.992985963531481, 15.820312499622219 ], [ 81.069393634408783, 15.910496234713506 ], [ 81.128368258588381, 15.963477849623118 ], [ 81.124465703629454, 15.991482972860965 ], [ 81.096791625333395, 16.006507158478698 ], [ 81.078993677816101, 15.998077153737768 ], [ 81.065883159580181, 16.002307057424815 ], [ 81.062666058891665, 16.009081244803681 ], [ 81.072303772201479, 16.026426315322212 ], [ 81.071748614407085, 16.052509427268333 ], [ 81.045897603092016, 16.057228446135923 ], [ 81.041931748451503, 16.075428247615662 ], [ 81.015903115636405, 16.089149236448165 ], [ 81.000495075987061, 16.083909750234909 ], [ 81.00564837477279, 16.058495640361556 ], [ 81.002938508805272, 16.050980806419147 ], [ 80.995355844396812, 16.045040130497739 ], [ 80.980460047793059, 16.041933536703439 ], [ 80.954896926552038, 16.045954942466665 ], [ 80.939177870762222, 16.035059929272379 ], [ 80.92746925350329, 16.032439350695569 ], [ 80.915934562430238, 16.035292506544039 ], [ 80.909461379039413, 16.041430950577919 ], [ 80.924891113933796, 16.033537507450077 ], [ 80.956184506609787, 16.047382116191827 ], [ 80.991045236448628, 16.045104146039577 ], [ 81.004744648746708, 16.05632841542409 ], [ 80.998852849179713, 16.089322805603032 ], [ 81.016734838342217, 16.091189742412709 ], [ 81.043239355511929, 16.077523827162977 ], [ 81.047535300014175, 16.05786430819137 ], [ 81.072430134143445, 16.05705761901396 ], [ 81.074729562119757, 16.027490734909534 ], [ 81.067249656046812, 16.004383802470613 ], [ 81.098109364155988, 16.008620023895105 ], [ 81.118642807419718, 16.002481460251303 ], [ 81.125426053669486, 15.994548321048242 ], [ 81.131902813664027, 15.974070429806602 ], [ 81.145634054767839, 15.973970055573673 ], [ 81.141193747493531, 16.018267631545996 ], [ 81.184749841432193, 16.094437956946237 ], [ 81.202068925140878, 16.142461657079878 ], [ 81.195623517311645, 16.140990853645008 ], [ 81.182731151221759, 16.143047452078335 ], [ 81.202447414716488, 16.145607709528292 ], [ 81.218231916869541, 16.209681749613097 ], [ 81.26542234386622, 16.2808134559763 ], [ 81.328456044610817, 16.317569613147199 ], [ 81.392438054372775, 16.341964840605044 ], [ 81.37958872354082, 16.359466552339583 ], [ 81.345779180664721, 16.330798268125662 ], [ 81.369492053815378, 16.361892938508376 ], [ 81.38280844665266, 16.361194968373169 ], [ 81.399128317917615, 16.343982934564906 ], [ 81.401733040547384, 16.35209262327605 ], [ 81.406088113675565, 16.343794822473129 ], [ 81.484766364076535, 16.352869510719401 ], [ 81.475525259882858, 16.394620775928161 ], [ 81.483807325248023, 16.389498948917463 ], [ 81.494266509891617, 16.37156605722781 ], [ 81.511207818985696, 16.371973514865928 ], [ 81.522734045639794, 16.383319735917169 ], [ 81.547535538234655, 16.379984140555734 ], [ 81.552837253036927, 16.375933766729972 ], [ 81.561215161850299, 16.345454216439009 ], [ 81.683664918101641, 16.332714319610247 ], [ 81.715566754302273, 16.319591045390482 ], [ 81.718266129678312, 16.367507457303404 ], [ 81.697456359823235, 16.411419272681343 ], [ 81.710483908405735, 16.443502426595785 ], [ 81.722523331386782, 16.446398615903462 ], [ 81.734210252501299, 16.42410707448191 ], [ 81.753690004190418, 16.420980572395521 ], [ 81.798185944525727, 16.47597706349076 ], [ 81.819495320152981, 16.48833000632473 ], [ 81.84578955154663, 16.495520472791597 ], [ 81.845098853329517, 16.531086444683808 ], [ 81.856803775274017, 16.543685555344169 ], [ 81.856950879179777, 16.611659050424848 ], [ 81.843283176077847, 16.646919131412886 ], [ 81.793597459555173, 16.701087712927674 ], [ 81.791980504596637, 16.742027878683757 ], [ 81.746938943777394, 16.792187929129696 ], [ 81.756384730071346, 16.838670015009299 ], [ 81.732977629114458, 16.8860795501312 ], [ 81.726695180238409, 16.916834115801876 ], [ 81.729567527619423, 16.944336652914288 ], [ 81.745207309969516, 16.973875045596969 ], [ 81.742140770180555, 17.008955359302433 ], [ 81.730188846737889, 17.023633122470699 ], [ 81.720793962071838, 17.056622266904114 ], [ 81.693606138212857, 17.089068055346473 ], [ 81.704094052598606, 17.081210136338825 ], [ 81.703673958586393, 17.103423476312472 ], [ 81.677353620773061, 17.109532832674162 ], [ 81.640176177089046, 17.206722139914859 ], [ 81.638220548239786, 17.227792024282579 ], [ 81.65803086733078, 17.273298024684152 ], [ 81.656813144810911, 17.299844265000942 ], [ 81.642658948951436, 17.321678161218173 ], [ 81.617276310853157, 17.324423074665205 ], [ 81.611069559712547, 17.333270430486053 ], [ 81.602014779758434, 17.370319008515494 ], [ 81.612569808749726, 17.404723524870803 ], [ 81.584165453972588, 17.405597567873485 ], [ 81.563290119043899, 17.438363671446368 ], [ 81.541051507221283, 17.435517430485135 ], [ 81.52641153356555, 17.441697359345696 ], [ 81.515246510618027, 17.457818746637926 ], [ 81.511121868979188, 17.472892642281721 ], [ 81.49880623811751, 17.479848266084701 ], [ 81.475444436012054, 17.465605736115876 ], [ 81.439865946456308, 17.459850906893919 ], [ 81.406591653981735, 17.464636921656734 ], [ 81.389918923819295, 17.472200513243195 ], [ 81.383396149113054, 17.487869262756348 ], [ 81.366625666241674, 17.498399853570461 ], [ 81.318131923749405, 17.486886143680692 ], [ 81.304892659468777, 17.489580034990709 ], [ 81.290527701192474, 17.49954974652367 ], [ 81.2912093405387, 17.517442226277751 ], [ 81.283506512315768, 17.529949426225116 ], [ 81.283440947242042, 17.538084149364124 ], [ 81.260699629684183, 17.563835501407311 ], [ 81.260522604434669, 17.579973936248251 ], [ 81.282724261315622, 17.59604871257811 ], [ 81.282560944432049, 17.634769201337676 ], [ 81.294101953242631, 17.658300519353588 ], [ 81.326750159292573, 17.702836155764032 ], [ 81.369910359075931, 17.710341930835554 ], [ 81.387743234462761, 17.753906249973511 ], [ 81.371840358146102, 17.708226561706525 ], [ 81.330700040174833, 17.701797247245267 ], [ 81.294026255507362, 17.653340458795213 ], [ 81.285945176928436, 17.596039176167153 ], [ 81.260887146424778, 17.574363351087868 ], [ 81.292820334790719, 17.529558419885277 ], [ 81.295256376081028, 17.497742533691039 ], [ 81.320900559513262, 17.491658925818825 ], [ 81.37100684668863, 17.500989556622812 ], [ 81.381983637934553, 17.496160745821825 ], [ 81.393263339731419, 17.473043203181291 ], [ 81.413673639726852, 17.465797663131752 ], [ 81.473151445383024, 17.468558072796952 ], [ 81.500126958192681, 17.482949972063693 ], [ 81.514503240732012, 17.472118258550893 ], [ 81.533463716677289, 17.441561460093396 ], [ 81.563014626124158, 17.442158222324139 ], [ 81.588513851433191, 17.407663822327606 ], [ 81.614236355023849, 17.409678817223693 ], [ 81.617657780782025, 17.400786280362595 ], [ 81.606693506300445, 17.380129576019215 ], [ 81.617179274903634, 17.330955625002147 ], [ 81.644468903817, 17.325755834863941 ], [ 81.680071950260441, 17.301482439463072 ], [ 81.680647135057399, 17.289711236584409 ], [ 81.665866851873801, 17.282808661090925 ], [ 81.659595966480794, 17.267179370231801 ], [ 81.667239308147686, 17.226562499959513 ], [ 81.663243412553612, 17.191506624431213 ], [ 81.658614039006721, 17.186208009592065 ], [ 81.671685576128567, 17.135323524661018 ], [ 81.6828700307274, 17.113461375342226 ], [ 81.705912947624569, 17.106261014534283 ], [ 81.7125742431069, 17.093287467542652 ], [ 81.722045778789692, 17.113545656207179 ], [ 81.703983068164149, 17.12992906547403 ], [ 81.706368446147025, 17.141313672288277 ], [ 81.710409879812261, 17.126334071460349 ], [ 81.722480178317682, 17.121378064146384 ], [ 81.736062168834195, 17.102229356499663 ], [ 81.736690759870754, 17.081993221909784 ], [ 81.730145334839364, 17.072690963816996 ], [ 81.748777150844859, 17.054323553888977 ], [ 81.753335237831124, 17.041890859175851 ], [ 81.760070443196554, 17.039309978472744 ], [ 81.753377079688647, 17.067939043252309 ], [ 81.768030643899209, 17.028005718888878 ], [ 81.766882777118582, 17.00174844243675 ], [ 81.780425429490066, 16.982300877483567 ], [ 81.777230858617287, 16.943364739391299 ], [ 81.787616729628411, 16.930076241725232 ], [ 81.791929245038688, 16.894697547353985 ], [ 81.807551145269173, 16.874920606600753 ], [ 81.808897853053537, 16.853699445473111 ], [ 81.83187127124225, 16.824059843986703 ], [ 81.834624648209029, 16.806208134098156 ], [ 81.927014112711191, 16.732209920551497 ], [ 82.012693047446334, 16.720196604889509 ], [ 82.061861038656019, 16.680854916621229 ], [ 82.070580601713544, 16.685053348533302 ], [ 82.081152558643709, 16.71862685714386 ], [ 82.09453845018939, 16.725720047542197 ], [ 82.118639350225891, 16.715193629582416 ], [ 82.130399346652581, 16.721134900855063 ], [ 82.190331339619746, 16.72924435124591 ], [ 82.294088840927287, 16.708176732270417 ], [ 82.311982750603562, 16.733132242758913 ], [ 82.342870712713392, 16.73826360707983 ], [ 82.365821480577011, 16.901965141478186 ], [ 82.357965946571227, 16.963464737307859 ], [ 82.341302871530303, 16.985152959541466 ], [ 82.325201153310587, 16.989505648566862 ], [ 82.359380125992089, 16.943954825055187 ], [ 82.363492131257004, 16.909296512823829 ], [ 82.354623079291827, 16.851479649766134 ], [ 82.325804710818915, 16.855219364482167 ], [ 82.311971545050852, 16.840274333593683 ], [ 82.313323259360999, 16.851473808669368 ], [ 82.302553534318321, 16.863923550031913 ], [ 82.286188602522117, 16.876773476215021 ], [ 82.286811828203412, 16.871644020255388 ], [ 82.282770157117085, 16.864980221060449 ], [ 82.28179287913818, 16.877551555260126 ], [ 82.270661830778948, 16.875399947049956 ], [ 82.25645244082753, 16.886479019990801 ], [ 82.249072551956857, 16.929979443196757 ], [ 82.271813154553598, 16.940381645896323 ], [ 82.272554755297762, 16.966353774307279 ], [ 82.28360450224605, 16.971827149003772 ], [ 82.276463866314458, 16.981298804296472 ], [ 82.285549521793001, 16.983118176862405 ], [ 82.278507233022452, 16.99277615549525 ], [ 82.297636866948011, 17.032520651906651 ], [ 82.351503014552605, 17.09786605817213 ], [ 82.355928420959998, 17.094205141154418 ], [ 82.365696311135963, 17.10449206785475 ], [ 82.363548755270841, 17.109192610150942 ], [ 82.368662476692094, 17.118407845345871 ], [ 82.367524743472273, 17.10593795737087 ], [ 82.477880716322062, 17.204722643035595 ], [ 82.608732939173962, 17.289368748668878 ], [ 82.607997656167043, 17.29609715965627 ], [ 82.612944364490971, 17.292194604697258 ], [ 82.754093527994002, 17.368031858983159 ], [ 82.869858860897722, 17.415607452122345 ], [ 82.868150114836027, 17.421293854627748 ], [ 82.873327850899642, 17.431238174702074 ], [ 82.879771470876705, 17.43602001661057 ], [ 82.875011443823183, 17.419952750519101 ], [ 82.990625619576832, 17.4722627400335 ], [ 83.013347029741766, 17.503126740606646 ], [ 83.162811756557488, 17.561441540294936 ], [ 83.17246580155566, 17.573353767662297 ], [ 83.213028311407612, 17.590865015807879 ], [ 83.23825347461829, 17.611778616889723 ], [ 83.235688805993703, 17.628948450011052 ], [ 83.295258402753149, 17.674899339632915 ], [ 83.298215866469121, 17.686319827598012 ], [ 83.28264510618672, 17.687692046450877 ], [ 83.263660907924674, 17.710636376967287 ], [ 83.272302747074235, 17.711841344402544 ], [ 83.282816052019342, 17.68917107598439 ], [ 83.30090928113853, 17.695823550016925 ], [ 83.306344628002336, 17.68803465397616 ], [ 83.306349277497162, 17.701626300513382 ], [ 83.344492077747333, 17.724977612926523 ], [ 83.349094748623855, 17.750381946269883 ], [ 83.384774446083981, 17.777286649159635 ], [ 83.410186171854463, 17.810621857213036 ], [ 83.416167974672391, 17.833494662848508 ], [ 83.410045504396606, 17.8433839084407 ], [ 83.454280853578695, 17.887129306972014 ], [ 83.457988143238339, 17.920852422301493 ], [ 83.460152506532978, 17.904528856621539 ], [ 83.529466271151563, 17.949248075238572 ], [ 83.557801127220415, 17.982000827476313 ], [ 83.572813868964914, 18.017998576473246 ], [ 83.711328149274749, 18.109449267469785 ], [ 83.78465473652696, 18.147239327533043 ], [ 83.860436916330769, 18.174756645902562 ], [ 83.892163157204067, 18.197779059156332 ], [ 83.950405359120197, 18.216816663658136 ], [ 84.124636054410445, 18.309162139621066 ], [ 84.130167126911516, 18.315447449240423 ], [ 84.123717546227937, 18.327502370238207 ], [ 84.126130938092416, 18.351697444581532 ], [ 84.137169957028021, 18.349509239359975 ], [ 84.196099519777107, 18.420364260302478 ], [ 84.356273055157402, 18.556639552473413 ], [ 84.356484532535234, 18.563017726087296 ], [ 84.339231133510026, 18.550663352431812 ], [ 84.354107618072277, 18.563223839009041 ], [ 84.377695918032344, 18.605904340413076 ], [ 84.441015720099557, 18.664150833893927 ], [ 84.441334009057329, 18.680103659456435 ], [ 84.466129422235127, 18.713169574516328 ], [ 84.553613424020426, 18.791905641432265 ], [ 84.557348966781518, 18.817037821038667 ], [ 84.576711654619231, 18.837847113353646 ], [ 84.582874775150827, 18.87605273754383 ], [ 84.589729070540244, 18.872861743274925 ], [ 84.68291676070001, 18.966825365798073 ], [ 84.667797208274607, 18.95714771719345 ], [ 84.663972020192688, 18.961617350460415 ], [ 84.670474409966147, 18.970217346853119 ], [ 84.687657832742929, 18.972593546355171 ], [ 84.783421755010096, 19.110094904955915 ], [ 84.765606402913335, 19.099663257553402 ], [ 84.759337901623013, 19.100552201423028 ], [ 84.750968932969982, 19.082094907853758 ], [ 84.747715950231026, 19.090516448175663 ], [ 84.722843646816983, 19.089728474789396 ], [ 84.703643321682051, 19.120714426129894 ], [ 84.72411656342868, 19.140375852563594 ], [ 84.744142055211711, 19.144583940496545 ], [ 84.750448346014508, 19.136299729349076 ], [ 84.746357918183463, 19.121661663155336 ], [ 84.73553836350473, 19.124679446199593 ], [ 84.738273739641528, 19.112540006915836 ], [ 84.726562499959499, 19.096261143836784 ], [ 84.746063232832086, 19.117493748837475 ], [ 84.777502417302884, 19.109863400575534 ], [ 84.841824650487325, 19.193128108875129 ], [ 84.912578343915499, 19.259617805317546 ], [ 84.905967950960331, 19.26346266247198 ], [ 84.9060018059387, 19.269452810099139 ], [ 84.918892264566495, 19.264656305644095 ], [ 84.997811437048341, 19.327382803373766 ], [ 85.066091537094877, 19.3656249049655 ], [ 85.054613709255449, 19.365600347178329 ], [ 85.047960162331691, 19.367496013730147 ], [ 85.044220328005821, 19.370607853269888 ], [ 85.031637072393067, 19.390491604703868 ], [ 85.030409812562908, 19.405756712402464 ], [ 85.01061546812943, 19.415821552422813 ], [ 85.010517001358693, 19.418115854263334 ], [ 85.032086372787916, 19.406794548030035 ], [ 85.042082905701619, 19.380765915214909 ], [ 85.066712259962998, 19.371693134430643 ], [ 85.140386342555672, 19.444136261879009 ], [ 85.337537646045604, 19.579747557603753 ], [ 85.663634776923487, 19.738867640629167 ], [ 85.775157451954925, 19.777252554561869 ], [ 85.77994585082044, 19.785241245786949 ], [ 85.908327937284554, 19.818058967747248 ], [ 85.904911756372513, 19.832218646773171 ], [ 85.910455703567976, 19.82067835292375 ], [ 86.045214653333659, 19.847216248431167 ], [ 86.034559250109368, 19.853822946971505 ], [ 86.027386069511607, 19.844910025177555 ], [ 86.023506045267908, 19.844300627472009 ], [ 86.034757733183, 19.854975819378637 ], [ 86.094996809555226, 19.859685063514974 ], [ 86.228185057394541, 19.901069522240761 ], [ 86.216752648016353, 19.911780356977943 ], [ 86.212166548047861, 19.903998374925152 ], [ 86.207831263602003, 19.904924750377049 ], [ 86.212525963902266, 19.911291480117796 ], [ 86.223776817246431, 19.91575610595963 ], [ 86.222579121729183, 19.925469756224388 ], [ 86.226573228571766, 19.917293071618019 ], [ 86.22099733385997, 19.910912155971303 ], [ 86.227946042775699, 19.903705239105534 ], [ 86.241588116098768, 19.921869158534875 ], [ 86.247885346231868, 19.911405801936297 ], [ 86.296131610585434, 19.935517668305863 ], [ 86.364437222599889, 19.953595280697698 ], [ 86.343341230913182, 19.969240546214323 ], [ 86.328666209777765, 19.954776048276074 ], [ 86.316961645763485, 19.949530124715551 ], [ 86.34112381930882, 19.971735119880009 ], [ 86.323385953698875, 19.983651279982666 ], [ 86.317734479962354, 19.979660749743871 ], [ 86.302981138668741, 19.98336780108319 ], [ 86.321722865318094, 19.984159946424427 ], [ 86.294493555733055, 20.024540066570893 ], [ 86.265426516620522, 20.017101645324743 ], [ 86.223184227869893, 20.025977254246953 ], [ 86.172770858188613, 20.065322160289469 ], [ 86.149175644240614, 20.118747234497334 ], [ 86.163599967664396, 20.158681630852698 ], [ 86.158969044585859, 20.17024207131459 ], [ 86.124058843041297, 20.168045043743859 ], [ 86.091987609640483, 20.18045747313397 ], [ 86.058776140206788, 20.195682644638396 ], [ 86.053963064843714, 20.204872131343848 ], [ 86.039131641712032, 20.204520106118082 ], [ 86.025769352873425, 20.225596427832983 ], [ 86.012980342269117, 20.256770968805228 ], [ 86.03284394709064, 20.299033641589375 ], [ 86.020756006584492, 20.33966100245334 ], [ 86.025783300459096, 20.357204556045502 ], [ 85.980349540798755, 20.366292238595975 ], [ 85.957241057928542, 20.363313436665777 ], [ 85.946031570700512, 20.383131265995189 ], [ 85.914510726888665, 20.391311764626295 ], [ 85.90690374391275, 20.395832062100055 ], [ 85.901229501140648, 20.420618057577371 ], [ 85.911076068505878, 20.393880248175009 ], [ 85.952801823545457, 20.382035851273599 ], [ 85.958076119817093, 20.364391922549316 ], [ 85.979124903391693, 20.367995023951266 ], [ 86.028279543266393, 20.358696341563018 ], [ 86.023115873498881, 20.337139844827988 ], [ 86.040045737820634, 20.28248322012459 ], [ 86.061918735661237, 20.268020153007683 ], [ 86.073233127906661, 20.249472021616612 ], [ 86.149140119221244, 20.216936349533 ], [ 86.148786544463604, 20.182118654052744 ], [ 86.165277839101037, 20.170168281041413 ], [ 86.16657507428036, 20.159681319936993 ], [ 86.150545478091402, 20.118829846220507 ], [ 86.179321050526227, 20.061972856562136 ], [ 86.202062129763618, 20.054115772125215 ], [ 86.229162812014266, 20.027675032177115 ], [ 86.241958737505769, 20.030830740646223 ], [ 86.250496149177962, 20.05562591550364 ], [ 86.268787503440564, 20.062692404131212 ], [ 86.287088275403647, 20.049800276361793 ], [ 86.290361523465691, 20.060741543487524 ], [ 86.325300574362046, 20.033364653356102 ], [ 86.336403965870403, 20.010438680700616 ], [ 86.339331626953054, 19.990094899959715 ], [ 86.349226951962379, 19.981337427780105 ], [ 86.349879741956642, 19.986777663358495 ], [ 86.375081538981959, 19.980400204705759 ], [ 86.381875633753651, 19.995270848171174 ], [ 86.387092351830717, 19.99212205368984 ], [ 86.377595544299055, 19.978788972133415 ], [ 86.386891961294992, 19.976011276599209 ], [ 86.407701611540205, 19.995347142156973 ], [ 86.41254925684288, 20.009958029039922 ], [ 86.407327771459535, 20.019427061010077 ], [ 86.411737442429143, 20.036524415069806 ], [ 86.414810061635166, 20.030307054626974 ], [ 86.418877005469568, 20.048387646472719 ], [ 86.426991820316317, 20.049505948940521 ], [ 86.411964535634894, 20.0553308722221 ], [ 86.437016844651765, 20.060890555754668 ], [ 86.483660339952763, 20.110081553421082 ], [ 86.522381663283142, 20.171177506536765 ], [ 86.558994174441722, 20.200485349019687 ], [ 86.503674149542377, 20.164192914671332 ], [ 86.495025276795133, 20.146456241562362 ], [ 86.489215731920552, 20.143263578151732 ], [ 86.492242216804954, 20.139357447488294 ], [ 86.488586425922932, 20.120937466790735 ], [ 86.488388538200553, 20.139649510416604 ], [ 86.47441792454768, 20.140776157693608 ], [ 86.489536047050962, 20.151898264993008 ], [ 86.488203644782544, 20.16665947445523 ], [ 86.473982453027844, 20.161132812229596 ], [ 86.475006580289602, 20.153221607491247 ], [ 86.469066977259303, 20.146211504557385 ], [ 86.464465140953592, 20.14652037581476 ], [ 86.461957573882984, 20.149494051609253 ], [ 86.459168434475799, 20.157863855732444 ], [ 86.460050701778556, 20.16190612306923 ], [ 86.468984245926237, 20.147581815948143 ], [ 86.474400759187773, 20.169050813144594 ], [ 86.492540478760162, 20.173299551333344 ], [ 86.491838217060177, 20.183131217831516 ], [ 86.497592568742192, 20.190172075780708 ], [ 86.493744253694473, 20.181404828869859 ], [ 86.510349750540655, 20.177544354988044 ], [ 86.55341994797223, 20.209934830627986 ], [ 86.634587049652765, 20.243967533075278 ], [ 86.606031179795167, 20.247509956319533 ], [ 86.580821156671078, 20.266704916998407 ], [ 86.576762080106079, 20.274858236318636 ], [ 86.608706235704375, 20.24806904774843 ], [ 86.636231780172608, 20.244927406474716 ], [ 86.680187225260369, 20.258659243829101 ], [ 86.666528344507611, 20.273391008588305 ], [ 86.670998334805432, 20.282016634759941 ], [ 86.67998850386644, 20.263515115230433 ], [ 86.717468619781044, 20.292347073358883 ], [ 86.693603157759611, 20.284906744650641 ], [ 86.684694171399059, 20.284877061627128 ], [ 86.680470705059037, 20.29064476464427 ], [ 86.689914345570656, 20.285464644477855 ], [ 86.703578472068926, 20.291389941992264 ], [ 86.665030956213712, 20.321668028856493 ], [ 86.608028769212495, 20.339213252489742 ], [ 86.594507932595178, 20.33315443982562 ], [ 86.577879548002869, 20.335347175831544 ], [ 86.557700633677342, 20.322045445540994 ], [ 86.537490725116896, 20.32688796560717 ], [ 86.523429870791944, 20.339924573959991 ], [ 86.504906773828651, 20.328736424046809 ], [ 86.485745906448443, 20.329748630794739 ], [ 86.506286620731004, 20.331451058219812 ], [ 86.519402861352972, 20.342005252640377 ], [ 86.557750701633694, 20.324680447444763 ], [ 86.571342945320822, 20.337002157723532 ], [ 86.597647309375844, 20.342416405592672 ], [ 86.610334634535803, 20.34197175469285 ], [ 86.592671513379713, 20.362085342264777 ], [ 86.591481208491103, 20.382672667509695 ], [ 86.593852162247543, 20.393592953452043 ], [ 86.575772047042364, 20.404061913726366 ], [ 86.56321096421479, 20.391815423642925 ], [ 86.523371338416638, 20.390625000043769 ], [ 86.515427112371384, 20.398746370948345 ], [ 86.507314204986727, 20.390481948483227 ], [ 86.498502850825929, 20.388581752945584 ], [ 86.49271035170139, 20.392803310924165 ], [ 86.496444940281918, 20.405368804926525 ], [ 86.46577107887228, 20.413532853158728 ], [ 86.451077103625579, 20.435845851504865 ], [ 86.421391844458157, 20.451977729388801 ], [ 86.41139006579894, 20.447045803221329 ], [ 86.398530125664905, 20.449834823918025 ], [ 86.392862915591223, 20.443388819838276 ], [ 86.387105464845462, 20.442304015318115 ], [ 86.382896900271845, 20.44484925229122 ], [ 86.381446242550084, 20.454767942586614 ], [ 86.374265432104067, 20.454564452087851 ], [ 86.360584855207065, 20.461012959880208 ], [ 86.350485444347811, 20.454592465969654 ], [ 86.343617320083382, 20.462024449868522 ], [ 86.339002609083224, 20.453712939800425 ], [ 86.328835964008618, 20.453403949832506 ], [ 86.290853619898797, 20.470419645450335 ], [ 86.231135249192477, 20.453046560150653 ], [ 86.203136205371635, 20.449000477889854 ], [ 86.159017443400415, 20.450446844046667 ], [ 86.142070054889217, 20.461302042455429 ], [ 86.122427820887339, 20.454883217686387 ], [ 86.093438505682542, 20.466747641590445 ], [ 86.069841027241665, 20.463005662381534 ], [ 86.066652059145241, 20.45657753952193 ], [ 86.050883173719541, 20.448178053274603 ], [ 86.066814541458001, 20.439977645452046 ], [ 86.073272228630543, 20.430930257025864 ], [ 86.085715770966004, 20.433553457126379 ], [ 86.094269156396621, 20.432009815800399 ], [ 86.094131827222185, 20.42489063769284 ], [ 86.108445048400341, 20.421894907823798 ], [ 86.116678953271247, 20.410174727082051 ], [ 86.091951727590271, 20.422568321071168 ], [ 86.091188907342286, 20.431383133125138 ], [ 86.06864261586415, 20.430140972428006 ], [ 86.050597429427938, 20.446013808690424 ], [ 86.023720264678587, 20.436360359043391 ], [ 86.014164566841401, 20.447512149366332 ], [ 85.99992346769389, 20.442874550620047 ], [ 85.983495950278012, 20.44560575480179 ], [ 85.966560840210747, 20.460628509598109 ], [ 85.938510179801114, 20.46543777003717 ], [ 85.909754872689319, 20.492663145088102 ], [ 85.942154526810072, 20.484201550761014 ], [ 85.997295141457784, 20.454027533443991 ], [ 85.999907255615454, 20.445654153616346 ], [ 86.01001095803943, 20.452773452233117 ], [ 86.030426144950781, 20.442398667164838 ], [ 86.060035943803797, 20.465829014697306 ], [ 86.09174323056564, 20.470066905263593 ], [ 86.121147513647003, 20.457108974099981 ], [ 86.142550944870294, 20.463500618658657 ], [ 86.171959161586159, 20.452075957839241 ], [ 86.227921843818109, 20.454799056431369 ], [ 86.289244413499006, 20.472377062151793 ], [ 86.340911745680643, 20.471509933136957 ], [ 86.348332524026858, 20.470093369613409 ], [ 86.352650642213433, 20.464285731301544 ], [ 86.368946909872108, 20.467556238229861 ], [ 86.415705919492751, 20.45570647687245 ], [ 86.449695110041404, 20.439702630072418 ], [ 86.470566153405372, 20.41273772746419 ], [ 86.499205350846381, 20.407446742473269 ], [ 86.516641259186912, 20.418166160340121 ], [ 86.548649668647357, 20.415928602123358 ], [ 86.569791435826147, 20.410945057568483 ], [ 86.575285076744962, 20.406007170694409 ], [ 86.590277552267338, 20.402963280331193 ], [ 86.597429752581121, 20.396377444263663 ], [ 86.601512670173662, 20.386424780279413 ], [ 86.595971226690921, 20.365040660198332 ], [ 86.617125630243805, 20.337998867353917 ], [ 86.672943115132711, 20.329280257577921 ], [ 86.695106506759913, 20.299693226861024 ], [ 86.70809864993285, 20.297597169773638 ], [ 86.77045035340123, 20.332460641645383 ], [ 86.773571848961723, 20.347038268901031 ], [ 86.777808904957141, 20.342931747702011 ], [ 86.789459347770816, 20.359240174194724 ], [ 86.787217616699735, 20.37118065376427 ], [ 86.777759432351928, 20.355157255702892 ], [ 86.7852772475471, 20.377236366465155 ], [ 86.764075756391065, 20.365641951414972 ], [ 86.78141963440865, 20.382065653906835 ], [ 86.780318021559452, 20.390625000043769 ], [ 86.768821477928924, 20.398086548255691 ], [ 86.756395340172929, 20.388762236088411 ], [ 86.756391405638993, 20.398892879502881 ], [ 86.740241050284311, 20.393875360359687 ], [ 86.751976132792464, 20.39992797399691 ], [ 86.744685053772372, 20.405889749812161 ], [ 86.728197931989001, 20.394643545063616 ], [ 86.715690732041793, 20.393435120634393 ], [ 86.704521179209195, 20.410405636111278 ], [ 86.705095052794462, 20.419261455451874 ], [ 86.690490007008378, 20.4079860452199 ], [ 86.685101031887115, 20.413310050618406 ], [ 86.686908244719831, 20.416913747371581 ], [ 86.693742752326187, 20.418524622913083 ], [ 86.690667748118216, 20.427123546414606 ], [ 86.678017139579339, 20.428292274768694 ], [ 86.675913214323458, 20.43375265606025 ], [ 86.673192262413096, 20.429674029133224 ], [ 86.66328561314063, 20.427060842084245 ], [ 86.663338780160672, 20.431143760576163 ], [ 86.669718026665663, 20.441712140902581 ], [ 86.663565158405362, 20.435464024545126 ], [ 86.65811943966051, 20.436130047164056 ], [ 86.658397436292802, 20.446081638257112 ], [ 86.653136849286255, 20.444872379256964 ], [ 86.650443315906472, 20.44750082510302 ], [ 86.651872157873953, 20.454146027217462 ], [ 86.640172839604958, 20.445187568251697 ], [ 86.631914854487007, 20.445923447509131 ], [ 86.635277747869878, 20.437266349562464 ], [ 86.625849008225288, 20.432951450049472 ], [ 86.634719014371143, 20.438141942097019 ], [ 86.631046056330575, 20.443191766686709 ], [ 86.631762146905572, 20.447074651673859 ], [ 86.652415037224245, 20.455510258291866 ], [ 86.65270805343394, 20.446996926866717 ], [ 86.660331845638296, 20.44662117932404 ], [ 86.660421371349258, 20.43629884721409 ], [ 86.665364503968732, 20.443610071947347 ], [ 86.669236540434071, 20.443610071947347 ], [ 86.671697855371889, 20.440706252791387 ], [ 86.664437055625712, 20.427821755769457 ], [ 86.675800323326285, 20.434921264804615 ], [ 86.694977521495588, 20.427416562624387 ], [ 86.694561958267826, 20.417147159214153 ], [ 86.686403512812007, 20.414637446361155 ], [ 86.688804149591959, 20.410724401709814 ], [ 86.704519867997618, 20.421522855595384 ], [ 86.71619343777698, 20.396405458145466 ], [ 86.727252125785043, 20.398710370187501 ], [ 86.738266348613166, 20.468955755104076 ], [ 86.733833431967383, 20.478731274229006 ], [ 86.743903875663392, 20.468917608560901 ], [ 86.756397842986161, 20.500637650407299 ], [ 86.749909758728421, 20.516550421964439 ], [ 86.736566543611247, 20.519927620863115 ], [ 86.727314710505567, 20.534202456278422 ], [ 86.728793501718798, 20.544555425592534 ], [ 86.717761754701286, 20.55239951572517 ], [ 86.708123564750878, 20.566406249748724 ], [ 86.712494849957494, 20.595244169482868 ], [ 86.730243444479498, 20.604558110668393 ], [ 86.724838375990345, 20.613430500017643 ], [ 86.725630164300725, 20.621765255762057 ], [ 86.733249307010027, 20.64251732871179 ], [ 86.745015144533312, 20.648561119999755 ], [ 86.743725657912904, 20.660406828112656 ], [ 86.729953527333549, 20.662358522427894 ], [ 86.712268471712633, 20.639404654601151 ], [ 86.704950451702047, 20.635331630450395 ], [ 86.682030558463595, 20.643382907295461 ], [ 86.675896763924555, 20.63622295842282 ], [ 86.671115517367383, 20.608349799903408 ], [ 86.666861057691818, 20.604425430089577 ], [ 86.612319708088108, 20.606777548445137 ], [ 86.623019337272609, 20.585786700096207 ], [ 86.616602659185531, 20.574337005748305 ], [ 86.602524757311841, 20.565642714539734 ], [ 86.597749352750526, 20.569585203894178 ], [ 86.586755871886083, 20.601175666024261 ], [ 86.554321050676066, 20.623811126182602 ], [ 86.542654514494217, 20.602504015048282 ], [ 86.531881928708145, 20.598845600843816 ], [ 86.522055625766683, 20.613047838487091 ], [ 86.495859861143714, 20.616295338059444 ], [ 86.468956351654441, 20.603861450845301 ], [ 86.449963212332506, 20.60103392567521 ], [ 86.438159227366526, 20.606268048331856 ], [ 86.418680071927923, 20.623654246646225 ], [ 86.406765341747274, 20.62604606107692 ], [ 86.379383563800587, 20.597756624368799 ], [ 86.371310353390157, 20.594785213067155 ], [ 86.348999499927146, 20.606805801546614 ], [ 86.328733325282741, 20.607179641627283 ], [ 86.320384025702396, 20.6255090237226 ], [ 86.283838152508821, 20.646715044763539 ], [ 86.281921267352715, 20.66456603969101 ], [ 86.269703030370664, 20.668439149946806 ], [ 86.266380548923365, 20.672235846607066 ], [ 86.269299268946185, 20.679426431784492 ], [ 86.256913900156434, 20.67287385444493 ], [ 86.24945366405538, 20.687500000124942 ], [ 86.240380168310224, 20.686971426290285 ], [ 86.232919454669201, 20.689395308746555 ], [ 86.229954123683996, 20.695819258751811 ], [ 86.239785551861843, 20.708131551330098 ], [ 86.228565335721754, 20.712671757096018 ], [ 86.193941355109558, 20.738677740485457 ], [ 86.188995957097831, 20.76082587241612 ], [ 86.193317651888236, 20.776898980503546 ], [ 86.189377903667406, 20.783106565315791 ], [ 86.163178563340153, 20.797232151043033 ], [ 86.136065244715411, 20.782504201208042 ], [ 86.157930374387405, 20.799398541409687 ], [ 86.16876482993311, 20.7974901197733 ], [ 86.19177222271, 20.783113837233856 ], [ 86.194882154787734, 20.776156544289194 ], [ 86.190679669631066, 20.761084557006768 ], [ 86.195826053529714, 20.739873051899821 ], [ 86.243314743380807, 20.708789110429194 ], [ 86.232468247711466, 20.692397713383826 ], [ 86.252175807567568, 20.688226938322572 ], [ 86.257044911593511, 20.677794456349176 ], [ 86.270333528869315, 20.681053519404429 ], [ 86.267759561254849, 20.672629475370087 ], [ 86.283262252750916, 20.665264845296406 ], [ 86.289631128274067, 20.644354462888231 ], [ 86.321745276423513, 20.62864720800232 ], [ 86.328379154274643, 20.609202503792602 ], [ 86.348111868168218, 20.609799504343727 ], [ 86.37203252338233, 20.598294019653338 ], [ 86.403295278854188, 20.630050659410472 ], [ 86.421518922260503, 20.625512838646614 ], [ 86.450882672897109, 20.602988958273869 ], [ 86.492032528178669, 20.618071555757808 ], [ 86.511508941584538, 20.619565248737331 ], [ 86.52260613406591, 20.615784049194616 ], [ 86.534094214176747, 20.599974512613755 ], [ 86.545743942029361, 20.622835636055783 ], [ 86.555106878279872, 20.624985456413782 ], [ 86.564497828412215, 20.622316241601311 ], [ 86.588542223145083, 20.601727127604931 ], [ 86.605440020340694, 20.567727208144191 ], [ 86.620265126634393, 20.589379429617026 ], [ 86.609006643441916, 20.608184337237446 ], [ 86.659646153047589, 20.609403133547801 ], [ 86.671703576858732, 20.62286877607329 ], [ 86.674679160115232, 20.642519473594916 ], [ 86.68342375760048, 20.645295858816894 ], [ 86.709583520563143, 20.639211178053472 ], [ 86.720764040628097, 20.65898847583756 ], [ 86.736231326714432, 20.665384650281425 ], [ 86.746046424103298, 20.661301851399429 ], [ 86.739579200519728, 20.670149445540488 ], [ 86.689712047573011, 20.682497620169073 ], [ 86.675132036214592, 20.700585246511991 ], [ 86.625744819967537, 20.685576319691506 ], [ 86.61472642428518, 20.687822222717472 ], [ 86.596014380659227, 20.700538039299204 ], [ 86.588105559124386, 20.691105127699558 ], [ 86.584459542973633, 20.690210342733167 ], [ 86.576637029375519, 20.696938514500971 ], [ 86.577184558220807, 20.700920104579239 ], [ 86.580602049445105, 20.706206679294837 ], [ 86.563190340961484, 20.718958854567546 ], [ 86.552103161531733, 20.713597655007874 ], [ 86.541926026764799, 20.692782640306689 ], [ 86.524724841478275, 20.689343452038742 ], [ 86.515128851315438, 20.698672413701019 ], [ 86.51186227802188, 20.686451077655164 ], [ 86.487744927586476, 20.678321361941386 ], [ 86.469043851192879, 20.687984823740692 ], [ 86.452446341225794, 20.681715011238879 ], [ 86.424738526661798, 20.684579610960327 ], [ 86.420677542634536, 20.690682649584744 ], [ 86.427189826749242, 20.70461297001259 ], [ 86.396633147901554, 20.7203110455184 ], [ 86.392676949281935, 20.725334047828142 ], [ 86.391233443868458, 20.734218716520616 ], [ 86.379359126522587, 20.731658577781218 ], [ 86.33983004112352, 20.748070358860076 ], [ 86.330136537471304, 20.756059050984504 ], [ 86.329107045753659, 20.772248029523041 ], [ 86.327510714947636, 20.773704529240661 ], [ 86.318063974472949, 20.77458310122924 ], [ 86.313296318470435, 20.776505350841347 ], [ 86.304447531828174, 20.785046457827832 ], [ 86.303189754403803, 20.792564273022805 ], [ 86.299137353506211, 20.794296503081227 ], [ 86.291339039764949, 20.784162759703634 ], [ 86.309474349062015, 20.770589471027336 ], [ 86.296687245020422, 20.772978306004092 ], [ 86.285719275224409, 20.79036498095914 ], [ 86.281710505835321, 20.802279353209713 ], [ 86.270192981021381, 20.806503057869861 ], [ 86.265267729622195, 20.828240156458094 ], [ 86.248487949559347, 20.833634257714948 ], [ 86.226325869143551, 20.82394742973014 ], [ 86.219834208282151, 20.824203967639107 ], [ 86.194381951865722, 20.856518149293237 ], [ 86.193508506012819, 20.864991068782814 ], [ 86.178992152266034, 20.853190302490589 ], [ 86.161047935413961, 20.854265570599637 ], [ 86.145642637797579, 20.868595958037133 ], [ 86.140200376945899, 20.881189346311373 ], [ 86.129591941714835, 20.878509521297474 ], [ 86.102984547498949, 20.890537858335591 ], [ 86.082980036899272, 20.882004022367767 ], [ 86.060688138446977, 20.885424613555131 ], [ 86.052620411203094, 20.876750468959017 ], [ 85.98734593356815, 20.886211753269862 ], [ 85.956403255805782, 20.84644365325201 ], [ 85.914204954694952, 20.836804032480188 ], [ 85.893517256116553, 20.840078353433313 ], [ 85.854559302270019, 20.860709070966948 ], [ 85.810137271817808, 20.86108875304356 ], [ 85.785991549570468, 20.877629041846888 ], [ 85.766856431579214, 20.870609640822352 ], [ 85.759837627704513, 20.874467849311856 ], [ 85.753004670529123, 20.865999102676511 ], [ 85.737144827671813, 20.867503047028066 ], [ 85.698781251953307, 20.824527144412258 ], [ 85.679142356234792, 20.822172165313248 ], [ 85.669376969771491, 20.825963019977479 ], [ 85.651077270699574, 20.820351123605519 ], [ 85.639794945580292, 20.810156464649197 ], [ 85.626244425939518, 20.806036472505212 ], [ 85.621300458749289, 20.790084719833999 ], [ 85.609244704079885, 20.78162944324427 ], [ 85.612002372611556, 20.756321906630745 ], [ 85.60622656310548, 20.749269843128786 ], [ 85.579697370337414, 20.740513443840456 ], [ 85.519740342942583, 20.746077179718156 ], [ 85.482646346451787, 20.770425200862405 ], [ 85.429687499678465, 20.779017805727278 ], [ 85.40646684167146, 20.800326704713768 ], [ 85.369289755917549, 20.801687121763337 ], [ 85.328659653919971, 20.818170905263116 ], [ 85.316190004265337, 20.82423233945093 ], [ 85.298860072934048, 20.844757437905457 ], [ 85.284667730531424, 20.85088992123292 ], [ 85.289310455413357, 20.883487939716758 ], [ 85.249034643134422, 20.893060445882895 ], [ 85.239909648611473, 20.905305147214875 ], [ 85.246857523855766, 20.937078953231179 ], [ 85.237342119243436, 20.964049458615676 ], [ 85.253159523093615, 20.972516655719147 ], [ 85.254621267657484, 20.98869967445043 ], [ 85.221308827740273, 21.021261215532718 ], [ 85.168825149461242, 21.043560027973001 ], [ 85.155035733912115, 21.072794675533913 ], [ 85.10802102095343, 21.069652438009683 ], [ 85.102319240940318, 21.092829227087293 ], [ 85.142688750885242, 21.128946662358629 ], [ 85.15215980992744, 21.147476911630264 ], [ 85.125161051441495, 21.184322238380702 ], [ 85.096972107676692, 21.181601047250581 ], [ 85.063302039757417, 21.193175673618526 ], [ 85.059326648705877, 21.197944164191853 ], [ 85.060217976678445, 21.223664641609986 ], [ 85.048525929428166, 21.227883577165471 ], [ 85.029009342407363, 21.265110850485456 ], [ 85.044490933110211, 21.249948502021851 ], [ 85.049250841453301, 21.229453921161536 ], [ 85.063362479594872, 21.224495053104306 ], [ 85.06328904635248, 21.196230053674071 ], [ 85.093819737490918, 21.184739232429678 ], [ 85.123987436171404, 21.189445733633733 ], [ 85.14057314433515, 21.176756262691441 ], [ 85.156078338644505, 21.151255130819692 ], [ 85.152303338128689, 21.130523442802712 ], [ 85.113998651816445, 21.094447374546775 ], [ 85.111355900454527, 21.075474858478003 ], [ 85.153936743486071, 21.077103853560033 ], [ 85.167354941377454, 21.048854351247371 ], [ 85.212993621458594, 21.029538154762093 ], [ 85.248893856966077, 21.001731514597793 ], [ 85.259940743170802, 20.983791828530116 ], [ 85.256423116034142, 20.972045660079232 ], [ 85.23959636707869, 20.960925817272766 ], [ 85.250711322069918, 20.93828165527421 ], [ 85.244984149698809, 20.902483344430834 ], [ 85.289164662719116, 20.886738657962724 ], [ 85.297470808331212, 20.866920948243234 ], [ 85.296815156694237, 20.849914550716051 ], [ 85.315401315918081, 20.827718853642239 ], [ 85.365076423138504, 20.806113123521868 ], [ 85.403406262589016, 20.804051280242476 ], [ 85.442087531014778, 20.779704451599258 ], [ 85.481761812857513, 20.778828144103613 ], [ 85.517571448863379, 20.751638174462215 ], [ 85.578251957461902, 20.745450257823222 ], [ 85.607645273310737, 20.755602716991859 ], [ 85.605246543992877, 20.773198843152187 ], [ 85.613825202171398, 20.802247166473592 ], [ 85.637252449740828, 20.810825944262007 ], [ 85.641905665214296, 20.824349641622717 ], [ 85.668819546584842, 20.828734755704545 ], [ 85.695850372196929, 20.82626044736179 ], [ 85.702500820056883, 20.840702652905179 ], [ 85.728673219393642, 20.866471767458222 ], [ 85.737873911651747, 20.8707852361498 ], [ 85.752778649315275, 20.868618727072686 ], [ 85.757445931084959, 20.877605318630685 ], [ 85.784133553820624, 20.880392074834447 ], [ 85.818164945056225, 20.861356377794721 ], [ 85.852098106942123, 20.864104270695606 ], [ 85.909843802149823, 20.83987295637192 ], [ 85.950968026753145, 20.846510529537341 ], [ 85.984023213800384, 20.889275551025889 ], [ 86.050295352548602, 20.879493713264338 ], [ 86.059833645806151, 20.88705635067015 ], [ 86.084164142761068, 20.884638070990263 ], [ 86.10219287879832, 20.892384648532811 ], [ 86.139924407385621, 20.882686734605159 ], [ 86.164592624050471, 20.854661822685074 ], [ 86.193596720512261, 20.866566657625242 ], [ 86.222776651521343, 20.82470715001503 ], [ 86.24592781081995, 20.835025071849657 ], [ 86.265413641926131, 20.830885648953654 ], [ 86.271456122002434, 20.808197378806057 ], [ 86.283558368923735, 20.803350448464528 ], [ 86.290058374594338, 20.78964042686431 ], [ 86.30010986327963, 20.795407056990143 ], [ 86.304178237935474, 20.791720152263309 ], [ 86.305938959415613, 20.785574674631533 ], [ 86.315371156054113, 20.776352405838907 ], [ 86.333760857477643, 20.77248776000215 ], [ 86.334675312415897, 20.75424456623378 ], [ 86.392584561928089, 20.735167146047019 ], [ 86.398175835946091, 20.721261143287222 ], [ 86.426547527346571, 20.711308359693135 ], [ 86.428926825912328, 20.701031446044425 ], [ 86.425555110180284, 20.686143159679176 ], [ 86.440301537486135, 20.689380646199993 ], [ 86.451828956641094, 20.682906270308223 ], [ 86.466387748495919, 20.690779447213771 ], [ 86.489830970722863, 20.680732846343886 ], [ 86.509776473205733, 20.687529444828073 ], [ 86.513864755254332, 20.699433803127619 ], [ 86.520098566995358, 20.699323534553542 ], [ 86.52698051923565, 20.690749049229282 ], [ 86.541329979495032, 20.694177746905552 ], [ 86.552363633974636, 20.715567708083313 ], [ 86.561165929264263, 20.720115542798169 ], [ 86.568242549654002, 20.718441367575082 ], [ 86.581421256286063, 20.70809316646654 ], [ 86.593865036941992, 20.717603444943109 ], [ 86.60097944774347, 20.715631365695032 ], [ 86.606280445786041, 20.710120439806502 ], [ 86.606825947559543, 20.696568131414182 ], [ 86.620797753713447, 20.688645958544214 ], [ 86.657964825516359, 20.703116178868584 ], [ 86.677859545082043, 20.702813625348654 ], [ 86.694774627247256, 20.683284759883833 ], [ 86.718567370987529, 20.686075448822947 ], [ 86.740771532480352, 20.676798224258675 ], [ 86.751919865809299, 20.656947374521792 ], [ 86.744841456667956, 20.632608771078026 ], [ 86.756193042175283, 20.616079330796538 ], [ 86.794675349987443, 20.697583555936433 ], [ 86.815547704562988, 20.723122953961195 ], [ 86.818303346922079, 20.744200229856744 ], [ 86.803407549418893, 20.742187500352884 ], [ 86.827385306187097, 20.771364808039522 ], [ 86.881692528986974, 20.797183513908067 ], [ 86.95814776410819, 20.784888863330451 ], [ 86.970203876707643, 20.823305845288559 ], [ 86.959140777524937, 20.864011049670296 ], [ 86.910123348114126, 20.955747842888655 ], [ 86.89802825440043, 20.998253703145906 ], [ 86.843843221587548, 21.081563353266176 ], [ 86.823353767762313, 21.138128757536265 ], [ 86.828158617026617, 21.176656842639261 ], [ 86.818513035548193, 21.178108930283003 ], [ 86.823896765823207, 21.196344852133336 ], [ 86.82985997156058, 21.193429470393767 ], [ 86.829974531699378, 21.204050541099718 ], [ 86.837904214807764, 21.205621957987091 ], [ 86.844887733781974, 21.218426943248915 ], [ 86.838351846060874, 21.21098005758364 ], [ 86.859209180159581, 21.261600256047018 ], [ 86.910904645832744, 21.340219140401075 ], [ 86.98054873953285, 21.41021370889564 ], [ 87.06359112283215, 21.464303970252161 ], [ 87.061367154270869, 21.473299026229199 ], [ 87.049102664256708, 21.475371718030402 ], [ 87.042289852794539, 21.464872837311646 ], [ 87.02906501274029, 21.464750170683857 ], [ 87.025316357863716, 21.46674895260216 ], [ 87.022601365760494, 21.471372246731818 ], [ 87.021615743871592, 21.481511116245116 ], [ 87.012934803998093, 21.488326549230919 ], [ 86.991280555453415, 21.486352324200425 ], [ 86.983630776439242, 21.497035860916355 ], [ 86.989639759467394, 21.508184313855111 ], [ 86.982734680261359, 21.504325747435416 ], [ 86.98140215838302, 21.487906932758847 ], [ 86.979276776202283, 21.48551452117826 ], [ 86.974933743197852, 21.485772609518392 ], [ 86.966440438775322, 21.496299743338511 ], [ 86.956916451033493, 21.485015749976952 ], [ 86.953412413552172, 21.485252260883186 ], [ 86.950587272484682, 21.488253355208229 ], [ 86.952307343709066, 21.499146461839814 ], [ 86.937927842495952, 21.508348107379277 ], [ 86.937871455903036, 21.511544942745047 ], [ 86.939356922783844, 21.513954043044748 ], [ 86.947806000346674, 21.517162919433247 ], [ 86.946542024794695, 21.527347564438571 ], [ 86.934120535634264, 21.521410823051099 ], [ 86.926716327296703, 21.52025842638534 ], [ 86.923955321380987, 21.522760748609727 ], [ 86.925023913822628, 21.530425429390078 ], [ 86.92677736248541, 21.533728838015577 ], [ 86.939338206992801, 21.54003894284304 ], [ 86.926642060382932, 21.545809626213384 ], [ 86.923153758339339, 21.538643955853985 ], [ 86.919149041295242, 21.537689447809839 ], [ 86.908439278549878, 21.563421607421304 ], [ 86.920705914346598, 21.538397430996667 ], [ 86.926731705703702, 21.546890258778518 ], [ 86.939909816085304, 21.541670441637677 ], [ 86.937537431507423, 21.533805608641956 ], [ 86.926056027064163, 21.531203031794519 ], [ 86.924514054879836, 21.523339510010487 ], [ 86.928380608178685, 21.520691513802404 ], [ 86.945450544607041, 21.527988552629694 ], [ 86.947289704956034, 21.527091145240234 ], [ 86.948549270232746, 21.516508460297302 ], [ 86.938752412893592, 21.507956624398759 ], [ 86.954354167410969, 21.497852564044678 ], [ 86.954049229788183, 21.485780239366619 ], [ 86.964963555024127, 21.497738718866856 ], [ 86.978845357927042, 21.486474632897995 ], [ 86.980430364469868, 21.5029300454853 ], [ 86.989792346539701, 21.509478568681089 ], [ 86.993920326462018, 21.502979755511348 ], [ 86.985230207208332, 21.496989846204485 ], [ 86.992068767159964, 21.487719655237981 ], [ 87.014135003227949, 21.489465236631446 ], [ 87.023406148375187, 21.482004046349658 ], [ 87.025671124223123, 21.468141555488501 ], [ 87.035245776171763, 21.46571016279384 ], [ 87.047673463459631, 21.476974845013217 ], [ 87.073979616266371, 21.47127592574347 ], [ 87.098073244384778, 21.492012977317074 ], [ 87.114909171820869, 21.511617421806648 ], [ 87.100941419810823, 21.520212769603717 ], [ 87.101347803658285, 21.529507756677702 ], [ 87.10493314255055, 21.51872134201642 ], [ 87.123104572218296, 21.521484255394142 ], [ 87.129642009471326, 21.51296997068772 ], [ 87.200667500504863, 21.548133015726165 ], [ 87.304237843002198, 21.555524468079824 ], [ 87.391031026960462, 21.550103425832532 ], [ 87.364181637772418, 21.556113243431497 ], [ 87.336064815139167, 21.575957179180591 ], [ 87.311277031809681, 21.570106148579924 ], [ 87.302619933862985, 21.573778867400819 ], [ 87.298841476353203, 21.582756161767549 ], [ 87.298723935861091, 21.589359640734926 ], [ 87.301619768137897, 21.596711754943641 ], [ 87.312776327565558, 21.60750532191318 ], [ 87.331511735578232, 21.6082588431712 ], [ 87.343016147377426, 21.632673024740399 ], [ 87.336407542274372, 21.648408055187616 ], [ 87.300199746721006, 21.667088151297207 ], [ 87.307172060142562, 21.691019773743619 ], [ 87.284842252567984, 21.67808914150072 ], [ 87.264989257048654, 21.68762636186716 ], [ 87.241269350300371, 21.685297727508214 ], [ 87.223700523060785, 21.713418722096435 ], [ 87.210476637187156, 21.712641119692023 ], [ 87.19533836807139, 21.71884095684473 ], [ 87.209452867855617, 21.747267127376062 ], [ 87.174164652476776, 21.749749541308347 ], [ 87.163622856109981, 21.762535333239128 ], [ 87.159010410502134, 21.775011539850709 ], [ 87.163265347717783, 21.788369655835083 ], [ 87.176992058936406, 21.796875000381078 ], [ 87.204837680214865, 21.795790552891759 ], [ 87.21098923726359, 21.846130609839832 ], [ 87.225263356818544, 21.858846545132025 ], [ 87.246028065243166, 21.85807943331929 ], [ 87.249691843903548, 21.876770615371612 ], [ 87.233259319961718, 21.900382757258512 ], [ 87.243356824258143, 21.927846431967311 ], [ 87.218805074294863, 21.965219616692053 ], [ 87.205683708436567, 21.999761700542081 ], [ 87.203119754772871, 22.032121658587698 ], [ 87.147111415759269, 22.076214551560412 ], [ 87.176513075518102, 22.061633825240932 ], [ 87.198833942032962, 22.039826155053049 ], [ 87.2103359697293, 22.023261428072487 ], [ 87.251902103199569, 21.926604747910858 ], [ 87.240511059937518, 21.905272603248136 ], [ 87.25516331203724, 21.87252283136371 ], [ 87.245870709066111, 21.854749560343976 ], [ 87.225815177228725, 21.85554313650664 ], [ 87.21279120435068, 21.843588471031211 ], [ 87.217001557675786, 21.802382469275614 ], [ 87.202939749170099, 21.791604757353753 ], [ 87.171491861060673, 21.786521673136747 ], [ 87.165014862745721, 21.765265464529591 ], [ 87.186172842902437, 21.752542615249524 ], [ 87.213426947695581, 21.753102063709349 ], [ 87.217790842273558, 21.742335319919135 ], [ 87.203168273197349, 21.720049142953684 ], [ 87.227350235425178, 21.715093255249627 ], [ 87.241453051217349, 21.692945718670103 ], [ 87.286600470335571, 21.686973333552515 ], [ 87.311232447919252, 21.693732261234942 ], [ 87.314430713206974, 21.681298256209629 ], [ 87.307008266618226, 21.671353221174314 ], [ 87.344185710302355, 21.647408842743999 ], [ 87.347431302412787, 21.628110766698569 ], [ 87.332748413108931, 21.606711029890192 ], [ 87.310913444000306, 21.595708132224587 ], [ 87.309674024436816, 21.586252450690125 ], [ 87.375537753164934, 21.571380615622957 ], [ 87.404167056264697, 21.556209564419902 ], [ 87.463362932553451, 21.606253743515481 ], [ 87.552970170736927, 21.635950565266398 ], [ 87.631312370569532, 21.647098541564503 ], [ 87.643750548449219, 21.660002946878592 ], [ 87.642372131468761, 21.651562452445262 ], [ 87.649737239082327, 21.648746132827824 ], [ 87.681676030224622, 21.655163050134774 ], [ 87.739615678620765, 21.678324342094754 ], [ 87.753029823267838, 21.699408054438209 ], [ 87.77707576753275, 21.693708062277352 ], [ 87.80431067899471, 21.702380180700914 ], [ 87.830779672044258, 21.734081148826021 ], [ 87.894189954003338, 21.783168554485286 ], [ 87.876233458707162, 21.800416469444571 ], [ 87.869368672726154, 21.820129513366425 ], [ 87.870108127688042, 21.847817778467743 ], [ 87.879839419953356, 21.85828161260639 ], [ 87.8758198020424, 21.870092511560159 ], [ 87.881903409914543, 21.859961867246511 ], [ 87.871909141493774, 21.846704840456141 ], [ 87.872330308397153, 21.817646503183653 ], [ 87.880602717741368, 21.799669742564618 ], [ 87.898501753553177, 21.789387941100699 ], [ 87.898876547814581, 21.795155405797459 ], [ 87.928892254773899, 21.800238251693969 ], [ 87.940222620777462, 21.820405602536624 ], [ 87.975733757407028, 21.851072073317624 ], [ 88.052345514134316, 22.014419317097889 ], [ 88.018054246706214, 22.040035843679249 ], [ 88.011379956919512, 22.069638848154369 ], [ 87.981807351328342, 22.09859454670098 ], [ 87.95373845086894, 22.097964644452844 ], [ 87.932064056610983, 22.117630124130955 ], [ 87.879147052594561, 22.139831900621743 ], [ 87.850068807929262, 22.162652850448751 ], [ 87.829631448232846, 22.161579847731844 ], [ 87.82658243173384, 22.166315674928569 ], [ 87.852895975169218, 22.164588213075632 ], [ 87.894366145581301, 22.135276436958094 ], [ 87.932076811695623, 22.121245622687411 ], [ 87.956694364153662, 22.099919915371885 ], [ 87.991330862429464, 22.102905869610254 ], [ 88.03206205362099, 22.06365036966892 ], [ 88.033581733410387, 22.057394861783536 ], [ 88.027394055991039, 22.047078728700399 ], [ 88.061932802456994, 22.01331734631853 ], [ 88.148798346766426, 22.05991315866541 ], [ 88.186471462588003, 22.095057606623271 ], [ 88.19341015845211, 22.112599611582937 ], [ 88.135393142279696, 22.184680699854511 ], [ 88.102667808572534, 22.19179236862297 ], [ 88.075186371354022, 22.186749935561124 ], [ 88.034507274291371, 22.209431171211634 ], [ 88.023385048281483, 22.199665666037703 ], [ 88.007989048755661, 22.20165514986536 ], [ 87.981560349830403, 22.215660929708179 ], [ 87.970672845975145, 22.237622142048309 ], [ 87.940214872218604, 22.259967803771161 ], [ 87.930726051566097, 22.333286762074465 ], [ 87.939465641626185, 22.330497860987521 ], [ 87.936257720317684, 22.316921948988863 ], [ 87.946926951517725, 22.333039402646335 ], [ 87.946615457837169, 22.349955558602176 ], [ 87.936559915907452, 22.355905055973636 ], [ 87.943056941224967, 22.354229331218761 ], [ 87.942110538770493, 22.366072416009217 ], [ 87.928836941971355, 22.404446363608855 ], [ 87.912197708857292, 22.421563744671118 ], [ 87.894359469014347, 22.423609375872076 ], [ 87.874073744008143, 22.448268532766633 ], [ 87.892211317798143, 22.47624385337113 ], [ 87.883162856480766, 22.492127418545635 ], [ 87.8913059235297, 22.519668817162284 ], [ 87.864067554174454, 22.532262921296876 ], [ 87.843289375704131, 22.557626843604027 ], [ 87.849181651911778, 22.582152962888955 ], [ 87.855589509448379, 22.586076856062107 ], [ 87.852268218703472, 22.598040103767801 ], [ 87.85803711422156, 22.586593151452803 ], [ 87.85059762008413, 22.581754803341568 ], [ 87.845720648789012, 22.555634856063875 ], [ 87.86549913907416, 22.534275532090192 ], [ 87.891344547612931, 22.526477813700183 ], [ 87.89669740236323, 22.515373349300717 ], [ 87.89153981201278, 22.499804854410542 ], [ 87.89719295489104, 22.496770143427511 ], [ 87.902925133787988, 22.487859606635624 ], [ 87.902698755543298, 22.482607841079073 ], [ 87.895709633792734, 22.47139275107466 ], [ 87.882213950313627, 22.455639243156668 ], [ 87.881448864673445, 22.445393205032417 ], [ 87.89599406687276, 22.434223055949303 ], [ 87.923272133202403, 22.434655547115909 ], [ 87.927441715762683, 22.420061349851437 ], [ 87.949061751398659, 22.399505257161906 ], [ 87.961781024974385, 22.277434349315826 ], [ 87.993973136251356, 22.238292574942392 ], [ 88.048191070761419, 22.219925761264903 ], [ 88.074938774504886, 22.252062440129606 ], [ 88.0788153408553, 22.284426450520357 ], [ 88.089955210664556, 22.305428743641698 ], [ 88.089362144647367, 22.371587156821846 ], [ 88.137532234625013, 22.414760828449573 ], [ 88.118505359035254, 22.443494677737306 ], [ 88.114625811432091, 22.468035817498986 ], [ 88.129358649082548, 22.479212045999162 ], [ 88.169553160849858, 22.485608577473897 ], [ 88.194642424808166, 22.513064026983329 ], [ 88.237197756771167, 22.527723312680848 ], [ 88.231461524629793, 22.551443815679619 ], [ 88.238935947536021, 22.563214779338608 ], [ 88.317198753419888, 22.551529049825859 ], [ 88.34402561189259, 22.581661224386067 ], [ 88.361413240128996, 22.621502876356715 ], [ 88.350094914249013, 22.656600475031979 ], [ 88.360652923593676, 22.688758253790439 ], [ 88.358258843770756, 22.736647963932427 ], [ 88.329939723139859, 22.781140565984401 ], [ 88.349459767154627, 22.796777844621886 ], [ 88.355444908256032, 22.826117515910624 ], [ 88.373037934453208, 22.8330502510683 ], [ 88.371988057802724, 22.861002445606402 ], [ 88.404181361580726, 22.888020276914261 ], [ 88.398515701038917, 22.918685555194315 ], [ 88.407151579481848, 22.931906223293595 ], [ 88.401086449979829, 22.981970309782042 ], [ 88.406842112873306, 22.996588945223778 ], [ 88.426126957193475, 23.024191140708666 ], [ 88.421528219951512, 23.014964938281281 ], [ 88.441396236846941, 23.021108150520831 ], [ 88.465313434167712, 23.079687953436377 ], [ 88.484735965592478, 23.068953275873014 ], [ 88.510629772945805, 23.111913800081908 ], [ 88.502008438338777, 23.12421321886498 ], [ 88.471152067613929, 23.124649643666174 ], [ 88.454481125303772, 23.129407048296684 ], [ 88.448377847459852, 23.134664654949916 ], [ 88.44712066628577, 23.174353242308285 ], [ 88.473379850200075, 23.197714924803989 ], [ 88.469460964451997, 23.219206571426156 ], [ 88.455805421083397, 23.222882628530584 ], [ 88.422461629001106, 23.207422852682555 ], [ 88.410429477938152, 23.20706903960459 ], [ 88.362621664558247, 23.227956175437271 ], [ 88.329073548305672, 23.266803026138803 ], [ 88.34745824320342, 23.297852278060247 ], [ 88.345048666263068, 23.315353155223988 ], [ 88.32587945497292, 23.343791842519636 ], [ 88.329181551487551, 23.354246855208288 ], [ 88.338276148025813, 23.356101155643898 ], [ 88.355525255486242, 23.337450265917113 ], [ 88.377988815631483, 23.332267165397411 ], [ 88.355766415887473, 23.350863933923506 ], [ 88.354595661360719, 23.362496852547707 ], [ 88.382706641998055, 23.421813130071968 ], [ 88.367883444065825, 23.430056452643242 ], [ 88.370453357536547, 23.449851512937016 ], [ 88.347658753348895, 23.481497406580104 ], [ 88.353411317178626, 23.490368247296857 ], [ 88.371899247052767, 23.488477945201112 ], [ 88.374087330865763, 23.503203927319447 ], [ 88.379688143992809, 23.500149607518466 ], [ 88.37536561463142, 23.487712144599868 ], [ 88.349479913767112, 23.482925653196361 ], [ 88.375946640525143, 23.457987427677693 ], [ 88.370947241821824, 23.431526542016343 ], [ 88.386776447475114, 23.424221753730961 ], [ 88.357954144468266, 23.360592127124988 ], [ 88.381420850691796, 23.332174420113517 ], [ 88.368353008884384, 23.328338027378123 ], [ 88.330565452533762, 23.351444125246218 ], [ 88.356591701246117, 23.302945256618358 ], [ 88.332103967724009, 23.266666411925428 ], [ 88.370159268435572, 23.227149963799803 ], [ 88.41722285774884, 23.209879278905674 ], [ 88.449125051879804, 23.226812004870169 ], [ 88.473114252520844, 23.222308158694602 ], [ 88.479156136346688, 23.202779411940412 ], [ 88.452749252276277, 23.17229282895093 ], [ 88.45314884174573, 23.132229327721319 ], [ 88.503353834012302, 23.131945848821942 ], [ 88.514249444356409, 23.10981237853855 ], [ 88.48929500585993, 23.067555427241217 ], [ 88.465279937119561, 23.074661374522833 ], [ 88.456684231392188, 23.034606814353054 ], [ 88.445625901314401, 23.016916036346089 ], [ 88.412183522851393, 22.999941110593852 ], [ 88.406386852671261, 22.978520751431631 ], [ 88.414151549754337, 22.939649343842177 ], [ 88.403365731343484, 22.91388535542481 ], [ 88.411838054582716, 22.885120034362188 ], [ 88.404690742084171, 22.873816728958872 ], [ 88.375151753150959, 22.859234332598419 ], [ 88.378777742299036, 22.830528140161618 ], [ 88.361316442499884, 22.82568991166022 ], [ 88.356605172191081, 22.796542644927229 ], [ 88.334151148456868, 22.780966043548176 ], [ 88.339940309297987, 22.767123937619658 ], [ 88.365791916863628, 22.74650442563879 ], [ 88.366341113951336, 22.682862162658751 ], [ 88.355850458432059, 22.660635947990727 ], [ 88.367713928155268, 22.608795642904653 ], [ 88.323533416034451, 22.54998374025746 ], [ 88.304541229993873, 22.546473264529567 ], [ 88.244504451619179, 22.557622670749709 ], [ 88.246322751294002, 22.528872966414383 ], [ 88.238771557761225, 22.519378900915541 ], [ 88.204644441787622, 22.509733557757585 ], [ 88.165171742082265, 22.475939154968103 ], [ 88.122578620607015, 22.465846776807439 ], [ 88.1449438335911, 22.426713943493723 ], [ 88.145975351481326, 22.408409237896052 ], [ 88.107048273159336, 22.375080227970273 ], [ 88.104627967306982, 22.294541716427176 ], [ 88.069898724646549, 22.211579442037674 ], [ 88.116380214275608, 22.20923554888148 ], [ 88.176073073913273, 22.193995118579892 ], [ 88.207314133240772, 22.15804183476294 ], [ 88.224095940375463, 22.077565669619986 ], [ 88.208132505510804, 22.023051142296396 ], [ 88.153681874119314, 21.958863615863208 ], [ 88.177205323966547, 21.925488710835396 ], [ 88.163534403090381, 21.879078746087345 ], [ 88.209057450141216, 21.801789045328292 ], [ 88.217217206808726, 21.764387369181804 ], [ 88.27338004125599, 21.755118727747174 ], [ 88.27025234666857, 21.741581439831634 ], [ 88.263020754204518, 21.731701731549748 ], [ 88.272460579792011, 21.730871438765888 ], [ 88.282505750739887, 21.757936358576188 ], [ 88.269507765571092, 21.765764355340764 ], [ 88.254616618462336, 21.782830238524809 ], [ 88.25180292126791, 21.80203676268647 ], [ 88.256189346561115, 21.782961368672261 ], [ 88.281924605236355, 21.761267542762994 ], [ 88.263346552501474, 21.788468360926203 ], [ 88.258445262638901, 21.8007122276872 ], [ 88.25937175770062, 21.808668733075677 ], [ 88.263898253301903, 21.814075827737298 ], [ 88.276905536561372, 21.821657537965109 ], [ 88.30608141432586, 21.830468654704703 ], [ 88.313923954926707, 21.846040129948165 ], [ 88.299406051648049, 21.859344839692653 ], [ 88.279236674632926, 21.85576641568764 ], [ 88.259739041723464, 21.858044505449612 ], [ 88.255408645092956, 21.863420724586888 ], [ 88.255142331553458, 21.871201634647775 ], [ 88.263729929892492, 21.881695866770883 ], [ 88.270114064212777, 21.884784102704259 ], [ 88.256062507978385, 21.870527267219643 ], [ 88.261413455266762, 21.858746528829329 ], [ 88.300340652299298, 21.861279010717794 ], [ 88.309595346148427, 21.877176523477857 ], [ 88.301418542831613, 21.860956549805053 ], [ 88.310829401255972, 21.855559110264778 ], [ 88.325442075991106, 21.862085341964985 ], [ 88.336433053143054, 21.86153566823657 ], [ 88.343781709458341, 21.857284545945134 ], [ 88.353781104014814, 21.85723364341797 ], [ 88.369259119013208, 21.897849440799149 ], [ 88.350241661123931, 21.927226662380633 ], [ 88.357945442628221, 21.922980308294683 ], [ 88.370485067631904, 21.899012446767131 ], [ 88.354949474438769, 21.855460524783467 ], [ 88.354599118354798, 21.823257207953844 ], [ 88.363915800673766, 21.797567963990417 ], [ 88.382023454019219, 21.791927337876388 ], [ 88.390696644434598, 21.798678040359363 ], [ 88.385849117842639, 21.839395641895408 ], [ 88.397453546843821, 21.884933352392324 ], [ 88.384647130760612, 21.894949555277833 ], [ 88.382890700845309, 21.900374054519091 ], [ 88.386234760625854, 21.907026648161377 ], [ 88.406197548078552, 21.9197850224609 ], [ 88.392951846450586, 21.936447262930926 ], [ 88.398249030468406, 21.951926231210678 ], [ 88.373820662093891, 21.963059544962135 ], [ 88.373036026991116, 21.966448902694822 ], [ 88.374612212083974, 21.969013810538996 ], [ 88.394276857191272, 21.971008658822598 ], [ 88.373930335316828, 21.965492010547877 ], [ 88.398705243951923, 21.953451156745501 ], [ 88.394260525502915, 21.936525821409589 ], [ 88.407720804471666, 21.918705702006633 ], [ 88.384802102834811, 21.898680328934063 ], [ 88.40878236331551, 21.885252952561785 ], [ 88.419663906464194, 21.906479478145485 ], [ 88.424081921343628, 21.907851576489151 ], [ 88.432967543317574, 21.902926206379419 ], [ 88.441968679610937, 21.911521434566652 ], [ 88.458620428590024, 21.919152379079122 ], [ 88.45146560675235, 21.941861749120449 ], [ 88.46897101380128, 21.957301974606537 ], [ 88.445227146415704, 21.964301943979564 ], [ 88.44803643243543, 21.984489679754972 ], [ 88.441827655122353, 21.991051673895754 ], [ 88.450196027524754, 22.009057044646994 ], [ 88.460852741960622, 22.011428713364523 ], [ 88.450491547447058, 22.007077216840145 ], [ 88.443574071086601, 21.99074923998549 ], [ 88.449541807608483, 21.984218240079798 ], [ 88.445992947017004, 21.966134548270816 ], [ 88.470101118072222, 21.959043741075902 ], [ 88.46822392899125, 21.952581166987329 ], [ 88.452902555208851, 21.939378977258059 ], [ 88.4621076586416, 21.922807931640762 ], [ 88.455721616859279, 21.899692058142023 ], [ 88.47433292832207, 21.895681142970489 ], [ 88.477143406842771, 21.904343247443023 ], [ 88.483478307777801, 21.910053253554878 ], [ 88.52140104752047, 21.916719436852588 ], [ 88.520093321749499, 21.94157481232773 ], [ 88.495315432761032, 21.954897642512321 ], [ 88.491007923876651, 21.960506200600747 ], [ 88.491316914743976, 21.966078639217869 ], [ 88.500253319635164, 21.978690028322177 ], [ 88.520529269909986, 21.989390253757307 ], [ 88.542312026179076, 21.982356429405712 ], [ 88.554473757857778, 22.035477519272149 ], [ 88.54270994650696, 21.981079459549477 ], [ 88.519975662546955, 21.988318920182024 ], [ 88.494540452779773, 21.968713521511916 ], [ 88.49413466428345, 21.958606362093974 ], [ 88.518779873592422, 21.945312499971919 ], [ 88.525463342759139, 21.928665041658462 ], [ 88.521847129241706, 21.913872957570987 ], [ 88.494290828858681, 21.878487706242709 ], [ 88.528033137519429, 21.853295564338879 ], [ 88.537739753287127, 21.857816458063127 ], [ 88.53881597557691, 21.870870828925661 ], [ 88.548068523643536, 21.88130891367544 ], [ 88.539030909948707, 21.900332927622628 ], [ 88.540671229293849, 21.903904557249604 ], [ 88.544934749638998, 21.906179666658289 ], [ 88.56118071102108, 21.899024963531275 ], [ 88.570275426270001, 21.903120755818293 ], [ 88.54926347712788, 21.920387744498868 ], [ 88.540938615724627, 21.959508657298755 ], [ 88.542440414293793, 21.97003626865893 ], [ 88.547881006903111, 21.974021315731164 ], [ 88.558593750001677, 21.972656250085947 ], [ 88.56792616865792, 21.958693266281301 ], [ 88.556790828733909, 21.972656250085947 ], [ 88.543901920537365, 21.970608353492736 ], [ 88.550553917929136, 21.920980930125864 ], [ 88.57218146290424, 21.907413840476465 ], [ 88.579006433200419, 21.924209355977069 ], [ 88.586119651500866, 21.92798697981533 ], [ 88.572812318433904, 21.905501842236276 ], [ 88.578325271394277, 21.889515757945929 ], [ 88.606526136572114, 21.913018941570925 ], [ 88.610717058245797, 21.926144003642861 ], [ 88.601417541286622, 21.935211539580962 ], [ 88.615005135478754, 21.936676501919067 ], [ 88.598720550912759, 21.974773049137013 ], [ 88.614552855629796, 22.019692659188962 ], [ 88.602619051727999, 22.021227955705626 ], [ 88.59947931791632, 22.025337815188152 ], [ 88.600744843899434, 22.039665222272276 ], [ 88.604805708316945, 22.047862410521873 ], [ 88.596189737266656, 22.060965418519316 ], [ 88.596190571837468, 22.065989613330004 ], [ 88.601411700189971, 22.073322057566941 ], [ 88.596967577991364, 22.062501072966228 ], [ 88.606313466693138, 22.04775404940986 ], [ 88.604747057230981, 22.023012637823001 ], [ 88.61853134664446, 22.021473049741559 ], [ 88.636747836843341, 22.044571518660717 ], [ 88.627389431377281, 22.054219842172046 ], [ 88.620203137764662, 22.104249239111141 ], [ 88.6069202419757, 22.107533812335646 ], [ 88.609395146568801, 22.115320920524141 ], [ 88.597580909331583, 22.130125641884888 ], [ 88.603355407626026, 22.159481406541715 ], [ 88.58384788037543, 22.166768551027843 ], [ 88.572828054770952, 22.188982844282862 ], [ 88.577439307877768, 22.198397755951731 ], [ 88.574012160632748, 22.188490271209162 ], [ 88.583115339401417, 22.169233441670031 ], [ 88.604251027163315, 22.160285949936707 ], [ 88.598910450856721, 22.129793048310603 ], [ 88.610378742285292, 22.116751670853006 ], [ 88.609751224139785, 22.107558369223455 ], [ 88.618686080398362, 22.108786225304186 ], [ 88.629666566958548, 22.145507335894848 ], [ 88.632895469450517, 22.136684417352058 ], [ 88.640369176496364, 22.143352151080961 ], [ 88.63988387624002, 22.158222914156198 ], [ 88.672003149625795, 22.19918835176108 ], [ 88.666224956916352, 22.208062052321907 ], [ 88.637647032984347, 22.209001540788506 ], [ 88.630881070804918, 22.222012042721644 ], [ 88.657282471708783, 22.250261902964553 ], [ 88.678849101105214, 22.293450951200498 ], [ 88.666290521990078, 22.339054465091522 ], [ 88.671051144394966, 22.326046347261183 ], [ 88.681012749438963, 22.329199313697472 ], [ 88.690563559460742, 22.326176047486655 ], [ 88.679004549820178, 22.323242068666588 ], [ 88.684996604909514, 22.293976068940481 ], [ 88.658975244012396, 22.240857958528039 ], [ 88.634738445622901, 22.217484950869846 ], [ 88.700465917168486, 22.209886908953763 ], [ 88.733715772365116, 22.19567286950732 ], [ 88.742810129683875, 22.19996547662555 ], [ 88.740266561852508, 22.21483123317492 ], [ 88.746147752117082, 22.202170372364861 ], [ 88.745635628681413, 22.210750341754931 ], [ 88.749834537234193, 22.220002413180907 ], [ 88.743633151448847, 22.229303956312634 ], [ 88.772425651822545, 22.251212477374025 ], [ 88.786414265406194, 22.258996367788228 ], [ 88.790679931533731, 22.259506940792704 ], [ 88.793193935951507, 22.276817560082463 ], [ 88.804618835091247, 22.283085823052375 ], [ 88.803153753143221, 22.295549869930625 ], [ 88.810600519198744, 22.316566944309159 ], [ 88.802764058014958, 22.329443454451933 ], [ 88.811309337855761, 22.345582247223007 ], [ 88.79512584248377, 22.344103574720236 ], [ 88.789711236684326, 22.348510503656854 ], [ 88.811176538566514, 22.347132801637542 ], [ 88.819371342713424, 22.363848447447907 ], [ 88.84951984896199, 22.364323019691625 ], [ 88.870236754822457, 22.359125256625362 ], [ 88.876222014634408, 22.355337619735366 ], [ 88.875257253419676, 22.357584119012017 ], [ 88.861483931238496, 22.364311814138972 ], [ 88.846298337098659, 22.387967109994179 ], [ 88.856076716967067, 22.408435821855704 ], [ 88.847802043129917, 22.43087506253417 ], [ 88.819201231451785, 22.430231451920037 ], [ 88.802609800901649, 22.443103551787544 ], [ 88.80035781845865, 22.458006024058875 ], [ 88.7798149583937, 22.492260932795858 ], [ 88.777254462623517, 22.506925940879484 ], [ 88.7522704598139, 22.515550255839713 ], [ 88.733292340968859, 22.509965062137979 ], [ 88.707965731533335, 22.527701258606271 ], [ 88.691657900391903, 22.522340059046599 ], [ 88.688965439903228, 22.525504350645292 ], [ 88.690518140999558, 22.532568573880638 ], [ 88.680935025531113, 22.536309361487895 ], [ 88.68064987659065, 22.542095422365946 ], [ 88.674394846245235, 22.538286447261811 ], [ 88.681129455360207, 22.543175339969991 ], [ 88.672891020604226, 22.548850536023451 ], [ 88.6717505453515, 22.556203841833934 ], [ 88.677672743802162, 22.593857645613951 ], [ 88.673562407679043, 22.54993915546774 ], [ 88.682185649748106, 22.543692469931614 ], [ 88.681900858737748, 22.538110733223846 ], [ 88.691052317610428, 22.534046530523057 ], [ 88.690852522426013, 22.523995518478444 ], [ 88.701558351536818, 22.530622958982406 ], [ 88.700994610612867, 22.525689125352926 ], [ 88.709824323533809, 22.529003143280477 ], [ 88.733930706736857, 22.510926723389673 ], [ 88.750454068500545, 22.517012953684969 ], [ 88.769089221890198, 22.513565063576891 ], [ 88.772210479130337, 22.51816713820287 ], [ 88.782707333676541, 22.524212956562792 ], [ 88.764532327404964, 22.52769756329198 ], [ 88.770046114936321, 22.53021967419869 ], [ 88.764429212038607, 22.534157753277697 ], [ 88.761128664156587, 22.549907207052001 ], [ 88.76654732230125, 22.560844540543144 ], [ 88.765949845109361, 22.534166216797558 ], [ 88.784065842364754, 22.524922013540191 ], [ 88.77165102977122, 22.513275146430942 ], [ 88.792144656450802, 22.500000000100016 ], [ 88.812345743561281, 22.480050206052283 ], [ 88.81455874399083, 22.455874204531028 ], [ 88.829753040870202, 22.446958541603436 ], [ 88.824423909336105, 22.436001420329319 ], [ 88.852627753967766, 22.432784557061723 ], [ 88.853060603064506, 22.43761014918914 ], [ 88.859619856071646, 22.445428252511903 ], [ 88.851003408380762, 22.475181579566311 ], [ 88.856807946729504, 22.475188374843725 ], [ 88.857604146214413, 22.483466863604974 ], [ 88.865028858195359, 22.487759352012546 ], [ 88.862010120970382, 22.490650058153761 ], [ 88.857572555728979, 22.500000000100016 ], [ 88.84490025014648, 22.500584006346855 ], [ 88.842936635317614, 22.508218049923158 ], [ 88.855192542202104, 22.510498642498391 ], [ 88.858359932864659, 22.51862192176435 ], [ 88.86685383353759, 22.523037910471231 ], [ 88.865878701341074, 22.542829155840991 ], [ 88.869215011663556, 22.545635819437535 ], [ 88.878412843178324, 22.54436385610714 ], [ 88.896587729839922, 22.563271641672998 ], [ 88.937608480247178, 22.570343851787356 ], [ 88.937010646024618, 22.594196439114398 ], [ 88.957849264332225, 22.617164969487789 ], [ 88.938856125010233, 22.615854501683913 ], [ 88.93253421748031, 22.618332863271064 ], [ 88.930007219657597, 22.640762447928751 ], [ 88.909068942078164, 22.675781249804913 ], [ 88.882629513341413, 22.66552102577478 ], [ 88.863435864773493, 22.663810253540419 ], [ 88.857346177484175, 22.675781249804913 ], [ 88.861462950954575, 22.693328261290333 ], [ 88.847124576638038, 22.691802740404171 ], [ 88.846921562779954, 22.706786155256935 ], [ 88.808105468892364, 22.710474848735316 ], [ 88.805989741833201, 22.734507560375732 ], [ 88.80833017799543, 22.752887248747612 ], [ 88.819336653164129, 22.750269055172765 ], [ 88.820380449498288, 22.74785912030228 ], [ 88.814715146886641, 22.742376566225573 ], [ 88.826013803694224, 22.738733052888136 ], [ 88.835176468119556, 22.746637344537902 ], [ 88.839980959453754, 22.735539912836742 ], [ 88.84687507142749, 22.74973344774051 ], [ 88.832584619284802, 22.753659248375669 ], [ 88.84597802196825, 22.752179860911923 ], [ 88.848412275406332, 22.749290823912418 ], [ 88.84050095105809, 22.734881401355665 ], [ 88.836717129092307, 22.736424803461972 ], [ 88.834206819089587, 22.745376944690292 ], [ 88.828431845053643, 22.737379312405409 ], [ 88.814030766406887, 22.740522026570318 ], [ 88.812844514762588, 22.74403715089386 ], [ 88.818232059062353, 22.748720526930782 ], [ 88.809473871921767, 22.751144051456833 ], [ 88.809191346303663, 22.710742235166094 ], [ 88.847996950498981, 22.708971500634306 ], [ 88.849427461608201, 22.693236946827767 ], [ 88.863964318998143, 22.694056749019836 ], [ 88.864431262292925, 22.664777636278956 ], [ 88.911341547774242, 22.676797270577651 ], [ 88.929198741728982, 22.650100350650916 ], [ 88.93373700675798, 22.619577562754813 ], [ 88.959161975045589, 22.61743948304624 ], [ 88.938665492119441, 22.59214980157256 ], [ 88.939398970186829, 22.568067602038667 ], [ 88.926778921510817, 22.564969843184059 ], [ 88.961061559044225, 22.549353711205242 ], [ 88.970654380895581, 22.523855212548199 ], [ 88.97363956711294, 22.499199508151122 ], [ 88.997065401847095, 22.46995393112951 ], [ 88.994774524625399, 22.455874046250699 ], [ 88.990180784915793, 22.446106147980743 ], [ 89.000499566502555, 22.429616696953445 ], [ 88.982015286976122, 22.415824357708459 ], [ 88.972413557340275, 22.411199671428193 ], [ 88.974960246718609, 22.405087878802703 ], [ 88.994775515678072, 22.391079296672672 ], [ 88.995975383058322, 22.389393691066459 ], [ 88.996618200470067, 22.387092195548746 ], [ 88.996198828613302, 22.385600947825935 ], [ 88.99497471820942, 22.384304727081769 ], [ 88.984077786761105, 22.376096602176943 ], [ 88.990057457286326, 22.364101930360249 ], [ 88.984988863845302, 22.325978055443386 ], [ 89.000948338995357, 22.323356064031657 ], [ 89.010549957115046, 22.314745056339518 ], [ 89.016953459235395, 22.305525697753012 ], [ 89.023489265118116, 22.300109246544906 ], [ 89.024752188463395, 22.296175323232916 ], [ 89.021546837417333, 22.293742853150576 ], [ 89.000188583636742, 22.296625776558841 ], [ 88.995320749453612, 22.285944551999904 ], [ 89.019087341807818, 22.269152862215293 ], [ 89.015660293488196, 22.253780625476026 ], [ 89.029310998504542, 22.259145269439131 ], [ 89.033866290397469, 22.258116433327189 ], [ 89.041621546397977, 22.225948326754235 ], [ 89.071985224438919, 22.195666747822486 ], [ 89.063805619734211, 22.172147803578611 ], [ 89.070029432812731, 22.150246628179787 ], [ 89.077665507058356, 22.148054331042715 ], [ 89.090701037123864, 22.159879173085841 ], [ 89.098507969068152, 22.155570360184186 ], [ 89.092642695904289, 22.1431874006783 ], [ 89.055933676698402, 22.121944545204968 ], [ 89.040129759981056, 22.098024633730319 ], [ 89.046600879427757, 22.061634597758911 ], [ 89.079746485212951, 22.01483231096276 ], [ 89.086467659355463, 21.980504117371481 ], [ 89.069731282373283, 21.924184611131324 ], [ 89.027881116021291, 21.920144662246855 ], [ 89.020187417715903, 21.889482072939757 ], [ 89.041694967049722, 21.869902511791707 ], [ 89.045316808524632, 21.851862529732415 ], [ 89.030062288544372, 21.785119418726651 ], [ 89.094462700693867, 21.701362980017933 ], [ 89.150013412489699, 21.666097116389295 ], [ 89.232361110877235, 21.129111111488953 ], [ 89.373548847201647, 18.009049085546962 ], [ 89.284050379321712, 17.974008054228335 ], [ 88.759039495876181, 17.489489878854911 ], [ 88.614731369257385, 17.369914363956838 ], [ 88.462785958805028, 17.257157662596128 ], [ 86.910424898890113, 16.271446604077568 ], [ 86.64550433635614, 15.995322648121814 ], [ 86.464880425391442, 15.828176148210787 ], [ 85.650726348941959, 15.185115872399692 ], [ 84.904465657764007, 14.346154162784472 ], [ 84.776829167732018, 14.214905050227927 ], [ 84.632694507745356, 14.082116829827882 ], [ 84.431557408947327, 13.919834160318317 ], [ 84.219509750374726, 13.773292221159181 ], [ 84.009576061586046, 13.649462603616286 ], [ 83.764144359974381, 13.526286311164398 ], [ 83.769843822434581, 13.328906993562981 ], [ 83.76445840772945, 13.14136871159684 ], [ 83.745179452170106, 12.919593467764443 ], [ 83.717963101815798, 12.732249575157851 ], [ 83.569574028019105, 11.995646588319502 ], [ 83.475574438010057, 11.662393529437907 ], [ 83.402472275675137, 11.448824809717323 ], [ 82.406666666234031, 11.266666667033192 ], [ 81.933333333067111, 11.045000000149997 ], [ 81.041666666983332, 10.69499999995017 ], [ 80.766666666633427, 10.549999999700304 ], [ 80.158333333016998, 10.13999999980021 ], [ 80.083333333167133, 10.096666667033247 ], [ 79.583333333267063, 9.950000000000131 ], [ 79.376666666533851, 9.66916666680838 ], [ 79.511666666983473, 9.363333333666517 ], [ 79.533333333366869, 9.216666666633486 ], [ 79.533333333366869, 9.099999999900248 ], [ 79.521666666783318, 9.000000000100144 ], [ 79.488333332917335, 8.896666666733438 ], [ 79.303333333466895, 8.666666666833365 ], [ 79.216666667033252, 8.619999999600452 ], [ 79.078333333017298, 8.519999999800248 ], [ 78.923333332967189, 8.370000000100092 ], [ 78.895000000350052, 8.203333333466702 ], [ 78.76166666668351, 7.588333333616646 ], [ 78.646666666733523, 7.349999999800318 ], [ 78.203333332967105, 6.513333333066967 ], [ 77.844999999750399, 5.898333333216812 ], [ 77.02333333316713, 4.789999999700314 ], [ 76.720833333591514, 5.093055555469718 ], [ 75.692777777625309, 6.470555555575032 ], [ 75.641944444312713, 6.555833333337503 ], [ 75.429444444525046, 6.851666666675058 ], [ 75.271944444380921, 7.257499999625381 ], [ 75.201666666783609, 7.39999999970037 ], [ 74.935833333537488, 7.858333333474974 ], [ 74.495833333437503, 7.808333333524914 ], [ 73.327222222228073, 7.650555555394646 ], [ 72.707222222125125, 7.71500000007498 ], [ 70.252222222126164, 8.093888889070357 ], [ 69.478339323700965, 7.933370530325817 ], [ 69.157290761959217, 8.639636241419495 ], [ 69.046070218665676, 8.913719100556122 ], [ 68.964077666151496, 9.178358436992312 ], [ 68.726278874070914, 10.271074276057107 ], [ 68.516813943408891, 10.850495943732923 ], [ 68.449081822768022, 11.06487466213602 ], [ 68.404160573251858, 11.238207514765065 ], [ 68.357308896588307, 11.482500944463112 ], [ 68.328780929995986, 11.731086753750702 ], [ 68.319119545630571, 11.969815800059152 ], [ 68.327549524291129, 12.220134361911377 ], [ 68.345906242179439, 12.403690682379192 ], [ 68.375400839677042, 12.590669639092638 ], [ 68.415514781182338, 12.775205301483581 ], [ 68.464448771493693, 12.951532887532807 ], [ 68.679483550725394, 13.60303938825723 ], [ 68.778098373341351, 13.829881714669469 ], [ 68.891215160551354, 14.044707385337645 ], [ 69.001057857933944, 14.222465257665519 ], [ 69.123581372981988, 14.395127964284228 ], [ 69.258761316981264, 14.561768100917192 ], [ 69.402889500050463, 14.718489833239317 ], [ 69.552157192600504, 14.86240892033544 ], [ 69.712742170514872, 14.999046310139136 ], [ 69.885521176561184, 15.128136501198654 ], [ 70.063292721282124, 15.24431897024435 ], [ 69.905131852453138, 15.907569803903385 ], [ 69.873450345657005, 16.085935211440955 ], [ 69.824919991764347, 16.446209198895517 ], [ 69.741898355824588, 16.795824965549826 ], [ 69.699936524251228, 16.936645299141304 ], [ 69.568719896106444, 17.301725979470433 ], [ 69.490486551113548, 17.580939971802295 ], [ 68.994768628169794, 17.793036691989855 ], [ 68.752442130899766, 17.911035122473038 ], [ 68.559660952491043, 18.018559967468534 ], [ 68.304287711508806, 18.178468673190778 ], [ 68.099103932400652, 18.321776838230591 ], [ 67.674869124110927, 18.665543774025977 ], [ 67.447042916897232, 18.882073967539597 ], [ 67.212466939797508, 19.132385942757111 ], [ 66.650872558222005, 19.636873907704782 ], [ 66.372892708232058, 19.922718053795279 ], [ 66.188885254550968, 20.12455892875164 ], [ 66.02425119423728, 20.327295775779476 ], [ 65.881313636215424, 20.532860871032426 ], [ 65.751061278255435, 20.753858321804188 ], [ 65.639149500749255, 20.980339931942439 ], [ 66.453144954776207, 21.647762755646625 ], [ 67.168143253808779, 22.251081571157584 ], [ 67.233257019896229, 22.340519837520702 ], [ 67.470564779441276, 22.713848254293509 ], [ 67.713811023260661, 23.230035411605201 ], [ 68.111521280317191, 23.636339298030293 ], [ 68.182698201761269, 23.678545197203221 ], [ 68.178823785689389, 23.729852691748619 ], [ 68.2059873764168, 23.7846271618142 ], [ 68.199710456572603, 23.829486385088728 ], [ 68.208837882862582, 23.875812833395628 ], [ 68.250364519907038, 23.89268927439079 ], [ 68.281095317395142, 23.930057807821782 ], [ 68.332073444234283, 23.924350838720414 ], [ 68.34045088270264, 23.965169131949949 ], [ 68.366987441817315, 23.987590336724878 ], [ 68.37693152716875, 23.990036324517007 ], [ 68.388107008331787, 23.967886725791999 ], [ 68.399531956035418, 23.970345053181831 ] ], [ [ 68.233232379171085, 23.842401743245887 ], [ 68.25147843368282, 23.862028360520469 ], [ 68.250662326805099, 23.879526257331008 ], [ 68.213843226084094, 23.861897349083506 ], [ 68.216240405870082, 23.847669124630471 ], [ 68.233232379171085, 23.842401743245887 ] ], [ [ 68.215094447450809, 23.758457660992292 ], [ 68.224091052959892, 23.763751506726692 ], [ 68.216386914424703, 23.779304146569189 ], [ 68.214731931633338, 23.768443107963094 ], [ 68.215094447450809, 23.758457660992292 ] ], [ [ 68.292893410003018, 23.678115964280408 ], [ 68.269487499748408, 23.649553656176323 ], [ 68.231382846940875, 23.643205403906336 ], [ 68.259225964506726, 23.645955801419177 ], [ 68.281108617468846, 23.651920556688367 ], [ 68.311595559287724, 23.650128007301731 ], [ 68.258067726744315, 23.644674658708595 ], [ 68.260478019545047, 23.639837861028525 ], [ 68.255877852381133, 23.645054340785208 ], [ 68.229421973245479, 23.641542553845852 ], [ 68.222777247771802, 23.646991967905052 ], [ 68.21078085914948, 23.640373230140511 ], [ 68.204218029538453, 23.647189617307049 ], [ 68.186465978921916, 23.623829006803248 ], [ 68.187834978201835, 23.61061513398127 ], [ 68.203124999818925, 23.594586968613783 ], [ 68.206023335808453, 23.601817727406228 ], [ 68.22588872938141, 23.60660982158609 ], [ 68.219826817653626, 23.59137165577738 ], [ 68.233113050826745, 23.586954236249056 ], [ 68.237197757170833, 23.595634818192366 ], [ 68.247063040327163, 23.590318560453284 ], [ 68.256359815253433, 23.594949961071933 ], [ 68.240421175596879, 23.599445224117915 ], [ 68.242175101799631, 23.605888843195601 ], [ 68.264086007863085, 23.602028370213247 ], [ 68.277776002460627, 23.632434248941479 ], [ 68.306866764789532, 23.630410432595426 ], [ 68.313821673631338, 23.622343659532305 ], [ 68.30462515332826, 23.629991650694194 ], [ 68.278031468377577, 23.630898356174299 ], [ 68.273904442636052, 23.616292118786362 ], [ 68.292896747387005, 23.600030303255949 ], [ 68.283381342774845, 23.600416421780466 ], [ 68.280218005356772, 23.588763833184487 ], [ 68.275598049510535, 23.596089720464306 ], [ 68.281051039274104, 23.582490205758489 ], [ 68.30767715018041, 23.58402097239005 ], [ 68.299873232763588, 23.587719678920081 ], [ 68.304264426262336, 23.596232772024848 ], [ 68.308944940656573, 23.582973241521955 ], [ 68.346676111313656, 23.597841500884584 ], [ 68.348139167089045, 23.615502119227529 ], [ 68.374781608784332, 23.639440179021108 ], [ 68.376064658057572, 23.651314019726271 ], [ 68.381452410100763, 23.6594015392497 ], [ 68.375724911275739, 23.643164038689491 ], [ 68.395634651318147, 23.664171576656969 ], [ 68.41859531442239, 23.724210858744186 ], [ 68.417213559158569, 23.760039210541237 ], [ 68.399595141502658, 23.750689148985117 ], [ 68.417498946419329, 23.76180243483455 ], [ 68.425071716486542, 23.796843051565702 ], [ 68.398124933419041, 23.784627556616527 ], [ 68.354086518678031, 23.80372023560048 ], [ 68.348931432040018, 23.782166122968249 ], [ 68.334884762721657, 23.757923006841395 ], [ 68.343256711727889, 23.752073764992303 ], [ 68.341172337733241, 23.744834781000407 ], [ 68.351789355194597, 23.743431806232934 ], [ 68.350284934202449, 23.731986761380028 ], [ 68.339451313227556, 23.742427468552904 ], [ 68.330628752614899, 23.721773147412904 ], [ 68.333670258875458, 23.717040300569494 ], [ 68.333959818091245, 23.711075306080573 ], [ 68.329309344650682, 23.723463058073747 ], [ 68.318601251047056, 23.718085408115172 ], [ 68.297688722856407, 23.683997154545153 ], [ 68.305193543747151, 23.679779648911705 ], [ 68.292893410003018, 23.678115964280408 ] ], [ [ 68.273733138873325, 23.70541143429034 ], [ 68.29477024115377, 23.723110079566624 ], [ 68.285042762913264, 23.731793641863106 ], [ 68.285536407978981, 23.735373616299398 ], [ 68.293419956765746, 23.740262031467694 ], [ 68.288125634390582, 23.746111154606155 ], [ 68.285968065473895, 23.754489540959554 ], [ 68.294554948851925, 23.740730404684541 ], [ 68.28668642054194, 23.734227656980835 ], [ 68.290301322847796, 23.72817134892864 ], [ 68.324287057301859, 23.734255552152092 ], [ 68.313930511384029, 23.786614656341385 ], [ 68.322299957577087, 23.804349064957421 ], [ 68.309429765171586, 23.823251128137059 ], [ 68.290525555310268, 23.816652655695549 ], [ 68.298073649779184, 23.803597569872068 ], [ 68.27331793267652, 23.791118502516952 ], [ 68.264444350826153, 23.75962615012682 ], [ 68.269211769407747, 23.74950480480291 ], [ 68.266100048578465, 23.72955810981901 ], [ 68.257674336301619, 23.716807246657169 ], [ 68.273733138873325, 23.70541143429034 ] ], [ [ 68.331597447464304, 23.787157177761628 ], [ 68.355833769213206, 23.810762643980837 ], [ 68.40155863762115, 23.790230869858817 ], [ 68.390411377183426, 23.80972313921157 ], [ 68.389201640643336, 23.830484509352658 ], [ 68.380268454425646, 23.838103532452124 ], [ 68.390277028362306, 23.831329226362783 ], [ 68.398084044842875, 23.80005037752295 ], [ 68.411049008704907, 23.795693159511757 ], [ 68.415223717400721, 23.804598331847671 ], [ 68.406886935483811, 23.811114072956173 ], [ 68.406805634072811, 23.815429568719679 ], [ 68.412992834851508, 23.819588065336973 ], [ 68.408100247728356, 23.813650966019367 ], [ 68.417926907700775, 23.804959058913482 ], [ 68.439074754296627, 23.836047053628704 ], [ 68.424582720016559, 23.864635348542549 ], [ 68.394629478168014, 23.878096342472304 ], [ 68.387716055051982, 23.873914837599727 ], [ 68.37812411813357, 23.873949050508315 ], [ 68.377238750867747, 23.857920646820446 ], [ 68.344340443356856, 23.839102864505662 ], [ 68.347098111888414, 23.818515062620151 ], [ 68.325184345081567, 23.796583056662769 ], [ 68.331597447464304, 23.787157177761628 ] ], [ [ 68.371497034660564, 23.858567237787895 ], [ 68.377592920976639, 23.87617814520533 ], [ 68.393442153632606, 23.880180358536819 ], [ 68.417105436366882, 23.872360944901743 ], [ 68.408863663327537, 23.884915113741613 ], [ 68.42291903538532, 23.894662380664357 ], [ 68.429274916604271, 23.89567804350699 ], [ 68.410817742644809, 23.885182142242172 ], [ 68.41977703528201, 23.870982766241752 ], [ 68.426297068854723, 23.864501356752271 ], [ 68.442353129393524, 23.870645761492739 ], [ 68.452154279196662, 23.882494926599634 ], [ 68.450367212077282, 23.904367923540946 ], [ 68.444717526193045, 23.905800461722009 ], [ 68.442916274066903, 23.908609747741735 ], [ 68.450736641882628, 23.905731558364749 ], [ 68.451437234440931, 23.91319644486012 ], [ 68.444517255267243, 23.912540912832952 ], [ 68.451769828914536, 23.915423154555043 ], [ 68.444315314300439, 23.918896437020948 ], [ 68.458854913723457, 23.930880665910138 ], [ 68.44892513748519, 23.938295245229455 ], [ 68.429448724079435, 23.934020042690889 ], [ 68.40608406033121, 23.912717819371892 ], [ 68.353194713165493, 23.900548815775267 ], [ 68.353458047251223, 23.883777379622416 ], [ 68.35756230395728, 23.89338302580606 ], [ 68.367522239859596, 23.893093943230923 ], [ 68.36760282541016, 23.890721201622227 ], [ 68.355613112455302, 23.888289213576428 ], [ 68.350342034857164, 23.846106767513362 ], [ 68.371497034660564, 23.858567237787895 ] ], [ [ 68.457855820889478, 23.817214846188307 ], [ 68.447715758875262, 23.805580616352415 ], [ 68.456305145965786, 23.772946357888145 ], [ 68.437640309552677, 23.739278912391939 ], [ 68.477237462838701, 23.741064667400536 ], [ 68.464355826560251, 23.766054272986423 ], [ 68.466039419483735, 23.775398612156238 ], [ 68.471525430554294, 23.755558013791386 ], [ 68.48791336970632, 23.74900770184405 ], [ 68.487855076550687, 23.736975550781068 ], [ 68.507346272112869, 23.748455762723324 ], [ 68.489737153446896, 23.759339809584617 ], [ 68.515118241114038, 23.752494334745819 ], [ 68.522189259626799, 23.775270462361988 ], [ 68.49866342567671, 23.793740153085679 ], [ 68.512460946815366, 23.788432240155856 ], [ 68.522791147093841, 23.80371606364551 ], [ 68.519709348507746, 23.817404627421695 ], [ 68.490197778105113, 23.830326676534924 ], [ 68.457855820889478, 23.817214846188307 ] ], [ [ 68.4869538542371, 23.745615720788891 ], [ 68.481866001814552, 23.738658070813358 ], [ 68.482237100761751, 23.735928774093708 ], [ 68.485704421621875, 23.739310144947325 ], [ 68.4869538542371, 23.745615720788891 ] ], [ [ 68.46433746780005, 23.739669442091184 ], [ 68.459672331812754, 23.724764704427656 ], [ 68.487378954775096, 23.728808641805415 ], [ 68.484132528093738, 23.732642054187522 ], [ 68.46433746780005, 23.739669442091184 ] ], [ [ 68.45065093019636, 23.731577277569357 ], [ 68.44857835800488, 23.730468749832994 ], [ 68.450407743622549, 23.730468749832994 ], [ 68.45065093019636, 23.731577277569357 ] ], [ [ 68.340101957439487, 23.782220244169025 ], [ 68.346964955568325, 23.780314445854998 ], [ 68.349598050010087, 23.800212144874649 ], [ 68.344676851855326, 23.794801235288844 ], [ 68.340101957439487, 23.782220244169025 ] ], [ [ 68.47310936420584, 23.71464490863562 ], [ 68.479399442930031, 23.717566370691543 ], [ 68.482306957400198, 23.720675706518762 ], [ 68.474309444725151, 23.721241354904663 ], [ 68.47310936420584, 23.71464490863562 ] ], [ [ 68.480932116124421, 23.62576770771355 ], [ 68.469982505088609, 23.616214633198808 ], [ 68.468669653182047, 23.592780470742241 ], [ 68.473227620558333, 23.593965530784686 ], [ 68.480131745583748, 23.590998530657771 ], [ 68.478014350282166, 23.600074529216243 ], [ 68.479665160219071, 23.606492161484169 ], [ 68.482998609798045, 23.606952667431671 ], [ 68.490861654042106, 23.603889703347193 ], [ 68.490428328304773, 23.624020218858078 ], [ 68.480932116124421, 23.62576770771355 ] ], [ [ 68.486478805352618, 23.603192209852665 ], [ 68.479099035192377, 23.602682829349106 ], [ 68.480579853477565, 23.597990513151728 ], [ 68.486478805352618, 23.603192209852665 ] ], [ [ 68.479704857193411, 23.590103029831027 ], [ 68.468561410780609, 23.591900944573013 ], [ 68.46263551701557, 23.581331849285419 ], [ 68.472800612558302, 23.578204274307836 ], [ 68.435562729936152, 23.556492567178253 ], [ 68.430425762838837, 23.507688641317742 ], [ 68.446336150293206, 23.539793014735864 ], [ 68.474105357975958, 23.562947631028464 ], [ 68.481181979265017, 23.56112551732889 ], [ 68.48283994240947, 23.596115946493825 ], [ 68.479704857193411, 23.590103029831027 ] ], [ [ 68.481549143678109, 23.552802562488267 ], [ 68.457452774426002, 23.542235731693722 ], [ 68.453683376686541, 23.536716342285445 ], [ 68.461970925218139, 23.53392004967057 ], [ 68.453382015667643, 23.528776049874864 ], [ 68.475662708567285, 23.538418411780412 ], [ 68.481549143678109, 23.552802562488267 ] ], [ [ 68.482277751017563, 23.546895622834768 ], [ 68.483190178883689, 23.548676967568099 ], [ 68.48217213193837, 23.550290227212287 ], [ 68.482277751017563, 23.546895622834768 ] ], [ [ 68.472095012574783, 23.535817742394954 ], [ 68.476472973448978, 23.532750844675803 ], [ 68.473119139836541, 23.536889910541049 ], [ 68.472095012574783, 23.535817742394954 ] ], [ [ 68.47619104408156, 23.527823328783683 ], [ 68.469010114924998, 23.524427175773667 ], [ 68.471798658081667, 23.520906210353388 ], [ 68.47619104408156, 23.527823328783683 ] ], [ [ 68.467649579164885, 23.524076461759392 ], [ 68.463224649398086, 23.518419503957034 ], [ 68.465026617384552, 23.515382170550822 ], [ 68.470480323008559, 23.519137740314534 ], [ 68.467649579164885, 23.524076461759392 ] ], [ [ 68.444588661437734, 23.57797276992747 ], [ 68.462067604136706, 23.576841950695524 ], [ 68.461459636353226, 23.582463621798723 ], [ 68.467533349884349, 23.591770648996373 ], [ 68.466001272041211, 23.597885131493655 ], [ 68.454520821778573, 23.599110961401834 ], [ 68.456237554719536, 23.583955168995857 ], [ 68.444588661437734, 23.57797276992747 ] ], [ [ 68.452107310304172, 23.602646947298808 ], [ 68.466564059683634, 23.600865840885859 ], [ 68.464606523372453, 23.622592926422442 ], [ 68.435292005221953, 23.616778731153573 ], [ 68.440754055655219, 23.586572170069672 ], [ 68.452107310304172, 23.602646947298808 ] ], [ [ 68.250326156626926, 23.582933545446821 ], [ 68.254980444991673, 23.590014457401367 ], [ 68.245373249276184, 23.58868026728058 ], [ 68.250326156626926, 23.582933545446821 ] ], [ [ 68.227660417194585, 23.585175871869041 ], [ 68.224328279726393, 23.584107041107103 ], [ 68.228273629824315, 23.584378004141598 ], [ 68.227660417194585, 23.585175871869041 ] ], [ [ 68.217459559211449, 23.586762547553576 ], [ 68.215510248998925, 23.587152362291761 ], [ 68.217101574178372, 23.586420536278808 ], [ 68.217459559211449, 23.586762547553576 ] ], [ [ 68.47859477992526, 23.498127818244228 ], [ 68.474886179053982, 23.486685752845347 ], [ 68.483067035615278, 23.491311669398101 ], [ 68.484792232075932, 23.485086918326715 ], [ 68.473977446502005, 23.481392980002056 ], [ 68.480907559236613, 23.477713465903747 ], [ 68.486838459527434, 23.485961556680536 ], [ 68.47859477992526, 23.498127818244228 ] ], [ [ 68.486091732647452, 23.489222645908427 ], [ 68.489584327155086, 23.49299633521278 ], [ 68.48665857353447, 23.495140433184474 ], [ 68.486091732647452, 23.489222645908427 ] ], [ [ 68.511228203818717, 23.490669131675162 ], [ 68.51141285891643, 23.491909981160717 ], [ 68.509336710121232, 23.492367148824883 ], [ 68.511228203818717, 23.490669131675162 ] ], [ [ 68.507855773125499, 23.491764664207949 ], [ 68.507102132257756, 23.490370154758864 ], [ 68.508454918559693, 23.490270853417229 ], [ 68.507855773125499, 23.491764664207949 ] ], [ [ 68.498587846651873, 23.489092945682955 ], [ 68.48217630389334, 23.477874517395094 ], [ 68.485173344973958, 23.476284026786459 ], [ 68.487626314203141, 23.473223805634149 ], [ 68.498587846651873, 23.489092945682955 ] ], [ [ 68.496194958430721, 23.475725411998269 ], [ 68.499014138791523, 23.458304167103677 ], [ 68.500461459129127, 23.455216049880846 ], [ 68.501508355426353, 23.465965032959929 ], [ 68.496194958430721, 23.475725411998269 ] ], [ [ 68.504742741983961, 23.452550768703134 ], [ 68.503164053178665, 23.429166435882337 ], [ 68.517487049088146, 23.441931843779656 ], [ 68.520924210284164, 23.436821580251774 ], [ 68.513745426909992, 23.447851538517796 ], [ 68.526001573014327, 23.436416745036809 ], [ 68.519085526575878, 23.448764204704332 ], [ 68.504742741983961, 23.452550768703134 ] ], [ [ 68.514010429238027, 23.43041551146672 ], [ 68.517186879670845, 23.432207942142867 ], [ 68.51509881036182, 23.432864308740932 ], [ 68.514010429238027, 23.43041551146672 ] ], [ [ 68.483405947826242, 23.402981758101731 ], [ 68.495054959818589, 23.455732703201761 ], [ 68.486996650275302, 23.472517252369386 ], [ 68.472493648762935, 23.480218648871585 ], [ 68.468952655440745, 23.478018641846944 ], [ 68.457418560618208, 23.478260755529561 ], [ 68.459768056550644, 23.468364000598172 ], [ 68.445349216293408, 23.467629670872697 ], [ 68.452681541819828, 23.46105575531891 ], [ 68.432984948296877, 23.449991345823975 ], [ 68.434894442824344, 23.440433144274266 ], [ 68.424865961494987, 23.44736611865153 ], [ 68.411764860060345, 23.441616058534322 ], [ 68.421682834495329, 23.420297980167646 ], [ 68.429156661151097, 23.431244969679682 ], [ 68.418396353808788, 23.439717411629289 ], [ 68.430401563881134, 23.43115520474899 ], [ 68.440330147618369, 23.444717764513229 ], [ 68.474354863186505, 23.459757447248421 ], [ 68.461920261011386, 23.452625155226826 ], [ 68.460591911987279, 23.444018841096664 ], [ 68.467383146015464, 23.441943645582853 ], [ 68.460091829574282, 23.436836839048937 ], [ 68.464511751915978, 23.420951246802673 ], [ 68.458602547769459, 23.417743444204632 ], [ 68.466463207910834, 23.411373734110583 ], [ 68.463553905588327, 23.4072240589432 ], [ 68.483405947826242, 23.402981758101731 ] ], [ [ 68.541531205500888, 23.405990004735031 ], [ 68.547862648542463, 23.410264014772565 ], [ 68.550030469730558, 23.414690733290797 ], [ 68.541531205500888, 23.405990004735031 ] ], [ [ 68.55468750012804, 23.405970931013769 ], [ 68.556273221631926, 23.406100153699214 ], [ 68.557983756445338, 23.40916597852717 ], [ 68.55468750012804, 23.405970931013769 ] ], [ [ 68.537231803105357, 23.404729008636906 ], [ 68.528006076419302, 23.391854643377172 ], [ 68.540935754481637, 23.40120446661291 ], [ 68.539685010654722, 23.393644452529514 ], [ 68.543556928409686, 23.388135909844408 ], [ 68.542855619990888, 23.394904017806226 ], [ 68.546469211984601, 23.396615266681266 ], [ 68.554419040806152, 23.376870750984466 ], [ 68.560509324345929, 23.37533271333416 ], [ 68.550240159256106, 23.371007799870171 ], [ 68.555773139219099, 23.360244870104793 ], [ 68.567182421631543, 23.375707506696187 ], [ 68.556391954625127, 23.378763079252764 ], [ 68.550763249024754, 23.402078509615592 ], [ 68.537231803105357, 23.404729008636906 ] ], [ [ 68.553019046391995, 23.403592467018768 ], [ 68.55468750012804, 23.402622818888005 ], [ 68.556768178808483, 23.402803302030833 ], [ 68.553019046391995, 23.403592467018768 ] ], [ [ 68.587837338122739, 23.36832725989521 ], [ 68.568460941019765, 23.372227549461911 ], [ 68.57860970487414, 23.351566553553624 ], [ 68.607254863021666, 23.331769942828686 ], [ 68.598948955729753, 23.346130729149877 ], [ 68.618230104735602, 23.328073978331474 ], [ 68.618406415024111, 23.353116035076994 ], [ 68.607836842196633, 23.36423015549741 ], [ 68.61066222158442, 23.351597428178792 ], [ 68.598108648995066, 23.356804251914781 ], [ 68.594500660677085, 23.361174464230203 ], [ 68.598060608110728, 23.363594174731418 ], [ 68.58932185172219, 23.374032974442258 ], [ 68.587837338122739, 23.36832725989521 ] ], [ [ 68.596324921058425, 23.359256267862492 ], [ 68.599531054514586, 23.359478712472679 ], [ 68.597355842698136, 23.360813855874852 ], [ 68.596324921058425, 23.359256267862492 ] ], [ [ 68.63160145244521, 23.351534366817674 ], [ 68.631152152949625, 23.349387168882856 ], [ 68.634959220591583, 23.342903733220737 ], [ 68.63160145244521, 23.351534366817674 ] ], [ [ 68.528676748533229, 23.332277655989088 ], [ 68.504685759140528, 23.342419147925369 ], [ 68.502521157525422, 23.323767900268479 ], [ 68.535834312403637, 23.316536426514887 ], [ 68.528676748533229, 23.332277655989088 ] ], [ [ 68.628241300195981, 23.32495844347747 ], [ 68.627192259015629, 23.324058651985212 ], [ 68.628922939542093, 23.321493029180004 ], [ 68.628241300195981, 23.32495844347747 ] ], [ [ 68.627091765172878, 23.321676254355737 ], [ 68.625762343257662, 23.312172055296145 ], [ 68.627774357800462, 23.311451554445796 ], [ 68.62993156878693, 23.315019011218453 ], [ 68.627091765172878, 23.321676254355737 ] ], [ [ 68.6307352785104, 23.312908529904831 ], [ 68.634302735283171, 23.314248442411724 ], [ 68.632429719056319, 23.317497253195683 ], [ 68.6307352785104, 23.312908529904831 ] ], [ [ 68.639781832365685, 23.316236734637613 ], [ 68.64380931844542, 23.317733049140941 ], [ 68.639523148674499, 23.318452000459502 ], [ 68.639781832365685, 23.316236734637613 ] ], [ [ 68.646273851157474, 23.307172655693591 ], [ 68.634539007868995, 23.31336236018484 ], [ 68.632120013228047, 23.310621142052099 ], [ 68.646273851157474, 23.307172655693591 ] ], [ [ 68.608972430533271, 23.313214540418727 ], [ 68.588339805537686, 23.318860649699303 ], [ 68.582740545539849, 23.315709352404724 ], [ 68.599492550041276, 23.301650642962869 ], [ 68.618433952265235, 23.298718452894349 ], [ 68.608972430533271, 23.313214540418727 ] ], [ [ 68.602187156312283, 23.299693107550979 ], [ 68.582363725105978, 23.309805631424808 ], [ 68.588689327050957, 23.29584360090152 ], [ 68.57327270517132, 23.303442836218011 ], [ 68.57438921888749, 23.294152259419263 ], [ 68.557306528273756, 23.313426614047074 ], [ 68.55324840588932, 23.296760201622078 ], [ 68.568451404608737, 23.284698724566567 ], [ 68.567824602323611, 23.281335353643726 ], [ 68.556761622750827, 23.273968577787741 ], [ 68.541267752704783, 23.285131335342925 ], [ 68.540833950326686, 23.266011119117877 ], [ 68.573966026710792, 23.244895816288988 ], [ 68.572988152481372, 23.251084446989665 ], [ 68.584538340671969, 23.252919554993554 ], [ 68.572898507160545, 23.260891079959436 ], [ 68.614989877081229, 23.271551251389212 ], [ 68.611913919591728, 23.296142935747952 ], [ 68.602187156312283, 23.299693107550979 ] ], [ [ 68.628192544350469, 23.286421418213934 ], [ 68.629294157199666, 23.287331461977487 ], [ 68.628614902855617, 23.289919018348087 ], [ 68.628192544350469, 23.286421418213934 ] ], [ [ 68.594046711686445, 23.260437965539779 ], [ 68.597686171779543, 23.260361551944129 ], [ 68.594001412835013, 23.262026310366025 ], [ 68.594046711686445, 23.260437965539779 ] ], [ [ 68.63171040980771, 23.319234132749102 ], [ 68.632339477485033, 23.319041014131557 ], [ 68.631651043760797, 23.320927738724208 ], [ 68.63171040980771, 23.319234132749102 ] ], [ [ 68.522774935015406, 23.342546701469189 ], [ 68.532680153466373, 23.34100317975296 ], [ 68.521313310061288, 23.343201756855649 ], [ 68.522774935015406, 23.342546701469189 ] ], [ [ 68.560923218431896, 23.342695116586441 ], [ 68.565156817433291, 23.342635750539529 ], [ 68.563324928103015, 23.344911217878433 ], [ 68.560923218431896, 23.342695116586441 ] ], [ [ 68.553766847062349, 23.34176588039108 ], [ 68.55468750012804, 23.339285730951758 ], [ 68.55677700025845, 23.341814517526018 ], [ 68.553766847062349, 23.34176588039108 ] ], [ [ 68.550889253935992, 23.33965563739784 ], [ 68.54971241909297, 23.340152859966565 ], [ 68.545367241205355, 23.339087009557915 ], [ 68.550889253935992, 23.33965563739784 ] ], [ [ 68.544514775636543, 23.338593840233614 ], [ 68.54064464573392, 23.339386344404346 ], [ 68.541720270873924, 23.337309003108032 ], [ 68.544514775636543, 23.338593840233614 ] ], [ [ 68.574651480081826, 23.355869055012903 ], [ 68.5697114465261, 23.35868895033488 ], [ 68.575603842343611, 23.352183103567427 ], [ 68.574651480081826, 23.355869055012903 ] ], [ [ 68.476374149647455, 23.355088948895968 ], [ 68.473795771757608, 23.353827237836867 ], [ 68.476520180661936, 23.353683471315236 ], [ 68.476374149647455, 23.355088948895968 ] ], [ [ 68.533332944360012, 23.371680856086698 ], [ 68.532398342809273, 23.380624532895894 ], [ 68.535033822253212, 23.387653946972137 ], [ 68.530653476376955, 23.384628653689504 ], [ 68.533332944360012, 23.371680856086698 ] ], [ [ 68.502822756864902, 23.378407836252677 ], [ 68.503368020317936, 23.380966544170747 ], [ 68.502999543794061, 23.383214831299483 ], [ 68.502822756864902, 23.378407836252677 ] ], [ [ 68.503978729235058, 23.383458257092968 ], [ 68.504820227571571, 23.38106465301135 ], [ 68.504708647785918, 23.384600043557185 ], [ 68.503978729235058, 23.383458257092968 ] ], [ [ 68.527133345527574, 23.386265754361148 ], [ 68.527316451093469, 23.398672938005802 ], [ 68.523425102586572, 23.405016065039462 ], [ 68.527133345527574, 23.386265754361148 ] ], [ [ 68.422287463995389, 23.400231957738669 ], [ 68.42113995514498, 23.401344656530796 ], [ 68.413382649589636, 23.409245729506864 ], [ 68.41441774408375, 23.403107643403104 ], [ 68.422287463995389, 23.400231957738669 ] ], [ [ 68.409863352411861, 23.407959223239658 ], [ 68.408895731352942, 23.408231258266056 ], [ 68.409746051139422, 23.405991434657068 ], [ 68.409863352411861, 23.407959223239658 ] ], [ [ 68.462809324490848, 23.409212469879634 ], [ 68.461986660655981, 23.406178355147006 ], [ 68.464276552221264, 23.40516352687527 ], [ 68.462809324490848, 23.409212469879634 ] ], [ [ 68.469683051531689, 23.405261159075309 ], [ 68.475920557687658, 23.403067946428592 ], [ 68.469580053976443, 23.405547857547646 ], [ 68.469683051531689, 23.405261159075309 ] ], [ [ 68.462872743782242, 23.402417778857455 ], [ 68.465560317354829, 23.403510570256685 ], [ 68.460459828558356, 23.404966115793655 ], [ 68.462872743782242, 23.402417778857455 ] ], [ [ 68.430609345045269, 23.405426263811137 ], [ 68.432362437576586, 23.405664325148621 ], [ 68.429595470054977, 23.407141804250898 ], [ 68.430609345045269, 23.405426263811137 ] ], [ [ 68.535570264256449, 23.380779028329499 ], [ 68.542997718270243, 23.38086712321919 ], [ 68.535539030801687, 23.385387659013332 ], [ 68.535570264256449, 23.380779028329499 ] ], [ [ 68.538606166841163, 23.375774264270945 ], [ 68.540204763039497, 23.375833749927693 ], [ 68.540333748303937, 23.377594232188102 ], [ 68.538606166841163, 23.375774264270945 ] ], [ [ 68.46246194876008, 23.41151607071015 ], [ 68.458092213085166, 23.411235332045038 ], [ 68.462817430080435, 23.41086685642037 ], [ 68.46246194876008, 23.41151607071015 ] ], [ [ 68.402701854906724, 23.418115019792339 ], [ 68.398594737457273, 23.41912233872506 ], [ 68.401450753149874, 23.415760040693414 ], [ 68.402701854906724, 23.418115019792339 ] ], [ [ 68.398048758143801, 23.421997308528972 ], [ 68.401206970325546, 23.426476359496519 ], [ 68.399557351990353, 23.428377509214698 ], [ 68.398048758143801, 23.421997308528972 ] ], [ [ 68.40779423721429, 23.457904815954549 ], [ 68.401224255295261, 23.454667568653377 ], [ 68.403427123962643, 23.451969623199574 ], [ 68.406575918443963, 23.452642202775536 ], [ 68.40779423721429, 23.457904815954549 ] ], [ [ 68.471463203763932, 23.480329155765986 ], [ 68.472926974500439, 23.490652560767131 ], [ 68.466112256475554, 23.497797250842524 ], [ 68.459699272803363, 23.479186534730843 ], [ 68.471463203763932, 23.480329155765986 ] ], [ [ 68.495941400874955, 23.447750925964471 ], [ 68.500095367607258, 23.444876313191344 ], [ 68.50147426122831, 23.453085541564491 ], [ 68.495941400874955, 23.447750925964471 ] ], [ [ 68.499424457173092, 23.442020058279098 ], [ 68.501692772203825, 23.443447708644925 ], [ 68.501388549542042, 23.443605065721272 ], [ 68.499424457173092, 23.442020058279098 ] ], [ [ 68.498207927154255, 23.434491634681251 ], [ 68.501232862506669, 23.435477376180074 ], [ 68.499238372153258, 23.436162233300507 ], [ 68.498207927154255, 23.434491634681251 ] ], [ [ 68.500619649877109, 23.430694341770561 ], [ 68.501454949186638, 23.430264949667787 ], [ 68.501929402719924, 23.43218207314419 ], [ 68.500619649877109, 23.430694341770561 ] ], [ [ 68.43927335698001, 23.499333858570793 ], [ 68.437818050662571, 23.498811006223065 ], [ 68.439727545190152, 23.498693943270922 ], [ 68.43927335698001, 23.499333858570793 ] ], [ [ 69.631277561410485, 22.761951446402207 ], [ 69.649036407304408, 22.756070017817166 ], [ 69.66651713875504, 22.750827073710553 ], [ 69.643037438227253, 22.764590739870869 ], [ 69.631277561410485, 22.761951446402207 ] ], [ [ 70.243660449570172, 22.712593555248418 ], [ 70.2463307381731, 22.714338660001204 ], [ 70.243519544691281, 22.720231652069117 ], [ 70.243660449570172, 22.712593555248418 ] ], [ [ 70.24748980960706, 22.688249706958487 ], [ 70.241793155729709, 22.689337134801036 ], [ 70.242820143734747, 22.686730146778956 ], [ 70.24748980960706, 22.688249706958487 ] ], [ [ 70.235059380286174, 22.684489250278773 ], [ 70.238390922403283, 22.682403207142301 ], [ 70.238438129616071, 22.682733058683766 ], [ 70.235059380286174, 22.684489250278773 ] ], [ [ 70.23945617656139, 22.683708667521046 ], [ 70.243359566091243, 22.682212353017803 ], [ 70.243821263640569, 22.683812737068251 ], [ 70.23945617656139, 22.683708667521046 ] ], [ [ 70.21569335416504, 22.645603776393273 ], [ 70.220852255727067, 22.643279313989211 ], [ 70.216057419514442, 22.646670341762899 ], [ 70.21569335416504, 22.645603776393273 ] ], [ [ 69.949264407326581, 22.598918080405156 ], [ 69.963975072191914, 22.599799275716094 ], [ 69.94769906985627, 22.605378150781036 ], [ 69.949264407326581, 22.598918080405156 ] ], [ [ 70.18942284598765, 22.599888444396271 ], [ 70.190892219500398, 22.597779154684304 ], [ 70.192028522798154, 22.598151445233015 ], [ 70.18942284598765, 22.599888444396271 ] ], [ [ 70.023100852622264, 22.588032841942209 ], [ 69.96519565545529, 22.577589631056725 ], [ 69.957922578164613, 22.549586653601295 ], [ 69.993232845819222, 22.54840767387509 ], [ 70.027065157730959, 22.567955016810657 ], [ 70.023100852622264, 22.588032841942209 ] ], [ [ 70.180339574611736, 22.581481337493756 ], [ 70.18307316289625, 22.582512140422978 ], [ 70.181023836381002, 22.583417415980961 ], [ 70.180339574611736, 22.581481337493756 ] ], [ [ 70.042183518554651, 22.569893956041341 ], [ 70.046008110386055, 22.570064901873764 ], [ 70.044075370182355, 22.57235801211263 ], [ 70.042183518554651, 22.569893956041341 ] ], [ [ 70.040943741960206, 22.565973043221419 ], [ 70.038759947014086, 22.566156148787343 ], [ 70.03920590912557, 22.564312100623027 ], [ 70.040943741960206, 22.565973043221419 ] ], [ [ 70.013947844217711, 22.552511453940525 ], [ 70.024471402333489, 22.555068969357507 ], [ 70.024960756733691, 22.557214141119772 ], [ 70.017069220168452, 22.557723044982623 ], [ 70.013947844217711, 22.552511453940525 ] ], [ [ 70.011810302303758, 22.549444556221374 ], [ 70.019944548801988, 22.547890067272789 ], [ 70.024282455670885, 22.552865147408738 ], [ 70.02393507994006, 22.553116678791753 ], [ 70.011810302303758, 22.549444556221374 ] ], [ [ 70.012610077493122, 22.552515625895495 ], [ 70.001111507690013, 22.552035808805613 ], [ 69.996127843525215, 22.548647046424151 ], [ 70.004882812891509, 22.548828124918117 ], [ 70.012610077493122, 22.552515625895495 ] ], [ [ 69.952027559024685, 22.551060318678793 ], [ 69.939912914949133, 22.548093557771551 ], [ 69.938921808994365, 22.538683772238386 ], [ 69.953276753319614, 22.536951660890537 ], [ 69.952027559024685, 22.551060318678793 ] ], [ [ 69.959840059571178, 22.543508053154198 ], [ 69.954641938574611, 22.536259055211303 ], [ 69.963644861821052, 22.541922450360886 ], [ 69.959840059571178, 22.543508053154198 ] ], [ [ 69.955664753725472, 22.536033033997398 ], [ 69.952559351532926, 22.532757043902564 ], [ 69.957496046805232, 22.535596132555526 ], [ 69.955664753725472, 22.536033033997398 ] ], [ [ 69.936171054450682, 22.533063649767684 ], [ 69.929625034068152, 22.530948043217649 ], [ 69.931932926463475, 22.545090913914635 ], [ 69.916602849941654, 22.552746176994503 ], [ 69.900566458475367, 22.545898675983153 ], [ 69.901443004291281, 22.52817785702257 ], [ 69.894968748009461, 22.522851109591159 ], [ 69.862406611576006, 22.527551650987988 ], [ 69.896877527575867, 22.511758923635455 ], [ 69.915473580241695, 22.511748075113644 ], [ 69.941490412152831, 22.517827153100768 ], [ 69.936171054450682, 22.533063649767684 ] ], [ [ 69.943609237376478, 22.530449747757729 ], [ 69.94736063518522, 22.531022548451915 ], [ 69.943961858852759, 22.532391905661939 ], [ 69.943609237376478, 22.530449747757729 ] ], [ [ 69.363814473359326, 22.512421846291232 ], [ 69.348578215012736, 22.527094125393575 ], [ 69.31570374942865, 22.522968053832642 ], [ 69.347647547996104, 22.503981948108418 ], [ 69.363814473359326, 22.512421846291232 ] ], [ [ 69.403422713487515, 22.531917214707732 ], [ 69.405991077426364, 22.525654434904368 ], [ 69.405164718277291, 22.532500505094305 ], [ 69.403422713487515, 22.531917214707732 ] ], [ [ 69.085940837799541, 22.488616943717034 ], [ 69.086773156755811, 22.486754655503006 ], [ 69.089092850954472, 22.490470409581832 ], [ 69.085940837799541, 22.488616943717034 ] ], [ [ 72.786003827914357, 19.50446414990067 ], [ 72.788943648730566, 19.503527164247245 ], [ 72.78907012938302, 19.503991842149887 ], [ 72.786003827914357, 19.50446414990067 ] ], [ [ 72.806810975346394, 19.500051736898229 ], [ 72.816413521566886, 19.491819024528439 ], [ 72.827351808339387, 19.506336331556511 ], [ 72.812508225474261, 19.503588437756264 ], [ 72.806810975346394, 19.500051736898229 ] ], [ [ 72.732329129785597, 19.457359910331689 ], [ 72.736673951541746, 19.465618133769937 ], [ 72.726461648786113, 19.467171073186549 ], [ 72.728334546302307, 19.461517572378156 ], [ 72.732329129785597, 19.457359910331689 ] ], [ [ 72.865390777362535, 19.323987007394521 ], [ 72.864780664695985, 19.325302243403868 ], [ 72.860616922333207, 19.325976848253006 ], [ 72.865390777362535, 19.323987007394521 ] ], [ [ 72.873523235109218, 19.324647307627231 ], [ 72.859407663333144, 19.335937500015689 ], [ 72.835477948348654, 19.335937500015689 ], [ 72.835554242334553, 19.332925677677935 ], [ 72.873523235109218, 19.324647307627231 ] ], [ [ 72.862007856077838, 19.323187232205058 ], [ 72.857772112193373, 19.32303774329732 ], [ 72.865375638175209, 19.320608854315196 ], [ 72.862007856077838, 19.323187232205058 ] ], [ [ 72.780398726819868, 19.133215070019517 ], [ 72.783339857948221, 19.134651660545785 ], [ 72.781529546051758, 19.135347247477569 ], [ 72.780398726819868, 19.133215070019517 ] ], [ [ 72.842077135751339, 18.707929372442649 ], [ 72.842034935963653, 18.705081820269925 ], [ 72.842589735827772, 18.708438157594969 ], [ 72.842077135751339, 18.707929372442649 ] ], [ [ 72.814135313094283, 18.704963206886532 ], [ 72.813167810745909, 18.702324033027793 ], [ 72.815207719560732, 18.703099727970113 ], [ 72.814135313094283, 18.704963206886532 ] ], [ [ 72.863536358216464, 18.632812500296723 ], [ 72.865539431699546, 18.634063839474692 ], [ 72.864807247756374, 18.635597467749022 ], [ 72.863536358216464, 18.632812500296723 ] ], [ [ 72.963698148750694, 18.298435568546765 ], [ 72.965693950315682, 18.300999880140409 ], [ 72.963037968127793, 18.300323366929888 ], [ 72.963698148750694, 18.298435568546765 ] ], [ [ 73.082648634826711, 17.817885756922237 ], [ 73.086065650309678, 17.816849112896321 ], [ 73.084130764323476, 17.818638443609345 ], [ 73.082648634826711, 17.817885756922237 ] ], [ [ 73.302404522950468, 16.982833027921956 ], [ 73.302237629463121, 16.979812026204101 ], [ 73.304511308949856, 16.979194522009649 ], [ 73.302404522950468, 16.982833027921956 ] ], [ [ 73.442911147831211, 16.100774645733352 ], [ 73.444475770340631, 16.101138234442089 ], [ 73.442741632820201, 16.102678537484621 ], [ 73.442911147831211, 16.100774645733352 ] ], [ [ 73.457245826833542, 16.041000247263653 ], [ 73.462251544173427, 16.043721557104234 ], [ 73.459138751352299, 16.045529126967722 ], [ 73.457245826833542, 16.041000247263653 ] ], [ [ 73.465464114976982, 15.894621610598904 ], [ 73.467392444905471, 15.89507126802468 ], [ 73.465724945350047, 15.895969033344286 ], [ 73.465464114976982, 15.894621610598904 ] ], [ [ 73.461813926871372, 15.889075755941434 ], [ 73.464280843686112, 15.886848926636759 ], [ 73.464293360450341, 15.889366626368826 ], [ 73.461813926871372, 15.889075755941434 ] ], [ [ 73.456658243982844, 15.888783812622847 ], [ 73.454807400541227, 15.888532399950392 ], [ 73.456449508637917, 15.886868238678403 ], [ 73.456658243982844, 15.888783812622847 ] ], [ [ 73.793000340093641, 15.374884963170615 ], [ 73.799446702103779, 15.3779392245157 ], [ 73.794950246556795, 15.378936051957268 ], [ 73.793000340093641, 15.374884963170615 ] ], [ [ 73.780452609500429, 15.35577774035049 ], [ 73.760901570351194, 15.352567672360223 ], [ 73.784810662082435, 15.351663947233405 ], [ 73.780452609500429, 15.35577774035049 ] ], [ [ 74.094609975769885, 14.877629041247303 ], [ 74.097257256117615, 14.876992821261808 ], [ 74.097113012955305, 14.878175377591646 ], [ 74.094609975769885, 14.877629041247303 ] ], [ [ 74.097398519825987, 14.842818379364758 ], [ 74.101659774778881, 14.844546079537992 ], [ 74.096533417883023, 14.845576644146846 ], [ 74.097398519825987, 14.842818379364758 ] ], [ [ 74.141888022814015, 14.842849611920144 ], [ 74.144226670224754, 14.841819048210567 ], [ 74.144859313606531, 14.842910408788384 ], [ 74.141888022814015, 14.842849611920144 ] ], [ [ 74.093147754565308, 14.836218476101919 ], [ 74.094710469612636, 14.836956143211438 ], [ 74.093851208766324, 14.838512659231867 ], [ 74.093147754565308, 14.836218476101919 ] ], [ [ 74.058497429213134, 14.821452736754509 ], [ 74.058511018868472, 14.819084406320343 ], [ 74.062090277444412, 14.820711254720692 ], [ 74.058497429213134, 14.821452736754509 ] ], [ [ 74.06352424644686, 14.821215749207511 ], [ 74.064970970533892, 14.819342136730256 ], [ 74.065407157014789, 14.819961547487509 ], [ 74.06352424644686, 14.821215749207511 ] ], [ [ 74.054977178753887, 14.815956950053234 ], [ 74.055436968841065, 14.817046642388704 ], [ 74.054389357582949, 14.816174745168425 ], [ 74.054977178753887, 14.815956950053234 ] ], [ [ 74.087393522493159, 14.793651938586166 ], [ 74.08866143257913, 14.795321345603668 ], [ 74.086379647502866, 14.795334339008605 ], [ 74.087393522493159, 14.793651938586166 ] ], [ [ 74.110445142129635, 14.761590957456733 ], [ 74.111997127365697, 14.754969477659301 ], [ 74.120166421343328, 14.753499865826186 ], [ 74.110445142129635, 14.761590957456733 ] ], [ [ 74.152405619323901, 14.741763949646597 ], [ 74.158389449213729, 14.738997459665143 ], [ 74.152671932863569, 14.742193222139534 ], [ 74.152405619323901, 14.741763949646597 ] ], [ [ 74.238034248681714, 14.710029720994882 ], [ 74.241105437066295, 14.710183978108176 ], [ 74.239951014228069, 14.711319446835049 ], [ 74.238034248681714, 14.710029720994882 ] ], [ [ 74.252613067539158, 14.703774214008874 ], [ 74.255166768931389, 14.705319046936495 ], [ 74.251433849492656, 14.704650878535347 ], [ 74.252613067539158, 14.703774214008874 ] ], [ [ 74.402447462480524, 14.315270304281185 ], [ 74.404529214052019, 14.312707066478012 ], [ 74.405224800084596, 14.313698053722277 ], [ 74.402447462480524, 14.315270304281185 ] ], [ [ 74.327515840783548, 14.011306643686666 ], [ 74.33062255418767, 14.01772522923595 ], [ 74.324928521833982, 14.020673155641688 ], [ 74.323522329292103, 14.01584994761707 ], [ 74.327515840783548, 14.011306643686666 ] ], [ [ 74.479250311652692, 14.010347128217461 ], [ 74.482803940449543, 14.006703376559642 ], [ 74.483144760122713, 14.01080644166403 ], [ 74.479250311652692, 14.010347128217461 ] ], [ [ 74.676277756913095, 13.633819938039835 ], [ 74.676592349657284, 13.631118535592051 ], [ 74.679192543301355, 13.634163737166787 ], [ 74.676277756913095, 13.633819938039835 ] ], [ [ 74.670539617309515, 13.380144834716447 ], [ 74.674914479120019, 13.380440831279344 ], [ 74.671217441731613, 13.383011817641375 ], [ 74.670539617309515, 13.380144834716447 ] ], [ [ 74.681813359299241, 13.343100547352421 ], [ 74.687259435974312, 13.341993927977441 ], [ 74.681935667996783, 13.348557234228991 ], [ 74.681813359299241, 13.343100547352421 ] ], [ [ 74.685876249889162, 13.336943626747072 ], [ 74.69006204632646, 13.335516333412087 ], [ 74.688028812279896, 13.341090321561182 ], [ 74.685876249889162, 13.336943626747072 ] ], [ [ 74.689816474750586, 13.330722928020805 ], [ 74.692415237573215, 13.33159005613625 ], [ 74.689950943181628, 13.334054946778423 ], [ 74.689816474750586, 13.330722928020805 ] ], [ [ 74.698912024570376, 13.280940770899946 ], [ 74.70144772513251, 13.27941966028915 ], [ 74.700189232747022, 13.284384727373379 ], [ 74.698912024570376, 13.280940770899946 ] ], [ [ 74.670340657595403, 13.198462009813966 ], [ 74.67621517219257, 13.194534063396418 ], [ 74.670410036693937, 13.199806212986388 ], [ 74.670340657595403, 13.198462009813966 ] ], [ [ 74.932394027662355, 12.603298545191748 ], [ 74.932805180614679, 12.603692054344918 ], [ 74.932244300434235, 12.603630423805043 ], [ 74.932394027662355, 12.603298545191748 ] ], [ [ 75.123729109710752, 12.19182503219956 ], [ 75.157076478396817, 12.110222935640067 ], [ 75.125673771327655, 12.204995870662984 ], [ 75.123729109710752, 12.19182503219956 ] ], [ [ 75.129393934782371, 12.195009470410739 ], [ 75.131459474275488, 12.195777654215476 ], [ 75.129967570047341, 12.198014259150781 ], [ 75.129393934782371, 12.195009470410739 ] ], [ [ 75.132176876062005, 12.189013362077063 ], [ 75.133713960431038, 12.189901351766039 ], [ 75.131392955920234, 12.191303848993456 ], [ 75.132176876062005, 12.189013362077063 ] ], [ [ 75.135227442092884, 12.181747555805131 ], [ 75.143562316547701, 12.167852044536303 ], [ 75.150648355537299, 12.146984338556393 ], [ 75.151892423696466, 12.159411072563003 ], [ 75.135227442092884, 12.181747555805131 ] ], [ [ 75.158484220470513, 12.121148467327956 ], [ 75.162006258781986, 12.134116649863515 ], [ 75.152315258842208, 12.142575978798448 ], [ 75.149817109472082, 12.139405131141928 ], [ 75.158484220470513, 12.121148467327956 ] ], [ [ 75.163043975699082, 12.115269779876542 ], [ 75.165811419861285, 12.103352546882604 ], [ 75.16853713997719, 12.096144437515804 ], [ 75.170948147738983, 12.108973026384149 ], [ 75.163043975699082, 12.115269779876542 ] ], [ [ 75.157273530648951, 12.109703421575773 ], [ 75.164292335423028, 12.08948290371309 ], [ 75.181875943919835, 12.050267339066565 ], [ 75.164792418735232, 12.101284265356554 ], [ 75.157273530648951, 12.109703421575773 ] ], [ [ 72.707061052725436, 11.680313348582203 ], [ 72.716673612896926, 11.692222714306908 ], [ 72.717014551280585, 11.701821804432782 ], [ 72.713749050878079, 11.706271171477454 ], [ 72.707061052725436, 11.680313348582203 ] ], [ [ 72.185623168574381, 11.596457958368205 ], [ 72.18928825844651, 11.598273038469969 ], [ 72.185065626677471, 11.60086846390854 ], [ 72.185623168574381, 11.596457958368205 ] ], [ [ 72.999183416381669, 11.497804045820075 ], [ 73.007526159005096, 11.46765553957151 ], [ 73.009372234241283, 11.485795259143984 ], [ 72.999183416381669, 11.497804045820075 ] ], [ [ 73.002537965854543, 11.485297441223935 ], [ 73.001093149229547, 11.485073208761648 ], [ 73.00188136093621, 11.484421849588742 ], [ 73.002537965854543, 11.485297441223935 ] ], [ [ 72.778132438861093, 11.240578532373448 ], [ 72.7614705563212, 11.180041312756444 ], [ 72.790095448246433, 11.259667038503153 ], [ 72.778132438861093, 11.240578532373448 ] ], [ [ 72.105916142316204, 11.209688305770769 ], [ 72.103764414496169, 11.208757520043605 ], [ 72.103951811626956, 11.208243608755595 ], [ 72.105916142316204, 11.209688305770769 ] ], [ [ 72.104448556655626, 11.212866425345297 ], [ 72.103352069942133, 11.214707136125455 ], [ 72.100090264853947, 11.214670657824627 ], [ 72.104448556655626, 11.212866425345297 ] ], [ [ 72.720331669171259, 11.110627413124746 ], [ 72.728954672919912, 11.119598507565129 ], [ 72.732945561088883, 11.135556102232385 ], [ 72.716245412395921, 11.124900341077975 ], [ 72.720331669171259, 11.110627413124746 ] ], [ [ 72.33235013515062, 10.958286762324278 ], [ 72.334033012213837, 10.95632266995527 ], [ 72.334272623083137, 10.95807814568991 ], [ 72.33235013515062, 10.958286762324278 ] ], [ [ 72.315083623110837, 10.948352217880654 ], [ 72.317712664308118, 10.943667530632126 ], [ 72.326506733499087, 10.953086853475611 ], [ 72.315083623110837, 10.948352217880654 ] ], [ [ 72.291334628690294, 10.945899844002724 ], [ 72.285770535781666, 10.944637656302859 ], [ 72.284476041736099, 10.935268402315018 ], [ 72.290876031103977, 10.93603122256296 ], [ 72.291334628690294, 10.945899844002724 ] ], [ [ 72.171387672203451, 10.81725943087811 ], [ 72.203690052054327, 10.868684053126614 ], [ 72.206215858275385, 10.877372741558816 ], [ 72.194355010974988, 10.87010002129901 ], [ 72.171387672203451, 10.81725943087811 ] ], [ [ 73.702521324299795, 10.815747737967797 ], [ 73.66185605521278, 10.817492842720583 ], [ 73.662312864946927, 10.808454156134459 ], [ 73.672931551549965, 10.804481625826469 ], [ 73.702521324299795, 10.815747737967797 ] ], [ [ 72.169274926396866, 10.812215447385014 ], [ 72.165388464805829, 10.812739729654879 ], [ 72.165249705709442, 10.812225461336013 ], [ 72.169274926396866, 10.812215447385014 ] ], [ [ 72.617348432883915, 10.540567040436656 ], [ 72.648884415883202, 10.562008619102556 ], [ 72.645914555012808, 10.576516509329508 ], [ 72.639046072818161, 10.576290846045794 ], [ 72.617348432883915, 10.540567040436656 ] ], [ [ 76.166321277704839, 10.175672053922256 ], [ 76.223951578202815, 9.978154658910441 ], [ 76.244951844252256, 9.972403049261359 ], [ 76.237545251812008, 9.996788859018721 ], [ 76.237288952223508, 10.015716076235975 ], [ 76.230442047462674, 10.017169952631249 ], [ 76.238920211798387, 10.0302734372694 ], [ 76.219962954526778, 10.056210040660901 ], [ 76.219967961052561, 10.068616271024183 ], [ 76.225799321681421, 10.053851246637763 ], [ 76.230208635620187, 10.059565901345351 ], [ 76.221297025937105, 10.084121942873438 ], [ 76.220677852600915, 10.070074558594087 ], [ 76.213049173480698, 10.083512902198748 ], [ 76.209113359793747, 10.103434443145133 ], [ 76.217607855817988, 10.090455770917174 ], [ 76.206304550414785, 10.133818268698178 ], [ 76.19944572424086, 10.14372611047169 ], [ 76.193432807578148, 10.161987543390495 ], [ 76.185798645291271, 10.165151357449233 ], [ 76.177710652724585, 10.174209356077014 ], [ 76.173424839984392, 10.183799028502406 ], [ 76.166321277704839, 10.175672053922256 ] ], [ [ 76.193686366033006, 10.163390040617912 ], [ 76.203353405335548, 10.13819301089876 ], [ 76.205947756983477, 10.146961450310741 ], [ 76.212083458984608, 10.142860412278282 ], [ 76.207584738944576, 10.135174154963394 ], [ 76.221135854835921, 10.12570130806904 ], [ 76.224323749141803, 10.103615641248936 ], [ 76.216083407823163, 10.112047075911832 ], [ 76.227332353705236, 10.09476160976061 ], [ 76.227887273179164, 10.102390050560444 ], [ 76.233280539865035, 10.09493255649231 ], [ 76.239282250075888, 10.075507879285226 ], [ 76.225991129986738, 10.126833916052433 ], [ 76.252200126334884, 10.093052744988256 ], [ 76.252943157900489, 10.083866000315709 ], [ 76.258991241652581, 10.091080546130343 ], [ 76.266338825076872, 10.074109315692382 ], [ 76.258095502505597, 10.084738374176681 ], [ 76.261024117768869, 10.070272445417103 ], [ 76.267304301252608, 10.070701122558887 ], [ 76.25741136034614, 10.067578077466393 ], [ 76.260277747919901, 10.047437071363831 ], [ 76.240697026646529, 10.070729374760887 ], [ 76.254646420795751, 10.039036631835131 ], [ 76.25458204732368, 10.047304749614625 ], [ 76.259863019263065, 10.042833447205851 ], [ 76.267572045613491, 10.057291746117301 ], [ 76.279119372161432, 10.060988306864942 ], [ 76.284591078615421, 10.095860719796391 ], [ 76.295445680773668, 10.094760536869316 ], [ 76.303935050662147, 10.076759934323547 ], [ 76.330000400098498, 10.081976532790776 ], [ 76.336645841432443, 10.093260645762271 ], [ 76.343821049102218, 10.093035102088308 ], [ 76.348037242624713, 10.113687038226317 ], [ 76.356169938691806, 10.116567253775756 ], [ 76.352161169302548, 10.122935056407783 ], [ 76.342292546963591, 10.124702334844983 ], [ 76.338973641220633, 10.127910732794163 ], [ 76.32862746718402, 10.150733828403574 ], [ 76.292886853245847, 10.135602712495256 ], [ 76.20932555213264, 10.193498015321239 ], [ 76.177227259030843, 10.182734727625643 ], [ 76.180331945363065, 10.172829509174591 ], [ 76.193686366033006, 10.163390040617912 ] ], [ [ 76.251062512724815, 10.170055747274958 ], [ 76.239658951799271, 10.180464148101947 ], [ 76.233487009817708, 10.182256341357174 ], [ 76.240947127208216, 10.173854946748463 ], [ 76.251062512724815, 10.170055747274958 ] ], [ [ 76.267533063600155, 10.047248363920914 ], [ 76.278819441963691, 10.047316670128268 ], [ 76.278813957897881, 10.059309601756766 ], [ 76.268505811693871, 10.057096362107529 ], [ 76.267533063600155, 10.047248363920914 ] ], [ [ 76.2599166629237, 10.041476845979744 ], [ 76.266399264014836, 10.037248849754704 ], [ 76.264192461712838, 10.033677220127629 ], [ 76.259357213564698, 10.039566874811499 ], [ 76.249830365079305, 10.02998733504748 ], [ 76.267799020108697, 9.982499241446931 ], [ 76.258418321348614, 10.021612405688046 ], [ 76.26509094199352, 10.018767714258701 ], [ 76.266072273216906, 10.030600309356842 ], [ 76.258482456500218, 10.022210121200246 ], [ 76.257648110471933, 10.025758147220785 ], [ 76.259981155106317, 10.03399884736892 ], [ 76.265349149943376, 10.031151413906741 ], [ 76.269158363367893, 10.037318944713618 ], [ 76.267141580619551, 10.045381903751917 ], [ 76.2599166629237, 10.041476845979744 ] ], [ [ 76.259525060333345, 10.028893709077522 ], [ 76.259262561717861, 10.025230050026806 ], [ 76.261510252596082, 10.029838323679797 ], [ 76.259525060333345, 10.028893709077522 ] ], [ [ 76.268099426947146, 9.996944546953358 ], [ 76.270025849413486, 9.999809027065041 ], [ 76.26774084566361, 10.002851009066887 ], [ 76.268099426947146, 9.996944546953358 ] ], [ [ 76.258679747972138, 9.989825844587102 ], [ 76.240023255469026, 10.013749838084664 ], [ 76.250553250032596, 9.976335644274641 ], [ 76.259991526987534, 9.981419920992579 ], [ 76.258679747972138, 9.989825844587102 ] ], [ [ 76.243901848891284, 9.978373050276147 ], [ 76.243237972054914, 9.979272842667669 ], [ 76.243561267538468, 9.978288650700733 ], [ 76.243901848891284, 9.978373050276147 ] ], [ [ 76.250526428651852, 10.013885736437672 ], [ 76.25377881514035, 10.012426853516544 ], [ 76.252858042464794, 10.016992211521426 ], [ 76.250526428651852, 10.013885736437672 ] ], [ [ 76.247908830428315, 10.090642452187524 ], [ 76.242714047715282, 10.100682735320063 ], [ 76.238222360373669, 10.101825475965015 ], [ 76.247908830428315, 10.090642452187524 ] ], [ [ 76.26900422586445, 9.972484231062467 ], [ 76.272495866191349, 9.971611857201495 ], [ 76.272395730278816, 9.97286117110626 ], [ 76.26900422586445, 9.972484231062467 ] ], [ [ 72.289910078287591, 10.049356341522014 ], [ 72.283921241871923, 10.043308854020481 ], [ 72.281598925250336, 10.038569450220052 ], [ 72.286999106823458, 10.040854453969899 ], [ 72.289910078287591, 10.049356341522014 ] ], [ [ 73.651495813980688, 10.104480743191829 ], [ 73.644786476714643, 10.077148437850141 ], [ 73.635536670680921, 10.071556330160604 ], [ 73.64217054853205, 10.056926965806895 ], [ 73.651495813980688, 10.104480743191829 ] ], [ [ 73.633555055021844, 10.068709254628473 ], [ 73.62984931489413, 10.068457841955919 ], [ 73.630582452118489, 10.067352056252474 ], [ 73.633555055021844, 10.068709254628473 ] ], [ [ 73.62798082855241, 10.071707606021334 ], [ 73.628627299910107, 10.075184941731735 ], [ 73.625599145883911, 10.07301855046579 ], [ 73.62798082855241, 10.071707606021334 ] ], [ [ 72.328004241402738, 10.136323929206057 ], [ 72.326245546095237, 10.126991033909121 ], [ 72.331514358301121, 10.124673128462163 ], [ 72.331735253379321, 10.127813338914535 ], [ 72.328004241402738, 10.136323929206057 ] ], [ [ 73.661819458201506, 10.129747748260044 ], [ 73.665159821768412, 10.14124822642458 ], [ 73.660731911648526, 10.155900001883694 ], [ 73.658504605703143, 10.153877138818913 ], [ 73.661819458201506, 10.129747748260044 ] ], [ [ 76.257876157858419, 9.968381762208594 ], [ 76.267565250336105, 9.939265131780459 ], [ 76.293923973912428, 9.925562262488498 ], [ 76.274813652028541, 9.965971946947832 ], [ 76.257876157858419, 9.968381762208594 ] ], [ [ 73.046963572910641, 8.276279210717036 ], [ 73.017927646743573, 8.276493072197567 ], [ 73.023016810377641, 8.268921256311003 ], [ 73.049295306333448, 8.266770601382191 ], [ 73.067204952346771, 8.285853743955187 ], [ 73.080529213352605, 8.327750325217366 ], [ 73.046963572910641, 8.276279210717036 ] ], [ [ 73.012851119483599, 8.278690457698588 ], [ 73.009947657358651, 8.28023481398553 ], [ 73.010808109806504, 8.277224063639693 ], [ 73.012851119483599, 8.278690457698588 ] ], [ [ 77.553938507855918, 8.076930403915085 ], [ 77.556039214438357, 8.078751802653684 ], [ 77.553445101110668, 8.078108310750011 ], [ 77.553938507855918, 8.076930403915085 ] ], [ [ 78.124624252007692, 8.638441443517891 ], [ 78.124644040690015, 8.64957392179916 ], [ 78.116994261675956, 8.656600951772532 ], [ 78.117461443291035, 8.641844511415158 ], [ 78.124624252007692, 8.638441443517891 ] ], [ [ 78.126525759656175, 8.64712250210188 ], [ 78.127724766385001, 8.643368244449036 ], [ 78.127500533922642, 8.647515058872884 ], [ 78.126525759656175, 8.64712250210188 ] ], [ [ 78.212169051560608, 8.838602423563074 ], [ 78.21026062992425, 8.835546851006413 ], [ 78.2127839324327, 8.836599350079993 ], [ 78.212169051560608, 8.838602423563074 ] ], [ [ 78.22641265352118, 8.872029423619097 ], [ 78.223108053294112, 8.872487544564635 ], [ 78.226884961271963, 8.867196559573699 ], [ 78.22641265352118, 8.872029423619097 ] ], [ [ 78.255385280006834, 8.955329537328325 ], [ 78.252065062153036, 8.953165054423778 ], [ 78.25453686678307, 8.952892541857395 ], [ 78.255385280006834, 8.955329537328325 ] ], [ [ 78.495176315035081, 9.090590953609706 ], [ 78.48810791984468, 9.090145349428411 ], [ 78.493196248907822, 9.085764766131149 ], [ 78.495176315035081, 9.090590953609706 ] ], [ [ 78.58630657219058, 9.109225035007427 ], [ 78.577007651482091, 9.110685945000412 ], [ 78.571910261749309, 9.102339744483743 ], [ 78.58630657219058, 9.109225035007427 ] ], [ [ 78.538029074382422, 9.102978229861463 ], [ 78.534965753266903, 9.10287511359563 ], [ 78.534937501064888, 9.102483153075141 ], [ 78.538029074382422, 9.102978229861463 ] ], [ [ 78.69612407686472, 9.151046633495469 ], [ 78.694991946421197, 9.155249356972348 ], [ 78.692986249615757, 9.151604056681933 ], [ 78.69612407686472, 9.151046633495469 ] ], [ [ 78.729203104939444, 9.152183771363966 ], [ 78.732041359021622, 9.15535390405951 ], [ 78.730104923503546, 9.156296253269559 ], [ 78.729203104939444, 9.152183771363966 ] ], [ [ 78.814939617869101, 9.158193826384021 ], [ 78.828699946645344, 9.165833234416326 ], [ 78.828104376915547, 9.171223402038436 ], [ 78.814939617869101, 9.158193826384021 ] ], [ [ 79.43960762019563, 9.158230543005232 ], [ 79.326020956102326, 9.261819720004155 ], [ 79.314869046169662, 9.281884312511096 ], [ 79.335204124171156, 9.310961246864096 ], [ 79.321129440971077, 9.32474541666771 ], [ 79.310846328295582, 9.328332543412245 ], [ 79.289629459631925, 9.319694877116959 ], [ 79.267350434974702, 9.29347670048945 ], [ 79.220809101758647, 9.291831255008503 ], [ 79.205360531463469, 9.280184149578886 ], [ 79.205803036580988, 9.272848724988734 ], [ 79.221233844366481, 9.267144918803055 ], [ 79.216245651215871, 9.252465606102916 ], [ 79.24768114127167, 9.259963631716289 ], [ 79.298953055938938, 9.246436357751762 ], [ 79.43960762019563, 9.158230543005232 ] ], [ [ 78.899034500242095, 9.179097771445086 ], [ 78.931214332175756, 9.181432246900783 ], [ 78.941041946328795, 9.185239910793328 ], [ 78.905183434867666, 9.183230638283362 ], [ 78.899034500242095, 9.179097771445086 ] ], [ [ 78.965439557889425, 9.188443303116017 ], [ 78.970837354460485, 9.185848116897205 ], [ 78.966957569436346, 9.189199328086559 ], [ 78.965439557889425, 9.188443303116017 ] ], [ [ 79.090934276495744, 9.200024127611485 ], [ 79.086428880788304, 9.193721175092193 ], [ 79.069234251559493, 9.20812225373912 ], [ 79.058429360326755, 9.197095155317186 ], [ 79.086594343454266, 9.191741347285429 ], [ 79.090934276495744, 9.200024127611485 ] ], [ [ 79.139547348231559, 9.212107300811354 ], [ 79.138934612242593, 9.213855862558034 ], [ 79.138677835114066, 9.213376522108845 ], [ 79.139547348231559, 9.212107300811354 ] ], [ [ 79.135784864479916, 9.214878440287904 ], [ 79.124616980789114, 9.217942238043946 ], [ 79.121125460072022, 9.2160489555949 ], [ 79.1299420590789, 9.212963223374132 ], [ 79.135784864479916, 9.214878440287904 ] ], [ [ 79.20130872681645, 9.240292429651973 ], [ 79.198355317244165, 9.233603835248843 ], [ 79.180814028144965, 9.243939161663093 ], [ 79.184268832240917, 9.248545527853892 ], [ 79.17878031745775, 9.243932128065296 ], [ 79.198371648932522, 9.232491255167346 ], [ 79.20130872681645, 9.240292429651973 ] ], [ [ 79.218985557237744, 9.250836968051658 ], [ 79.201010227440207, 9.241143941939413 ], [ 79.222453355638009, 9.247633814948628 ], [ 79.218985557237744, 9.250836968051658 ] ], [ [ 79.231354236408919, 9.243814945503431 ], [ 79.238349675896956, 9.244005441697794 ], [ 79.231684446779894, 9.244496822270648 ], [ 79.231354236408919, 9.243814945503431 ] ], [ [ 79.844356655835071, 10.826477408105944 ], [ 79.840186953665039, 10.823843955734048 ], [ 79.845428705270621, 10.82565462556056 ], [ 79.844356655835071, 10.826477408105944 ] ], [ [ 80.211835026765215, 15.49953460683669 ], [ 80.209394216370157, 15.49954557406906 ], [ 80.211695551808276, 15.499222158975513 ], [ 80.211835026765215, 15.49953460683669 ] ], [ [ 80.835927844294673, 15.711731910799074 ], [ 80.925987005296093, 15.723746418962094 ], [ 80.895077347941395, 15.750931978328225 ], [ 80.872371554503758, 15.784988164772045 ], [ 80.862762451326233, 15.823778868100348 ], [ 80.83448016602685, 15.739764451668194 ], [ 80.835927844294673, 15.711731910799074 ] ], [ [ 80.830766200699742, 15.737194180267238 ], [ 80.803210854497507, 15.743926167858433 ], [ 80.782450675958074, 15.792279243792123 ], [ 80.797510742726757, 15.743798255485203 ], [ 80.824922799947416, 15.711964249750437 ], [ 80.830766200699742, 15.737194180267238 ] ], [ [ 80.893436551055999, 15.768721341816558 ], [ 80.93927705249402, 15.718378663344765 ], [ 80.97792446594147, 15.750152468461707 ], [ 80.977286338493883, 15.741988658549801 ], [ 80.954471468983201, 15.728016733685351 ], [ 81.006348848620604, 15.757906556242645 ], [ 80.969048023347653, 15.782423377436999 ], [ 80.95684480684244, 15.798249841057427 ], [ 80.900694847089625, 15.827383756455276 ], [ 80.883726358684584, 15.848832010788755 ], [ 80.872625827919791, 15.837432265686559 ], [ 80.86868011989165, 15.813372730866931 ], [ 80.893436551055999, 15.768721341816558 ] ], [ [ 80.878559231923106, 15.849280357002954 ], [ 80.889221310814861, 15.857328533884782 ], [ 80.888381838650986, 15.863644004067595 ], [ 80.878559231923106, 15.849280357002954 ] ], [ [ 80.967020035046716, 15.795392632863752 ], [ 80.969284653863809, 15.795013308717259 ], [ 80.964783310501474, 15.797813653677267 ], [ 80.967020035046716, 15.795392632863752 ] ], [ [ 80.974401831379481, 15.780746936821771 ], [ 80.974171042859354, 15.781749724969856 ], [ 80.972053051307427, 15.782214880412454 ], [ 80.974401831379481, 15.780746936821771 ] ], [ [ 81.029613852197684, 15.764945745050213 ], [ 81.020618677510043, 15.758254408614164 ], [ 81.020587563665146, 15.757638454850891 ], [ 81.023969530769278, 15.757997154844858 ], [ 81.029613852197684, 15.764945745050213 ] ], [ [ 80.891210318001896, 15.766003012329193 ], [ 80.890386700885614, 15.765206455813328 ], [ 80.892786145164536, 15.763384461723589 ], [ 80.891210318001896, 15.766003012329193 ] ], [ [ 80.883672714124572, 15.779161334028444 ], [ 80.878894209600247, 15.782232642022862 ], [ 80.883021116631397, 15.777773857277793 ], [ 80.883672714124572, 15.779161334028444 ] ], [ [ 81.718962668992077, 16.310489654473997 ], [ 81.863165617199542, 16.377760648635103 ], [ 81.947857379614533, 16.397876620309816 ], [ 81.959975242363697, 16.440149903295492 ], [ 81.956547140937943, 16.473613143331946 ], [ 81.965241074216323, 16.513532400499969 ], [ 81.942621946645687, 16.541759014167269 ], [ 81.936275958868492, 16.561902761403374 ], [ 81.919019818709813, 16.562029599986133 ], [ 81.92218053370479, 16.530580878204987 ], [ 81.910570144896298, 16.523437500240561 ], [ 81.889355779045985, 16.541993022260257 ], [ 81.891736865464139, 16.572111964195869 ], [ 81.872429967069451, 16.591506838769703 ], [ 81.872390746735704, 16.555617332174194 ], [ 81.853562713048831, 16.517036557591126 ], [ 81.853899001937549, 16.487941145767294 ], [ 81.795249700313519, 16.464962601443005 ], [ 81.755682945011955, 16.414628266881039 ], [ 81.733628630357174, 16.419672369983971 ], [ 81.720859527145564, 16.441031336926727 ], [ 81.712242722423838, 16.440648317465957 ], [ 81.706220627280203, 16.411388516766721 ], [ 81.726711868957722, 16.371053933792069 ], [ 81.727927446594464, 16.352688550935895 ], [ 81.718962668992077, 16.310489654473997 ] ], [ [ 81.816341042505115, 16.475725650818219 ], [ 81.801349759483941, 16.474129080792522 ], [ 81.799530148597597, 16.471406579350273 ], [ 81.816341042505115, 16.475725650818219 ] ], [ [ 81.843941211817622, 16.489899873680315 ], [ 81.821452856464163, 16.487656236046504 ], [ 81.813029050750202, 16.481173753665928 ], [ 81.834098935117851, 16.480962752928775 ], [ 81.843941211817622, 16.489899873680315 ] ], [ [ 81.853056669030053, 16.534560442110774 ], [ 81.846619129369429, 16.52838647395663 ], [ 81.85015463862581, 16.519130945536773 ], [ 81.852965712497706, 16.52194511847253 ], [ 81.853056669030053, 16.534560442110774 ] ], [ [ 81.870669841839884, 16.558033824001811 ], [ 81.864366054749695, 16.602805137647053 ], [ 81.858366251101671, 16.542708158654634 ], [ 81.870669841839884, 16.558033824001811 ] ], [ [ 81.871826767491456, 16.602537870826211 ], [ 81.874360680201306, 16.614284157987541 ], [ 81.873884201394873, 16.596500635595973 ], [ 81.893329143924944, 16.5785932540755 ], [ 81.901110649337085, 16.534905075808624 ], [ 81.916187047794125, 16.529854774578254 ], [ 81.921242118129413, 16.539125561795274 ], [ 81.912651300217448, 16.564198136135175 ], [ 81.921192646423577, 16.569475412760198 ], [ 81.932400345799437, 16.56745791415149 ], [ 81.973994374440878, 16.513475060625609 ], [ 81.955803752341325, 16.415088057867649 ], [ 81.960437059522775, 16.403874158565628 ], [ 82.020815968782102, 16.431379318101108 ], [ 82.112474560552556, 16.48798704176869 ], [ 82.310865640636933, 16.570189714583762 ], [ 82.306244730609961, 16.574467659155232 ], [ 82.306925773705558, 16.568979144372037 ], [ 82.278848648046818, 16.560029745176635 ], [ 82.267951846100942, 16.564098119832465 ], [ 82.289161801675931, 16.570751905076406 ], [ 82.29959952849552, 16.591450333466241 ], [ 82.293758153915832, 16.602608442425705 ], [ 82.265624999594223, 16.594586968214088 ], [ 82.292344212815266, 16.60825824702053 ], [ 82.28141856151754, 16.632128477247448 ], [ 82.265624999594223, 16.642299055956727 ], [ 82.246250152922272, 16.644879817949274 ], [ 82.236751437029255, 16.635676026627394 ], [ 82.226866245580908, 16.641045808417459 ], [ 82.20694923362035, 16.61694860459454 ], [ 82.19812715054772, 16.612459063934679 ], [ 82.192229032344102, 16.602176546610409 ], [ 82.188078642215572, 16.60145604575996 ], [ 82.162663459451181, 16.60985851325988 ], [ 82.155936956825173, 16.617048502186691 ], [ 82.156178832187408, 16.6203031540674 ], [ 82.163981557103199, 16.625543356141009 ], [ 82.159034132919061, 16.637901068079913 ], [ 82.157440423636757, 16.651860356570282 ], [ 82.161070108099153, 16.668781042411283 ], [ 82.141680836301617, 16.684140920667062 ], [ 82.118533373216763, 16.688992142573383 ], [ 82.105730652447818, 16.674995660821125 ], [ 82.087659954943121, 16.664928078767858 ], [ 82.079354047651321, 16.662697314929233 ], [ 82.050287723499736, 16.670626163466693 ], [ 82.036466002504113, 16.684237003335113 ], [ 81.998606324122619, 16.69084823176054 ], [ 81.976422310141544, 16.703320026298272 ], [ 81.95439684393935, 16.701544523560997 ], [ 81.951477765986141, 16.691704154323318 ], [ 81.93947815869015, 16.712395549115357 ], [ 81.940380811825122, 16.703507423428889 ], [ 81.929267644686064, 16.70972931375691 ], [ 81.924048543405576, 16.724706530482052 ], [ 81.857651710957811, 16.762654542972882 ], [ 81.847175955406186, 16.773526549710525 ], [ 81.843257546298815, 16.785994648933993 ], [ 81.823213458334493, 16.794029354870915 ], [ 81.815958142654182, 16.815441846763918 ], [ 81.765422463376098, 16.884932756241753 ], [ 81.753255605561804, 16.945825576788977 ], [ 81.740696549806074, 16.90537297758091 ], [ 81.770144342987152, 16.84382891657134 ], [ 81.760431646903129, 16.787946939499733 ], [ 81.788488030598188, 16.763041377357766 ], [ 81.800323248119497, 16.737989544981573 ], [ 81.802637934892942, 16.697375178421808 ], [ 81.841314315503297, 16.677714943589862 ], [ 81.84511995322336, 16.654723167540254 ], [ 81.863119721198331, 16.640445948022148 ], [ 81.852624654504297, 16.63748741141498 ], [ 81.871826767491456, 16.602537870826211 ] ], [ [ 81.836699962433414, 16.664875745419366 ], [ 81.821138262820597, 16.679721236645818 ], [ 81.822582841125296, 16.673856616389813 ], [ 81.836699962433414, 16.664875745419366 ] ], [ [ 81.751925110755366, 16.803751230335138 ], [ 81.749571799898803, 16.795547128097581 ], [ 81.755203724172674, 16.786999940794672 ], [ 81.758468747035153, 16.799803733555549 ], [ 81.751925110755366, 16.803751230335138 ] ], [ [ 81.758765220238814, 16.80757582216647 ], [ 81.75532901322353, 16.807325124454991 ], [ 81.758258104228133, 16.805605054130055 ], [ 81.758765220238814, 16.80757582216647 ] ], [ [ 81.735220551787137, 16.916733145318446 ], [ 81.729969024550854, 16.915564656184017 ], [ 81.731808662439988, 16.910155534450382 ], [ 81.735220551787137, 16.916733145318446 ] ], [ [ 81.746269822094717, 16.947134375451128 ], [ 81.741227864774288, 16.942901849340913 ], [ 81.741525173448139, 16.92918944363791 ], [ 81.744956255227095, 16.933464049926044 ], [ 81.746269822094717, 16.947134375451128 ] ], [ [ 81.733453512569696, 16.938776850671161 ], [ 81.731799840990021, 16.940714955331032 ], [ 81.733134627361125, 16.93863832989507 ], [ 81.733453512569696, 16.938776850671161 ] ], [ [ 81.74710845968778, 16.949100613602454 ], [ 81.751616001177609, 16.949027657900174 ], [ 81.749539852382355, 16.957350850161717 ], [ 81.74710845968778, 16.949100613602454 ] ], [ [ 81.74549210097976, 16.951999306622739 ], [ 81.747945070208829, 16.960887908949886 ], [ 81.750264168156974, 16.967083454537828 ], [ 81.747068404783221, 16.96341085442748 ], [ 81.74549210097976, 16.951999306622739 ] ], [ [ 81.751154422338828, 16.956221580461644 ], [ 81.763318657729968, 16.969498753864499 ], [ 81.756742716003629, 16.995278835649827 ], [ 81.757736802311655, 16.981518148943451 ], [ 81.751154422338828, 16.956221580461644 ] ], [ [ 81.751324057859136, 16.993807435065165 ], [ 81.747396826402479, 16.992129326207518 ], [ 81.748029827714532, 16.986912011879923 ], [ 81.751324057859136, 16.993807435065165 ] ], [ [ 81.776056050846222, 16.971997619094964 ], [ 81.776685953094358, 16.984603643743284 ], [ 81.773776531162099, 16.98763740054568 ], [ 81.773001909110889, 16.977838754454993 ], [ 81.776056050846222, 16.971997619094964 ] ], [ [ 81.76557540927783, 16.958468914309023 ], [ 81.763555646176229, 16.934838652881595 ], [ 81.766796230861388, 16.932677030720427 ], [ 81.772600412179344, 16.941752552638306 ], [ 81.76557540927783, 16.958468914309023 ] ], [ [ 81.763276814973125, 16.943031072925734 ], [ 81.75974035243533, 16.942923545485272 ], [ 81.761674165530479, 16.939353346679695 ], [ 81.763276814973125, 16.943031072925734 ] ], [ [ 81.764446735828272, 16.952399850272897 ], [ 81.762562751469972, 16.950633168086298 ], [ 81.76340925723153, 16.949520349684519 ], [ 81.764446735828272, 16.952399850272897 ] ], [ [ 81.796105504165752, 16.863851308391247 ], [ 81.775951028017658, 16.897717833211487 ], [ 81.785778045920182, 16.906222104866288 ], [ 81.781243324220185, 16.923879146605415 ], [ 81.768978476275805, 16.906079769166084 ], [ 81.796105504165752, 16.863851308391247 ] ], [ [ 81.786963462993498, 16.889648437725285 ], [ 81.789759635998422, 16.887937069240394 ], [ 81.787684440484696, 16.890705347074203 ], [ 81.786963462993498, 16.889648437725285 ] ], [ [ 81.794362068554761, 16.878295421396643 ], [ 81.801740407893561, 16.858848452693977 ], [ 81.805063247271079, 16.86771714672895 ], [ 81.794362068554761, 16.878295421396643 ] ], [ [ 81.82165086289703, 16.824920058114273 ], [ 81.823469519602696, 16.822875380194773 ], [ 81.820855855913038, 16.831236123648239 ], [ 81.82165086289703, 16.824920058114273 ] ], [ [ 81.829921603099507, 16.810109376946215 ], [ 81.832294106387991, 16.813002109259983 ], [ 81.831020355205311, 16.814068674629695 ], [ 81.829921603099507, 16.810109376946215 ] ], [ [ 81.879224538481793, 16.756365180109043 ], [ 81.885775804609779, 16.759837150464179 ], [ 81.873197555522864, 16.760433673475333 ], [ 81.84994351827882, 16.775436401268934 ], [ 81.879224538481793, 16.756365180109043 ] ], [ [ 81.871623754532806, 16.76576602458249 ], [ 81.872537016969858, 16.767279624954824 ], [ 81.869606613854245, 16.767349958234021 ], [ 81.871623754532806, 16.76576602458249 ] ], [ [ 81.908900856589327, 16.741721153208701 ], [ 81.885269761490378, 16.754040956924641 ], [ 81.890958905129509, 16.748427271801219 ], [ 81.908900856589327, 16.741721153208701 ] ], [ [ 82.003090739546138, 16.721138357849043 ], [ 82.012777924561732, 16.711920380621109 ], [ 82.020637154780871, 16.710616350164514 ], [ 82.003090739546138, 16.721138357849043 ] ], [ [ 81.979792713762805, 16.711450934513081 ], [ 81.961961150486815, 16.711552858277884 ], [ 81.945198417073385, 16.717477440831246 ], [ 81.953265548066639, 16.704414725159523 ], [ 81.971810341174461, 16.703814268513781 ], [ 81.979792713762805, 16.711450934513081 ] ], [ [ 81.983715057404055, 16.708990335435701 ], [ 82.000461817059346, 16.69785153851771 ], [ 81.998232602752495, 16.692059040292548 ], [ 82.015680551216548, 16.690147042052374 ], [ 81.983715057404055, 16.708990335435701 ] ], [ [ 82.033559917955955, 16.686604022557603 ], [ 82.045509934835678, 16.677608132009752 ], [ 82.037719250043523, 16.690944552748959 ], [ 82.019302248799846, 16.699984908476807 ], [ 82.016470551674701, 16.692389846014649 ], [ 82.007422447388166, 16.704370021659244 ], [ 81.991708755154974, 16.710028052352811 ], [ 82.016724943801165, 16.690051317314541 ], [ 82.033559917955955, 16.686604022557603 ] ], [ [ 82.076134443250083, 16.682618379234853 ], [ 82.047992945018535, 16.674532055809763 ], [ 82.082429647210603, 16.664196014434623 ], [ 82.104517341102536, 16.675252676270048 ], [ 82.116243243331127, 16.693153500833418 ], [ 82.142322659063581, 16.688102125812563 ], [ 82.156468153082898, 16.708039521806541 ], [ 82.175935148788113, 16.711212873175597 ], [ 82.158624052857903, 16.714620232637728 ], [ 82.133558154185636, 16.70291614526397 ], [ 82.112313747381592, 16.708416461850334 ], [ 82.105401157937109, 16.698313832317581 ], [ 82.079466223687319, 16.694273352833079 ], [ 82.076134443250083, 16.682618379234853 ] ], [ [ 82.099851369645052, 16.708447337374793 ], [ 82.090728760124279, 16.706595301432046 ], [ 82.086053848506396, 16.702655076570636 ], [ 82.092408776444046, 16.700876474769515 ], [ 82.099851369645052, 16.708447337374793 ] ], [ [ 82.085474014214441, 16.705806731795349 ], [ 82.083318352759846, 16.709105968465792 ], [ 82.083771347569694, 16.706850051488743 ], [ 82.085474014214441, 16.705806731795349 ] ], [ [ 82.085117578713408, 16.714346408859768 ], [ 82.092148900251658, 16.711869954734709 ], [ 82.091503858816196, 16.718387246274489 ], [ 82.085117578713408, 16.714346408859768 ] ], [ [ 82.124083161508707, 16.710577607370752 ], [ 82.132884740938067, 16.710981250084672 ], [ 82.136557936399726, 16.71468424817958 ], [ 82.12859904780791, 16.717670679058699 ], [ 82.124083161508707, 16.710577607370752 ] ], [ [ 82.13535606892745, 16.716631531320175 ], [ 82.137491465059185, 16.718986749638859 ], [ 82.134235620677515, 16.718415618086325 ], [ 82.13535606892745, 16.716631531320175 ] ], [ [ 82.175557851713648, 16.716087341657598 ], [ 82.190102815592553, 16.713264346372512 ], [ 82.197442055106904, 16.715763568633918 ], [ 82.176300048708441, 16.721831202747921 ], [ 82.175557851713648, 16.716087341657598 ] ], [ [ 82.214905142758226, 16.720715046062622 ], [ 82.217658519725006, 16.716091513612568 ], [ 82.2216073277161, 16.717656254832363 ], [ 82.214905142758226, 16.720715046062622 ] ], [ [ 82.22781693960016, 16.71610951444255 ], [ 82.233510971054585, 16.716212153168414 ], [ 82.223356604423856, 16.720309972527275 ], [ 82.22781693960016, 16.71610951444255 ] ], [ [ 82.197322249222594, 16.710379361718225 ], [ 82.185605645084564, 16.703690052354119 ], [ 82.170120954418593, 16.707364440316724 ], [ 82.1592104432074, 16.69534266023561 ], [ 82.142450213506692, 16.685049414898643 ], [ 82.162992000680418, 16.669353008534642 ], [ 82.159183621826827, 16.652072429299253 ], [ 82.166608810448366, 16.627577066828238 ], [ 82.157412648075336, 16.616710543257057 ], [ 82.191267252381948, 16.602678537384691 ], [ 82.1971551183141, 16.614212155566634 ], [ 82.223919868707043, 16.641162157307804 ], [ 82.231984734308099, 16.64378082752323 ], [ 82.237235665293753, 16.636750102235496 ], [ 82.242656350510259, 16.645539403220923 ], [ 82.258765339748635, 16.643483161818523 ], [ 82.253968954004137, 16.656562209178688 ], [ 82.26146185438111, 16.668054342533949 ], [ 82.24739015063497, 16.705530047273925 ], [ 82.197322249222594, 16.710379361718225 ] ], [ [ 82.310310959483303, 16.701142907019545 ], [ 82.257942080562628, 16.701593756946366 ], [ 82.26591587092085, 16.671456456250553 ], [ 82.255805611539898, 16.655573129396444 ], [ 82.267541169789268, 16.643332242988649 ], [ 82.283944725668647, 16.642413019845094 ], [ 82.297380447749589, 16.612918019451115 ], [ 82.311075330162481, 16.602469920750323 ], [ 82.319496035913488, 16.620435476715983 ], [ 82.310379147879388, 16.639889479016347 ], [ 82.309668541370201, 16.650774240838615 ], [ 82.314546227626437, 16.647477746201091 ], [ 82.312528968237444, 16.638473510843937 ], [ 82.318559646510579, 16.628757834406613 ], [ 82.326756358119582, 16.668163061576067 ], [ 82.364442229025741, 16.714286566172163 ], [ 82.368116736598182, 16.723721503944375 ], [ 82.364557743345273, 16.726776719470109 ], [ 82.357956052230151, 16.727213263881126 ], [ 82.364858866043875, 16.721390366772098 ], [ 82.358790159038762, 16.712156414886664 ], [ 82.340084433150167, 16.718176007217039 ], [ 82.353019713988687, 16.706941723881528 ], [ 82.336949348833485, 16.691183447757979 ], [ 82.335205316971866, 16.698472380995582 ], [ 82.344784140875532, 16.704834461241418 ], [ 82.331854939453962, 16.724700451065075 ], [ 82.310310959483303, 16.701142907019545 ] ], [ [ 82.307445168160115, 16.713289141580717 ], [ 82.302218913672078, 16.714237571107091 ], [ 82.30045294734569, 16.711461901745452 ], [ 82.307445168160115, 16.713289141580717 ] ], [ [ 82.314605117032585, 16.725974917208717 ], [ 82.309361576675457, 16.720345735867042 ], [ 82.310073852326553, 16.719020962547461 ], [ 82.31407105913209, 16.719722867216603 ], [ 82.314605117032585, 16.725974917208717 ] ], [ [ 82.263520240666622, 16.673938631862455 ], [ 82.260829448420367, 16.675859570263057 ], [ 82.262057900751671, 16.66982412378438 ], [ 82.263520240666622, 16.673938631862455 ] ], [ [ 82.161787748206081, 16.706166267259505 ], [ 82.154999971171748, 16.704127073405729 ], [ 82.151016354920927, 16.693586826570836 ], [ 82.157496452299455, 16.695927501053433 ], [ 82.161787748206081, 16.706166267259505 ] ], [ [ 82.181562661887455, 16.709247469595084 ], [ 82.177078247363369, 16.709455728299233 ], [ 82.181117534346839, 16.708027959223031 ], [ 82.181562661887455, 16.709247469595084 ] ], [ [ 82.097607612401504, 16.711441278492302 ], [ 82.093844652009153, 16.710826039689991 ], [ 82.096505761232009, 16.708525299603011 ], [ 82.097607612401504, 16.711441278492302 ] ], [ [ 81.989429950432026, 16.702909231276095 ], [ 81.985891461721707, 16.703633904081499 ], [ 81.985544324311235, 16.701308250075769 ], [ 81.989429950432026, 16.702909231276095 ] ], [ [ 81.988291144320925, 16.712259054511819 ], [ 81.988964915498599, 16.714539647087051 ], [ 81.983995556849578, 16.713119745280082 ], [ 81.988291144320925, 16.712259054511819 ] ], [ [ 82.315428256608897, 16.575721502045724 ], [ 82.316934108422373, 16.573897362173597 ], [ 82.317110538320691, 16.576374173329498 ], [ 82.315428256608897, 16.575721502045724 ] ], [ [ 81.960539102897343, 16.471309900431635 ], [ 81.959953427508793, 16.474048256921549 ], [ 81.960199832756103, 16.47099363764633 ], [ 81.960539102897343, 16.471309900431635 ] ], [ [ 81.965390205193927, 16.500861764059195 ], [ 81.961824655883191, 16.493139148053316 ], [ 81.962120652446259, 16.486108421866206 ], [ 81.967501401468525, 16.494856357634873 ], [ 81.965390205193927, 16.500861764059195 ] ], [ [ 81.968963742282909, 16.495394945420443 ], [ 81.971548557520038, 16.502992510695918 ], [ 81.968890547361042, 16.509246945690109 ], [ 81.9661978485519, 16.501297354289562 ], [ 81.968963742282909, 16.495394945420443 ] ], [ [ 81.957843064905632, 16.529995441136748 ], [ 81.952956915129647, 16.531586766316281 ], [ 81.957934975618713, 16.528859734089494 ], [ 81.957843064905632, 16.529995441136748 ] ], [ [ 81.947784065981949, 16.543462037842858 ], [ 81.944664477883435, 16.540611148285905 ], [ 81.950129151639175, 16.53591704333698 ], [ 81.947784065981949, 16.543462037842858 ] ], [ [ 81.924017429560848, 16.566828727763621 ], [ 81.921057701351998, 16.566549777850042 ], [ 81.920880078952649, 16.565673828284631 ], [ 81.924017429560848, 16.566828727763621 ] ], [ [ 81.914062500184372, 16.563058018812583 ], [ 81.915770053745035, 16.56070792662959 ], [ 81.918040156628052, 16.564973831077495 ], [ 81.914062500184372, 16.563058018812583 ] ], [ [ 81.895454526105624, 16.550533771316594 ], [ 81.891270041779109, 16.548778653512088 ], [ 81.892358541613561, 16.543312073193633 ], [ 81.895454526105624, 16.550533771316594 ] ], [ [ 83.172021746906097, 17.567001819178657 ], [ 83.170771241399819, 17.566629767849633 ], [ 83.17097520853909, 17.565876364402797 ], [ 83.172021746906097, 17.567001819178657 ] ], [ [ 83.311880707928452, 17.684654951364962 ], [ 83.298223972058821, 17.679165124470998 ], [ 83.304064750387994, 17.68051707710147 ], [ 83.311880707928452, 17.684654951364962 ] ], [ [ 83.3041497471132, 17.682352066394785 ], [ 83.302959442224591, 17.682873964561864 ], [ 83.30318510550822, 17.682551264429378 ], [ 83.3041497471132, 17.682352066394785 ] ], [ [ 85.052222251855511, 19.370833158623455 ], [ 85.049166560588361, 19.374166608202486 ], [ 85.04472208045965, 19.375555514875188 ], [ 85.050833344283518, 19.368055463089249 ], [ 85.058333158648367, 19.368610977914329 ], [ 85.052222251855511, 19.370833158623455 ] ], [ [ 85.048595547746373, 19.369102716417302 ], [ 85.048333644482142, 19.368218540753162 ], [ 85.048786878511663, 19.368361234383485 ], [ 85.048595547746373, 19.369102716417302 ] ], [ [ 85.054999947389803, 19.370555519921382 ], [ 85.05999994234358, 19.370277642898927 ], [ 85.052222251855511, 19.37305545804297 ], [ 85.054999947389803, 19.370555519921382 ] ], [ [ 86.24080240720545, 19.909789800259205 ], [ 86.236778617339354, 19.908353805983353 ], [ 86.237035751498894, 19.908030271280069 ], [ 86.24080240720545, 19.909789800259205 ] ], [ [ 86.372932553194886, 19.973154545046299 ], [ 86.364316701754461, 19.969436764794906 ], [ 86.371462821751919, 19.968167423887593 ], [ 86.372932553194886, 19.973154545046299 ] ], [ [ 86.412562609077298, 20.025793432820706 ], [ 86.409760475365744, 20.021536946073269 ], [ 86.409180879394086, 20.017699957087444 ], [ 86.41195237680077, 20.019439577774335 ], [ 86.412562609077298, 20.025793432820706 ] ], [ [ 86.426388740348131, 20.038611054456595 ], [ 86.42166662241678, 20.038333177434225 ], [ 86.420833349279718, 20.031944274908454 ], [ 86.426388740348131, 20.038611054456595 ] ], [ [ 86.437260747085844, 20.059275508258224 ], [ 86.432456136141894, 20.056732774098293 ], [ 86.432754755127945, 20.050920247971106 ], [ 86.434663653405011, 20.051438450823923 ], [ 86.437260747085844, 20.059275508258224 ] ], [ [ 86.555112362345682, 20.206281662169062 ], [ 86.553328037259149, 20.206416725951271 ], [ 86.552614212076293, 20.205269575030968 ], [ 86.555112362345682, 20.206281662169062 ] ], [ [ 86.793271064907771, 20.366225242700921 ], [ 86.791057348617841, 20.373208403744911 ], [ 86.79115545745853, 20.365650415834097 ], [ 86.793271064907771, 20.366225242700921 ] ], [ [ 86.803709506688477, 20.371411919824368 ], [ 86.814727544440785, 20.406469226173897 ], [ 86.802577257534409, 20.420421600676406 ], [ 86.806444406184511, 20.410612225673731 ], [ 86.800789713774378, 20.411133527590295 ], [ 86.799689054206539, 20.398787975384863 ], [ 86.803709506688477, 20.371411919824368 ] ], [ [ 86.792972802952619, 20.3839538093209 ], [ 86.793257951893082, 20.387631415957117 ], [ 86.791058301899199, 20.385507941238558 ], [ 86.792972802952619, 20.3839538093209 ] ], [ [ 86.791856169626641, 20.388761758548355 ], [ 86.795304775594985, 20.393365263995776 ], [ 86.791116118414237, 20.428731321993041 ], [ 86.787951946425295, 20.40541481963831 ], [ 86.791856169626641, 20.388761758548355 ] ], [ [ 86.796896338195467, 20.376533746834951 ], [ 86.791713952636911, 20.375350713864435 ], [ 86.796566605364632, 20.374616145818578 ], [ 86.796896338195467, 20.376533746834951 ] ], [ [ 86.803366542132352, 20.461982846331381 ], [ 86.801296353144295, 20.461579203617447 ], [ 86.802509903709137, 20.459497452045781 ], [ 86.803366542132352, 20.461982846331381 ] ], [ [ 86.804622172875128, 20.49174571069608 ], [ 86.800779461503083, 20.473352909309341 ], [ 86.804129242770472, 20.463925361266405 ], [ 86.809339642210801, 20.476698756042794 ], [ 86.804622172875128, 20.49174571069608 ] ], [ [ 86.792217969583731, 20.543918728966275 ], [ 86.884916067022885, 20.604365229471853 ], [ 86.884600400488154, 20.615987658403753 ], [ 86.887772918185789, 20.606216669163985 ], [ 87.044914126685711, 20.709932327714824 ], [ 86.999284148444787, 20.695283055069041 ], [ 86.987019420110272, 20.697944402612166 ], [ 87.005219340300386, 20.700303434955686 ], [ 86.93404316875737, 20.710788250277602 ], [ 86.902559041566604, 20.697773218459275 ], [ 86.871061444330309, 20.667606353450509 ], [ 86.845896244316265, 20.650977253897253 ], [ 86.840399146403655, 20.651988625174994 ], [ 86.826262355123646, 20.67333424078268 ], [ 86.80124735807911, 20.674617647986139 ], [ 86.796750665111205, 20.665007113987116 ], [ 86.805565357555253, 20.668753623980649 ], [ 86.811397314434629, 20.665713548541532 ], [ 86.816627144627176, 20.66001594048339 ], [ 86.822796940826237, 20.647731065536277 ], [ 86.822796106255367, 20.643575549272214 ], [ 86.820023417247029, 20.638782024271109 ], [ 86.815657854426462, 20.636583805098553 ], [ 86.794768452302293, 20.645302653194932 ], [ 86.784666419020112, 20.642949342338369 ], [ 86.772965908250086, 20.644832253805532 ], [ 86.764281630093222, 20.616935372069861 ], [ 86.713784456187824, 20.593610524905841 ], [ 86.710209250856309, 20.566406249748724 ], [ 86.732342243599675, 20.545765042522788 ], [ 86.729704856693928, 20.534780741038503 ], [ 86.738379955470663, 20.523792743340465 ], [ 86.747777223340307, 20.525256753296588 ], [ 86.755828976825939, 20.520445465785684 ], [ 86.763754845010197, 20.503306508188899 ], [ 86.772789240031528, 20.505991935979182 ], [ 86.792217969583731, 20.543918728966275 ] ], [ [ 86.753888845094224, 20.519166708077165 ], [ 86.742777824636931, 20.522222161024018 ], [ 86.754166722116594, 20.516944408657565 ], [ 86.753888845094224, 20.519166708077165 ] ], [ [ 86.736315846799044, 20.606247067148558 ], [ 86.737650633170261, 20.629008412608187 ], [ 86.740854740454012, 20.645775437586479 ], [ 86.731732130033862, 20.636809348772516 ], [ 86.728712559137449, 20.609899758966833 ], [ 86.736315846799044, 20.606247067148558 ] ], [ [ 86.749166607553065, 20.616388917014973 ], [ 86.745277643148853, 20.628055453196708 ], [ 86.743055462439742, 20.630277752616223 ], [ 86.741944431890118, 20.623333335265272 ], [ 86.749166607553065, 20.616388917014973 ] ], [ [ 86.77414524590651, 20.648386359243148 ], [ 86.794445753069084, 20.646139145005606 ], [ 86.805629849737869, 20.645298957880669 ], [ 86.818847656194492, 20.638772844890923 ], [ 86.813368559111808, 20.662091850958177 ], [ 86.806301951773747, 20.667081236609846 ], [ 86.797691703109734, 20.663399934659367 ], [ 86.795488476512134, 20.665388465205638 ], [ 86.796651005839323, 20.672301530391366 ], [ 86.803644419154722, 20.676588773952858 ], [ 86.817231417096224, 20.676867842576968 ], [ 86.829885840559172, 20.672588228863788 ], [ 86.841763734508817, 20.652382611868148 ], [ 86.859039425928898, 20.661654233656066 ], [ 86.855800151555826, 20.66569447482027 ], [ 86.856274127548915, 20.66994011394516 ], [ 86.863784432505696, 20.678172349674242 ], [ 86.856088757490255, 20.682176470467766 ], [ 86.856231809050797, 20.686013340743216 ], [ 86.883724212602459, 20.706908345643683 ], [ 86.875636100425851, 20.718284845069633 ], [ 86.878141403003411, 20.732716917951478 ], [ 86.877083778693503, 20.716380954217726 ], [ 86.884932518321165, 20.707227468273146 ], [ 86.857095956813026, 20.684059858575722 ], [ 86.865103721759368, 20.678710937459897 ], [ 86.858639359818625, 20.664788127270356 ], [ 86.893843173823512, 20.695823550316618 ], [ 86.931375741797154, 20.715613722795155 ], [ 86.995846748029095, 20.709869742094924 ], [ 87.00695180867919, 20.742187500352884 ], [ 86.99467635143256, 20.76855373416754 ], [ 86.844119429468122, 20.771293043938897 ], [ 86.830281853424964, 20.759875058786974 ], [ 86.801643610164575, 20.682871579859579 ], [ 86.77414524590651, 20.648386359243148 ] ], [ [ 86.798333167941479, 20.70055544387867 ], [ 86.789722204316405, 20.682777642973946 ], [ 86.789670348507883, 20.67493534069348 ], [ 86.797633170734258, 20.68922710404766 ], [ 86.798333167941479, 20.70055544387867 ] ], [ [ 86.865106344182465, 20.778162359805094 ], [ 86.868312358928307, 20.779549241204592 ], [ 86.86393773543827, 20.780416369320022 ], [ 86.865106344182465, 20.778162359805094 ] ], [ [ 86.86520397638256, 20.782754421379451 ], [ 86.879772424258107, 20.773450016604983 ], [ 86.951526522631042, 20.774700641721267 ], [ 86.881330251490027, 20.788485765705616 ], [ 86.86520397638256, 20.782754421379451 ] ], [ [ 86.943952203031898, 20.784094810527137 ], [ 86.945142746240805, 20.786615252292108 ], [ 86.943604111440692, 20.785088420194484 ], [ 86.943952203031898, 20.784094810527137 ] ], [ [ 86.983221650558875, 20.782420873624432 ], [ 86.98666477246141, 20.778961420033568 ], [ 86.987452029987338, 20.780359149055499 ], [ 86.983221650558875, 20.782420873624432 ] ], [ [ 86.877141237278437, 20.774616002926251 ], [ 86.874525069876228, 20.77410078042675 ], [ 86.877420544222758, 20.772925257694538 ], [ 86.877141237278437, 20.774616002926251 ] ], [ [ 87.08409035228803, 20.764229774884285 ], [ 87.078944205810473, 20.758194923756747 ], [ 87.07237863506603, 20.754022956194575 ], [ 87.093892574083185, 20.752948522656254 ], [ 87.08409035228803, 20.764229774884285 ] ], [ [ 87.072001814632102, 20.748813867965737 ], [ 87.067971349098599, 20.736806630821434 ], [ 87.069777011499951, 20.73507881193774 ], [ 87.072001814632102, 20.748813867965737 ] ], [ [ 87.057623624630736, 20.743989110409245 ], [ 87.049187541372106, 20.744119048055666 ], [ 87.049052834620653, 20.743721962298764 ], [ 87.057623624630736, 20.743989110409245 ] ], [ [ 87.015680432406185, 20.722077846415544 ], [ 87.002531528407332, 20.708615064633619 ], [ 87.015550851790437, 20.711626053299767 ], [ 87.015680432406185, 20.722077846415544 ] ], [ [ 87.008995055777262, 20.720175743415894 ], [ 87.004802942501811, 20.715548753971859 ], [ 87.002355575149835, 20.710411668164028 ], [ 87.006036877999605, 20.713421344719364 ], [ 87.008995055777262, 20.720175743415894 ] ], [ [ 86.873333335065496, 20.675555467311085 ], [ 86.878333330019217, 20.67777764802014 ], [ 86.878333330019217, 20.679444432614474 ], [ 86.873333335065496, 20.675555467311085 ] ], [ [ 87.002500057531648, 20.832222223177126 ], [ 87.004578352109405, 20.812267542213419 ], [ 87.016509652298652, 20.797697305586269 ], [ 87.019151449479949, 20.821526050986506 ], [ 87.002500057531648, 20.832222223177126 ] ], [ [ 88.532403349834823, 21.543621539702372 ], [ 88.532232522712803, 21.580578804168539 ], [ 88.492923617431046, 21.597889900098863 ], [ 88.481758474873885, 21.554501056678504 ], [ 88.503789425141946, 21.54454481609045 ], [ 88.509795308206975, 21.558449864669569 ], [ 88.504002332441843, 21.560852765942485 ], [ 88.503006458281476, 21.565030217570552 ], [ 88.511545062454701, 21.557643055882323 ], [ 88.50553703270802, 21.542030930383191 ], [ 88.515703677782625, 21.539692759613217 ], [ 88.532403349834823, 21.543621539702372 ] ], [ [ 88.269174457035632, 21.557832717505988 ], [ 88.305846809982341, 21.580207943541893 ], [ 88.286443233568463, 21.603522658044284 ], [ 88.294007540115928, 21.648671150053616 ], [ 88.311473011870106, 21.672243476255431 ], [ 88.276407718641309, 21.725834130940456 ], [ 88.262606144258228, 21.729380011178677 ], [ 88.261480211942313, 21.73220610642673 ], [ 88.271480321459677, 21.754583954885703 ], [ 88.217547655500056, 21.762164353901937 ], [ 88.210995912731306, 21.724604248687172 ], [ 88.220968008366953, 21.701442956727192 ], [ 88.197836756461214, 21.688561558769038 ], [ 88.205107808478687, 21.675252556560281 ], [ 88.232860446152785, 21.669261455651736 ], [ 88.237005829755304, 21.644421220263212 ], [ 88.216444134289389, 21.616370677664747 ], [ 88.2426849603427, 21.596642255335894 ], [ 88.240721344614457, 21.572984934207426 ], [ 88.247806310712775, 21.564447522535232 ], [ 88.269174457035632, 21.557832717505988 ] ], [ [ 88.178109168703287, 21.600592136218182 ], [ 88.167941332026913, 21.5918010473805 ], [ 88.173631548557267, 21.568495750578506 ], [ 88.186973929103686, 21.559955358552997 ], [ 88.188767075640186, 21.581496238560646 ], [ 88.178109168703287, 21.600592136218182 ] ], [ [ 88.015766740143107, 21.581558227929918 ], [ 88.017066240714456, 21.571856141148032 ], [ 88.020770550021012, 21.566956758747551 ], [ 88.021137834043969, 21.571387052970238 ], [ 88.015766740143107, 21.581558227929918 ] ], [ [ 88.226161241548112, 21.670469045510174 ], [ 88.205964565612277, 21.671712040778118 ], [ 88.195562959163311, 21.682240963349898 ], [ 88.198477149301112, 21.694419503357466 ], [ 88.216577053188558, 21.701027155179162 ], [ 88.203160047798036, 21.72180926818325 ], [ 88.188779354084062, 21.708566665619202 ], [ 88.181273579911903, 21.685678243256376 ], [ 88.194903373891663, 21.632152437784896 ], [ 88.211685776377607, 21.601894855463286 ], [ 88.21219944934515, 21.621793746983855 ], [ 88.231584549187716, 21.643599271389263 ], [ 88.226161241548112, 21.670469045510174 ] ], [ [ 88.089938164015138, 21.629240631749781 ], [ 88.141929269220526, 21.632465958537182 ], [ 88.154784559859564, 21.650144100170166 ], [ 88.155243516275362, 21.680887937828118 ], [ 88.143593907133123, 21.679306149059641 ], [ 88.15450835197899, 21.683871150033667 ], [ 88.170102357937509, 21.738480448813704 ], [ 88.163528800314026, 21.796875000381078 ], [ 88.164796948720294, 21.805312871491878 ], [ 88.172326564819201, 21.811599731542373 ], [ 88.134739875644783, 21.877470731289293 ], [ 88.073791265654535, 21.781762122723848 ], [ 88.06114053750585, 21.734276652445629 ], [ 88.044213652638035, 21.717749238336779 ], [ 88.036601543526473, 21.674302935432223 ], [ 88.041261434667518, 21.649364113662955 ], [ 88.056845664995507, 21.640471935631354 ], [ 88.089938164015138, 21.629240631749781 ] ], [ [ 88.185532450762111, 21.819268226347674 ], [ 88.181684851574772, 21.826294421750219 ], [ 88.178271532305502, 21.825508713756193 ], [ 88.178195834570232, 21.824051857007703 ], [ 88.185532450762111, 21.819268226347674 ] ], [ [ 88.167175769746081, 21.806742429319712 ], [ 88.170240640393303, 21.790674328657445 ], [ 88.171330928979302, 21.808012008547422 ], [ 88.167175769746081, 21.806742429319712 ] ], [ [ 88.178902864475759, 21.791604637743916 ], [ 88.185263753119813, 21.789154052617533 ], [ 88.180740833222927, 21.795601844549537 ], [ 88.178902864475759, 21.791604637743916 ] ], [ [ 88.193927168803867, 21.763031721236956 ], [ 88.202255368490484, 21.761353254449176 ], [ 88.199394107052484, 21.769358754003377 ], [ 88.193927168803867, 21.763031721236956 ] ], [ [ 88.195018052741005, 21.724395751662627 ], [ 88.199615955412156, 21.728105425425127 ], [ 88.20118594147803, 21.736667751915263 ], [ 88.19658565560357, 21.731466055214327 ], [ 88.195018052741005, 21.724395751662627 ] ], [ [ 88.277994156005633, 21.72800397830099 ], [ 88.299784659934261, 21.706371307190125 ], [ 88.30284845858958, 21.755581021546931 ], [ 88.289158940632689, 21.778503775528833 ], [ 88.277994156005633, 21.72800397830099 ] ], [ [ 88.281153559789033, 21.7694289685721 ], [ 88.28180444232126, 21.765839457724894 ], [ 88.282872200191974, 21.765431761766479 ], [ 88.281153559789033, 21.7694289685721 ] ], [ [ 88.28273475140773, 21.769665717798659 ], [ 88.285324334850344, 21.787822842849948 ], [ 88.263471603232034, 21.79254221874848 ], [ 88.273175119935985, 21.776667952563997 ], [ 88.28273475140773, 21.769665717798659 ] ], [ [ 88.293653249498021, 21.775774240488886 ], [ 88.299255371138628, 21.783579111187066 ], [ 88.309890747360129, 21.784162044542796 ], [ 88.310370444840174, 21.793912648849698 ], [ 88.29390573506177, 21.802573561720493 ], [ 88.311228156154499, 21.795059442739159 ], [ 88.311296224940889, 21.782912850247953 ], [ 88.298406839204318, 21.776715278487359 ], [ 88.309705734332198, 21.733589172002752 ], [ 88.30708014922962, 21.713918924119156 ], [ 88.332354426215915, 21.710409880111882 ], [ 88.345070957758622, 21.722590922932795 ], [ 88.340392470436285, 21.739890456279596 ], [ 88.343104004646165, 21.759863734323886 ], [ 88.356672525117091, 21.766801833937564 ], [ 88.378128409298796, 21.769236921946487 ], [ 88.38002204877867, 21.787931918923022 ], [ 88.360870361677854, 21.796384215159435 ], [ 88.351331353459244, 21.82193076639183 ], [ 88.351328849746693, 21.855155110520002 ], [ 88.314583658908901, 21.857118010387978 ], [ 88.315172552970949, 21.844175577241174 ], [ 88.305796503705693, 21.828534245359208 ], [ 88.262840151451911, 21.811091423030831 ], [ 88.262530326913208, 21.795191049527375 ], [ 88.284936666793868, 21.789849400329643 ], [ 88.293653249498021, 21.775774240488886 ] ], [ [ 88.382989763866561, 21.780048846776936 ], [ 88.402450323124043, 21.750980854383045 ], [ 88.403224230214192, 21.738381743722584 ], [ 88.413615346071452, 21.732003330889114 ], [ 88.422847747525651, 21.71993505945548 ], [ 88.420553207364748, 21.765690207137453 ], [ 88.442649841417193, 21.799638152079183 ], [ 88.430747747610525, 21.798861145925173 ], [ 88.425364017335681, 21.810167431681691 ], [ 88.417490362890106, 21.809056043201878 ], [ 88.382989763866561, 21.780048846776936 ] ], [ [ 88.418419360765057, 21.811633109880148 ], [ 88.426586747280595, 21.810721158654587 ], [ 88.430385470113521, 21.800422906791766 ], [ 88.444708227702705, 21.801846146882269 ], [ 88.463568925665442, 21.790753722606269 ], [ 88.450185060292398, 21.803679942775176 ], [ 88.447723746253956, 21.814553618654628 ], [ 88.476629137624712, 21.837298631526693 ], [ 88.488991617769017, 21.838284254314971 ], [ 88.482182740840841, 21.887723445980328 ], [ 88.458084344517005, 21.89456081433022 ], [ 88.452077150240399, 21.904920458412448 ], [ 88.440380454394557, 21.906240463526643 ], [ 88.433397650381409, 21.900979756910345 ], [ 88.418794155026291, 21.901976227321086 ], [ 88.418867945299468, 21.889211178253333 ], [ 88.400000929599315, 21.872193336853087 ], [ 88.392460465877804, 21.832452654466437 ], [ 88.401884913058353, 21.797709823050013 ], [ 88.418419360765057, 21.811633109880148 ] ], [ [ 88.445234656654094, 21.906234979460805 ], [ 88.456028342334179, 21.913926720841516 ], [ 88.442367434509578, 21.908451557393477 ], [ 88.445234656654094, 21.906234979460805 ] ], [ [ 88.490588545724933, 21.889673352443282 ], [ 88.498777747095374, 21.896114230387525 ], [ 88.508550643797292, 21.912225127087993 ], [ 88.478420853339713, 21.903341532186062 ], [ 88.490588545724933, 21.889673352443282 ] ], [ [ 88.519298553085918, 21.854841709377439 ], [ 88.522277116695619, 21.845765351989456 ], [ 88.516108631708022, 21.839138031095359 ], [ 88.525647401606335, 21.835951447101706 ], [ 88.525630831597681, 21.849647045374951 ], [ 88.519298553085918, 21.854841709377439 ] ], [ [ 88.536494970166899, 21.853716731242258 ], [ 88.540791511818867, 21.855061650275019 ], [ 88.541616558857214, 21.857375740797892 ], [ 88.536494970166899, 21.853716731242258 ] ], [ [ 88.530751943647289, 21.849324941492881 ], [ 88.533997535757834, 21.833969354801894 ], [ 88.552907467105996, 21.817509531939436 ], [ 88.54993700998503, 21.831494927748764 ], [ 88.563369154562878, 21.831032633949008 ], [ 88.572684526569816, 21.857855200856903 ], [ 88.57084894192522, 21.900802612050938 ], [ 88.562584638170591, 21.897394180597075 ], [ 88.541400551594194, 21.902661800301871 ], [ 88.550146936931611, 21.880175352410589 ], [ 88.540485620914779, 21.869847059594207 ], [ 88.542035460368282, 21.855002641258949 ], [ 88.530751943647289, 21.849324941492881 ] ], [ [ 88.599497914097611, 21.868120670632464 ], [ 88.596559643712652, 21.851104855404799 ], [ 88.621917247383095, 21.829406857540476 ], [ 88.611925959315698, 21.816673278449144 ], [ 88.618674635626036, 21.800202011713537 ], [ 88.638827204312037, 21.784879803360326 ], [ 88.653470158321255, 21.867555380176782 ], [ 88.632233858006288, 21.870625853600302 ], [ 88.634243965086995, 21.878649711914704 ], [ 88.62834274781963, 21.88295924697178 ], [ 88.626170158426049, 21.895252823758909 ], [ 88.620357513588516, 21.897687911767747 ], [ 88.599497914097611, 21.868120670632464 ] ], [ [ 88.634384632544851, 21.870566844584232 ], [ 88.652147770003666, 21.872495770763265 ], [ 88.667067528143974, 21.913363456558301 ], [ 88.637359142010865, 21.921121359263452 ], [ 88.623169541641147, 21.90130937103072 ], [ 88.636369466877483, 21.878061414103001 ], [ 88.634384632544851, 21.870566844584232 ] ], [ [ 88.718888759508701, 21.909166574178101 ], [ 88.7488888506401, 21.897222160974081 ], [ 88.750555515624598, 21.888888836050995 ], [ 88.757500052585527, 21.886388778319571 ], [ 88.758055448700162, 21.880277752816085 ], [ 88.771944403911135, 21.878055453396485 ], [ 88.776111125727965, 21.869722247184029 ], [ 88.786388755237027, 21.878610968221636 ], [ 88.788333177634144, 21.879444360968535 ], [ 88.791944503336282, 21.878610968221636 ], [ 88.793333172587865, 21.872777819740605 ], [ 88.78805553893207, 21.864722252230223 ], [ 88.814444423071819, 21.901388764080252 ], [ 88.799999952136119, 21.91916656498509 ], [ 88.786944270062094, 21.917500018710939 ], [ 88.755833267990937, 21.926944375082911 ], [ 88.736111044689068, 21.918055534435467 ], [ 88.723728060901379, 21.931827425795149 ], [ 88.718888759508701, 21.909166574178101 ] ], [ [ 88.740683555901484, 21.92194736048242 ], [ 88.759250521794314, 21.930733681114532 ], [ 88.791703224224563, 21.920494675688815 ], [ 88.805693745270247, 21.936341166311877 ], [ 88.788801312530694, 21.940475344361744 ], [ 88.786526441442135, 21.952370643790232 ], [ 88.77525162656147, 21.941470146530094 ], [ 88.767218470156337, 21.94507145918061 ], [ 88.750332713084362, 21.955197453100055 ], [ 88.753054141635488, 21.976831078391655 ], [ 88.728235364070912, 21.979606032792248 ], [ 88.722023368084052, 21.942623257257623 ], [ 88.740683555901484, 21.92194736048242 ] ], [ [ 88.687951206982717, 21.952685356144343 ], [ 88.671123146815916, 21.95096635781124 ], [ 88.667572378762344, 21.952810168554549 ], [ 88.692390442265236, 21.956876159107509 ], [ 88.684813380633074, 21.973921656459311 ], [ 88.691495418978462, 21.984744668131981 ], [ 88.687206625885182, 21.991598844810909 ], [ 88.692675828626676, 21.98477435115538 ], [ 88.686757445100142, 21.972656250085947 ], [ 88.693017601581147, 21.970062971329128 ], [ 88.715698957740784, 22.000315547124814 ], [ 88.674811840294211, 22.018946647270042 ], [ 88.65328466865256, 22.019267201620153 ], [ 88.634155630977631, 21.994031548717061 ], [ 88.628677248856008, 21.958308101038114 ], [ 88.635089754988229, 21.950922727202169 ], [ 88.656937360470835, 21.954210758319959 ], [ 88.678319216059123, 21.942772149914845 ], [ 88.687951206982717, 21.952685356144343 ] ], [ [ 88.663374424390241, 22.024296641277061 ], [ 88.720020651631927, 22.005600571409332 ], [ 88.739031315143251, 22.016508340587535 ], [ 88.730198263938888, 22.037925839006306 ], [ 88.688274264146088, 22.05964112273972 ], [ 88.682876348864482, 22.080199837852234 ], [ 88.738034725122503, 22.134374976324153 ], [ 88.766482710508825, 22.146388649916361 ], [ 88.789380907602975, 22.169130563724565 ], [ 88.76867365866255, 22.179985642523434 ], [ 88.765344500648297, 22.191911220326659 ], [ 88.732682228302252, 22.193865776284639 ], [ 88.684152245829608, 22.207577467026567 ], [ 88.680773377789166, 22.187332510986721 ], [ 88.653109311645522, 22.163439154693322 ], [ 88.634150266521743, 22.106187820411606 ], [ 88.654482365069185, 22.075551748514471 ], [ 88.663374424390241, 22.024296641277061 ] ], [ [ 88.632777810247859, 22.060555458068052 ], [ 88.629166721966754, 22.053055524992573 ], [ 88.635555505782037, 22.048611044863947 ], [ 88.632777810247859, 22.060555458068052 ] ], [ [ 88.7472747564249, 22.198161960006473 ], [ 88.767209053355288, 22.194251179848095 ], [ 88.794083237751266, 22.170574427068203 ], [ 88.809859633415357, 22.18324387100796 ], [ 88.836639404285251, 22.168561816274888 ], [ 88.82809317116309, 22.194031357661061 ], [ 88.818191051775699, 22.195587754071653 ], [ 88.805511355564676, 22.208342551767373 ], [ 88.798678278779647, 22.225748658373988 ], [ 88.825665950423314, 22.240883231276115 ], [ 88.826393366161, 22.263875365255956 ], [ 88.815258144947478, 22.264207958830326 ], [ 88.81386804577383, 22.282992244096846 ], [ 88.795077800700057, 22.276333331817852 ], [ 88.791864157005278, 22.25847530329267 ], [ 88.751371860822786, 22.22784495378167 ], [ 88.7472747564249, 22.198161960006473 ] ], [ [ 88.820288658394958, 22.265451073708192 ], [ 88.827387214148729, 22.265166759338541 ], [ 88.828212380796828, 22.241237759315226 ], [ 88.800445556317499, 22.225910544436147 ], [ 88.818945527214481, 22.196412802009263 ], [ 88.829514742111797, 22.210044503451144 ], [ 88.836201906592777, 22.207580566090314 ], [ 88.843691707006684, 22.190274000045179 ], [ 88.855031132780624, 22.206298113067533 ], [ 88.860660314122271, 22.204659461964638 ], [ 88.865435242942198, 22.198121308851398 ], [ 88.883239268977178, 22.201321005859825 ], [ 88.881143808140308, 22.211843133154076 ], [ 88.848821044255857, 22.209850907293628 ], [ 88.841814517925826, 22.211697101240333 ], [ 88.839348912322492, 22.215349554738282 ], [ 88.858042240157403, 22.244023919268557 ], [ 88.875618100095409, 22.252590179393337 ], [ 88.858884573064728, 22.243462324127051 ], [ 88.841118455252541, 22.214080453050542 ], [ 88.883587002638222, 22.212131142838018 ], [ 88.885030269731175, 22.201566457825862 ], [ 88.866289377652805, 22.194298625381293 ], [ 88.872289180401395, 22.171131968065936 ], [ 88.885738850068009, 22.167791247468188 ], [ 88.899184345980899, 22.177544951738213 ], [ 88.91906893288504, 22.165504574576516 ], [ 88.921426534407061, 22.174833654949254 ], [ 88.90442085274023, 22.197176337218281 ], [ 88.913947462905213, 22.216125130970056 ], [ 88.900162338920865, 22.222861170906384 ], [ 88.886122942419973, 22.234851956752493 ], [ 88.886114835931068, 22.241946339651946 ], [ 88.893115401554695, 22.250604510489836 ], [ 88.887344241543673, 22.264582753091645 ], [ 88.880060911082268, 22.267659068511279 ], [ 88.876471638555387, 22.273705601832063 ], [ 88.873164176685492, 22.27368867389319 ], [ 88.868199467531525, 22.270367264437823 ], [ 88.864481448959822, 22.270113706882142 ], [ 88.843304753012006, 22.289847850697839 ], [ 88.864475846183524, 22.271223544930734 ], [ 88.867056846496411, 22.270561813876697 ], [ 88.871927976694877, 22.274363041321408 ], [ 88.876270651769261, 22.274545669347276 ], [ 88.888265609570254, 22.265235304765582 ], [ 88.895567536212951, 22.252193928207276 ], [ 88.886621355691119, 22.237137675463401 ], [ 88.903627753218331, 22.222983479603954 ], [ 88.91423881087249, 22.220147251694357 ], [ 88.919034958296692, 22.232912540881131 ], [ 88.952461242492433, 22.22435307513436 ], [ 88.951105714157535, 22.242897748632259 ], [ 88.929980277767726, 22.260805964723545 ], [ 88.934959650367631, 22.302084445540828 ], [ 88.911085844436201, 22.30563616777502 ], [ 88.891838312088595, 22.342799902193775 ], [ 88.870714544840524, 22.357476711181391 ], [ 88.820530057116599, 22.359567165492365 ], [ 88.804163813209556, 22.329513072770141 ], [ 88.812129258758404, 22.316483855045959 ], [ 88.805862903250471, 22.288113116926894 ], [ 88.81517767900678, 22.283203125224077 ], [ 88.820288658394958, 22.265451073708192 ] ], [ [ 88.898375630630852, 22.336903333522031 ], [ 88.903320431492858, 22.345743655745196 ], [ 88.894834518598174, 22.355635643370306 ], [ 88.897664904511799, 22.363667368953941 ], [ 88.884458065287532, 22.371158838509643 ], [ 88.874978781045996, 22.3867442604394 ], [ 88.880778074548545, 22.402757048299151 ], [ 88.865326523899995, 22.385630607466624 ], [ 88.861671447979035, 22.410799742014518 ], [ 88.855296850069607, 22.387456536090298 ], [ 88.861040234519322, 22.370735764144257 ], [ 88.898375630630852, 22.336903333522031 ] ], [ [ 88.870543718617824, 22.407690048257194 ], [ 88.873729943781967, 22.406707763752337 ], [ 88.865961551384629, 22.410776734658612 ], [ 88.870543718617824, 22.407690048257194 ] ], [ [ 88.882328510252563, 22.403256058720132 ], [ 88.876765132305167, 22.386626124596063 ], [ 88.897607922567687, 22.366500138970366 ], [ 88.888126134613429, 22.378148555611375 ], [ 88.921412706431425, 22.402576208125566 ], [ 88.90283107799192, 22.414759755558379 ], [ 88.907918334163895, 22.433914542622148 ], [ 88.892303347921285, 22.465363621434051 ], [ 88.892435431350208, 22.484478712422685 ], [ 88.905200957957987, 22.497371912184121 ], [ 88.895036578275523, 22.500739931702498 ], [ 88.897979259835012, 22.508314132591209 ], [ 88.903168678092158, 22.50438642539325 ], [ 88.905666351720896, 22.521674275647342 ], [ 88.89508461915986, 22.554102301580031 ], [ 88.869507431622679, 22.530769109606808 ], [ 88.868907332007865, 22.540272355385014 ], [ 88.868278980190809, 22.522657275113261 ], [ 88.856214762001827, 22.509502649627649 ], [ 88.843562006781298, 22.50692582126976 ], [ 88.860587716350125, 22.500000000100016 ], [ 88.867656349860766, 22.487628102255172 ], [ 88.858175635697165, 22.481445312651147 ], [ 88.860504865407307, 22.468319535618122 ], [ 88.856816172828218, 22.455491423390555 ], [ 88.861111164049106, 22.445313454052723 ], [ 88.856096863579438, 22.422571062704463 ], [ 88.882328510252563, 22.403256058720132 ] ], [ [ 88.835311055261144, 22.434092879083209 ], [ 88.821700334103213, 22.434404254053106 ], [ 88.827371716131921, 22.446043849244347 ], [ 88.812377572367183, 22.454101442927282 ], [ 88.810400247373565, 22.480122328083013 ], [ 88.792919755142719, 22.497994661224709 ], [ 88.780687212644722, 22.500000000100016 ], [ 88.800856470949412, 22.461297035529839 ], [ 88.80365812802026, 22.444586634565638 ], [ 88.816479921611204, 22.433091640466927 ], [ 88.835311055261144, 22.434092879083209 ] ], [ [ 88.859166622042068, 22.469444274533743 ], [ 88.858055472781899, 22.468333243984119 ], [ 88.856111049485463, 22.458888768901602 ], [ 88.858888745019698, 22.463611126052683 ], [ 88.859166622042068, 22.469444274533743 ] ], [ [ 88.895475745109621, 22.56038475045591 ], [ 88.914452314422903, 22.510343075072967 ], [ 88.905893444926647, 22.508272767374365 ], [ 88.909574746877212, 22.505447030056445 ], [ 88.894658446630132, 22.466099262371188 ], [ 88.920834064640502, 22.425889015166035 ], [ 88.907509803634667, 22.415949344586636 ], [ 88.925100445729157, 22.407164335165987 ], [ 88.921656847185801, 22.391929864671539 ], [ 88.929879546503827, 22.391042351623327 ], [ 88.921811342619463, 22.383861542076545 ], [ 88.914651513356688, 22.391700148143428 ], [ 88.896435737219605, 22.380200147518849 ], [ 88.907679199935131, 22.33517873331192 ], [ 88.928630352209012, 22.313098669268214 ], [ 88.942069649994465, 22.30975377581612 ], [ 88.95341467854459, 22.364875078422187 ], [ 88.944827318525967, 22.370071411566414 ], [ 88.934221863648105, 22.39593112472167 ], [ 88.939654827308487, 22.419267773688887 ], [ 88.946400046624916, 22.420395255536675 ], [ 88.935400008803498, 22.395884037118719 ], [ 88.945707201726037, 22.37116265253448 ], [ 88.958476901188163, 22.364971161090239 ], [ 88.964830517914237, 22.389901757660056 ], [ 88.970287680532095, 22.394067406585606 ], [ 88.964426755590381, 22.409638643508657 ], [ 88.998597860103217, 22.430020451182969 ], [ 88.988331556656107, 22.444652080928904 ], [ 88.995149255034136, 22.467332959548486 ], [ 88.978532672245109, 22.481705546773668 ], [ 88.971274256601731, 22.498753071197314 ], [ 88.959865212509698, 22.548707604072746 ], [ 88.919239044146678, 22.565216303289816 ], [ 88.895475745109621, 22.56038475045591 ] ], [ [ 88.959686518118332, 22.362627148324293 ], [ 88.953800201718053, 22.35928535483535 ], [ 88.947185277978264, 22.25546276599394 ], [ 88.962112665067508, 22.241232156538842 ], [ 88.971644044337296, 22.210199237205131 ], [ 89.019618153155335, 22.205562830060586 ], [ 89.027253270522039, 22.187918543406113 ], [ 89.022927403776777, 22.166476846029724 ], [ 89.056873917897093, 22.141084432300829 ], [ 89.062151551552944, 22.128381252093163 ], [ 89.096042871581318, 22.155616641095179 ], [ 89.078474045241109, 22.145148515391753 ], [ 89.067621350544954, 22.148437499790816 ], [ 89.060724258218073, 22.166774272514687 ], [ 89.067092060849944, 22.198230624144031 ], [ 89.037140846073299, 22.226621747195964 ], [ 89.032594680500182, 22.256886959365715 ], [ 89.014969945107026, 22.251069545423235 ], [ 89.017892956694624, 22.267667650741572 ], [ 88.994169473342623, 22.285555123969885 ], [ 88.999811648988526, 22.297796249597354 ], [ 89.02328562713015, 22.296891450679965 ], [ 89.000054359821007, 22.322934627331279 ], [ 88.983593702387481, 22.325424552401216 ], [ 88.988790512172471, 22.364128231932369 ], [ 88.982453823385271, 22.374440431380862 ], [ 88.98882365218995, 22.3913420435006 ], [ 88.97053635117183, 22.408790826535494 ], [ 88.97390401365945, 22.393953561407784 ], [ 88.959686518118332, 22.362627148324293 ] ], [ [ 88.987221359778033, 22.380156158979645 ], [ 88.995950818075954, 22.385673880145475 ], [ 88.994450450328117, 22.390628337927552 ], [ 88.989187836249727, 22.385385155500586 ], [ 88.987221359778033, 22.380156158979645 ] ], [ [ 88.996859550627818, 22.199189305042438 ], [ 88.972924947828204, 22.193475842835994 ], [ 88.976098656228118, 22.169854521568993 ], [ 88.996750831585615, 22.140145659694497 ], [ 88.980560660546217, 22.079546451607484 ], [ 88.962471246351043, 22.060717702060344 ], [ 88.966012358383722, 22.056331515087436 ], [ 88.962770223267256, 22.04980456842614 ], [ 88.978496551874429, 22.039906740603641 ], [ 88.985124349409233, 22.056733727879305 ], [ 89.001414656361391, 22.060206174875105 ], [ 89.008227467823502, 22.05255794539292 ], [ 89.01474690424638, 22.064370274268839 ], [ 89.01794135550918, 22.061479807347297 ], [ 89.017130851407757, 22.052325844762038 ], [ 89.026127219495748, 22.052879929665153 ], [ 89.027679800982156, 22.07706344142477 ], [ 89.022248864393674, 22.078469157325799 ], [ 89.028953552164722, 22.077135443845691 ], [ 89.027675151487216, 22.053712725262159 ], [ 89.038228750556442, 22.052940130282792 ], [ 89.031183958073228, 22.093458772104725 ], [ 89.035448074668949, 22.108628869127102 ], [ 89.0168404576211, 22.11151015756775 ], [ 89.014973044170773, 22.114498615518812 ], [ 89.029593229144297, 22.122732162459414 ], [ 89.016668558507178, 22.113380431761584 ], [ 89.035469651203556, 22.110407113897224 ], [ 89.05059671386735, 22.130725621890036 ], [ 89.022132038862509, 22.148437499790816 ], [ 89.013952851442951, 22.19423794722357 ], [ 88.996859550627818, 22.199189305042438 ] ], [ [ 89.040626525693739, 22.048716903162614 ], [ 89.015972971575394, 22.050926804528501 ], [ 89.015429854804012, 22.062786936867667 ], [ 89.007897853703156, 22.050724029890091 ], [ 89.001907349044956, 22.059054255749345 ], [ 88.984948277441191, 22.054695606017447 ], [ 88.967965841450592, 22.015190958795785 ], [ 88.97852194333305, 22.006152868460191 ], [ 88.974727869096029, 21.99308800700598 ], [ 88.98240661617254, 21.993427157537383 ], [ 88.994174122837563, 22.005756020124295 ], [ 88.999498844096394, 22.006935715710767 ], [ 88.983405947326702, 21.992792368373216 ], [ 88.975558519809937, 21.991230011256107 ], [ 88.989341258792223, 21.985744118896065 ], [ 88.992468357129127, 21.97378146654151 ], [ 89.005144953377027, 21.987993359306188 ], [ 89.020411372287157, 21.997459530532979 ], [ 89.028184414179492, 21.997181654409871 ], [ 89.032649040021312, 22.00181555784178 ], [ 89.03042066118465, 21.996780872439416 ], [ 89.004995823298628, 21.985738754440092 ], [ 89.014334916723186, 21.984337210493948 ], [ 89.01814460768756, 21.97567403313019 ], [ 88.999379039111517, 21.949674367478138 ], [ 89.030438542404937, 21.926217555595741 ], [ 89.049137115085813, 21.929506659604726 ], [ 89.041198134786242, 21.933197259645851 ], [ 89.041108250245628, 21.95085561259657 ], [ 89.043312549734452, 21.932620644926857 ], [ 89.060275077432976, 21.931978106304626 ], [ 89.070881247271899, 21.956967234350486 ], [ 89.069478153793881, 21.984679341378637 ], [ 89.072803020243299, 21.969339847156334 ], [ 89.078052758727864, 21.98211348025302 ], [ 89.075611471692156, 21.998112916777814 ], [ 89.040626525693739, 22.048716903162614 ] ], [ [ 89.011461973091542, 21.981665849899173 ], [ 88.991125940909541, 21.97031950923801 ], [ 88.986989378756988, 21.983872055950712 ], [ 88.973022341707832, 21.98706424272072 ], [ 88.975679874326858, 22.00432372116282 ], [ 88.962211847698683, 22.016918658968933 ], [ 88.977047324074789, 22.038504004156465 ], [ 88.961264014422767, 22.048758148769622 ], [ 88.96260404564029, 22.057732701103362 ], [ 88.937819242663949, 22.060347914324893 ], [ 88.935110449587597, 22.027660131809739 ], [ 88.946817517314656, 21.991210937534845 ], [ 88.925289750321809, 21.963274359724011 ], [ 88.935742259297939, 21.93626463400571 ], [ 88.966101170033113, 21.922682523879416 ], [ 88.970357179240494, 21.928698659215826 ], [ 88.962468505217402, 21.934765219539344 ], [ 88.976117372918537, 21.946118116258134 ], [ 88.97565734361163, 21.938258529007953 ], [ 88.964825033848314, 21.934554458021836 ], [ 88.97185301800252, 21.928969025999805 ], [ 88.969025849863186, 21.920683741961227 ], [ 89.014311671046784, 21.902560949428334 ], [ 89.021343230905501, 21.921468258353514 ], [ 88.990841746149812, 21.951872467940149 ], [ 89.011461973091542, 21.981665849899173 ] ], [ [ 88.973943948954144, 21.897566318930529 ], [ 88.914753317511753, 21.927885055151251 ], [ 88.890007853579647, 21.914705156917563 ], [ 88.858014821626824, 21.910743832162154 ], [ 88.819701552184966, 21.927751660510751 ], [ 88.823671818000122, 21.915576457887255 ], [ 88.854143261802193, 21.889410614608238 ], [ 88.854277968553532, 21.86958754043269 ], [ 88.861230850323608, 21.864738822238877 ], [ 88.858199954264506, 21.857327938233851 ], [ 88.877885341335599, 21.853914141424525 ], [ 88.886619925769111, 21.812737346051733 ], [ 88.914108276076178, 21.82735681516499 ], [ 88.923292756255847, 21.824672937805872 ], [ 88.922899365813151, 21.835598826524688 ], [ 88.93889927897871, 21.849866032991059 ], [ 88.925869941644606, 21.851188659628974 ], [ 88.921291708945233, 21.85427510771018 ], [ 88.914631247134452, 21.861100078006302 ], [ 88.91387021563807, 21.878769636509588 ], [ 88.907270550695529, 21.878996729715425 ], [ 88.914968133172891, 21.880603670722877 ], [ 88.917700410245772, 21.860403537793133 ], [ 88.9380507470444, 21.854055047202763 ], [ 88.946865439488448, 21.840900659138157 ], [ 88.950322151046493, 21.863690018479673 ], [ 88.95690524598038, 21.869573235816262 ], [ 88.945312500071935, 21.88588154359843 ], [ 88.958688020635776, 21.869461416810992 ], [ 88.952272653759991, 21.864220381065792 ], [ 88.95532631885456, 21.854163527924584 ], [ 88.976428628278683, 21.867625355525774 ], [ 88.966124654029642, 21.890540957199505 ], [ 88.973943948954144, 21.897566318930529 ] ], [ [ 88.978821754820245, 21.866476178433004 ], [ 88.950158834163034, 21.836635947191297 ], [ 88.9563347097791, 21.827035069213139 ], [ 88.97452497484781, 21.826279759203572 ], [ 88.979788064667588, 21.818177222800614 ], [ 88.972559332946986, 21.800594925515469 ], [ 88.954075932058771, 21.803197026621547 ], [ 88.942687869149978, 21.786233544742345 ], [ 88.971062422193171, 21.775187968849764 ], [ 88.986896872692654, 21.790518164981393 ], [ 88.994197606834149, 21.814162254384655 ], [ 89.014105677734932, 21.81478714920766 ], [ 89.009204506582734, 21.822780609537574 ], [ 89.017558455658303, 21.815934777667906 ], [ 89.030088544251072, 21.833127856465467 ], [ 89.026316762408754, 21.847046613410612 ], [ 89.012857436721362, 21.849550366456299 ], [ 89.006652236012002, 21.853423833742937 ], [ 88.996673941349485, 21.870059251932929 ], [ 88.992741465945954, 21.866896271545727 ], [ 88.98918890914095, 21.86792910064753 ], [ 88.998009443581026, 21.870599865891165 ], [ 89.016471743676078, 21.850195049961627 ], [ 89.028636455707982, 21.850728034970899 ], [ 89.030861377550565, 21.863191723919016 ], [ 88.977585673540062, 21.893342852590678 ], [ 88.969431400039099, 21.889806032122806 ], [ 88.978821754820245, 21.866476178433004 ] ], [ [ 89.016304850188845, 21.811882257160562 ], [ 88.995048404160542, 21.812152743554378 ], [ 88.990074515626503, 21.790521740685847 ], [ 89.012554764490886, 21.781479120465065 ], [ 89.011033653880162, 21.776414632429436 ], [ 88.998657345760051, 21.769893765185145 ], [ 88.999632954597331, 21.766016840904513 ], [ 89.014202952004752, 21.765835762410603 ], [ 89.023638844856947, 21.75898611561675 ], [ 89.013782739282163, 21.789324164778435 ], [ 89.016304850188845, 21.811882257160562 ] ], [ [ 89.004814743905371, 21.76507925989992 ], [ 89.001994014012581, 21.749453544745336 ], [ 89.016473412817874, 21.732845545085922 ], [ 89.017554044483717, 21.717667103254229 ], [ 89.05935716640019, 21.725997447824028 ], [ 89.025359153502194, 21.756948947935626 ], [ 89.004814743905371, 21.76507925989992 ] ], [ [ 89.037882804747738, 21.720631837989004 ], [ 89.009671330267764, 21.704647302331153 ], [ 89.022428751286014, 21.699645161594958 ], [ 89.026016354671043, 21.689489365042249 ], [ 89.020920753689978, 21.66281521325152 ], [ 89.029173970602329, 21.658736705934302 ], [ 89.032928228255201, 21.654965520342586 ], [ 89.026365756574563, 21.657968879160507 ], [ 89.028580427045114, 21.63498437412963 ], [ 89.037832260150793, 21.640530467107368 ], [ 89.03452491789065, 21.633502244632979 ], [ 89.047388553339175, 21.621093749776833 ], [ 89.062546729847867, 21.618336200855083 ], [ 89.092792749585811, 21.636840224097085 ], [ 89.092261433718335, 21.665798545066878 ], [ 89.073394179697772, 21.688971162189461 ], [ 89.064918756495587, 21.689223646853918 ], [ 89.07077455530154, 21.699199676124238 ], [ 89.06078767750941, 21.721754550731958 ], [ 89.037882804747738, 21.720631837989004 ] ], [ [ 89.036424875108054, 21.621093749776833 ], [ 89.021301746078819, 21.638807058499026 ], [ 89.022270917568818, 21.654470563166029 ], [ 88.997335434083055, 21.649023413599764 ], [ 88.98836123967962, 21.652229070415331 ], [ 88.987373709429249, 21.665037154740986 ], [ 88.993864178688995, 21.673371076813794 ], [ 88.985717058395636, 21.705341338831772 ], [ 88.973197102464468, 21.697309613248052 ], [ 88.95154726509432, 21.701391458848775 ], [ 88.963894128511384, 21.660205721516917 ], [ 88.963775158097093, 21.646468520605794 ], [ 88.968028306561251, 21.641725778521931 ], [ 88.982524871625543, 21.64589691151329 ], [ 88.990514755351711, 21.645444750374992 ], [ 88.992835164511376, 21.643571019187277 ], [ 88.999006867273209, 21.602572321955165 ], [ 89.029360651872622, 21.605428815187764 ], [ 89.036424875108054, 21.621093749776833 ] ], [ [ 88.834239005825538, 21.607477545452412 ], [ 88.828771829256567, 21.575672268560425 ], [ 88.842613578154186, 21.554022907830955 ], [ 88.875238537628462, 21.548899173358251 ], [ 88.903652548426379, 21.555663943036649 ], [ 88.892958402408482, 21.578940749316246 ], [ 88.875960945940989, 21.592295646626837 ], [ 88.834239005825538, 21.607477545452412 ] ], [ [ 88.565359711281786, 21.570205926562352 ], [ 88.5863548520949, 21.587784051892498 ], [ 88.586207270649169, 21.606852054378891 ], [ 88.558192611000351, 21.631203054977078 ], [ 88.542016148326724, 21.634863138323254 ], [ 88.524372458822, 21.652927756410861 ], [ 88.523838758851667, 21.625929236245383 ], [ 88.510368705151762, 21.601155877142077 ], [ 88.53675794632224, 21.588521480681834 ], [ 88.556941151313112, 21.604102968976918 ], [ 88.536854028990291, 21.586977720645308 ], [ 88.543739556935151, 21.566946744796553 ], [ 88.565359711281786, 21.570205926562352 ] ], [ [ 88.407608747146099, 21.616248130646795 ], [ 88.431877017310654, 21.626927017867615 ], [ 88.411416054007788, 21.657907843971856 ], [ 88.413540721227463, 21.690907836027918 ], [ 88.42837953588699, 21.701736450476858 ], [ 88.421990037110589, 21.718935370371071 ], [ 88.401687026235408, 21.737574219974363 ], [ 88.395141601204017, 21.754715442963374 ], [ 88.387745022714768, 21.734778046969325 ], [ 88.368645548453316, 21.727117538144 ], [ 88.395047307287513, 21.72504913790749 ], [ 88.403977513151716, 21.715195536944577 ], [ 88.379714370022242, 21.672469854500207 ], [ 88.387579441338318, 21.611412763788053 ], [ 88.39895272298989, 21.595776319721494 ], [ 88.407348275602573, 21.59946274780765 ], [ 88.407608747146099, 21.616248130646795 ] ], [ [ 88.314944863514739, 21.608311653160371 ], [ 88.336217642130549, 21.619634628535294 ], [ 88.358129620185963, 21.647485136729699 ], [ 88.346378445209126, 21.653738379222943 ], [ 88.351137757301814, 21.67786574360926 ], [ 88.34372746954719, 21.691401242773139 ], [ 88.329500436695895, 21.704687952587022 ], [ 88.303887128787977, 21.707562804579851 ], [ 88.316611408889543, 21.664905429242197 ], [ 88.306695341916594, 21.616232037278735 ], [ 88.314944863514739, 21.608311653160371 ] ], [ [ 88.337432503907081, 21.710063814693342 ], [ 88.365327953922048, 21.687074542356356 ], [ 88.397710442682893, 21.713721156006613 ], [ 88.365038514316069, 21.722783207878791 ], [ 88.359768152578312, 21.733631253079949 ], [ 88.359653949470356, 21.745658517226872 ], [ 88.370882272998557, 21.763144850554426 ], [ 88.351673006803964, 21.763523459739929 ], [ 88.34268140782072, 21.754043102607199 ], [ 88.348693251592323, 21.72589135210427 ], [ 88.337432503907081, 21.710063814693342 ] ], [ [ 88.363724708228773, 21.73182725892093 ], [ 88.386979103402979, 21.740910649007333 ], [ 88.390197873233291, 21.759904980830271 ], [ 88.381436229098796, 21.766882419488155 ], [ 88.361521959171142, 21.747095227362905 ], [ 88.363724708228773, 21.73182725892093 ] ], [ [ 88.433411955897128, 21.704557657010298 ], [ 88.440647244574819, 21.709396958402976 ], [ 88.45561444734895, 21.710942864221892 ], [ 88.456964850447633, 21.726405858743419 ], [ 88.467268943407049, 21.737027168668959 ], [ 88.472554803161671, 21.793318271621018 ], [ 88.458248138041171, 21.788811206771868 ], [ 88.444983124371703, 21.797017216471431 ], [ 88.422997951394365, 21.766115545995717 ], [ 88.433411955897128, 21.704557657010298 ] ], [ [ 88.513411879654626, 21.787011742498009 ], [ 88.504247546087498, 21.76258325541292 ], [ 88.526128053267115, 21.775772214316333 ], [ 88.535035014354463, 21.792104244415412 ], [ 88.52583730244956, 21.773826241487853 ], [ 88.504243612452825, 21.757623672394601 ], [ 88.518794655748906, 21.719703674684837 ], [ 88.526622653412772, 21.719056964107665 ], [ 88.53420627110259, 21.732926130636486 ], [ 88.541620970031744, 21.737388252765697 ], [ 88.570863724081647, 21.733544349791913 ], [ 88.562353849650464, 21.770277022966297 ], [ 88.572368979644835, 21.786736249578325 ], [ 88.560302853993591, 21.802575349572749 ], [ 88.540021657973142, 21.80995035152759 ], [ 88.513411879654626, 21.787011742498009 ] ], [ [ 88.50022184875948, 21.812600373908225 ], [ 88.489828467509852, 21.834702730346805 ], [ 88.479845046711574, 21.835409641541816 ], [ 88.449598073692272, 21.812031149817784 ], [ 88.458372115880451, 21.800997138307366 ], [ 88.485502242834315, 21.798665761915515 ], [ 88.50022184875948, 21.812600373908225 ] ], [ [ 88.576230645128334, 21.821046948657823 ], [ 88.590320110484782, 21.797776341405097 ], [ 88.614184975356437, 21.79824352302029 ], [ 88.607342243449835, 21.815494180012394 ], [ 88.618189812010286, 21.829150438342083 ], [ 88.591473937072664, 21.852094650148018 ], [ 88.576230645128334, 21.821046948657823 ] ], [ [ 88.560085057979137, 21.826753735196803 ], [ 88.556205629985953, 21.82633340376367 ], [ 88.556921958881361, 21.823772907094053 ], [ 88.560085057979137, 21.826753735196803 ] ], [ [ 88.593749999762821, 21.786272167926285 ], [ 88.587281227546697, 21.754829645172038 ], [ 88.616717100214117, 21.744111060976735 ], [ 88.623138546506794, 21.736469268841716 ], [ 88.619137763996633, 21.725493550487016 ], [ 88.598873615525036, 21.715538978141382 ], [ 88.609182357979449, 21.708283662461156 ], [ 88.630643844937623, 21.740372062121025 ], [ 88.62301516491803, 21.773273349085855 ], [ 88.611657142962912, 21.790134667980567 ], [ 88.593749999762821, 21.786272167926285 ] ], [ [ 88.695018648891704, 21.746169566872055 ], [ 88.71299195251666, 21.687039851907713 ], [ 88.747648954435789, 21.658431649600971 ], [ 88.755782246753398, 21.664531826582561 ], [ 88.731380820268811, 21.681390047312959 ], [ 88.729486226608202, 21.686749458121085 ], [ 88.741549969055967, 21.690437913279197 ], [ 88.758106946578465, 21.683645963390546 ], [ 88.762727856605437, 21.692945242029339 ], [ 88.758527755551569, 21.709597945189046 ], [ 88.746437549653336, 21.705924868438018 ], [ 88.736193061061073, 21.719770669680713 ], [ 88.748880505830783, 21.707104206094357 ], [ 88.776493310617894, 21.721111655078886 ], [ 88.753243446228197, 21.730879545254879 ], [ 88.752300142837413, 21.748444557570366 ], [ 88.758862376197868, 21.75937604906548 ], [ 88.728119731040834, 21.777821779151878 ], [ 88.715870141893703, 21.80718946432242 ], [ 88.695018648891704, 21.746169566872055 ] ], [ [ 88.726111054781455, 21.794722080060012 ], [ 88.749722242487536, 21.816388845368948 ], [ 88.752777815044197, 21.811944365240322 ], [ 88.752500057631636, 21.789444446404161 ], [ 88.756911158523309, 21.781144141888717 ], [ 88.761666655691641, 21.784722208862888 ], [ 88.777222156277588, 21.821666717345209 ], [ 88.764999866050999, 21.826666713198307 ], [ 88.765555501385364, 21.841666579349237 ], [ 88.769166708377014, 21.853333353851269 ], [ 88.78055560585662, 21.859444380253962 ], [ 88.774999856857988, 21.865000009642756 ], [ 88.77138876947626, 21.876388907122447 ], [ 88.756111145013477, 21.880277752816085 ], [ 88.748610973617616, 21.889444350876147 ], [ 88.748333334915543, 21.896111130424401 ], [ 88.717843413642726, 21.907189368794434 ], [ 88.696944356396983, 21.848611116310025 ], [ 88.70305550061093, 21.857499956957554 ], [ 88.717499851936708, 21.855555534560324 ], [ 88.703333258922925, 21.856111049385476 ], [ 88.695833324948097, 21.841110944914249 ], [ 88.702499866175941, 21.824166655466883 ], [ 88.704444408182923, 21.829444408732513 ], [ 88.71527767212703, 21.826944351001089 ], [ 88.719722151356308, 21.834444403686405 ], [ 88.728055477178685, 21.837499856633144 ], [ 88.716666578799646, 21.826110959153453 ], [ 88.705277800929906, 21.82805550116052 ], [ 88.703611135045918, 21.81944441792561 ], [ 88.718333244683521, 21.808055520446032 ], [ 88.726111054781455, 21.794722080060012 ] ], [ [ 88.769444346179654, 21.826666713198307 ], [ 88.782222152130743, 21.826666713198307 ], [ 88.789722203916682, 21.821388840322754 ], [ 88.794444441457955, 21.81249999967531 ], [ 88.795555472007464, 21.801666617020885 ], [ 88.788888931678997, 21.795833348929932 ], [ 88.794722080160028, 21.791388750090817 ], [ 88.8211109634004, 21.825000047314404 ], [ 88.818888902301154, 21.851666570156112 ], [ 88.8211109634004, 21.839722156952007 ], [ 88.829722046635283, 21.862222075788253 ], [ 88.82500004741442, 21.865000009642756 ], [ 88.821666717445197, 21.871111154755994 ], [ 88.806944370386503, 21.866666555017531 ], [ 88.801388740098417, 21.868055462589609 ], [ 88.79888892158661, 21.870833158123816 ], [ 88.800833344883102, 21.877500057281878 ], [ 88.787777661909701, 21.863611102070792 ], [ 88.78805553893207, 21.878055453396485 ], [ 88.776944279255105, 21.866944432039901 ], [ 88.782222152130743, 21.859722256377154 ], [ 88.77138876947626, 21.853333353851269 ], [ 88.769444346179654, 21.826666713198307 ] ], [ [ 88.800277829158546, 21.870555520321005 ], [ 88.821388840422657, 21.872499942718235 ], [ 88.829943180033894, 21.865000009642756 ], [ 88.839444280029539, 21.877500057281878 ], [ 88.837499856733103, 21.892222046410353 ], [ 88.815254569243081, 21.900532364876796 ], [ 88.800277829158546, 21.870555520321005 ] ], [ [ 88.856111049485463, 21.865277648344829 ], [ 88.837222218930407, 21.843055605631776 ], [ 88.841388940747066, 21.807500004721504 ], [ 88.835000038221295, 21.781666636306312 ], [ 88.864444375307841, 21.779166579474179 ], [ 88.876263022820325, 21.767213344820078 ], [ 88.880277752915987, 21.748055457793271 ], [ 88.913333177384374, 21.727777719666165 ], [ 88.921388744894756, 21.743610978563908 ], [ 88.891388774272656, 21.75361096847152 ], [ 88.898055553820797, 21.77861094503919 ], [ 88.882222056602728, 21.797222256501982 ], [ 88.877222060749574, 21.851666570156112 ], [ 88.857499957057456, 21.855555534560324 ], [ 88.856111049485463, 21.865277648344829 ] ], [ [ 88.895833253501934, 21.788055538832083 ], [ 88.903888940622238, 21.794722080060012 ], [ 88.906944274858432, 21.79416656523486 ], [ 88.898055553820797, 21.786666631260118 ], [ 88.900833249355088, 21.776944280054579 ], [ 88.894722222952311, 21.755555510478473 ], [ 88.90555560560685, 21.751666546074375 ], [ 88.912460923133239, 21.75520420111306 ], [ 88.911388754987144, 21.761666655591739 ], [ 88.919253349662455, 21.770224452196771 ], [ 88.918055534535398, 21.774999856758058 ], [ 88.923055529489176, 21.788611054556526 ], [ 88.917777657512914, 21.791666627113187 ], [ 88.934999942693224, 21.822499870872349 ], [ 88.913611054406744, 21.82583332045138 ], [ 88.883333325472648, 21.808611154880936 ], [ 88.895833253501934, 21.788055538832083 ] ], [ [ 88.92638874074791, 21.823888778444427 ], [ 88.934999942693224, 21.824444412879416 ], [ 88.938888907097493, 21.816666722391403 ], [ 88.919722079910144, 21.791944504135557 ], [ 88.924444437061169, 21.787500024006931 ], [ 88.914999842368871, 21.755833267891035 ], [ 88.921388744894756, 21.766111135720365 ], [ 88.947777747744937, 21.764166712423958 ], [ 88.958888769101492, 21.770833253651801 ], [ 88.940420866230085, 21.782365441012416 ], [ 88.940277814669486, 21.793055534685266 ], [ 88.954166651170084, 21.808055520446032 ], [ 88.970000028778401, 21.80277764757048 ], [ 88.976388931304285, 21.821110964199761 ], [ 88.953888774147714, 21.825277805626314 ], [ 88.941388845219166, 21.847222208738032 ], [ 88.924722075763242, 21.835277676823381 ], [ 88.92638874074791, 21.823888778444427 ] ], [ [ 88.951389670596967, 21.758186578747683 ], [ 88.965897917854733, 21.75186645996925 ], [ 88.969108342875785, 21.740424752500388 ], [ 88.983808755469823, 21.747828721618276 ], [ 88.98728525660934, 21.74702560904467 ], [ 88.988694548214966, 21.739719867477959 ], [ 88.976669907390402, 21.728689074641096 ], [ 88.993620276254916, 21.723564625207331 ], [ 88.999902128880279, 21.71729636223742 ], [ 89.014792442317486, 21.718752026484879 ], [ 88.999115705925163, 21.75172507755039 ], [ 88.996681571197684, 21.768488049284116 ], [ 89.009022713127848, 21.782594561290011 ], [ 88.989887118495886, 21.78910076598757 ], [ 88.951389670596967, 21.758186578747683 ] ], [ [ 89.020274758073782, 21.714193105827263 ], [ 88.998886346427895, 21.716048002513389 ], [ 88.990811228555486, 21.723429560525858 ], [ 88.976314544780479, 21.727370023707749 ], [ 88.970674276596611, 21.721165656669825 ], [ 88.992386340757122, 21.701084255833848 ], [ 88.995699643723611, 21.672489046932043 ], [ 88.989519357832108, 21.661652207283538 ], [ 88.99297320864676, 21.651508569564953 ], [ 89.017954468524039, 21.661371469517803 ], [ 89.024192333509546, 21.687207936996742 ], [ 89.007534265893781, 21.704576969051971 ], [ 89.020274758073782, 21.714193105827263 ] ], [ [ 88.969337939794201, 21.72277331353763 ], [ 88.987322211550833, 21.744797110598199 ], [ 88.967305779538236, 21.739429712011713 ], [ 88.963906049924418, 21.752209424525375 ], [ 88.922338008991943, 21.761029601035318 ], [ 88.931109309147388, 21.736052632722874 ], [ 88.922681927728917, 21.720322847121707 ], [ 88.94994235025942, 21.70243787760603 ], [ 88.973237752720166, 21.698610544640985 ], [ 88.983245372475977, 21.705665350175849 ], [ 88.969337939794201, 21.72277331353763 ] ], [ [ 88.941944360943609, 21.689722061024383 ], [ 88.882072925625124, 21.745128512570801 ], [ 88.872499942818223, 21.720555544003219 ], [ 88.873055457643403, 21.694444418175408 ], [ 88.887777805601303, 21.65805554412816 ], [ 88.920833348780064, 21.632222056103046 ], [ 88.941944360943609, 21.689722061024383 ] ], [ [ 88.939672112278316, 21.646673441026508 ], [ 88.955910801742249, 21.617391467542262 ], [ 88.974834204035375, 21.613002061895742 ], [ 88.987806320205578, 21.613022565539069 ], [ 88.995069861085227, 21.6259610650512 ], [ 88.99019432061155, 21.644516945001044 ], [ 88.971029400886295, 21.640530943748161 ], [ 88.965412855019309, 21.641650080786661 ], [ 88.961858153331235, 21.648617148462677 ], [ 88.96099603174153, 21.666370869120357 ], [ 88.955028056899408, 21.676849722836494 ], [ 88.939672112278316, 21.646673441026508 ] ], [ [ 88.773552417809896, 21.621504544798995 ], [ 88.770136236897969, 21.655346154801208 ], [ 88.748959660559962, 21.645783543875524 ], [ 88.736206770326334, 21.644781470688429 ], [ 88.72975122893618, 21.640149712139561 ], [ 88.736112117580234, 21.623531341498278 ], [ 88.736145019277359, 21.612025618487564 ], [ 88.754543543050119, 21.603766322158123 ], [ 88.758378744183773, 21.599725961384109 ], [ 88.757957458569905, 21.597235322252374 ], [ 88.749227643241255, 21.590220212792644 ], [ 88.750875354114413, 21.577143430824691 ], [ 88.787813543960027, 21.580636144042899 ], [ 88.797953248044024, 21.591346263819105 ], [ 88.79420900344283, 21.599760055582152 ], [ 88.782281636888143, 21.596511602728413 ], [ 88.790643453232889, 21.602766036823226 ], [ 88.773552417809896, 21.621504544798995 ] ], [ [ 88.73585402924013, 21.610401749541154 ], [ 88.728255152753235, 21.638155936747125 ], [ 88.720898628269168, 21.638182163675935 ], [ 88.707372545906395, 21.592878103341889 ], [ 88.71446585681386, 21.578393936331224 ], [ 88.735935926002213, 21.571673750543198 ], [ 88.746922850809057, 21.577799439492622 ], [ 88.747290849792961, 21.588889360055987 ], [ 88.756943941509775, 21.599408745317447 ], [ 88.73585402924013, 21.610401749541154 ] ], [ [ 88.595284461708587, 21.620654225012515 ], [ 88.605648636575353, 21.62429010850181 ], [ 88.596420050045282, 21.647781729543226 ], [ 88.586176514734433, 21.657697677805629 ], [ 88.57673835738936, 21.691854953443425 ], [ 88.567592978833005, 21.690826177586132 ], [ 88.571200847541178, 21.666743040059316 ], [ 88.553527355403247, 21.640268445132676 ], [ 88.595284461708587, 21.620654225012515 ] ], [ [ 88.565796733232702, 21.701312541540631 ], [ 88.55290174471989, 21.702763915122659 ], [ 88.562966108099459, 21.706251025564484 ], [ 88.567598819929714, 21.70101153845178 ], [ 88.567757248997879, 21.692879319025394 ], [ 88.573905110732341, 21.693648338300306 ], [ 88.56890821484231, 21.701738238329114 ], [ 88.568523049599122, 21.709390401445972 ], [ 88.559050441025164, 21.712417840510994 ], [ 88.552433729433204, 21.723091244565353 ], [ 88.54316174971504, 21.723992347269103 ], [ 88.553118824873906, 21.724022149902368 ], [ 88.569819211887221, 21.710637807888645 ], [ 88.57970535751636, 21.684830665502886 ], [ 88.590550422364203, 21.690302848597611 ], [ 88.58630597574026, 21.697957515427078 ], [ 88.587186813121008, 21.709342240951713 ], [ 88.570701718409651, 21.732582807250878 ], [ 88.541661143647019, 21.736049056119157 ], [ 88.529076814243666, 21.719403743587918 ], [ 88.517271637676089, 21.711717844203235 ], [ 88.533435344365813, 21.668562650945631 ], [ 88.528008461021756, 21.656411051928586 ], [ 88.545979142223729, 21.637046456628696 ], [ 88.551675915711002, 21.636287450405575 ], [ 88.552780150983295, 21.648527145211688 ], [ 88.568918227893988, 21.66920614284922 ], [ 88.565796733232702, 21.701312541540631 ] ], [ [ 88.464686631882699, 21.672822714296871 ], [ 88.46708404998904, 21.667608142002194 ], [ 88.470928311792164, 21.673106909056685 ], [ 88.453020334021261, 21.709553122078916 ], [ 88.438351750233181, 21.707064509119846 ], [ 88.419273138444652, 21.688985109775018 ], [ 88.419998407500572, 21.653123736671148 ], [ 88.437408804772616, 21.633809208428232 ], [ 88.441514730620469, 21.615139960840565 ], [ 88.453673243625332, 21.62375044782496 ], [ 88.464686631882699, 21.672822714296871 ] ], [ [ 88.592734336920245, 21.718801974831308 ], [ 88.620991229861403, 21.734437703936976 ], [ 88.586756229416579, 21.75224125423054 ], [ 88.582187176097335, 21.777832746384234 ], [ 88.568921208247303, 21.769083022763397 ], [ 88.583469748730039, 21.748106360320349 ], [ 88.579690813680173, 21.725988864694443 ], [ 88.592734336920245, 21.718801974831308 ] ], [ [ 88.696589112497605, 21.713232040826085 ], [ 88.687214732374144, 21.682860017076223 ], [ 88.723019003923952, 21.638533949682113 ], [ 88.735786080063605, 21.645316720190579 ], [ 88.751257657714831, 21.648506641568275 ], [ 88.708958268309487, 21.679418563416021 ], [ 88.696589112497605, 21.713232040826085 ] ], [ [ 88.796125411958343, 21.655555606006487 ], [ 88.807222247408873, 21.665833354225981 ], [ 88.806666612973885, 21.706666708401968 ], [ 88.764722228248303, 21.693055510603415 ], [ 88.757500052585527, 21.682222247558741 ], [ 88.730555534010733, 21.686388849765649 ], [ 88.759444356272098, 21.663055539081967 ], [ 88.794166565334848, 21.664444446653931 ], [ 88.787222147084464, 21.659166574677755 ], [ 88.796125411958343, 21.655555606006487 ] ], [ [ 88.763109803175013, 21.699940443196965 ], [ 88.803794264693664, 21.71666765249023 ], [ 88.815635561632035, 21.709312319607989 ], [ 88.822733402424745, 21.665000319409302 ], [ 88.809205650920177, 21.638008474911317 ], [ 88.815448045790703, 21.629111766994555 ], [ 88.845957755745957, 21.619977712701342 ], [ 88.841466545944371, 21.629112005314852 ], [ 88.841892004412642, 21.643945335908626 ], [ 88.828791737548812, 21.650501251531608 ], [ 88.842435955754837, 21.645509362167445 ], [ 88.843701363027577, 21.62709677209844 ], [ 88.860016703508137, 21.636962056153976 ], [ 88.839120745326255, 21.706887125940227 ], [ 88.86414134514709, 21.760808110605865 ], [ 88.831655144769201, 21.765859842657648 ], [ 88.809152245579838, 21.748541355199478 ], [ 88.796616912140934, 21.746961116862138 ], [ 88.790805100974666, 21.749029755418945 ], [ 88.792708635695107, 21.735217452123806 ], [ 88.780408858981701, 21.730917453477758 ], [ 88.782153010453186, 21.716921329655719 ], [ 88.763109803175013, 21.699940443196965 ] ], [ [ 88.786534071290504, 21.736355543273731 ], [ 88.783262968111586, 21.757200240998344 ], [ 88.782323241324576, 21.76685524017725 ], [ 88.795825958401366, 21.787110925129184 ], [ 88.787191033239623, 21.79608571488393 ], [ 88.793216704987032, 21.810358762446981 ], [ 88.782419800633392, 21.82497894742059 ], [ 88.766539454132641, 21.786983132365691 ], [ 88.749702810836112, 21.769690036366171 ], [ 88.764277339028098, 21.761858224677383 ], [ 88.756291746866765, 21.733621835379466 ], [ 88.777094364413557, 21.731257676900356 ], [ 88.786534071290504, 21.736355543273731 ] ], [ [ 88.753508210235879, 21.783339738638091 ], [ 88.749574542331317, 21.799923419730106 ], [ 88.7501428131404, 21.814205646673344 ], [ 88.727293849431675, 21.793688178067015 ], [ 88.728250264937941, 21.779994248935509 ], [ 88.74604630499303, 21.772599219978133 ], [ 88.753508210235879, 21.783339738638091 ] ], [ [ 88.796173334132135, 21.748504042327767 ], [ 88.811258911969361, 21.750595331209666 ], [ 88.830441712914848, 21.767192601957106 ], [ 88.820793628623079, 21.786579251331489 ], [ 88.831161141773379, 21.807494044014987 ], [ 88.821905374133763, 21.822463870111591 ], [ 88.783979535327404, 21.765698671556464 ], [ 88.796173334132135, 21.748504042327767 ] ], [ [ 88.890848636955042, 21.651287436166342 ], [ 88.893955826999928, 21.650550603627551 ], [ 88.889383912038028, 21.654598712960336 ], [ 88.890848636955042, 21.651287436166342 ] ], [ [ 88.640341043904215, 21.678359627894622 ], [ 88.627518654062641, 21.658145308159476 ], [ 88.630285740294795, 21.649291872921651 ], [ 88.634158134690239, 21.65111875572606 ], [ 88.640341043904215, 21.678359627894622 ] ], [ [ 88.606116175221445, 21.680077433726694 ], [ 88.588044047794739, 21.701472163109912 ], [ 88.591767669142683, 21.690170526848419 ], [ 88.580340504610746, 21.682879567438164 ], [ 88.588720202175665, 21.657421826955812 ], [ 88.606116175221445, 21.680077433726694 ] ], [ [ 88.506398558946358, 21.788479208548637 ], [ 88.501913428561949, 21.78442835808238 ], [ 88.501666427064009, 21.781136631650327 ], [ 88.505326509510923, 21.783139824743159 ], [ 88.506398558946358, 21.788479208548637 ] ], [ [ 88.855318546214022, 21.919084668222922 ], [ 88.906830907220666, 21.928952574701611 ], [ 88.902959108176418, 22.011187552963264 ], [ 88.875895142546852, 22.011927723785504 ], [ 88.866131067295015, 22.024490475754959 ], [ 88.852381467430831, 22.017887353818338 ], [ 88.812765002103305, 22.019432902606411 ], [ 88.802083611169877, 22.029772043045398 ], [ 88.779689550632355, 22.015798449938615 ], [ 88.762029051899361, 22.014855742798346 ], [ 88.761603951361366, 22.007963656997248 ], [ 88.772511958859951, 22.012243628640562 ], [ 88.761509061194346, 22.006295323770217 ], [ 88.759839534567021, 21.996041059547309 ], [ 88.753705025066978, 21.987823724685256 ], [ 88.777081846749951, 21.990388154989461 ], [ 88.789962768966774, 21.98488354683829 ], [ 88.782565474617087, 21.973989963566055 ], [ 88.80014753358185, 21.97061765158341 ], [ 88.781872034366899, 21.972656250085947 ], [ 88.773922324256006, 21.989466547743007 ], [ 88.753475546859164, 21.985204219898918 ], [ 88.752165317375528, 21.956444739932891 ], [ 88.775673031785146, 21.943414210997105 ], [ 88.786943078460439, 21.955107569458818 ], [ 88.790234923602867, 21.941940069278814 ], [ 88.825261950678652, 21.939520240067054 ], [ 88.855318546214022, 21.919084668222922 ] ], [ [ 88.741316318893013, 21.987971424841447 ], [ 88.758244872003246, 21.995251774949566 ], [ 88.758230567386903, 22.007063030934205 ], [ 88.741316318893013, 21.987971424841447 ] ], [ [ 88.791335821491003, 22.03142654919597 ], [ 88.779196739238188, 22.036710620199045 ], [ 88.775432467634431, 22.049726605298645 ], [ 88.751599311958756, 22.050589441849297 ], [ 88.761592269167949, 22.021579026750771 ], [ 88.777908920860028, 22.019884705814576 ], [ 88.791335821491003, 22.03142654919597 ] ], [ [ 88.73143935174474, 22.045246601049826 ], [ 88.7309364076892, 22.04359781728553 ], [ 88.733983516725942, 22.042257428137873 ], [ 88.73143935174474, 22.045246601049826 ] ], [ [ 88.748387217796022, 22.059990048002362 ], [ 88.782017827061082, 22.048440456062281 ], [ 88.787073254427156, 22.071894049271066 ], [ 88.793899655544777, 22.055575728437191 ], [ 88.804525017815337, 22.065367817570859 ], [ 88.812431216027818, 22.061995625198051 ], [ 88.82772350303739, 22.071239709744873 ], [ 88.836458802431849, 22.069339752527611 ], [ 88.827411055176213, 22.0861972573976 ], [ 88.815338253857448, 22.080788373984348 ], [ 88.804129958231073, 22.084504723414312 ], [ 88.798642278018718, 22.097817420937332 ], [ 88.798556208402459, 22.108507513710805 ], [ 88.784450054326641, 22.106996536660944 ], [ 88.748387217796022, 22.059990048002362 ] ], [ [ 88.775748849130167, 22.109605669566037 ], [ 88.794677734589783, 22.113922238220738 ], [ 88.804276227566021, 22.130237221670484 ], [ 88.82106494868853, 22.126687049867542 ], [ 88.855585574714581, 22.144186615819677 ], [ 88.845451474306202, 22.147970676105871 ], [ 88.851184248554347, 22.155794858845695 ], [ 88.843235134693856, 22.16722762615413 ], [ 88.850992321538541, 22.173480272396745 ], [ 88.867999553636565, 22.17030084161064 ], [ 88.859647154992302, 22.204119562967463 ], [ 88.843582749644185, 22.189384102894081 ], [ 88.828031063083159, 22.207845806738703 ], [ 88.839078545538513, 22.167737245877248 ], [ 88.82976615388506, 22.165210723795923 ], [ 88.809028029420091, 22.179200053239924 ], [ 88.775293111388152, 22.145348429286628 ], [ 88.749086975783399, 22.134843707471191 ], [ 88.735463142510156, 22.10502815272713 ], [ 88.702772855383074, 22.078314661892193 ], [ 88.705149531525734, 22.064269065465112 ], [ 88.739224553370519, 22.057000875090409 ], [ 88.749182223880638, 22.080271958983786 ], [ 88.769213438049775, 22.092011451767092 ], [ 88.775748849130167, 22.109605669566037 ] ], [ [ 88.722936272590999, 22.101207614140122 ], [ 88.69465970967795, 22.087399124869791 ], [ 88.692822933431756, 22.078211426915885 ], [ 88.719078660351926, 22.095736860967435 ], [ 88.722936272590999, 22.101207614140122 ] ], [ [ 88.689573168466978, 22.081713556935114 ], [ 88.688913345774409, 22.081257343451682 ], [ 88.69013607482006, 22.080095172054627 ], [ 88.689573168466978, 22.081713556935114 ] ], [ [ 88.735676049809996, 22.128854036484711 ], [ 88.730477928813428, 22.124338746436024 ], [ 88.728291034803561, 22.11302137383737 ], [ 88.73364734654794, 22.11952567107295 ], [ 88.735676049809996, 22.128854036484711 ] ], [ [ 88.852907061811521, 22.170137524727068 ], [ 88.84836566444389, 22.164898753474802 ], [ 88.859701156583213, 22.141606450077632 ], [ 88.830920458012798, 22.126963377358038 ], [ 88.8452780247612, 22.122373699886452 ], [ 88.852844953731704, 22.102148652138681 ], [ 88.871839404265216, 22.08801460289169 ], [ 88.89523851834295, 22.091339111410917 ], [ 88.889416455804877, 22.101644754801669 ], [ 88.892426371579944, 22.114193558286189 ], [ 88.896501541513004, 22.090711116624789 ], [ 88.917403579111948, 22.091264248246546 ], [ 88.923609018141775, 22.106428027531479 ], [ 88.886781573510945, 22.16421067678138 ], [ 88.852907061811521, 22.170137524727068 ] ], [ [ 88.894725561235674, 22.171156167922902 ], [ 88.913017272529231, 22.130056023566681 ], [ 88.929829835578602, 22.123693465780889 ], [ 88.938828706479768, 22.127004146324367 ], [ 88.929430722749686, 22.13635575741236 ], [ 88.930760622205042, 22.138923644710445 ], [ 88.936259627579915, 22.142740845913409 ], [ 88.930891156102092, 22.136840105286694 ], [ 88.940268039938218, 22.127130866196552 ], [ 88.931055307556534, 22.122470140484694 ], [ 88.923275470386756, 22.122497559015187 ], [ 88.930624723851935, 22.097709656075864 ], [ 88.901255846180362, 22.064117669994545 ], [ 88.910365223976015, 22.048871755627147 ], [ 88.918673634080989, 21.9808385374686 ], [ 88.935078620781866, 21.990373849473656 ], [ 88.924019456133038, 22.024280429198541 ], [ 88.925051570273837, 22.064709306089696 ], [ 88.966786027153574, 22.078519940243126 ], [ 88.950806140990636, 22.104454040821395 ], [ 88.96907234211497, 22.082778454062492 ], [ 88.985905528417533, 22.137615442298909 ], [ 88.979083776795022, 22.131005764304632 ], [ 88.96892833727307, 22.141682744063445 ], [ 88.967605233095043, 22.148437499790816 ], [ 88.969226360008548, 22.154739856958884 ], [ 88.9532103534751, 22.157895326208404 ], [ 88.970436811509813, 22.155988931643975 ], [ 88.969616770997249, 22.143164277309666 ], [ 88.980870723405275, 22.133087277555916 ], [ 88.985077858056769, 22.148437499790816 ], [ 88.958980679814687, 22.190213561106958 ], [ 88.94273245304035, 22.189968347461303 ], [ 88.946169376815448, 22.186190962842687 ], [ 88.945312500071935, 22.181919574328958 ], [ 88.932752251815003, 22.174442768219251 ], [ 88.925445556966991, 22.175247431224022 ], [ 88.918929934568922, 22.161023617046339 ], [ 88.894725561235674, 22.171156167922902 ] ], [ [ 88.941845059601889, 22.192344546064078 ], [ 88.960483312954665, 22.192919850470759 ], [ 88.954432010529018, 22.221111774588792 ], [ 88.918726802000464, 22.230363846014768 ], [ 88.908162831949284, 22.195453047320314 ], [ 88.931712747045793, 22.176960825881451 ], [ 88.944465041028906, 22.18393480754537 ], [ 88.941845059601889, 22.192344546064078 ] ], [ [ 88.886530875799309, 22.057785869022666 ], [ 88.891979336577293, 22.049657225300706 ], [ 88.890427231731422, 22.045701742541411 ], [ 88.852069258789385, 22.041844606043838 ], [ 88.878744721791548, 22.014567851824978 ], [ 88.901601672379428, 22.018447041497836 ], [ 88.903366565814366, 22.049401640673295 ], [ 88.886530875799309, 22.057785869022666 ] ], [ [ 88.859729766715446, 22.045835733432426 ], [ 88.890768766365596, 22.04857242078063 ], [ 88.870298266651758, 22.062876462578771 ], [ 88.868704557369568, 22.081507325302908 ], [ 88.819551467925947, 22.062867760738641 ], [ 88.831486105499522, 22.051767111263274 ], [ 88.845359325272767, 22.06085503123478 ], [ 88.831701874441961, 22.044273852955996 ], [ 88.838519454109615, 22.023936748781978 ], [ 88.859160542625006, 22.025182246863267 ], [ 88.849929571092872, 22.041198373006637 ], [ 88.859729766715446, 22.045835733432426 ] ], [ [ 88.779993653684272, 22.037978410675208 ], [ 88.832740307219495, 22.027762174285016 ], [ 88.831060647930684, 22.050719857035858 ], [ 88.805757403781314, 22.064126014803747 ], [ 88.797633171233912, 22.054910659998995 ], [ 88.791808724593096, 22.054695248986576 ], [ 88.78794276754482, 22.05951297294547 ], [ 88.779993653684272, 22.037978410675208 ] ], [ [ 88.837120652196489, 22.0734168290235 ], [ 88.867380380300375, 22.082454204398033 ], [ 88.838869928904245, 22.089942813210286 ], [ 88.843678236061891, 22.097822070432272 ], [ 88.841399311728907, 22.090152263516188 ], [ 88.867887258889965, 22.086676359526393 ], [ 88.849610567174039, 22.103134870278097 ], [ 88.845801949100832, 22.119108677023888 ], [ 88.806329846545253, 22.125158905659049 ], [ 88.798756241907171, 22.110836744320352 ], [ 88.805942058879026, 22.084763526715506 ], [ 88.825117945836638, 22.087182522255631 ], [ 88.820745348519068, 22.092902779739518 ], [ 88.819067954622568, 22.104557514118085 ], [ 88.837120652196489, 22.0734168290235 ] ], [ [ 88.870192766283168, 22.086871147285649 ], [ 88.870998859210061, 22.06396853901694 ], [ 88.89102351642228, 22.060319900443091 ], [ 88.904452443225836, 22.086041927393097 ], [ 88.870192766283168, 22.086871147285649 ] ], [ [ 88.917998552591229, 22.423857569871018 ], [ 88.911639571409097, 22.425150036844826 ], [ 88.911579251181507, 22.423115253266388 ], [ 88.917998552591229, 22.423857569871018 ] ], [ [ 88.585795759766626, 21.874000310465959 ], [ 88.581207752335928, 21.872064351588676 ], [ 88.58233785660687, 21.865592956949484 ], [ 88.585795759766626, 21.874000310465959 ] ], [ [ 88.42537474624757, 21.904079675936373 ], [ 88.42066085351567, 21.904486656034436 ], [ 88.420722841985679, 21.90407991425667 ], [ 88.42537474624757, 21.904079675936373 ] ], [ [ 88.109618544560277, 21.883961558479257 ], [ 88.10693955411719, 21.899188042094551 ], [ 88.112606406260653, 21.910811066377676 ], [ 88.104639529890477, 21.897680759459575 ], [ 88.109618544560277, 21.883961558479257 ] ], [ [ 88.130055308006177, 21.899088859463376 ], [ 88.144668102351062, 21.915490031239983 ], [ 88.13304555380941, 21.927557706423045 ], [ 88.116083264431182, 21.917551637098455 ], [ 88.130055308006177, 21.899088859463376 ] ], [ [ 88.081859946179605, 21.931724548748974 ], [ 88.143429279038145, 22.020641445746179 ], [ 88.141650915557392, 22.025993466825042 ], [ 88.093985319167217, 22.01122724993769 ], [ 88.070652246803917, 21.990872979504474 ], [ 88.046065568970874, 21.913018464930246 ], [ 88.081859946179605, 21.931724548748974 ] ], [ [ 88.162777662259344, 21.937222242012894 ], [ 88.159722209312605, 21.928611159677359 ], [ 88.165277719091563, 21.916111112038237 ], [ 88.17138874549434, 21.932222247059087 ], [ 88.162777662259344, 21.937222242012894 ] ], [ [ 88.136204719272513, 21.895444035813625 ], [ 88.137694001077335, 21.895489573884817 ], [ 88.138349175174341, 21.898116230979326 ], [ 88.136204719272513, 21.895444035813625 ] ], [ [ 87.988888740822773, 22.218611121506143 ], [ 87.99277782483685, 22.212222218080996 ], [ 87.996666550920594, 22.212777733805439 ], [ 87.993888855386473, 22.215555548949482 ], [ 87.988888740822773, 22.218611121506143 ] ], [ [ 88.388066172415989, 22.870453238426308 ], [ 88.385361432584176, 22.870709419304319 ], [ 88.38544976669354, 22.870288252401025 ], [ 88.388066172415989, 22.870453238426308 ] ], [ [ 88.409765004851209, 22.940250038808301 ], [ 88.407034754850116, 22.944940209223375 ], [ 88.409046531072619, 22.937435864973253 ], [ 88.409765004851209, 22.940250038808301 ] ], [ [ 88.45413064960988, 23.036780118707554 ], [ 88.451529741004862, 23.039150357503019 ], [ 88.452460050990709, 23.033328175355081 ], [ 88.45413064960988, 23.036780118707554 ] ], [ [ 88.503520131249076, 23.129276752720045 ], [ 88.500561832962234, 23.127262115754064 ], [ 88.504292249587792, 23.126510858089631 ], [ 88.503520131249076, 23.129276752720045 ] ], [ [ 88.437516331313731, 23.216625571113212 ], [ 88.442740678339732, 23.217875718689527 ], [ 88.446393251447518, 23.221179843175264 ], [ 88.442013144790934, 23.220815658216111 ], [ 88.437516331313731, 23.216625571113212 ] ], [ [ 88.35224044304212, 23.307756543229942 ], [ 88.349418640258165, 23.301287055153495 ], [ 88.350412845276736, 23.295897245461617 ], [ 88.355043649644784, 23.300827741706939 ], [ 88.35224044304212, 23.307756543229942 ] ], [ [ 88.371234059004649, 23.460090279143088 ], [ 88.369474053385005, 23.458755374061326 ], [ 88.372459649693241, 23.454817176271774 ], [ 88.371234059004649, 23.460090279143088 ] ], [ [ 88.337222218130961, 23.355277657238162 ], [ 88.336666703305838, 23.353888749666083 ], [ 88.338888764405027, 23.354444503710937 ], [ 88.337222218130961, 23.355277657238162 ] ], [ [ 87.936110973442766, 22.406388759833504 ], [ 87.932777643473543, 22.408888936275474 ], [ 87.938055515449747, 22.396666646048914 ], [ 87.936110973442766, 22.406388759833504 ] ], [ [ 87.924816251169119, 22.42683923254458 ], [ 87.919212102456669, 22.429117322306666 ], [ 87.925678372758711, 22.424829244174362 ], [ 87.924816251169119, 22.42683923254458 ] ], [ [ 87.914166569431785, 22.428611159577429 ], [ 87.911111116484932, 22.433055520096246 ], [ 87.90805554392827, 22.431666612524253 ], [ 87.914166569431785, 22.428611159577429 ] ], [ [ 87.894570946392179, 22.497001051557362 ], [ 87.887006759454465, 22.491210937434914 ], [ 87.900540948306144, 22.483242154501824 ], [ 87.901471734033322, 22.487535953221681 ], [ 87.894570946392179, 22.497001051557362 ] ], [ [ 88.03153824799179, 22.06022167199265 ], [ 88.027928710141936, 22.059528946703608 ], [ 88.031011343298957, 22.058997034585531 ], [ 88.03153824799179, 22.06022167199265 ] ], [ [ 87.305137038243828, 21.586774468467041 ], [ 87.30382573586914, 21.574675917759436 ], [ 87.317151308086551, 21.573780774862939 ], [ 87.316894173927068, 21.576252817813355 ], [ 87.305137038243828, 21.586774468467041 ] ], [ [ 87.30119526385036, 21.578960061357805 ], [ 87.3046325446563, 21.59852802754645 ], [ 87.299619913328428, 21.590458750770807 ], [ 87.30119526385036, 21.578960061357805 ] ], [ [ 87.306746006323152, 21.598460674620469 ], [ 87.316555976677051, 21.602629780539985 ], [ 87.318990707655047, 21.605453968326003 ], [ 87.310833335090393, 21.604444503611006 ], [ 87.306746006323152, 21.598460674620469 ] ], [ [ 87.175490260367241, 21.756363272547105 ], [ 87.170603156410692, 21.755176544262213 ], [ 87.17775785953765, 21.751573920400233 ], [ 87.175490260367241, 21.756363272547105 ] ], [ [ 87.174444436961295, 21.789444446404161 ], [ 87.168888926283074, 21.791111111388744 ], [ 87.165833353726413, 21.786944269962191 ], [ 87.174444436961295, 21.789444446404161 ] ], [ [ 87.213757038456635, 21.812050938500136 ], [ 87.211437702188306, 21.806624412186949 ], [ 87.210758804875042, 21.798998355489772 ], [ 87.21596670150214, 21.807125568390404 ], [ 87.213757038456635, 21.812050938500136 ] ], [ [ 87.218803524762876, 21.988420725236381 ], [ 87.214646220646642, 21.987930655875118 ], [ 87.217920779920149, 21.982818961525879 ], [ 87.218803524762876, 21.988420725236381 ] ], [ [ 87.209087610005355, 22.006106615428024 ], [ 87.206680655487872, 21.999609232180404 ], [ 87.211938142531295, 21.993395924981996 ], [ 87.209087610005355, 22.006106615428024 ] ], [ [ 87.123610973267915, 21.514444351625571 ], [ 87.122438907529641, 21.520824551412034 ], [ 87.118880152596972, 21.517222047159777 ], [ 87.123610973267915, 21.514444351625571 ] ], [ [ 86.716855167931811, 20.684469104066011 ], [ 86.705131173165256, 20.682672620145382 ], [ 86.730389953034006, 20.676408052489734 ], [ 86.740154266606197, 20.671429514460613 ], [ 86.716855167931811, 20.684469104066011 ] ], [ [ 86.7259746792881, 20.676546573265824 ], [ 86.724540710285652, 20.675686002107398 ], [ 86.729889511791697, 20.674944043432902 ], [ 86.7259746792881, 20.676546573265824 ] ], [ [ 86.664533972864689, 20.70009720332331 ], [ 86.655449866917905, 20.700381756013229 ], [ 86.651295661865419, 20.697492837724383 ], [ 86.664533972864689, 20.70009720332331 ] ], [ [ 86.596304654836018, 20.716446280071807 ], [ 86.577699780720394, 20.699934721010635 ], [ 86.583751440176883, 20.691377044015496 ], [ 86.595264315495825, 20.702098012313513 ], [ 86.605591416710553, 20.697632551001504 ], [ 86.60559344288319, 20.709996819897356 ], [ 86.596304654836018, 20.716446280071807 ] ], [ [ 85.899427533154295, 20.842686057315746 ], [ 85.891819477287214, 20.841898440960335 ], [ 85.900277376300011, 20.840838551258202 ], [ 85.899427533154295, 20.842686057315746 ] ], [ [ 85.701801419100349, 20.834054470437536 ], [ 85.703542351898108, 20.834967732874674 ], [ 85.701602101455848, 20.835205316672102 ], [ 85.701801419100349, 20.834054470437536 ] ], [ [ 85.684764623588677, 20.823547601940334 ], [ 85.683149814412531, 20.825138449579811 ], [ 85.682834148776948, 20.823522448802009 ], [ 85.684764623588677, 20.823547601940334 ] ], [ [ 85.685089946144245, 20.824820041911494 ], [ 85.686004042252904, 20.824912547975828 ], [ 85.685867428938849, 20.825302719744855 ], [ 85.685089946144245, 20.824820041911494 ] ], [ [ 85.61771512075623, 20.790542244529007 ], [ 85.621357440693458, 20.795927405625349 ], [ 85.620974540842525, 20.803573847255279 ], [ 85.61517655855144, 20.79890322720226 ], [ 85.61771512075623, 20.790542244529007 ] ], [ [ 85.436865329771223, 20.779849409722544 ], [ 85.429687499678465, 20.783203124624606 ], [ 85.425987243616447, 20.787664652301942 ], [ 85.426924347980417, 20.78323960292542 ], [ 85.436865329771223, 20.779849409722544 ] ], [ [ 85.294593453525152, 20.869131326249828 ], [ 85.287471532485398, 20.856379150977091 ], [ 85.294258832878853, 20.849610447664048 ], [ 85.295634746146703, 20.861915945864297 ], [ 85.294593453525152, 20.869131326249828 ] ], [ [ 85.192996144456544, 21.03581941113697 ], [ 85.191091418134562, 21.035537004229411 ], [ 85.19326806077251, 21.034985542648741 ], [ 85.192996144456544, 21.03581941113697 ] ], [ [ 85.149438858016907, 21.12915694723543 ], [ 85.146903872415834, 21.136634469205489 ], [ 85.145500540617519, 21.128834248002249 ], [ 85.149438858016907, 21.12915694723543 ] ], [ [ 85.155255436489227, 21.147987127603926 ], [ 85.153307557098088, 21.14966821681486 ], [ 85.154181242170665, 21.147731542976402 ], [ 85.155255436489227, 21.147987127603926 ] ], [ [ 85.148098707189689, 21.162565111890473 ], [ 85.1459995510385, 21.158412456369888 ], [ 85.14896035213863, 21.156676411387366 ], [ 85.148098707189689, 21.162565111890473 ] ], [ [ 85.1096930503941, 21.072499513541715 ], [ 85.113602757661198, 21.070549368758464 ], [ 85.113602757661198, 21.071100831238397 ], [ 85.1096930503941, 21.072499513541715 ] ], [ [ 86.661705971053806, 20.609182358079408 ], [ 86.669444442107448, 20.608055472482135 ], [ 86.67053186905062, 20.618827343307316 ], [ 86.667866229942575, 20.617413759237706 ], [ 86.661705971053806, 20.609182358079408 ] ], [ [ 86.567103743543015, 20.618067145482456 ], [ 86.566666722491306, 20.616944431840125 ], [ 86.568333267866166, 20.61611115960244 ], [ 86.567103743543015, 20.618067145482456 ] ], [ [ 86.44003605851745, 20.607591747860937 ], [ 86.437538027857869, 20.608064055611806 ], [ 86.44053590260998, 20.606107353871352 ], [ 86.44003605851745, 20.607591747860937 ] ], [ [ 86.285143733396609, 20.651361226639381 ], [ 86.284001469392337, 20.648122549416172 ], [ 86.287641764056247, 20.645558476142838 ], [ 86.285143733396609, 20.651361226639381 ] ], [ [ 86.603888750065863, 20.340000033374906 ], [ 86.593611121456121, 20.340833306511968 ], [ 86.590312361426442, 20.338255405262771 ], [ 86.603888750065863, 20.340000033374906 ] ], [ [ 86.594390153782598, 20.378799557253899 ], [ 86.592421412818027, 20.380739450665118 ], [ 86.592991709799577, 20.377058148714667 ], [ 86.594390153782598, 20.378799557253899 ] ], [ [ 86.595738053168731, 20.380911111458715 ], [ 86.599707126482855, 20.384298562628601 ], [ 86.597581505981822, 20.387669443789804 ], [ 86.595738053168731, 20.380911111458715 ] ], [ [ 86.59739577799283, 20.394710421348947 ], [ 86.594112515080525, 20.397948980760958 ], [ 86.597038864951827, 20.393428444966816 ], [ 86.59739577799283, 20.394710421348947 ] ], [ [ 86.572471737480811, 20.406039714461286 ], [ 86.513994335870024, 20.415736556397036 ], [ 86.494821309655862, 20.391833662793402 ], [ 86.504617333323409, 20.390625000043769 ], [ 86.514273643713778, 20.400600433063573 ], [ 86.526569366283326, 20.391489744056514 ], [ 86.563406348224561, 20.393888950015139 ], [ 86.572471737480811, 20.406039714461286 ] ], [ [ 86.413242340062055, 20.454170942035404 ], [ 86.368862747717714, 20.465853452874654 ], [ 86.353410125077318, 20.46223533189513 ], [ 86.34518182298288, 20.469319105492417 ], [ 86.307173728584843, 20.465942144014775 ], [ 86.333814263717414, 20.454318523481135 ], [ 86.341533422729327, 20.463374614646824 ], [ 86.345069646946769, 20.463178515676049 ], [ 86.352155208396226, 20.456419229164226 ], [ 86.360777258863521, 20.462423443986808 ], [ 86.383264422615156, 20.455949426025256 ], [ 86.386992931778508, 20.443984627888284 ], [ 86.398756861839814, 20.451388001655033 ], [ 86.411059856327398, 20.448714256058111 ], [ 86.413242340062055, 20.454170942035404 ] ], [ [ 86.06247377384571, 20.455680847093447 ], [ 86.066788553748864, 20.458777069905892 ], [ 86.067030548720908, 20.463056921939483 ], [ 86.061394930032151, 20.462987423231084 ], [ 86.06247377384571, 20.455680847093447 ] ], [ [ 85.995590448640399, 20.453746676068334 ], [ 85.993335008304115, 20.452937126147532 ], [ 85.995604753256799, 20.452923655202653 ], [ 85.995590448640399, 20.453746676068334 ] ], [ [ 85.94558775437153, 20.47600877278677 ], [ 85.930663466345919, 20.482306122529593 ], [ 85.946200012820356, 20.473984718120306 ], [ 85.94558775437153, 20.47600877278677 ] ], [ [ 86.489943743009377, 20.170179009054095 ], [ 86.495866775131589, 20.161608576974345 ], [ 86.507821917247753, 20.172960042871722 ], [ 86.498565315936702, 20.176669836244059 ], [ 86.489943743009377, 20.170179009054095 ] ], [ [ 86.489256262566499, 20.146568179278177 ], [ 86.49468910661713, 20.148675918558865 ], [ 86.490360021198029, 20.14969337015296 ], [ 86.489256262566499, 20.146568179278177 ] ], [ [ 86.32101452330167, 19.988082408776236 ], [ 86.31967425376385, 19.993167042525045 ], [ 86.318374156941928, 19.994804859057126 ], [ 86.32101452330167, 19.988082408776236 ] ], [ [ 86.321081042556131, 19.993401646868548 ], [ 86.320760846136267, 20.000716805236479 ], [ 86.318847656294423, 20.002326964917543 ], [ 86.315737843826554, 19.998932361439401 ], [ 86.321081042556131, 19.993401646868548 ] ], [ [ 86.331458807078349, 19.99052667616526 ], [ 86.336895346443185, 19.999285221235979 ], [ 86.329313754926005, 20.010442257304334 ], [ 86.326409459129337, 20.003455043015933 ], [ 86.331458807078349, 19.99052667616526 ] ], [ [ 86.312872647854505, 20.008198142130652 ], [ 86.314485549568559, 20.015384077813053 ], [ 86.309887409476488, 20.015999079194245 ], [ 86.312872647854505, 20.008198142130652 ] ], [ [ 86.321389675493293, 20.010130762724515 ], [ 86.325134515445683, 20.016620159093151 ], [ 86.315739155038131, 20.031132221275044 ], [ 86.301303267232157, 20.026803850817089 ], [ 86.316073536464643, 20.021334529365078 ], [ 86.321389675493293, 20.010130762724515 ] ], [ [ 86.272500037946514, 20.024444341832975 ], [ 86.268610953932495, 20.024722218855345 ], [ 86.26472222784858, 20.022222161123835 ], [ 86.272500037946514, 20.024444341832975 ] ], [ [ 86.255207061556717, 20.024802446475803 ], [ 86.253895044220968, 20.022466540198678 ], [ 86.257681846540066, 20.021392941231284 ], [ 86.255207061556717, 20.024802446475803 ] ], [ [ 86.27954363792864, 20.02685904490906 ], [ 86.307755828268881, 20.034261942035101 ], [ 86.267250776102486, 20.053092717754822 ], [ 86.268915772844736, 20.058253407169047 ], [ 86.244691014578763, 20.034114956839886 ], [ 86.247433662633426, 20.029017210076262 ], [ 86.266772866474611, 20.035366773557826 ], [ 86.27954363792864, 20.02685904490906 ] ], [ [ 86.267777800405241, 20.03083324435886 ], [ 86.26333332027653, 20.033611059502874 ], [ 86.262500048038902, 20.032222151930824 ], [ 86.267777800405241, 20.03083324435886 ] ], [ [ 86.254603147917095, 20.052404045710205 ], [ 86.26257634202463, 20.058698654319471 ], [ 86.250429749533424, 20.051580309883434 ], [ 86.254603147917095, 20.052404045710205 ] ], [ [ 86.299722075613403, 20.043888926432857 ], [ 86.296944380079168, 20.049722075813179 ], [ 86.291666626813395, 20.050277828958741 ], [ 86.291666626813395, 20.047222256402051 ], [ 86.299722075613403, 20.043888926432857 ] ], [ [ 86.298575401333864, 20.041182040818626 ], [ 86.303545951584539, 20.039062499734655 ], [ 86.299922347438468, 20.042364955078682 ], [ 86.298575401333864, 20.041182040818626 ] ], [ [ 86.313340544430645, 20.038225412572842 ], [ 86.309877753455709, 20.040567874907509 ], [ 86.308742046408469, 20.039062499734655 ], [ 86.313340544430645, 20.038225412572842 ] ], [ [ 86.32117235701881, 20.024234413987131 ], [ 86.326572060152472, 20.024415850411231 ], [ 86.320124029900086, 20.029546022231216 ], [ 86.32117235701881, 20.024234413987131 ] ], [ [ 86.147065043317156, 20.2148437503389 ], [ 86.123314857294957, 20.218113541406836 ], [ 86.121607422444725, 20.183527231596486 ], [ 86.132812500296808, 20.173828125167915 ], [ 86.146471142729155, 20.177594900484365 ], [ 86.147065043317156, 20.2148437503389 ] ], [ [ 86.119824529078898, 20.184319853578415 ], [ 86.118098616757919, 20.222897410387276 ], [ 86.069500565498771, 20.243484973952491 ], [ 86.061943530869343, 20.264104842964201 ], [ 86.029813051031539, 20.288195967370058 ], [ 86.014215349758643, 20.254214048739414 ], [ 86.038350462703733, 20.206784367904305 ], [ 86.053591012615158, 20.205688834472255 ], [ 86.06799137630108, 20.192830800900794 ], [ 86.12663626675041, 20.170338511912831 ], [ 86.119824529078898, 20.184319853578415 ] ], [ [ 84.761308431339131, 19.105512857332542 ], [ 84.76542842348303, 19.104216813755016 ], [ 84.764630079114994, 19.107319116883801 ], [ 84.761308431339131, 19.105512857332542 ] ], [ [ 84.767972946394508, 19.105615258637314 ], [ 84.767085433346125, 19.101665974005542 ], [ 84.769908547341657, 19.105489135015631 ], [ 84.767972946394508, 19.105615258637314 ] ], [ [ 83.270217537609398, 17.709669947510122 ], [ 83.268653154319651, 17.708722114234249 ], [ 83.269929766245781, 17.708248972811859 ], [ 83.270217537609398, 17.709669947510122 ] ], [ [ 82.197096943869013, 16.724373459367712 ], [ 82.192925572557186, 16.726162314339419 ], [ 82.196813464070175, 16.723446250244365 ], [ 82.197096943869013, 16.724373459367712 ] ], [ [ 81.758178353248496, 17.010526657479346 ], [ 81.752568721369443, 17.009196162672836 ], [ 81.760871052956787, 17.0027159456844 ], [ 81.758178353248496, 17.010526657479346 ] ], [ [ 81.753984927862206, 17.018699049621461 ], [ 81.74825692181949, 17.017723202463898 ], [ 81.750906347949609, 17.013417840261241 ], [ 81.753984927862206, 17.018699049621461 ] ], [ [ 81.734300732393052, 17.020457744929075 ], [ 81.746495365768595, 17.018749117577826 ], [ 81.746341704905916, 17.026118636366107 ], [ 81.735334753995716, 17.029479503576326 ], [ 81.734300732393052, 17.020457744929075 ] ], [ [ 81.747744679673389, 17.027131318855353 ], [ 81.749365568266484, 17.033869147543129 ], [ 81.740935564424916, 17.033592223802131 ], [ 81.740687728356107, 17.032440424286278 ], [ 81.747744679673389, 17.027131318855353 ] ], [ [ 81.762288927692026, 17.028140902280924 ], [ 81.763452053269731, 17.034019708442884 ], [ 81.751303553316433, 17.039642453336654 ], [ 81.735282421546657, 17.061095237555222 ], [ 81.74072444407787, 17.036816358987892 ], [ 81.748890757702469, 17.036505341948043 ], [ 81.762288927692026, 17.028140902280924 ] ], [ [ 81.7246667143975, 17.075419902606512 ], [ 81.720527410211872, 17.070695638892687 ], [ 81.720602869626788, 17.065102219991473 ], [ 81.726140260764481, 17.068205356791893 ], [ 81.7246667143975, 17.075419902606512 ] ], [ [ 81.712801456821779, 17.075751662509262 ], [ 81.707767844310609, 17.082095741925016 ], [ 81.712608813945707, 17.071398020202594 ], [ 81.712801456821779, 17.075751662509262 ] ], [ [ 81.709284543746861, 17.083379030418001 ], [ 81.714849948766272, 17.081698059917599 ], [ 81.709079742036607, 17.085930347707432 ], [ 81.709284543746861, 17.083379030418001 ] ], [ [ 81.727781057649764, 17.076494216534911 ], [ 81.734019875916687, 17.096570253814264 ], [ 81.723764300482088, 17.113327979802463 ], [ 81.716030478923557, 17.097562313050361 ], [ 81.727781057649764, 17.076494216534911 ] ], [ [ 81.715877056381061, 17.088298559431053 ], [ 81.712224841203493, 17.091043829908926 ], [ 81.712184905908686, 17.086903214511793 ], [ 81.715877056381061, 17.088298559431053 ] ], [ [ 81.657981037694896, 17.250857949434874 ], [ 81.64163935157498, 17.224428653359752 ], [ 81.658092975410597, 17.188025831726833 ], [ 81.665408849638794, 17.225580930415646 ], [ 81.657981037694896, 17.250857949434874 ] ], [ [ 81.66409933601571, 17.309917211510196 ], [ 81.657832860897912, 17.305571556082512 ], [ 81.660614847996868, 17.282359838236033 ], [ 81.677903056181179, 17.296258569077736 ], [ 81.66409933601571, 17.309917211510196 ] ], [ [ 81.291252374897255, 17.525523901107192 ], [ 81.284354925539532, 17.53049707378095 ], [ 81.29099822019171, 17.525203943007611 ], [ 81.291252374897255, 17.525523901107192 ] ], [ [ 81.541400670804393, 16.355044245895257 ], [ 81.525424361245342, 16.350754857450738 ], [ 81.520977854944164, 16.354291558308859 ], [ 81.51348674331868, 16.350449323577507 ], [ 81.546433329134999, 16.348961472593942 ], [ 81.541400670804393, 16.355044245895257 ] ], [ [ 81.491790056665849, 16.352101922265987 ], [ 81.540871500719305, 16.358736753398489 ], [ 81.555263399986046, 16.351913810174295 ], [ 81.545729041262376, 16.379776835132859 ], [ 81.522913455891427, 16.381904602315672 ], [ 81.512139439283743, 16.370548843954111 ], [ 81.494730829864039, 16.370455145388675 ], [ 81.477735757499346, 16.391211271582989 ], [ 81.491790056665849, 16.352101922265987 ] ], [ [ 80.896457552773853, 15.885439753741764 ], [ 80.89363873034327, 15.884235262947101 ], [ 80.894111156804598, 15.882749438136088 ], [ 80.896457552773853, 15.885439753741764 ] ], [ [ 80.902486443194874, 15.911982417454652 ], [ 80.899727940991767, 15.906067013382028 ], [ 80.900603175596103, 15.901382446642614 ], [ 80.903520703118005, 15.904708743014112 ], [ 80.902486443194874, 15.911982417454652 ] ], [ [ 80.905062675302332, 15.911667347170393 ], [ 80.909526109542327, 15.926486969398169 ], [ 80.908667206626347, 15.933268069865619 ], [ 80.90324735598071, 15.922269344154984 ], [ 80.905062675302332, 15.911667347170393 ] ], [ [ 80.909067034416154, 15.921078443915135 ], [ 80.912141561084326, 15.92332601518352 ], [ 80.911790251718827, 15.926605343561789 ], [ 80.909067034416154, 15.921078443915135 ] ], [ [ 80.902291655435619, 15.935664058049923 ], [ 80.895665764463473, 15.922160863433149 ], [ 80.899558543791869, 15.913269758292756 ], [ 80.901694178243901, 15.917637944435597 ], [ 80.902291655435619, 15.935664058049923 ] ], [ [ 80.903615355863991, 15.935496329991722 ], [ 80.906625270739625, 15.935382127783058 ], [ 80.908020853979366, 15.939330458234096 ], [ 80.903615355863991, 15.935496329991722 ] ], [ [ 80.903158664840674, 15.945724010254963 ], [ 80.908000826976746, 15.965170740637248 ], [ 80.889397024852911, 15.989955306192499 ], [ 80.903158664840674, 15.945724010254963 ] ], [ [ 80.893438100588043, 15.986666441403202 ], [ 80.898534059499269, 15.995117068498004 ], [ 80.890758753114113, 16.005116224734067 ], [ 80.889143467297203, 16.012922048713619 ], [ 80.893438100588043, 15.986666441403202 ] ], [ [ 80.90002191048282, 15.981800079410178 ], [ 80.909256339008863, 15.982283473103877 ], [ 80.901633500985298, 15.993623853058438 ], [ 80.898782133888432, 15.988489508384134 ], [ 80.90002191048282, 15.981800079410178 ] ], [ [ 80.886495709409502, 16.045151471962939 ], [ 80.882920503178781, 16.022181868698354 ], [ 80.886856914015453, 16.013421535775279 ], [ 80.894748926321967, 16.037342667630099 ], [ 80.886495709409502, 16.045151471962939 ] ], [ [ 80.890774250231544, 16.043943643784218 ], [ 80.891453862505756, 16.045479774871794 ], [ 80.890027642062051, 16.045050144448737 ], [ 80.890774250231544, 16.043943643784218 ] ], [ [ 80.886301756221229, 16.088085413111457 ], [ 80.882105946732139, 16.083346128021475 ], [ 80.890987753781957, 16.058321952496129 ], [ 80.887888312295928, 16.048841357043088 ], [ 80.8938908579768, 16.047510504306445 ], [ 80.896916747509948, 16.061013221383163 ], [ 80.887465357540265, 16.073522448402372 ], [ 80.886301756221229, 16.088085413111457 ] ], [ [ 80.885722756499973, 16.090793371616883 ], [ 80.88139963178773, 16.115712403804466 ], [ 80.870440602152229, 16.118674159085217 ], [ 80.864125132868622, 16.1337175371347 ], [ 80.862198233761575, 16.124351740140739 ], [ 80.870098352556994, 16.114539742715067 ], [ 80.869582533806891, 16.106142401350766 ], [ 80.874271750041402, 16.10316085828704 ], [ 80.876644611259934, 16.080537914892872 ], [ 80.885722756499973, 16.090793371616883 ] ], [ [ 80.683554410507753, 16.439701676691115 ], [ 80.682835340478704, 16.437992930629321 ], [ 80.684000968869753, 16.437870025681235 ], [ 80.683554410507753, 16.439701676691115 ] ], [ [ 80.598048448677019, 16.506481766920061 ], [ 80.598493337897338, 16.507716655699198 ], [ 80.584444522796645, 16.513342261336348 ], [ 80.588917851377886, 16.508412361341456 ], [ 80.598048448677019, 16.506481766920061 ] ], [ [ 80.577883124007116, 16.513230323620633 ], [ 80.570059657127644, 16.509445428763541 ], [ 80.579259634424687, 16.511168718661523 ], [ 80.577883124007116, 16.513230323620633 ] ], [ [ 80.563684105936744, 16.520823359910224 ], [ 80.593118071142072, 16.513704657543968 ], [ 80.566566109338538, 16.530964135986153 ], [ 80.563684105936744, 16.520823359910224 ] ], [ [ 80.555747628450405, 16.539448618958701 ], [ 80.539028048106019, 16.543397545660241 ], [ 80.549869656859272, 16.533228636092772 ], [ 80.560859441510019, 16.517388820237912 ], [ 80.555747628450405, 16.539448618958701 ] ], [ [ 80.543513656030512, 16.536152600961856 ], [ 80.5488921405599, 16.52725434261383 ], [ 80.557219266456087, 16.520557880042176 ], [ 80.549898266991562, 16.532263040307143 ], [ 80.543513656030512, 16.536152600961856 ] ], [ [ 80.559026718508363, 16.532584547938583 ], [ 80.562679529037126, 16.536093831165445 ], [ 80.557011604002383, 16.538357735021563 ], [ 80.559026718508363, 16.532584547938583 ] ], [ [ 80.542116045719098, 16.549943327722488 ], [ 80.547293543462359, 16.54630172274635 ], [ 80.549911618326604, 16.546309471305122 ], [ 80.549985528209646, 16.546691179554301 ], [ 80.542116045719098, 16.549943327722488 ] ], [ [ 80.539410710536032, 16.554591417060266 ], [ 80.537090659306585, 16.55529415630032 ], [ 80.539462566344383, 16.554271340250239 ], [ 80.539410710536032, 16.554591417060266 ] ], [ [ 80.530011057664325, 16.562946557737547 ], [ 80.527464151549424, 16.561543225939218 ], [ 80.530375003403748, 16.562062621292966 ], [ 80.530011057664325, 16.562946557737547 ] ], [ [ 80.520822405529685, 16.564885378257671 ], [ 80.521398424897455, 16.570669055032965 ], [ 80.519381045898655, 16.568385124174213 ], [ 80.520822405529685, 16.564885378257671 ] ], [ [ 80.484892844929021, 16.564233660255269 ], [ 80.519973516564704, 16.571120143280069 ], [ 80.502306461773941, 16.579726457410132 ], [ 80.470786452532849, 16.568789243528897 ], [ 80.484892844929021, 16.564233660255269 ] ], [ [ 80.456837058383684, 16.574856043071989 ], [ 80.455878734516119, 16.573709249182627 ], [ 80.457458972853459, 16.574127555342471 ], [ 80.456837058383684, 16.574856043071989 ] ], [ [ 80.41713952996534, 16.584593415653671 ], [ 80.387909650609998, 16.585966944818736 ], [ 80.364376544741816, 16.582711458367214 ], [ 80.399827241534041, 16.565336346894952 ], [ 80.41713952996534, 16.584593415653671 ] ], [ [ 80.412746548614365, 16.588879942455449 ], [ 80.408698200961254, 16.587646364887888 ], [ 80.413185477128167, 16.58858132346937 ], [ 80.412746548614365, 16.588879942455449 ] ], [ [ 80.144586443709471, 16.690811515139416 ], [ 80.143476843981233, 16.693014740837654 ], [ 80.144223332540918, 16.690271377821873 ], [ 80.144586443709471, 16.690811515139416 ] ], [ [ 80.782437920873434, 15.83766460373856 ], [ 80.789498925435197, 15.824400424639919 ], [ 80.791361809000392, 15.8238313201594 ], [ 80.791265249691577, 15.830836057737997 ], [ 80.782437920873434, 15.83766460373856 ] ], [ [ 80.790597915861241, 15.841462612509588 ], [ 80.786204576580047, 15.842460632452287 ], [ 80.788858532595356, 15.837673664408186 ], [ 80.790597915861241, 15.841462612509588 ] ], [ [ 80.780007958100924, 15.843545913613127 ], [ 80.775698542653771, 15.858024119917289 ], [ 80.773105263896952, 15.861657738913564 ], [ 80.780007958100924, 15.843545913613127 ] ], [ [ 80.787530541501297, 15.844881057914563 ], [ 80.788052559278213, 15.8544449809512 ], [ 80.785847544828442, 15.856565951957222 ], [ 80.784026146089928, 15.852841019397573 ], [ 80.787530541501297, 15.844881057914563 ] ], [ [ 80.060138702439218, 15.199570536251329 ], [ 80.059396743764779, 15.199079155678561 ], [ 80.062499642244717, 15.197150945359951 ], [ 80.060138702439218, 15.199570536251329 ] ], [ [ 80.188069462335903, 14.590725063910668 ], [ 80.190165042782581, 14.591171502662775 ], [ 80.188437938859948, 14.59272754204251 ], [ 80.188069462335903, 14.590725063910668 ] ], [ [ 80.185670018056982, 14.579345345811191 ], [ 80.190725207102759, 14.579440950939187 ], [ 80.19106173521098, 14.581491947495422 ], [ 80.185670018056982, 14.579345345811191 ] ], [ [ 80.105262875881039, 14.253576278622461 ], [ 80.102003454895652, 14.243633747299683 ], [ 80.108090401051214, 14.241785406671212 ], [ 80.105262875881039, 14.253576278622461 ] ], [ [ 80.100405454947889, 14.234235525249389 ], [ 80.09669280083213, 14.241441369223878 ], [ 80.0932898525447, 14.233341455243988 ], [ 80.100405454947889, 14.234235525249389 ] ], [ [ 80.124461650584834, 14.068565010666816 ], [ 80.126185775053528, 14.065290213072913 ], [ 80.129230380377834, 14.065327525045262 ], [ 80.124461650584834, 14.068565010666816 ] ], [ [ 79.836751818641602, 13.87958955721237 ], [ 79.840636969020949, 13.880867242928971 ], [ 79.835092305965219, 13.880495309411117 ], [ 79.836751818641602, 13.87958955721237 ] ], [ [ 80.321534872236583, 13.435195326503163 ], [ 80.32507586465951, 13.435603737422639 ], [ 80.32251822963272, 13.438372612406155 ], [ 80.321534872236583, 13.435195326503163 ] ], [ [ 80.285163641089213, 13.452189445586498 ], [ 80.275850772794996, 13.455266952607801 ], [ 80.286425352148314, 13.448513746412303 ], [ 80.285163641089213, 13.452189445586498 ] ], [ [ 80.224431157072246, 13.490050435179555 ], [ 80.227863073422128, 13.49232721373005 ], [ 80.227223873083318, 13.493887543775216 ], [ 80.224431157072246, 13.490050435179555 ] ], [ [ 80.231621145999242, 13.494457960366603 ], [ 80.233912825416695, 13.490568756742832 ], [ 80.234786033848451, 13.492630720531423 ], [ 80.231621145999242, 13.494457960366603 ] ], [ [ 80.268010735906756, 13.509486913290445 ], [ 80.265033245188164, 13.519600510954945 ], [ 80.265872955672506, 13.499411702288327 ], [ 80.268010735906756, 13.509486913290445 ] ], [ [ 80.194569945546533, 13.519179463661374 ], [ 80.188693761807741, 13.515398740759338 ], [ 80.196924448004978, 13.512879252275724 ], [ 80.194569945546533, 13.519179463661374 ] ], [ [ 80.183605671064896, 13.532633066063198 ], [ 80.183778524359496, 13.535156249861089 ], [ 80.180099844832029, 13.533845425026456 ], [ 80.183605671064896, 13.532633066063198 ] ], [ [ 80.161585569318703, 13.606487631798871 ], [ 80.148705720892423, 13.61832284932008 ], [ 80.138311863002144, 13.60664153098196 ], [ 80.120736718025256, 13.605031251690974 ], [ 80.126752972971332, 13.588596821186414 ], [ 80.125124454530038, 13.601533531947013 ], [ 80.158084154260365, 13.591112733066225 ], [ 80.126886248901343, 13.584928154710653 ], [ 80.140270829235448, 13.565673947594675 ], [ 80.142451643828366, 13.544706701952833 ], [ 80.167656302496454, 13.590140342902544 ], [ 80.161585569318703, 13.606487631798871 ] ], [ [ 80.055086850777599, 13.586432456992327 ], [ 80.053073764242953, 13.589311957580875 ], [ 80.052317619662489, 13.588555216749896 ], [ 80.055086850777599, 13.586432456992327 ] ], [ [ 80.094885826319938, 13.636663913608842 ], [ 80.096259951735391, 13.641572475389523 ], [ 80.091526865672478, 13.636553048784222 ], [ 80.094885826319938, 13.636663913608842 ] ], [ [ 80.100330948814275, 13.639035344005961 ], [ 80.108273863647952, 13.647219062210041 ], [ 80.106508016931485, 13.652950644856489 ], [ 80.100330948814275, 13.639035344005961 ] ], [ [ 79.985364318208809, 12.245007515184767 ], [ 79.990850805920076, 12.24889028056208 ], [ 79.991652250251235, 12.250537753114941 ], [ 79.98751044235317, 12.249971747698098 ], [ 79.985364318208809, 12.245007515184767 ] ], [ [ 79.751648307023828, 11.360993862077123 ], [ 79.754645943455643, 11.360129833025439 ], [ 79.756029724891988, 11.361513018211298 ], [ 79.751648307023828, 11.360993862077123 ] ], [ [ 79.838889718485774, 11.236339926846256 ], [ 79.841028452001552, 11.233177423099647 ], [ 79.842029810227672, 11.234226465179347 ], [ 79.838889718485774, 11.236339926846256 ] ], [ [ 79.823868631931958, 11.234418153874742 ], [ 79.82642686410864, 11.237198829762249 ], [ 79.823731303656899, 11.234686255266496 ], [ 79.823868631931958, 11.234418153874742 ] ], [ [ 79.706819057253739, 10.288170456501405 ], [ 79.706584572520143, 10.285300851153394 ], [ 79.7079427241774, 10.286401152791015 ], [ 79.706819057253739, 10.288170456501405 ] ], [ [ 79.700786709838809, 10.289312124255162 ], [ 79.697605133270287, 10.288659930511429 ], [ 79.700804114418446, 10.288635254013784 ], [ 79.700786709838809, 10.289312124255162 ] ], [ [ 79.694192052321483, 10.289461373943325 ], [ 79.693831920606812, 10.291320205163373 ], [ 79.693481444912919, 10.290916442839631 ], [ 79.694192052321483, 10.289461373943325 ] ], [ [ 79.692921042272388, 10.295506357732322 ], [ 79.688778042772554, 10.295071840393234 ], [ 79.691258907172852, 10.293305874066903 ], [ 79.692921042272388, 10.295506357732322 ] ], [ [ 79.685861110601792, 10.295330047443812 ], [ 79.684006810166323, 10.297936558825214 ], [ 79.683791756184661, 10.296449542412546 ], [ 79.685861110601792, 10.295330047443812 ] ], [ [ 79.607716203140427, 10.302317857982828 ], [ 79.605586051854942, 10.301977753270791 ], [ 79.608991980495631, 10.301102280346058 ], [ 79.607716203140427, 10.302317857982828 ] ], [ [ 79.710569739202214, 10.307435155108337 ], [ 79.704976558621382, 10.30643177070975 ], [ 79.69888484515954, 10.309110403222604 ], [ 79.703893423242931, 10.303514003968189 ], [ 79.710569739202214, 10.307435155108337 ] ], [ [ 79.69173920180279, 10.304248332794387 ], [ 79.692443609285277, 10.308036327614516 ], [ 79.688698411402612, 10.310028910505906 ], [ 79.69173920180279, 10.304248332794387 ] ], [ [ 79.683461070072468, 10.307448864373697 ], [ 79.669787049232951, 10.306553841086924 ], [ 79.682741045862628, 10.305429219982599 ], [ 79.683461070072468, 10.307448864373697 ] ], [ [ 79.621963501314639, 10.30542874334192 ], [ 79.623710155599298, 10.308657765443613 ], [ 79.620997548498138, 10.305870175568245 ], [ 79.621963501314639, 10.30542874334192 ] ], [ [ 79.605471133785926, 10.309829711572021 ], [ 79.609879851474005, 10.309322118920733 ], [ 79.60927045376846, 10.310708522780189 ], [ 79.605471133785926, 10.309829711572021 ] ], [ [ 79.697681427256185, 10.311948061054252 ], [ 79.716419458591275, 10.315091013539458 ], [ 79.688843369525983, 10.318453073250794 ], [ 79.697681427256185, 10.311948061054252 ] ], [ [ 79.617490649373991, 10.308621763783478 ], [ 79.619884252556318, 10.30610454069209 ], [ 79.621167063509318, 10.307657122178568 ], [ 79.617490649373991, 10.308621763783478 ] ], [ [ 79.628349542197753, 10.306697249678422 ], [ 79.63143455945746, 10.308427214344519 ], [ 79.628186941174505, 10.307970166290175 ], [ 79.628349542197753, 10.306697249678422 ] ], [ [ 79.633103251513973, 10.330501556002019 ], [ 79.628179907576822, 10.330032348214374 ], [ 79.627936839713385, 10.326035737659254 ], [ 79.633103251513973, 10.330501556002019 ] ], [ [ 79.628801345405833, 10.341907024389712 ], [ 79.625113964038206, 10.338795900710323 ], [ 79.628487825552753, 10.336948632973062 ], [ 79.628801345405833, 10.341907024389712 ] ], [ [ 79.620973944891801, 10.299694180342257 ], [ 79.62817144405696, 10.297134757463198 ], [ 79.629430651403567, 10.298543334107677 ], [ 79.620973944891801, 10.299694180342257 ] ], [ [ 78.486709714182069, 9.131087779677358 ], [ 78.485066056553393, 9.133270144701427 ], [ 78.484714627578143, 9.131134271929184 ], [ 78.486709714182069, 9.131087779677358 ] ], [ [ 78.111240864174619, 8.631681323334533 ], [ 78.118253230702152, 8.617411851475836 ], [ 78.119540572439547, 8.637903570693311 ], [ 78.111240864174619, 8.631681323334533 ] ], [ [ 78.120274066694918, 8.617336153740553 ], [ 78.119262814127723, 8.615211724841259 ], [ 78.121619343657898, 8.617584943990025 ], [ 78.120274066694918, 8.617336153740553 ] ], [ [ 78.115368366556964, 8.616397142813938 ], [ 78.117539405519182, 8.610117316361126 ], [ 78.120662570221583, 8.614073276660477 ], [ 78.115368366556964, 8.616397142813938 ] ], [ [ 78.127358316932913, 8.596328258742204 ], [ 78.125852466018642, 8.594958424891502 ], [ 78.127596378270397, 8.595624327900495 ], [ 78.127358316932913, 8.596328258742204 ] ], [ [ 76.564561247903356, 8.94975435757766 ], [ 76.563352703864354, 8.950567007461501 ], [ 76.563229441885341, 8.9503009322423 ], [ 76.564561247903356, 8.94975435757766 ] ], [ [ 76.605873942528518, 8.961851358753279 ], [ 76.608097553159695, 8.962017655090776 ], [ 76.607242345557808, 8.962975144387428 ], [ 76.605873942528518, 8.961851358753279 ] ], [ [ 76.550894379372238, 8.954639077431509 ], [ 76.551030159014687, 8.956537246796586 ], [ 76.549887180049467, 8.955203652026938 ], [ 76.550894379372238, 8.954639077431509 ] ], [ [ 76.543502330768007, 8.957151770637822 ], [ 76.545091152235017, 8.961248755425771 ], [ 76.54345607773584, 8.960334658417821 ], [ 76.543502330768007, 8.957151770637822 ] ], [ [ 76.310723304337074, 9.887241840738398 ], [ 76.317730903558498, 9.886757850794282 ], [ 76.315478205255118, 9.896920919265071 ], [ 76.316886067837828, 9.902855157839383 ], [ 76.311457157422041, 9.908372164044238 ], [ 76.30795776853634, 9.921387552893322 ], [ 76.310723304337074, 9.887241840738398 ] ], [ [ 76.2885283231237, 9.847365141288265 ], [ 76.28906249973474, 9.844308018300524 ], [ 76.290443540037387, 9.846636057308316 ], [ 76.2885283231237, 9.847365141288265 ] ], [ [ 76.349488616206742, 9.874356031605615 ], [ 76.349089145447778, 9.838705777949357 ], [ 76.371848940476326, 9.831042766310688 ], [ 76.366254448683918, 9.855315208430198 ], [ 76.349488616206742, 9.874356031605615 ] ], [ [ 76.372934341246918, 9.840661406798517 ], [ 76.376451611352849, 9.839358449233131 ], [ 76.377304553562425, 9.841507553730693 ], [ 76.372934341246918, 9.840661406798517 ] ], [ [ 76.377205252220705, 9.83890402360187 ], [ 76.379201412615174, 9.837092757524829 ], [ 76.378323554688365, 9.839532137098544 ], [ 76.377205252220705, 9.83890402360187 ] ], [ [ 76.323101043278683, 9.809354901107852 ], [ 76.329148412069657, 9.81734025494886 ], [ 76.323742151079415, 9.825639009033054 ], [ 76.323101043278683, 9.809354901107852 ] ], [ [ 76.370063662108436, 9.824292063827727 ], [ 76.369523524790992, 9.826344847336941 ], [ 76.366774320678445, 9.826496600737627 ], [ 76.370063662108436, 9.824292063827727 ] ], [ [ 76.373144030772465, 9.821449041540092 ], [ 76.37342906010312, 9.824760913685324 ], [ 76.371746420460937, 9.825624704416626 ], [ 76.373144030772465, 9.821449041540092 ] ], [ [ 76.370630145065235, 9.755578040893965 ], [ 76.371788978178898, 9.757926940575928 ], [ 76.371212243850067, 9.758222580108068 ], [ 76.370630145065235, 9.755578040893965 ] ], [ [ 76.381076455014494, 9.716452241178047 ], [ 76.381508349930499, 9.715251445697746 ], [ 76.381746053337764, 9.717075943500092 ], [ 76.381076455014494, 9.716452241178047 ] ], [ [ 76.38190674779824, 9.617259979164814 ], [ 76.387925028916953, 9.618993163403871 ], [ 76.385366320999054, 9.620496511504811 ], [ 76.38190674779824, 9.617259979164814 ] ], [ [ 76.383313656200386, 9.534954905944176 ], [ 76.425722837538984, 9.549726248067941 ], [ 76.425942659726019, 9.550430417230032 ], [ 76.40800654846359, 9.561171770460902 ], [ 76.382267356153676, 9.543203115431496 ], [ 76.383313656200386, 9.534954905944176 ] ], [ [ 76.435537457387824, 9.528593301439741 ], [ 76.463915944065576, 9.529870032975708 ], [ 76.464523553919008, 9.541531443921031 ], [ 76.436323046671333, 9.551376343043898 ], [ 76.435537457387824, 9.528593301439741 ] ], [ [ 76.467978358014904, 9.529494047112635 ], [ 76.478985428534742, 9.529854774178546 ], [ 76.479102015745553, 9.536925554370924 ], [ 76.46660065689494, 9.541044950264293 ], [ 76.467978358014904, 9.529494047112635 ] ], [ [ 76.434580445631155, 9.551339149781995 ], [ 76.406023144952286, 9.542270540952785 ], [ 76.406537056240296, 9.527804613092499 ], [ 76.434156179664086, 9.528599262146258 ], [ 76.434580445631155, 9.551339149781995 ] ], [ [ 76.403607607305304, 9.541702628073935 ], [ 76.382464051374967, 9.533906102184957 ], [ 76.383322000110326, 9.527323723111408 ], [ 76.404883026730403, 9.527622818738166 ], [ 76.403607607305304, 9.541702628073935 ] ], [ [ 76.371946811895924, 10.117083549166551 ], [ 76.373995065519892, 10.114655852685544 ], [ 76.374858141290275, 10.117786168796755 ], [ 76.371946811895924, 10.117083549166551 ] ], [ [ 76.203572511662145, 10.196205257966326 ], [ 76.198184251502056, 10.198853135463864 ], [ 76.193940401128629, 10.194293618555733 ], [ 76.198511719840013, 10.193947434426647 ], [ 76.203572511662145, 10.196205257966326 ] ], [ [ 76.222312212138974, 10.206502914478008 ], [ 76.226634740600872, 10.210714459404855 ], [ 76.220964312752898, 10.217188954007085 ], [ 76.222312212138974, 10.206502914478008 ] ], [ [ 76.222905754796813, 10.220807671237125 ], [ 76.220201849535812, 10.219182134048367 ], [ 76.223002910356144, 10.220445156318959 ], [ 76.222905754796813, 10.220807671237125 ] ], [ [ 76.229138851576778, 10.222829461410626 ], [ 76.231036663011736, 10.222114325016179 ], [ 76.231354355718992, 10.223935127504248 ], [ 76.229138851576778, 10.222829461410626 ] ], [ [ 76.234622120614375, 10.226413011551344 ], [ 76.233034849578786, 10.227993130278762 ], [ 76.232406378151978, 10.226740240669642 ], [ 76.234622120614375, 10.226413011551344 ] ], [ [ 76.240608453317606, 10.230561017577031 ], [ 76.244480848612426, 10.22868025279152 ], [ 76.245647549894585, 10.23068428045525 ], [ 76.240608453317606, 10.230561017577031 ] ], [ [ 76.050958275404156, 10.533674955534849 ], [ 76.051062464561227, 10.53549873837612 ], [ 76.04962074789924, 10.534037828383148 ], [ 76.050958275404156, 10.533674955534849 ] ], [ [ 76.073264241051987, 10.508915543117908 ], [ 76.074477314976235, 10.509283543001189 ], [ 76.073045611365984, 10.512529253822095 ], [ 76.073264241051987, 10.508915543117908 ] ], [ [ 76.051526546213182, 10.537822842849977 ], [ 76.049585342489621, 10.536317229356712 ], [ 76.050087213653995, 10.536159634859359 ], [ 76.051526546213182, 10.537822842849977 ] ], [ [ 75.950757742076263, 10.805084347864437 ], [ 75.935989260695948, 10.798698067761734 ], [ 75.933388948341445, 10.79377663128659 ], [ 75.94555544822552, 10.797098040742057 ], [ 75.950757742076263, 10.805084347864437 ] ], [ [ 75.930959701429089, 10.795684218352051 ], [ 75.928331733123031, 10.796012163330687 ], [ 75.92812955383593, 10.795685052922948 ], [ 75.930959701429089, 10.795684218352051 ] ], [ [ 75.838143944787333, 11.134114146350854 ], [ 75.830319047086419, 11.129513740866557 ], [ 75.830969214657586, 11.126749753698263 ], [ 75.836217641930631, 11.128171444256779 ], [ 75.838143944787333, 11.134114146350854 ] ], [ [ 75.810224771556051, 11.159584045667231 ], [ 75.811583757784234, 11.160920501180243 ], [ 75.810755133242907, 11.161616921783562 ], [ 75.810224771556051, 11.159584045667231 ] ], [ [ 75.87232303617921, 11.213572501969495 ], [ 75.867845654353488, 11.209324360031275 ], [ 75.866490840979537, 11.206313848905097 ], [ 75.870385527770026, 11.208044767751844 ], [ 75.87232303617921, 11.213572501969495 ] ], [ [ 75.60358822311801, 11.562680125587349 ], [ 75.604140043528247, 11.564255714429777 ], [ 75.601580143109146, 11.564283966631862 ], [ 75.60358822311801, 11.562680125587349 ] ], [ [ 75.368598342039974, 11.937378168467788 ], [ 75.365555644177704, 11.93589889971453 ], [ 75.36512315301124, 11.933404445658766 ], [ 75.368598342039974, 11.937378168467788 ] ], [ [ 75.367410540863858, 11.94043624383761 ], [ 75.366113424395081, 11.940220117864229 ], [ 75.36447977981814, 11.936020851381244 ], [ 75.367410540863858, 11.94043624383761 ] ], [ [ 75.388457178656012, 11.964768528644726 ], [ 75.379996060969603, 11.961949944534354 ], [ 75.377487659328182, 11.956758260885053 ], [ 75.381717205085039, 11.956792712114037 ], [ 75.388457178656012, 11.964768528644726 ] ], [ [ 75.382423758349802, 11.964082240702965 ], [ 75.382776856466791, 11.966414451665713 ], [ 75.380926847596044, 11.964676737541481 ], [ 75.382423758349802, 11.964082240702965 ] ], [ [ 75.426147818666919, 12.014859557023044 ], [ 75.426750660314809, 12.016146659540766 ], [ 75.42290055741492, 12.016286611138284 ], [ 75.426147818666919, 12.014859557023044 ] ], [ [ 75.301552414912152, 11.959636926902704 ], [ 75.300874352169757, 11.957967161955068 ], [ 75.30236566104648, 11.956499457583959 ], [ 75.301552414912152, 11.959636926902704 ] ], [ [ 75.288014173715254, 11.982491135457579 ], [ 75.289095521241364, 11.972344517385608 ], [ 75.299214959103239, 11.961691856194236 ], [ 75.288014173715254, 11.982491135457579 ] ], [ [ 75.298124313486397, 12.01448130576766 ], [ 75.288212656788772, 12.01163542273666 ], [ 75.295377730897627, 12.01007354226023 ], [ 75.298124313486397, 12.01448130576766 ] ], [ [ 75.297864556004555, 12.020763516323257 ], [ 75.297254800368904, 12.018566250432144 ], [ 75.300002455848727, 12.019940257137179 ], [ 75.297864556004555, 12.020763516323257 ] ], [ [ 75.194543242077003, 12.114081859989909 ], [ 75.192752122612518, 12.115559220381797 ], [ 75.192192912473075, 12.113518357386397 ], [ 75.194543242077003, 12.114081859989909 ] ], [ [ 74.873013854206107, 12.836272954733161 ], [ 74.877680659335027, 12.839821219074082 ], [ 74.868996977428679, 12.836856960979986 ], [ 74.873013854206107, 12.836272954733161 ] ], [ [ 74.905122279969277, 12.855041741982873 ], [ 74.902121305254042, 12.856026649810076 ], [ 74.900106549577714, 12.85451245318724 ], [ 74.905122279969277, 12.855041741982873 ] ], [ [ 74.911698102985071, 12.857154727009117 ], [ 74.907127142203905, 12.863141655962679 ], [ 74.901435255632663, 12.85677015801646 ], [ 74.911698102985071, 12.857154727009117 ] ], [ [ 74.831264615169999, 12.859727859153452 ], [ 74.829386949448264, 12.861258268754185 ], [ 74.830510854692335, 12.857259154486442 ], [ 74.831264615169999, 12.859727859153452 ] ], [ [ 74.830130338944087, 12.86659991705254 ], [ 74.828248619977927, 12.866340875431135 ], [ 74.829303503154193, 12.863034844382653 ], [ 74.830130338944087, 12.86659991705254 ] ], [ [ 74.824434160807897, 12.873813629195723 ], [ 74.822307825345973, 12.872721076116861 ], [ 74.824735879757185, 12.872035622745827 ], [ 74.824434160807897, 12.873813629195723 ] ], [ [ 74.838330745867296, 12.942522168063647 ], [ 74.836487650984424, 12.94345116593864 ], [ 74.836048722470736, 12.940265059484943 ], [ 74.838330745867296, 12.942522168063647 ] ], [ [ 74.862258434679035, 12.945667624261475 ], [ 74.858017921689822, 12.948999643019178 ], [ 74.853607177829105, 12.949634551793181 ], [ 74.862258434679035, 12.945667624261475 ] ], [ [ 74.722380638255942, 13.288190603413739 ], [ 74.72862446304859, 13.286911249454704 ], [ 74.72258532035633, 13.289236903460434 ], [ 74.722380638255942, 13.288190603413739 ] ], [ [ 74.725174903798887, 13.280014038417193 ], [ 74.727574348077809, 13.280834436859891 ], [ 74.72827506024592, 13.282998800154516 ], [ 74.725174903798887, 13.280014038417193 ] ], [ [ 74.699364066098866, 13.423627734632291 ], [ 74.700859308610262, 13.423958540354391 ], [ 74.699857354133684, 13.425359606760495 ], [ 74.699364066098866, 13.423627734632291 ] ], [ [ 74.705434917987162, 13.421875000031278 ], [ 74.705401420938841, 13.417491078450595 ], [ 74.708277463634118, 13.417792201149197 ], [ 74.705434917987162, 13.421875000031278 ] ], [ [ 74.700906872854006, 13.420175075419451 ], [ 74.699487209367334, 13.418333411357935 ], [ 74.700546502818867, 13.417421818062508 ], [ 74.700906872854006, 13.420175075419451 ] ], [ [ 74.726813078261017, 13.411459803926874 ], [ 74.72766625879089, 13.411603331228832 ], [ 74.725006818709829, 13.412817716364572 ], [ 74.726813078261017, 13.411459803926874 ] ], [ [ 74.730037331257932, 13.409567952299255 ], [ 74.732479334153965, 13.408135652438489 ], [ 74.732877731122443, 13.408614277926617 ], [ 74.730037331257932, 13.409567952299255 ] ], [ [ 74.736854552995311, 13.405071616362079 ], [ 74.739967823356466, 13.406346202115543 ], [ 74.735652804233638, 13.407366276132805 ], [ 74.736854552995311, 13.405071616362079 ] ], [ [ 74.673671960492669, 13.621870040769807 ], [ 74.677518129757885, 13.619040966067757 ], [ 74.675508260997532, 13.625192881046701 ], [ 74.673671960492669, 13.621870040769807 ] ], [ [ 74.714401006801126, 13.639373541255978 ], [ 74.716596841870825, 13.640370368697646 ], [ 74.712880730761157, 13.641273736793607 ], [ 74.714401006801126, 13.639373541255978 ] ], [ [ 74.7107938530539, 13.642387509376135 ], [ 74.696128844970275, 13.651536226215967 ], [ 74.689808607481353, 13.648094653845234 ], [ 74.700755357773602, 13.640247941289516 ], [ 74.7107938530539, 13.642387509376135 ] ], [ [ 74.710510849895883, 13.641123175893867 ], [ 74.712082743423963, 13.639328360215742 ], [ 74.712657451580213, 13.639549970254947 ], [ 74.710510849895883, 13.641123175893867 ] ], [ [ 74.687932014650784, 13.644143461751455 ], [ 74.681956767890568, 13.642766713912792 ], [ 74.688076854063667, 13.643731355517701 ], [ 74.687932014650784, 13.644143461751455 ] ], [ [ 74.727981447785709, 13.636439561536633 ], [ 74.72856831567529, 13.634372353801155 ], [ 74.732088327814125, 13.63603031604633 ], [ 74.727981447785709, 13.636439561536633 ] ], [ [ 74.67610442607841, 13.663603902298291 ], [ 74.679536819069057, 13.671274661596442 ], [ 74.678361177626272, 13.676984548997822 ], [ 74.67610442607841, 13.663603902298291 ] ], [ [ 74.451559067097293, 14.267887711948433 ], [ 74.456225275975868, 14.264626503110705 ], [ 74.458498119992413, 14.265483260244295 ], [ 74.451559067097293, 14.267887711948433 ] ], [ [ 74.465505361283505, 14.26487743824319 ], [ 74.466659545801548, 14.265910148634532 ], [ 74.465116977366705, 14.266748070367242 ], [ 74.465505361283505, 14.26487743824319 ] ], [ [ 74.4539258479995, 14.264646053472646 ], [ 74.447796702056252, 14.267606139611701 ], [ 74.443693518241417, 14.263412714225382 ], [ 74.448245167880287, 14.261769056596719 ], [ 74.4539258479995, 14.264646053472646 ] ], [ [ 74.475301146630699, 14.263980746714168 ], [ 74.470928550212506, 14.258522748626007 ], [ 74.48275971448939, 14.260249137587664 ], [ 74.475301146630699, 14.263980746714168 ] ], [ [ 74.444743752822063, 14.265759826055174 ], [ 74.440379738634164, 14.267466545045124 ], [ 74.43900334872572, 14.267654180496123 ], [ 74.444743752822063, 14.265759826055174 ] ], [ [ 74.475773811412324, 14.256534457299495 ], [ 74.478750467560104, 14.257765531154448 ], [ 74.475818753232971, 14.256855130360051 ], [ 74.475773811412324, 14.256534457299495 ] ], [ [ 74.383279442792144, 14.509558438870911 ], [ 74.384889722083045, 14.482963442708794 ], [ 74.411251068082464, 14.481413245325086 ], [ 74.394114136658146, 14.491358637391244 ], [ 74.398242950252012, 14.493238330184838 ], [ 74.38620233566931, 14.500038147342636 ], [ 74.383279442792144, 14.509558438870911 ] ], [ [ 74.387266278615954, 14.502570032980756 ], [ 74.389349221789274, 14.501733779490394 ], [ 74.387052417135493, 14.504510163813094 ], [ 74.387266278615954, 14.502570032980756 ] ], [ [ 74.389913439353762, 14.479035615900997 ], [ 74.386733651536957, 14.477707743517655 ], [ 74.391357541017868, 14.47776174510858 ], [ 74.389913439353762, 14.479035615900997 ] ], [ [ 74.372729778256797, 14.552157640662656 ], [ 74.363902449438655, 14.551850676867289 ], [ 74.364017963758187, 14.542988300569675 ], [ 74.374822140029863, 14.541635751688688 ], [ 74.372729778256797, 14.552157640662656 ] ], [ [ 74.321670412959264, 14.604797005977105 ], [ 74.327053070342998, 14.609683633293145 ], [ 74.320476532366143, 14.604952573402628 ], [ 74.321670412959264, 14.604797005977105 ] ], [ [ 74.158572078139031, 14.854257344800686 ], [ 74.15728354479981, 14.855641365456734 ], [ 74.154873013678781, 14.851973653161608 ], [ 74.158572078139031, 14.854257344800686 ] ], [ [ 74.173214674217974, 14.859720468125175 ], [ 74.169132828617165, 14.861248254403463 ], [ 74.168918728816408, 14.859420657537441 ], [ 74.173214674217974, 14.859720468125175 ] ], [ [ 74.224293351556952, 14.871373652971769 ], [ 74.226191759242312, 14.867308378279063 ], [ 74.232165932212155, 14.865643859076954 ], [ 74.2411874534383, 14.869896530900263 ], [ 74.224293351556952, 14.871373652971769 ] ], [ [ 74.293587207883462, 14.895714044267777 ], [ 74.292577862778245, 14.891805649111461 ], [ 74.300054550177407, 14.896366834262025 ], [ 74.293587207883462, 14.895714044267777 ] ], [ [ 73.949005126585433, 15.169224261890207 ], [ 73.946280837290914, 15.16897428003908 ], [ 73.950736045432251, 15.164381146472792 ], [ 73.949005126585433, 15.169224261890207 ] ], [ [ 73.862023353894784, 15.407679558165171 ], [ 73.86521065195015, 15.403759836946989 ], [ 73.865157246609812, 15.408175349013277 ], [ 73.862023353894784, 15.407679558165171 ] ], [ [ 73.978024602353599, 15.363259553885428 ], [ 73.979847073983279, 15.363089561334192 ], [ 73.978136658779789, 15.365283012301276 ], [ 73.978024602353599, 15.363259553885428 ] ], [ [ 73.979856252464202, 15.353829026388482 ], [ 73.981898069640323, 15.358771562757454 ], [ 73.989418744679341, 15.353346705586063 ], [ 73.980526447037988, 15.362420201331304 ], [ 73.979856252464202, 15.353829026388482 ] ], [ [ 74.007586479032881, 15.315371155854208 ], [ 74.010291337575183, 15.310983657669794 ], [ 74.007403969717558, 15.317941546865001 ], [ 74.007586479032881, 15.315371155854208 ] ], [ [ 73.874764918965894, 15.507919668857681 ], [ 73.910728454154963, 15.507390856702727 ], [ 73.93148231495698, 15.529956817253392 ], [ 73.914857149038284, 15.545479774072362 ], [ 73.892406940228256, 15.529922127704111 ], [ 73.874764918965894, 15.507919668857681 ] ], [ [ 73.913670062823172, 15.546567201914968 ], [ 73.9000159502759, 15.544439316021709 ], [ 73.899564743318393, 15.538333773684755 ], [ 73.901816606151584, 15.537506579964827 ], [ 73.913670062823172, 15.546567201914968 ] ], [ [ 73.494851828049576, 15.996093750226464 ], [ 73.49367654363769, 15.996093750226464 ], [ 73.493878364994686, 15.995027541887609 ], [ 73.494851828049576, 15.996093750226464 ] ], [ [ 73.49920666195797, 16.007160544723448 ], [ 73.496420741224398, 16.007433533930509 ], [ 73.495239734426349, 16.005729556074186 ], [ 73.49920666195797, 16.007160544723448 ] ], [ [ 73.517982244485012, 16.014462948006667 ], [ 73.516189455878731, 16.016183018331688 ], [ 73.508800744658714, 16.01077294331678 ], [ 73.517982244485012, 16.014462948006667 ] ], [ [ 73.467472672525929, 16.134310961082093 ], [ 73.461630463375258, 16.13475000830627 ], [ 73.464235663545111, 16.129605770190253 ], [ 73.467472672525929, 16.134310961082093 ] ], [ [ 73.479395151265379, 16.158942103195585 ], [ 73.478417158325243, 16.161180257662849 ], [ 73.477265119589646, 16.158509254098931 ], [ 73.479395151265379, 16.158942103195585 ] ], [ [ 73.450538635349773, 16.495565056682139 ], [ 73.45124173162074, 16.497560859146404 ], [ 73.448667645295671, 16.497807741034492 ], [ 73.450538635349773, 16.495565056682139 ] ], [ [ 73.388728260800605, 16.618554354000338 ], [ 73.387760758452345, 16.627282738507674 ], [ 73.379549503007325, 16.631176710336931 ], [ 73.382078528801088, 16.621184229768517 ], [ 73.388728260800605, 16.618554354000338 ] ], [ [ 73.447114348848203, 17.580748558299376 ], [ 73.441168904721252, 17.583455800944549 ], [ 73.438795805182309, 17.582306504241856 ], [ 73.439918279605052, 17.581405043607887 ], [ 73.447114348848203, 17.580748558299376 ] ], [ [ 73.446837901747898, 17.583239913291465 ], [ 73.453708410115183, 17.58331346524426 ], [ 73.445472836102653, 17.586524963156563 ], [ 73.446837901747898, 17.583239913291465 ] ], [ [ 73.444791078945258, 17.585850000377306 ], [ 73.440598964770544, 17.586290836353029 ], [ 73.445370435697185, 17.583768248805725 ], [ 73.444791078945258, 17.585850000377306 ] ], [ [ 73.436512112643953, 17.583857059555768 ], [ 73.437703967064436, 17.592497944524567 ], [ 73.436139940805703, 17.59411454245226 ], [ 73.436512112643953, 17.583857059555768 ] ], [ [ 73.453173279323522, 17.582060813955422 ], [ 73.453640937579365, 17.579269647476323 ], [ 73.459533333396763, 17.579646944550973 ], [ 73.453173279323522, 17.582060813955422 ] ], [ [ 73.038446068631259, 18.051211237508696 ], [ 73.036827206210688, 18.050697445830508 ], [ 73.038460016216931, 18.049980044043821 ], [ 73.038446068631259, 18.051211237508696 ] ], [ [ 73.079326152480093, 18.306239604674133 ], [ 73.075921416340378, 18.307340622172021 ], [ 73.076699257065201, 18.304695606317239 ], [ 73.079326152480093, 18.306239604674133 ] ], [ [ 73.081946253516918, 18.322040200195175 ], [ 73.080657959397371, 18.319074749600134 ], [ 73.081990122446285, 18.319411754349048 ], [ 73.081946253516918, 18.322040200195175 ] ], [ [ 73.04696810279583, 18.483698249174878 ], [ 73.054246544542565, 18.484943747256168 ], [ 73.054553270017522, 18.485429763372935 ], [ 73.051046848433344, 18.486635446668629 ], [ 73.04696810279583, 18.483698249174878 ] ], [ [ 73.077282548350951, 18.471968650732734 ], [ 73.080204129117334, 18.471353768961279 ], [ 73.07733070884521, 18.473139763189621 ], [ 73.077282548350951, 18.471968650732734 ] ], [ [ 72.903717517749413, 18.956328153321749 ], [ 72.9089034799118, 18.953224301560354 ], [ 72.90070605244253, 18.964315056694545 ], [ 72.899141311222564, 18.940879940956606 ], [ 72.903717517749413, 18.956328153321749 ] ], [ [ 72.925841450722515, 18.958050608648733 ], [ 72.935169458204058, 18.952126145705122 ], [ 72.941819667743488, 18.969527601917378 ], [ 72.927758455488487, 18.967332243488286 ], [ 72.925841450722515, 18.958050608648733 ] ], [ [ 73.028263449798516, 18.998005747867069 ], [ 73.026460051889927, 18.996223926493144 ], [ 73.028268456324298, 18.992773413961899 ], [ 73.028263449798516, 18.998005747867069 ] ], [ [ 73.059191346303606, 18.996277451443305 ], [ 73.065894246222598, 19.002840041834517 ], [ 73.056486248541631, 19.016766548237712 ], [ 73.046985626085842, 19.006134032759519 ], [ 73.059191346303606, 18.996277451443305 ] ], [ [ 73.065424680504663, 19.02097320534925 ], [ 73.062665343730743, 19.021142839970167 ], [ 73.062415957230684, 19.020844817234618 ], [ 73.065424680504663, 19.02097320534925 ] ], [ [ 72.995448231550739, 19.259735465419467 ], [ 72.998434305399002, 19.259422302597216 ], [ 72.994661331055653, 19.262592554003234 ], [ 72.995448231550739, 19.259735465419467 ] ], [ [ 72.874604344315202, 19.523594855818033 ], [ 72.875466346294928, 19.526221752132201 ], [ 72.870810508398307, 19.524893641428477 ], [ 72.874604344315202, 19.523594855818033 ] ], [ [ 72.873858809036875, 19.526824355459709 ], [ 72.850183963719104, 19.537426114124003 ], [ 72.843309879647364, 19.525588512499908 ], [ 72.866239070976377, 19.524146556618376 ], [ 72.873858809036875, 19.526824355459709 ] ], [ [ 72.88881135016382, 19.555673837777448 ], [ 72.884128451666783, 19.55832397976792 ], [ 72.88860523724199, 19.555547356225546 ], [ 72.88881135016382, 19.555673837777448 ] ], [ [ 72.887908100778333, 20.74180877245692 ], [ 72.89987051481242, 20.744690656248878 ], [ 72.891837716337676, 20.749937772310432 ], [ 72.887908100778333, 20.74180877245692 ] ], [ [ 72.844972968028145, 20.763169765572314 ], [ 72.847278952961375, 20.753656745062841 ], [ 72.857466578320071, 20.752336740847937 ], [ 72.853549957064928, 20.76112604183345 ], [ 72.844972968028145, 20.763169765572314 ] ], [ [ 71.387723445980413, 20.86346161336283 ], [ 71.38631737214908, 20.865097880362924 ], [ 71.38744163532337, 20.863291740421516 ], [ 71.387723445980413, 20.86346161336283 ] ], [ [ 71.506603122136454, 20.904101252670728 ], [ 71.52047085784389, 20.90325701230131 ], [ 71.530321478453601, 20.903820156974689 ], [ 71.516332864869952, 20.913976311457702 ], [ 71.506603122136454, 20.904101252670728 ] ], [ [ 72.83858466175289, 20.94715964829922 ], [ 72.844616651237601, 20.949290037005653 ], [ 72.838865518229198, 20.953718543376141 ], [ 72.83858466175289, 20.94715964829922 ] ], [ [ 71.648256063366631, 20.974392413978791 ], [ 71.645180940448114, 20.976569533257418 ], [ 71.644108057341128, 20.974995732267359 ], [ 71.648256063366631, 20.974392413978791 ] ], [ [ 71.673801541707832, 20.984942555154845 ], [ 71.688012361581372, 20.994889021011574 ], [ 71.674047350704797, 20.992619156448967 ], [ 71.673801541707832, 20.984942555154845 ] ], [ [ 71.698690652551676, 20.999428867947898 ], [ 71.703530430584948, 20.994985342 ], [ 71.705270052171301, 20.998261451704764 ], [ 71.698690652551676, 20.999428867947898 ] ], [ [ 71.706039905117649, 20.998275041360131 ], [ 71.712702154780715, 20.997063159936999 ], [ 71.713961363026584, 20.998261451704764 ], [ 71.706039905117649, 20.998275041360131 ] ], [ [ 72.647226929379343, 21.07613956898598 ], [ 72.648433447245935, 21.067631006665664 ], [ 72.657875060685541, 21.065717458893715 ], [ 72.65439963333651, 21.073767543237636 ], [ 72.647226929379343, 21.07613956898598 ] ], [ [ 72.68641424182394, 21.090560316705307 ], [ 72.696915745865141, 21.11841964724897 ], [ 72.710614323592239, 21.140424013557407 ], [ 72.675107001886687, 21.155721545413058 ], [ 72.665087580327651, 21.148474812862418 ], [ 72.666044354663342, 21.139617801020762 ], [ 72.67601215873421, 21.104704618223622 ], [ 72.68641424182394, 21.090560316705307 ] ], [ [ 72.680728912209617, 21.095729350928906 ], [ 72.678907633080911, 21.097808003436711 ], [ 72.680590271823718, 21.095449924374577 ], [ 72.680728912209617, 21.095729350928906 ] ], [ [ 72.676248550030692, 21.099637508664216 ], [ 72.673218726862871, 21.104152440782599 ], [ 72.671681165853244, 21.115019440994473 ], [ 72.669573903213148, 21.104908347042681 ], [ 72.676248550030692, 21.099637508664216 ] ], [ [ 72.697923541438371, 21.116388678594745 ], [ 72.703237175855094, 21.114029407930929 ], [ 72.702183842210701, 21.122067809182141 ], [ 72.697923541438371, 21.116388678594745 ] ], [ [ 72.755974650010245, 21.157065511164461 ], [ 72.74520385297555, 21.15078115482649 ], [ 72.745381832405684, 21.149591922829075 ], [ 72.755974650010245, 21.157065511164461 ] ], [ [ 72.102653741876708, 21.269531250366981 ], [ 72.102354407030276, 21.270786762399268 ], [ 72.099584579664764, 21.265588403082404 ], [ 72.102653741876708, 21.269531250366981 ] ], [ [ 72.587595343250626, 21.336603880165029 ], [ 72.585801243432769, 21.337156057606023 ], [ 72.586317658433217, 21.336310744345496 ], [ 72.587595343250626, 21.336603880165029 ] ], [ [ 72.5829838518234, 21.362366676081336 ], [ 72.579879402912212, 21.36403071864288 ], [ 72.579407214771294, 21.360234021982592 ], [ 72.5829838518234, 21.362366676081336 ] ], [ [ 72.600471139331688, 21.386969923922862 ], [ 72.593696951952808, 21.380157232070701 ], [ 72.58767092227535, 21.367234825926545 ], [ 72.600071906893078, 21.378245949690864 ], [ 72.600471139331688, 21.386969923922862 ] ], [ [ 72.615543842474409, 21.396384715981981 ], [ 72.628054976056461, 21.417434811667277 ], [ 72.612691164166023, 21.395851016011648 ], [ 72.615543842474409, 21.396384715981981 ] ], [ [ 72.632432461189268, 21.413646816847148 ], [ 72.635669470170029, 21.413223505060813 ], [ 72.636607646525732, 21.417392372659947 ], [ 72.632432461189268, 21.413646816847148 ] ], [ [ 72.672721147263218, 21.440201759004083 ], [ 72.671385526321131, 21.446149468523288 ], [ 72.663873911052207, 21.439868807499579 ], [ 72.672721147263218, 21.440201759004083 ] ], [ [ 72.365410924075007, 21.589928507794525 ], [ 72.35317504419308, 21.613116979964758 ], [ 72.347271799853758, 21.610150456478436 ], [ 72.358691334537554, 21.579762935611029 ], [ 72.365410924075007, 21.589928507794525 ] ], [ [ 72.602834463239986, 21.620348930358944 ], [ 72.601756572707785, 21.626491308027482 ], [ 72.611557244970953, 21.635362625384914 ], [ 72.596297979268485, 21.630170225875275 ], [ 72.592962980157466, 21.638284564081431 ], [ 72.590660929758116, 21.620618462572111 ], [ 72.602834463239986, 21.620348930358944 ] ], [ [ 72.584199428560822, 21.626098155905254 ], [ 72.581326603640008, 21.626720904945842 ], [ 72.582277178948715, 21.625912547526099 ], [ 72.584199428560822, 21.626098155905254 ] ], [ [ 72.59581041361983, 21.64065134498361 ], [ 72.602790951341461, 21.641034841984435 ], [ 72.596078753331966, 21.641240715686536 ], [ 72.59581041361983, 21.64065134498361 ] ], [ [ 72.617897272041574, 21.638427614742682 ], [ 72.620233535349456, 21.639096141074134 ], [ 72.617399215801328, 21.639434933675318 ], [ 72.617897272041574, 21.638427614742682 ] ], [ [ 72.615251659936206, 21.635551214117271 ], [ 72.614510417122204, 21.636395573197262 ], [ 72.614595055917135, 21.635436653978473 ], [ 72.615251659936206, 21.635551214117271 ] ], [ [ 72.610704541081844, 21.631430864043153 ], [ 72.611778736299783, 21.631500363650929 ], [ 72.61175763640594, 21.631955862173385 ], [ 72.610704541081844, 21.631430864043153 ] ], [ [ 72.605089068106082, 21.622689008590925 ], [ 72.607393265187142, 21.619176149659637 ], [ 72.609408259183937, 21.628874421517395 ], [ 72.605089068106082, 21.622689008590925 ] ], [ [ 72.723101973177648, 21.643227935021201 ], [ 72.743884563721707, 21.645583748691138 ], [ 72.750938534685673, 21.655345678160614 ], [ 72.717668414166127, 21.665403604193102 ], [ 72.710552930473369, 21.658123969945336 ], [ 72.723101973177648, 21.643227935021201 ] ], [ [ 72.842601775951294, 21.676990032364131 ], [ 72.900887131835788, 21.666105627572705 ], [ 72.913288474383677, 21.678292631999398 ], [ 72.862754225926864, 21.685267806164404 ], [ 72.842601775951294, 21.676990032364131 ] ], [ [ 72.862166046825706, 21.668085456278845 ], [ 72.856134057340995, 21.665652751473431 ], [ 72.862820267641354, 21.664312362325745 ], [ 72.862166046825706, 21.668085456278845 ] ], [ [ 73.096607566286281, 21.724300861495635 ], [ 73.072911143534526, 21.734933019043694 ], [ 73.051220059658164, 21.718720555609195 ], [ 73.061297059411828, 21.721191049027823 ], [ 73.080150007916671, 21.716660618892519 ], [ 73.096607566286281, 21.724300861495635 ] ], [ [ 73.060359120477102, 21.719087243381693 ], [ 73.059925436809493, 21.717680811620227 ], [ 73.062625646756288, 21.718392372310149 ], [ 73.060359120477102, 21.719087243381693 ] ], [ [ 73.16590666745887, 21.778852940011234 ], [ 73.151463508634123, 21.798320055326371 ], [ 73.141528129619502, 21.754957556645991 ], [ 73.159615874672937, 21.767050742897595 ], [ 73.16590666745887, 21.778852940011234 ] ], [ [ 73.171557902875037, 21.783983230541679 ], [ 73.173547864242636, 21.787782072984328 ], [ 73.171103358533202, 21.793773173892959 ], [ 73.171557902875037, 21.783983230541679 ] ], [ [ 73.167571306270901, 21.778043747121302 ], [ 73.170531154089559, 21.779718041054849 ], [ 73.170776844375979, 21.780648946391835 ], [ 73.167571306270901, 21.778043747121302 ] ], [ [ 73.27920615643913, 21.906048655221298 ], [ 73.281202554254634, 21.904985666455417 ], [ 73.279989599940137, 21.906570672998214 ], [ 73.27920615643913, 21.906048655221298 ] ], [ [ 73.285587430015966, 21.899657010662622 ], [ 73.286786436744791, 21.901874541876651 ], [ 73.283317804673089, 21.902432918344573 ], [ 73.285587430015966, 21.899657010662622 ] ], [ [ 73.295712351943592, 21.896803379072736 ], [ 73.296317219763949, 21.895273923652752 ], [ 73.29696965182805, 21.89731216422507 ], [ 73.295712351943592, 21.896803379072736 ] ], [ [ 73.592390775513962, 21.944523334084607 ], [ 73.593973159633691, 21.944046855278259 ], [ 73.592085957501098, 21.946513652483162 ], [ 73.592390775513962, 21.944523334084607 ] ], [ [ 73.593941807468497, 21.938392877829102 ], [ 73.595695972890923, 21.939685702733101 ], [ 73.594092845908193, 21.940618753852505 ], [ 73.593941807468497, 21.938392877829102 ] ], [ [ 73.154348373678573, 21.858058571745744 ], [ 73.140150070569433, 21.85897815192024 ], [ 73.155594706330675, 21.854928254735256 ], [ 73.154348373678573, 21.858058571745744 ] ], [ [ 72.287404537389619, 21.707440376272444 ], [ 72.282761216257228, 21.733604550409751 ], [ 72.274003147827017, 21.749572634769322 ], [ 72.268508553626958, 21.734787345060056 ], [ 72.287404537389619, 21.707440376272444 ] ], [ [ 72.578983664664548, 21.84238874934141 ], [ 72.558328151922836, 21.834642529729081 ], [ 72.574945926313518, 21.833991527587017 ], [ 72.578983664664548, 21.84238874934141 ] ], [ [ 72.531528949401519, 21.869526148213197 ], [ 72.528399824892148, 21.868152856469237 ], [ 72.531608462060916, 21.868344545164717 ], [ 72.531528949401519, 21.869526148213197 ] ], [ [ 72.360085844885845, 21.924460530329327 ], [ 72.356939435406758, 21.939034819301526 ], [ 72.35442924501379, 21.943142533001549 ], [ 72.347833156674966, 21.92816865455984 ], [ 72.360085844885845, 21.924460530329327 ] ], [ [ 72.467915534874152, 22.20526981385089 ], [ 72.472417116556784, 22.20325326942293 ], [ 72.473208903967787, 22.20784354224574 ], [ 72.467915534874152, 22.20526981385089 ] ], [ [ 72.376242041337292, 22.203743577104404 ], [ 72.368355751416885, 22.224312424878576 ], [ 72.370069742324773, 22.235016226917423 ], [ 72.36376500105402, 22.213309049672915 ], [ 72.376242041337292, 22.203743577104404 ] ], [ [ 72.382683873462071, 22.215537666829874 ], [ 72.392178654821095, 22.210459708748658 ], [ 72.388394356214604, 22.21433591806823 ], [ 72.382683873462071, 22.215537666829874 ] ], [ [ 72.210759401425292, 22.003593802611988 ], [ 72.215956807460799, 22.003459334181002 ], [ 72.212823629706833, 22.005352854950331 ], [ 72.210759401425292, 22.003593802611988 ] ], [ [ 69.724629402125373, 21.562684416952351 ], [ 69.718829035731545, 21.55794835053598 ], [ 69.719336271351978, 21.554403662798876 ], [ 69.721913456740793, 21.554238438453297 ], [ 69.724629402125373, 21.562684416952351 ] ], [ [ 69.740202068970376, 21.59267604366454 ], [ 69.735090732551413, 21.608962774012895 ], [ 69.725167870301135, 21.61022090936757 ], [ 69.73348605603681, 21.595878005165901 ], [ 69.740202068970376, 21.59267604366454 ] ], [ [ 69.093537449793558, 22.461078166624191 ], [ 69.085675120510501, 22.420841216748812 ], [ 69.108365535541196, 22.43725454825892 ], [ 69.111086368741013, 22.463892340459211 ], [ 69.123186350270004, 22.468440175173981 ], [ 69.14487111550963, 22.462084770595737 ], [ 69.150545954532248, 22.469059109290555 ], [ 69.1430380345777, 22.477301955221094 ], [ 69.125800728920666, 22.475651025674324 ], [ 69.093537449793558, 22.461078166624191 ] ], [ [ 69.293122530080751, 22.458888650191142 ], [ 69.321490645776834, 22.451456546682323 ], [ 69.32809674716728, 22.463244676600567 ], [ 69.301466226884969, 22.474099755399436 ], [ 69.293122530080751, 22.458888650191142 ] ], [ [ 69.628786563449154, 22.458955645186904 ], [ 69.588329314746176, 22.438171506010264 ], [ 69.608147620716267, 22.41746580570242 ], [ 69.636318326229883, 22.406814813652744 ], [ 69.65724277493419, 22.426627158916347 ], [ 69.644869804198237, 22.434339642260738 ], [ 69.643035650375083, 22.45053565529625 ], [ 69.628786563449154, 22.458955645186904 ] ], [ [ 69.142442941488667, 22.45359754559027 ], [ 69.140900134733528, 22.454898357373366 ], [ 69.142077326607392, 22.453024626185652 ], [ 69.142442941488667, 22.45359754559027 ] ], [ [ 69.277605056428314, 22.418094753769907 ], [ 69.27972543208304, 22.419515848078021 ], [ 69.275665402236569, 22.418645501288893 ], [ 69.277605056428314, 22.418094753769907 ] ], [ [ 69.277786850782576, 22.416604042042962 ], [ 69.280875444646171, 22.416507006093553 ], [ 69.278677105863864, 22.41780042634872 ], [ 69.277786850782576, 22.416604042042962 ] ], [ [ 69.480354904954964, 22.390130877937736 ], [ 69.489020466421408, 22.391818999847033 ], [ 69.482889055985225, 22.398745775197483 ], [ 69.480354904954964, 22.390130877937736 ] ], [ [ 69.335148811568416, 22.388979077522436 ], [ 69.322664976007928, 22.380689143988832 ], [ 69.333105921501186, 22.372509479928624 ], [ 69.340409875215727, 22.381607651272134 ], [ 69.335148811568416, 22.388979077522436 ] ], [ [ 69.194974303621365, 22.36780226196484 ], [ 69.194453358735615, 22.372631907336739 ], [ 69.190067053052161, 22.369119167115912 ], [ 69.194974303621365, 22.36780226196484 ] ], [ [ 69.213848352019937, 22.382291555111209 ], [ 69.212998270553754, 22.384732127186055 ], [ 69.212546348635186, 22.384359121676198 ], [ 69.213848352019937, 22.382291555111209 ] ], [ [ 69.199634671403061, 22.38675975755686 ], [ 69.202349662606849, 22.386595249071519 ], [ 69.201779007695194, 22.38747966305607 ], [ 69.199634671403061, 22.38675975755686 ] ], [ [ 69.182705402432504, 22.367046833244842 ], [ 69.185703754724642, 22.366333842632855 ], [ 69.183297753488631, 22.367491722465047 ], [ 69.182705402432504, 22.367046833244842 ] ], [ [ 69.453117013139803, 22.357658505535625 ], [ 69.437625527196332, 22.354241371342255 ], [ 69.458536029214514, 22.352898836412265 ], [ 69.453117013139803, 22.357658505535625 ] ], [ [ 69.311962366470112, 22.303318977289052 ], [ 69.310361146949475, 22.306167960283176 ], [ 69.309521556075055, 22.304216146358129 ], [ 69.311962366470112, 22.303318977289052 ] ], [ [ 70.425359845380655, 22.898010015449955 ], [ 70.429680466380574, 22.90083444155627 ], [ 70.428632855122288, 22.905799031100457 ], [ 70.425359845380655, 22.898010015449955 ] ], [ [ 70.340241551606454, 22.931298017189818 ], [ 70.383938670033757, 22.944669127478306 ], [ 70.393276333536079, 22.962679267334408 ], [ 70.394529104434724, 22.995117067998336 ], [ 70.382987857303789, 22.997615218267754 ], [ 70.393909812388046, 23.00158214579946 ], [ 70.396648645518638, 23.024339914655428 ], [ 70.365761757199465, 23.037833571062521 ], [ 70.368320703437831, 23.049713969624065 ], [ 70.376537680369694, 23.056275010483375 ], [ 70.371034145109803, 23.068477154097394 ], [ 70.380051851411935, 23.083006977889795 ], [ 70.365202546160646, 23.103096127284545 ], [ 70.304556250470597, 23.098269820196094 ], [ 70.293222307863317, 23.101591825902148 ], [ 70.289255142011228, 23.105947256061086 ], [ 70.230483651299522, 23.078874230661285 ], [ 70.224719405276431, 23.05024230513834 ], [ 70.236532450012618, 22.97954630861534 ], [ 70.290678143781321, 22.944827318226203 ], [ 70.306561947276208, 22.951127410002016 ], [ 70.310107707904507, 22.941548109457756 ], [ 70.340241551606454, 22.931298017189818 ] ], [ [ 70.272784948166901, 23.102591157056338 ], [ 70.27823173980309, 23.11544263367071 ], [ 70.271443844058325, 23.117217063516705 ], [ 70.261407256239892, 23.103801250627299 ], [ 70.248399853370671, 23.096745252591376 ], [ 70.221124053332545, 23.08897721722488 ], [ 70.214992165356222, 23.07372701129259 ], [ 70.272784948166901, 23.102591157056338 ] ], [ [ 70.212260246213503, 23.086294651077367 ], [ 70.219545841167786, 23.099577545967037 ], [ 70.21055734124846, 23.08743190765648 ], [ 70.212260246213503, 23.086294651077367 ] ], [ [ 70.221374869754499, 23.096680045447783 ], [ 70.225537657936655, 23.098700523510416 ], [ 70.225417613731935, 23.100890159553302 ], [ 70.221374869754499, 23.096680045447783 ] ], [ [ 70.290867805404986, 23.106180906223869 ], [ 70.297590255685776, 23.10391676404754 ], [ 70.295089244672994, 23.109224200336655 ], [ 70.290867805404986, 23.106180906223869 ] ], [ [ 70.300409674367046, 23.101679920791753 ], [ 70.345996141608651, 23.104905605509316 ], [ 70.349434017765731, 23.115162014615322 ], [ 70.31396222107972, 23.115166306180129 ], [ 70.297972917216413, 23.108947634525776 ], [ 70.300409674367046, 23.101679920791753 ] ], [ [ 70.364804148292905, 23.105439305479592 ], [ 70.382476448829181, 23.085798621009587 ], [ 70.375012159483646, 23.062316179348272 ], [ 70.398092747182574, 23.064144850004851 ], [ 70.402480244467796, 23.060946345497484 ], [ 70.405033349609454, 23.052096724284496 ], [ 70.402480125757307, 23.042524933978626 ], [ 70.397893548248788, 23.036358356453036 ], [ 70.402245044773139, 23.029164314281701 ], [ 70.437425851421978, 23.062075733908102 ], [ 70.481196046060774, 23.072092771364311 ], [ 70.503483176307697, 23.11531674836931 ], [ 70.552768945430586, 23.164479613443461 ], [ 70.506438970881874, 23.169031858433584 ], [ 70.491764545097766, 23.14934456390057 ], [ 70.462677359372748, 23.157139420647837 ], [ 70.443779229827754, 23.169615149719448 ], [ 70.422329425962317, 23.157931208958217 ], [ 70.373895526157668, 23.154127478700246 ], [ 70.351933837176858, 23.116760850033245 ], [ 70.353444457196048, 23.108156442465912 ], [ 70.364804148292905, 23.105439305479592 ] ], [ [ 70.464825749808625, 23.157396316486938 ], [ 70.465955257829052, 23.158348321717767 ], [ 70.463901758459514, 23.158811450088422 ], [ 70.456868529459229, 23.167269825741926 ], [ 70.464825749808625, 23.157396316486938 ] ], [ [ 70.482250571306935, 23.065269946850606 ], [ 70.456498861333529, 23.047528028895471 ], [ 70.446419477477065, 23.025252342521668 ], [ 70.482250571306935, 23.065269946850606 ] ], [ [ 70.413961648911055, 22.989928722632555 ], [ 70.448477745052031, 23.051714062753859 ], [ 70.414469242461706, 23.018809318795121 ], [ 70.413961648911055, 22.989928722632555 ] ], [ [ 70.435760259328589, 22.983319759599283 ], [ 70.438497542927308, 22.978039503520307 ], [ 70.455077528705118, 22.995169520057402 ], [ 70.435760259328589, 22.983319759599283 ] ], [ [ 70.441433072178626, 23.049324751136396 ], [ 70.420110940567469, 23.037180542747905 ], [ 70.414831519059504, 23.022646546101242 ], [ 70.429777145299028, 23.034804105824918 ], [ 70.441433072178626, 23.049324751136396 ] ], [ [ 70.45168530932969, 23.052017211625099 ], [ 70.451681971945533, 23.05079007140472 ], [ 70.453313827771041, 23.052825212913376 ], [ 70.45168530932969, 23.052017211625099 ] ], [ [ 70.456700206049817, 23.054896831823385 ], [ 70.459171056499116, 23.057302355519369 ], [ 70.449784517541531, 23.052341580000018 ], [ 70.456700206049817, 23.054896831823385 ] ], [ [ 70.461511730981698, 23.057625174362386 ], [ 70.468234419582956, 23.058801412954864 ], [ 70.469433545921476, 23.060951233312863 ], [ 70.461511730981698, 23.057625174362386 ] ], [ [ 70.452131033120821, 23.06043005010676 ], [ 70.44666230701992, 23.058312177265236 ], [ 70.449233651312028, 23.057927727882401 ], [ 70.452131033120821, 23.06043005010676 ] ], [ [ 70.388445854492744, 23.032736301838924 ], [ 70.392597079191916, 23.049777745946244 ], [ 70.396909474992384, 23.063107848048816 ], [ 70.379289149874381, 23.057087540757465 ], [ 70.366825222605968, 23.04226863349075 ], [ 70.388445854492744, 23.032736301838924 ] ], [ [ 70.397609948840199, 23.041028856896304 ], [ 70.403955936617336, 23.052418708556615 ], [ 70.40054595473211, 23.058293461474165 ], [ 70.393769144930246, 23.050353646603639 ], [ 70.397609948840199, 23.041028856896304 ] ], [ [ 70.430930733566612, 22.9276467561929 ], [ 70.447492838124077, 22.930205345400424 ], [ 70.457052826626722, 22.91873991471536 ], [ 70.445923924049993, 22.890368819565452 ], [ 70.456753730999964, 22.8866441253262 ], [ 70.469562530286595, 22.89350581134417 ], [ 70.480438947299689, 22.916113734261558 ], [ 70.472998976521609, 22.921763062215604 ], [ 70.470901727832626, 22.932769179454084 ], [ 70.471196055253898, 22.940945625740085 ], [ 70.433939218520123, 22.961464047627771 ], [ 70.426131844109392, 22.942573070390949 ], [ 70.430930733566612, 22.9276467561929 ] ], [ [ 70.477738142001698, 22.921061038835916 ], [ 70.480956435191416, 22.933978915094912 ], [ 70.474004149671856, 22.938661455661673 ], [ 70.471827268713611, 22.932345033096851 ], [ 70.477738142001698, 22.921061038835916 ] ], [ [ 69.637265205325122, 22.778827428742915 ], [ 69.635694623008561, 22.776582479897598 ], [ 69.637334823643329, 22.775667667029296 ], [ 69.637265205325122, 22.778827428742915 ] ], [ [ 68.603471517696534, 23.228338003296273 ], [ 68.613692045651447, 23.221912502859766 ], [ 68.609193206001663, 23.230831146140531 ], [ 68.603471517696534, 23.228338003296273 ] ], [ [ 68.636595964232384, 23.22667586819685 ], [ 68.634360432188345, 23.228055238458523 ], [ 68.634248375762098, 23.225589156214681 ], [ 68.636595964232384, 23.22667586819685 ] ], [ [ 68.633608818392275, 23.228713870448786 ], [ 68.631531953736811, 23.228081345777582 ], [ 68.632558226780844, 23.227442145438687 ], [ 68.633608818392275, 23.228713870448786 ] ], [ [ 68.65908825411978, 23.269481658651671 ], [ 68.657369137076131, 23.268788814652169 ], [ 68.660328626964571, 23.268009424395473 ], [ 68.65908825411978, 23.269481658651671 ] ], [ [ 68.700080037363847, 23.30944752678198 ], [ 68.706957578429552, 23.310971856066374 ], [ 68.700206041375765, 23.309819817330776 ], [ 68.700080037363847, 23.30944752678198 ] ], [ [ 68.586730480427462, 23.375692129188479 ], [ 68.581012010795774, 23.384539604619164 ], [ 68.5782119032568, 23.384783744474333 ], [ 68.586730480427462, 23.375692129188479 ] ], [ [ 68.598740815736079, 23.796515942057141 ], [ 68.608012557133833, 23.805903077265327 ], [ 68.605743050501502, 23.809134125539487 ], [ 68.59386980514742, 23.803207755133883 ], [ 68.598740815736079, 23.796515942057141 ] ], [ [ 68.595460653686274, 23.810122012820727 ], [ 68.593842506226764, 23.811849832603798 ], [ 68.594395279918302, 23.81013727161789 ], [ 68.595460653686274, 23.810122012820727 ] ], [ [ 68.705497264687182, 23.848403453456655 ], [ 68.710652232614535, 23.849565506143279 ], [ 68.702975868741447, 23.850752354037979 ], [ 68.705497264687182, 23.848403453456655 ] ], [ [ 68.69651651422592, 23.848911643257821 ], [ 68.698305129977797, 23.852999329955139 ], [ 68.694965958911922, 23.849377274441764 ], [ 68.69651651422592, 23.848911643257821 ] ], [ [ 68.522726654911338, 23.859797954611992 ], [ 68.532734751307856, 23.876015662892655 ], [ 68.537505150242652, 23.867280721428187 ], [ 68.546870112665687, 23.872802972479207 ], [ 68.587659478302356, 23.921249508657951 ], [ 68.559318304496259, 23.922860860840132 ], [ 68.558105349282499, 23.925336837425135 ], [ 68.558798074571627, 23.930132746529125 ], [ 68.542572259801972, 23.933712006004328 ], [ 68.53530740771086, 23.945788740957653 ], [ 68.525796532983776, 23.940751314421647 ], [ 68.537767767568567, 23.917625069941067 ], [ 68.531870841865981, 23.923094272682619 ], [ 68.514314770610298, 23.904520511512459 ], [ 68.52531635796359, 23.89241480849671 ], [ 68.513306736716601, 23.903210639959184 ], [ 68.486259341095803, 23.889907956387162 ], [ 68.491113066714746, 23.866100430490491 ], [ 68.502097368199117, 23.875161051541369 ], [ 68.500331878513492, 23.866486430304576 ], [ 68.522726654911338, 23.859797954611992 ] ], [ [ 68.5330934522012, 23.873602509348359 ], [ 68.524379730240497, 23.859463930216293 ], [ 68.524557709670688, 23.85831093819931 ], [ 68.534775853522916, 23.864944458120306 ], [ 68.5330934522012, 23.873602509348359 ] ] ], [ [ [ 68.758505701876686, 24.058594345653532 ], [ 68.79422783834471, 24.026090741594743 ], [ 68.787941455834044, 24.082031250142364 ], [ 68.793402552985782, 24.089387058765823 ], [ 68.797672748998394, 24.037487864273686 ], [ 68.807238221567303, 24.023503422644922 ], [ 68.820377111614874, 24.039892434688227 ], [ 68.849640130987865, 24.04076611976069 ], [ 68.880471706504721, 24.061000823529241 ], [ 68.909089922762433, 24.067933439976457 ], [ 68.883170247309664, 24.060249924694574 ], [ 68.878044605374754, 24.049694419062433 ], [ 68.854536056394494, 24.037600278630009 ], [ 68.829187512494144, 24.036296725713385 ], [ 68.807364344289255, 24.019560575360345 ], [ 68.76844310796335, 24.037157178161351 ], [ 68.758505701876686, 24.058594345653532 ] ] ] ] } }
]
}
